Athlete_ID,Date,Rolling_7D_Workload,Rolling_28D_Workload,Personal_28D_Baseline,Personal_28D_Std,Workload_Z_Score,Workload_Anomaly_Improved,Anomaly_Status_Improved
ATH001,2026-01-01,452.33,452.33,,,,False,Normal
ATH001,2026-01-02,781.0799999999999,781.0799999999999,,,,False,Normal
ATH001,2026-01-03,1188.37,1188.37,,,,False,Normal
ATH001,2026-01-04,1619.5,1619.5,,,,False,Normal
ATH001,2026-01-06,2063.23,2063.23,,,,False,Normal
ATH001,2026-01-07,2388.2,2388.2,,,,False,Normal
ATH001,2026-01-10,1960.0300000000002,3148.4,,,,False,Normal
ATH001,2026-01-11,2079.2,3698.7,1493.2485714285715,712.1900148468941,0.8227459194262863,False,Normal
ATH001,2026-01-12,2515.55,4135.05,1566.4924999999998,691.1387493064307,1.3731794099989263,False,Normal
ATH001,2026-01-13,2392.35,4455.58,1671.9433333333334,719.7517479659219,1.000909923043043,False,Normal
ATH001,2026-01-14,2188.0400000000004,4576.24,1743.984,715.8078434297543,0.6203564323524738,False,Normal
ATH001,2026-01-15,3027.5600000000004,5415.76,1784.3527272727274,692.1479302878961,1.7961583331039739,False,Normal
ATH001,2026-01-16,3845.44,6233.64,1887.9533333333336,751.208412557374,2.6057837398315375,True,⚠️ Anomaly
ATH001,2026-01-17,3506.74,6655.14,2038.529230769231,901.1316315561371,1.6292966730014347,False,Normal
ATH001,2026-01-18,3645.9799999999996,7344.68,2143.4014285714284,950.5515395475743,1.5807439248835895,False,Normal
ATH001,2026-01-19,4038.7599999999998,8173.8099999999995,2243.5733333333333,994.7488264141763,1.8046632667443006,False,Normal
ATH001,2026-01-20,4173.54,8629.12,2355.7725,1060.6485408245906,1.7138264279200297,False,Normal
ATH001,2026-01-21,4584.0,9160.24,2462.7000000000003,1117.6017642982226,1.898082186128286,False,Normal
ATH001,2026-01-22,4149.66,9565.42,2580.55,1193.9666401389554,1.3141991972383622,False,Normal
ATH001,2026-01-23,3839.09,10072.73,2663.134736842105,1214.8840684899774,0.9679567735376854,False,Normal
ATH001,2026-01-24,3874.17,10529.31,2721.9325,1211.365185486693,0.9511892151144026,False,Normal
ATH001,2026-01-25,3583.76,10928.44,2776.8009523809524,1207.1689278551894,0.6684723479859562,False,Normal
ATH001,2026-01-27,2812.44,11441.56,2813.4809090909093,1190.5724931265672,-0.0008742929111151775,False,Normal
ATH001,2026-01-29,2221.88,11334.97,2813.435652173913,1163.1993717479313,-0.5085591228311843,False,Normal
ATH001,2026-01-30,2418.18,11709.83,2788.7875,1144.0218617067785,-0.3239514142213041,False,Normal
ATH001,2026-02-02,1871.62,11180.56,2773.9632,1122.3846337104465,-0.8039518476094777,False,Normal
ATH001,2026-02-03,1867.12,11245.45,2739.257692307692,1113.855311168583,-0.7829901097232309,False,Normal
ATH001,2026-02-04,2488.9,11542.259999999998,2706.9562962962964,1105.0460179215236,-0.1973277969965789,False,Normal
ATH001,2026-02-05,2886.5499999999997,12285.65,2699.1685714285713,1085.171852420976,0.17267442769860622,False,Normal
ATH001,2026-02-06,2767.46,12870.169999999998,2786.105,992.0116201399015,-0.018795142739729716,False,Normal
ATH001,2026-02-07,3382.4,12724.91,2857.0471428571427,911.0363411658547,0.5766541172996046,False,Normal
ATH001,2026-02-08,3718.2000000000003,12510.41,2935.405357142857,854.8174322625081,0.9157448284427975,False,Normal
ATH001,2026-02-10,3325.92,12179.02,3010.358928571429,826.7092782715642,0.38170742693045373,False,Normal
ATH001,2026-02-11,3050.1,12404.32,3055.4550000000004,807.3432758150051,-0.0066328662917204,False,Normal
ATH001,2026-02-12,2607.71,11865.8,3079.094285714286,796.702417907383,-0.5916692043591669,False,Normal
ATH001,2026-02-13,2310.56,11335.29,3102.225714285714,772.0284623060095,-1.0254359171176783,False,Normal
ATH001,2026-02-14,2105.83,11324.0,3110.488571428571,761.8446389433819,-1.318718436900669,False,Normal
ATH001,2026-02-15,1897.85,10762.279999999999,3095.855714285714,777.4694806939893,-1.5409038477193255,False,Normal
ATH001,2026-02-16,2206.98,10242.28,3078.195,799.3504678058811,-1.0899036593940807,False,Normal
ATH001,2026-02-17,2195.0,10200.48,3078.871428571428,798.5769389622565,-1.1068081050775285,False,Normal
ATH001,2026-02-18,2502.37,10322.69,3049.137142857143,815.8707846033658,-0.6701638950375615,False,Normal
ATH001,2026-02-19,2831.89,10548.03,3001.1703571428566,806.7505011738832,-0.2098298754032888,False,Normal
ATH001,2026-02-20,2687.1800000000003,10183.380000000001,2977.0685714285714,801.148298713301,-0.3618413368587964,False,Normal
ATH001,2026-02-22,2904.81,10083.33,2942.825714285714,791.9362801594607,-0.048003501339854725,False,Normal
ATH001,2026-02-23,3160.86,10648.509999999998,2902.3275,762.2542888944363,0.3391683113714879,False,Normal
ATH001,2026-02-25,2782.04,10823.41,2866.1603571428573,722.7028823565976,-0.11639687511492511,False,Normal
ATH001,2026-02-26,2595.49,10921.640000000001,2801.804642857143,639.5085523273848,-0.3226143608342615,False,Normal
ATH001,2026-02-27,2987.5999999999995,10752.8,2746.2985714285714,583.1526033216746,0.4137877927612079,False,Normal
ATH001,2026-02-28,3477.5599999999995,11242.76,2715.8882142857146,545.0092437072261,1.3975392060018854,False,Normal
ATH001,2026-03-03,2536.9,10805.17,2701.7235714285716,518.2897952291017,-0.31801430965028726,False,Normal
ATH001,2026-03-04,2292.8,10627.310000000001,2664.335714285714,489.2509435591768,-0.7593970316804818,False,Normal
ATH001,2026-03-07,1575.79,9436.15,2645.7771428571427,493.264081001596,-2.169197361146758,True,⚠️ Anomaly
ATH001,2026-03-09,1952.72,9477.279999999999,2622.7025,527.7355766587053,-1.2695420389163716,False,Normal
ATH001,2026-03-10,2232.93,9712.18,2606.078928571428,541.5663202527857,-0.6890179736384907,False,Normal
ATH001,2026-03-11,2118.1,9695.31,2618.9828571428575,527.5410472346774,-0.9494670789475821,False,Normal
ATH001,2026-03-12,2391.19,9667.4,2627.946428571428,516.3054016346747,-0.45855888360228914,False,Normal
ATH001,2026-03-13,2805.5699999999997,9794.41,2624.4567857142856,517.6085663042178,0.3499038193646647,False,Normal
ATH001,2026-03-14,2658.35,9988.67,2621.5646428571426,516.3144997388786,0.0712460276855698,False,Normal
ATH001,2026-03-15,3125.99,10328.49,2617.667857142857,515.5838265813572,0.9859156099360914,False,Normal
ATH001,2026-03-19,2254.7999999999997,9090.31,2608.5103571428567,503.63671858520706,-0.7023124885264199,False,Normal
ATH001,2026-03-20,2342.68,9449.91,2556.246071428571,458.08639221859295,-0.4662135244712975,False,Normal
ATH001,2026-03-21,2212.52,9924.22,2521.130357142857,433.9504234141837,-0.711165009852529,False,Normal
ATH001,2026-03-22,2433.02,9856.699999999999,2491.2167857142854,424.9107378946486,-0.13696237944618517,False,Normal
ATH001,2026-03-23,2856.09,9714.59,2484.9778571428574,424.41912235131497,0.8744001467256061,False,Normal
ATH001,2026-03-24,3386.1099999999997,10244.61,2504.4610714285714,428.6165049304677,2.0569644855707403,True,⚠️ Anomaly
ATH001,2026-03-25,4167.04,10337.52,2550.1853571428574,452.15881910282405,3.5758555944243535,True,⚠️ Anomaly
ATH001,2026-03-26,4028.71,10523.529999999999,2631.227857142857,527.9191094417369,2.6471520311794556,True,⚠️ Anomaly
ATH001,2026-03-27,4190.099999999999,10652.41,2696.289642857143,583.0731773366849,2.5619603425528235,True,⚠️ Anomaly
ATH001,2026-03-29,3490.21,10625.01,2767.543214285714,638.7872476698182,1.1313106020047292,False,Normal
ATH001,2026-03-30,3543.91,11101.779999999999,2802.8232142857146,650.7661138885318,1.1387912952105927,False,Normal
ATH001,2026-03-31,3225.28,10932.99,2828.2525,665.6844161247097,0.5964200008035351,False,Normal
ATH001,2026-04-01,2850.56,10895.279999999999,2847.470357142857,669.2188173146474,0.0046167901696793955,False,Normal
ATH001,2026-04-03,2243.33,11581.679999999998,2845.532857142857,669.1251859004776,-0.899985338815846,False,Normal
ATH001,2026-04-04,2928.5,11515.16,2812.7639285714286,675.5469796988885,0.171322017426765,False,Normal
ATH001,2026-04-06,2809.27,11958.33,2817.994642857143,675.8672145527364,-0.012908812070306731,False,Normal
ATH001,2026-04-07,2768.8900000000003,11468.949999999999,2825.629642857143,674.4666169455247,-0.0841252056537671,False,Normal
ATH001,2026-04-09,3154.16,11658.25,2817.8185714285714,673.7874568751837,0.49918030550950765,False,Normal
ATH001,2026-04-10,3043.17,11819.279999999999,2806.2685714285712,664.7708888014599,0.35636552767607976,False,Normal
ATH001,2026-04-12,2869.38,11258.550000000001,2824.3496428571425,664.0576165792424,0.06781091883987767,False,Normal
ATH001,2026-04-13,2575.69,11784.960000000001,2844.9417857142857,655.853068521666,-0.4105367476913634,False,Normal
ATH001,2026-04-15,2942.5600000000004,12322.84,2880.6525,609.7938573334976,0.10152201314507979,False,Normal
ATH001,2026-04-16,2595.12,11998.57,2916.003928571429,582.0682270009196,-0.5512823302944553,False,Normal
ATH001,2026-04-17,2604.2299999999996,12080.829999999998,2928.9392857142852,570.2300968512849,-0.5694355445411878,False,Normal
ATH001,2026-04-20,2320.6,11249.47,2946.3010714285715,551.7285798982925,-1.1340740614595592,False,Normal
ATH001,2026-04-21,2610.3399999999997,11009.19,2943.7799999999997,554.513302295104,-0.6013201101216289,False,Normal
ATH001,2026-04-22,2435.82,10591.619999999999,2936.8075,557.5347208495423,-0.8985763240657392,False,Normal
ATH001,2026-04-23,2120.5099999999998,10090.369999999999,2928.86,563.2082501631622,-1.4352595150476226,False,Normal
ATH001,2026-04-24,1845.48,9736.210000000001,2892.95,581.9175864775451,-1.8000315239491722,False,Normal
ATH001,2026-04-25,2051.44,9942.17,2878.3314285714287,603.2913550756335,-1.3706336442824756,False,Normal
ATH001,2026-04-26,2618.95,10047.119999999999,2867.9300000000003,615.2605610513197,-0.4046740775559523,False,Normal
ATH001,2026-04-27,2536.15,10241.710000000001,2882.445357142857,603.9149854719991,-0.5734173939601855,False,Normal
ATH001,2026-04-28,2627.98,10411.89,2886.128571428571,601.3816448363145,-0.42925914624287276,False,Normal
ATH001,2026-04-30,2727.1900000000005,10596.98,2877.9817857142853,603.3455136895319,-0.2499260909261999,False,Normal
ATH001,2026-05-01,3158.4300000000003,10651.310000000001,2854.4489285714285,595.5929025479363,0.5103839722201959,False,Normal
ATH001,2026-05-04,2062.29,9494.73,2818.4271428571433,541.2917228113935,-1.396912442942731,False,Normal
ATH001,2026-05-07,1273.3600000000001,8716.18,2748.1978571428567,504.7834225894939,-2.92172403280811,True,⚠️ Anomaly
ATH001,2026-05-09,1331.08,8939.220000000001,2644.0285714285715,497.1027315146889,-2.6412016836599803,True,⚠️ Anomaly
ATH001,2026-05-10,1604.3000000000002,8701.06,2566.9167857142857,527.5139796150295,-1.8248175838236296,False,Normal
ATH001,2026-05-11,1406.37,8325.41,2497.645,521.7872438463219,-2.091417551636056,True,⚠️ Anomaly
ATH001,2026-05-13,1792.75,8173.91,2432.683928571428,540.7245530619033,-1.1834748855914579,False,Normal
ATH001,2026-05-14,2016.82,8137.88,2394.9049999999997,547.3597988966203,-0.6907430921345552,False,Normal
ATH001,2026-05-19,1028.08,6743.150000000001,2386.815357142857,551.3423060097642,-2.4644133822714376,True,⚠️ Anomaly
ATH001,2026-05-20,1487.0099999999998,7225.1,2318.943214285714,597.2520119932851,-1.392934971469075,False,Normal
ATH001,2026-05-21,1705.8799999999999,7723.25,2271.719642857143,609.2016559064231,-0.9288215771758493,False,Normal
ATH001,2026-05-23,2301.37,7803.29,2233.755,610.1930203571601,0.11080919929307477,False,Normal
ATH001,2026-05-24,2798.24,7732.65,2203.298214285714,583.2384773166291,1.020066077347128,False,Normal
ATH001,2026-05-25,2950.44,7213.490000000001,2194.550714285714,571.9019880152264,1.3217112399584123,False,Normal
ATH001,2026-05-26,3463.34,7578.51,2197.4457142857145,575.6374966516025,2.1991171406967127,True,⚠️ Anomaly
ATH001,2026-05-27,3346.35,8306.83,2229.1475,619.9749026200211,1.8020124609539663,False,Normal
ATH001,2026-05-28,3366.31,8362.37,2243.5685714285714,641.50634947185,1.7501641714002953,False,Normal
ATH001,2026-05-29,3985.41,8240.74,2271.1110714285714,672.943784759885,2.5474623102182483,True,⚠️ Anomaly
ATH001,2026-05-30,3839.21,8690.03,2320.4389285714287,745.0270205705909,2.038544951383637,True,⚠️ Anomaly
ATH001,2026-05-31,3714.3100000000004,9062.0,2374.6749999999997,798.4026682556732,1.6778939415706062,False,Normal
ATH001,2026-06-01,4352.73,9503.93,2414.1025,836.8065691381602,2.3166972768827825,True,⚠️ Anomaly
ATH001,2026-06-02,3715.39,9613.18,2482.5635714285713,913.5440256504269,1.349498649168745,False,Normal
ATH001,2026-06-03,3143.51,9769.619999999999,2539.5235714285714,939.4861951411777,0.6428901581472063,False,Normal
ATH001,2026-06-04,2996.41,10085.42,2585.881785714286,935.9893788415021,0.43860349654163305,False,Normal
ATH001,2026-06-05,2459.62,10167.730000000001,2619.630714285714,933.0370330188704,-0.17149449445537493,False,Normal
ATH001,2026-06-07,2022.23,9479.93,2613.940357142857,933.527066307934,-0.633843815030506,False,Normal
ATH001,2026-06-08,1735.17,9832.730000000001,2595.5860714285714,940.1418791246326,-0.9151981105550854,False,Normal
ATH001,2026-06-10,2090.59,10067.46,2563.7000000000003,954.040153161514,-0.4959015597322612,False,Normal
ATH001,2026-06-12,1750.85,9901.76,2540.964285714286,957.5785648086287,-0.8251169300893756,False,Normal
ATH001,2026-06-15,1187.71,10226.05,2490.6935714285714,960.9040445069093,-1.3559975929721486,False,Normal
ATH001,2026-06-16,1696.6799999999998,10501.33,2459.4585714285713,989.1449130874472,-0.7711494659035228,False,Normal
ATH001,2026-06-17,1564.8700000000001,10145.32,2474.577142857143,973.4552459718186,-0.9345135758644612,False,Normal
ATH001,2026-06-20,1960.8500000000001,9561.24,2482.9267857142854,964.2428892681041,-0.5414370087920076,False,Normal
ATH001,2026-06-21,2461.55,9565.07,2495.660714285714,954.5151240674743,-0.03573616952276051,False,Normal
ATH001,2026-06-22,2766.25,10041.86,2533.3457142857146,930.4423702631739,0.25031564894063113,False,Normal
ATH001,2026-06-24,2258.33,9057.300000000001,2568.1135714285715,919.8719114465093,-0.3367681604077173,False,Normal
ATH001,2026-06-25,3113.55,9265.68,2576.7389285714285,915.6336634603236,0.586272756071329,False,Normal
ATH001,2026-06-26,3752.61,9285.640000000001,2651.22,868.6065631590425,1.2679964056388726,False,Normal
ATH001,2026-06-27,3395.64,9117.67,2732.1342857142854,861.635919599407,0.7700534520359742,False,Normal
ATH001,2026-06-28,3300.9,9151.66,2792.4828571428566,846.1308833256594,0.6008729297988094,False,Normal
ATH002,2026-01-01,695.55,695.55,,,,False,Normal
ATH002,2026-01-02,1120.27,1120.27,,,,False,Normal
ATH002,2026-01-03,1469.37,1469.37,,,,False,Normal
ATH002,2026-01-05,2250.2,2250.2,,,,False,Normal
ATH002,2026-01-06,2905.09,2905.09,,,,False,Normal
ATH002,2026-01-07,3411.45,3411.45,,,,False,Normal
ATH002,2026-01-08,3357.85,4053.4,,,,False,Normal
ATH002,2026-01-09,3769.5,4889.77,2172.825714285714,1100.4345696717144,1.4509488612218093,False,Normal
ATH002,2026-01-10,3729.53,5198.9,2372.41,1164.7461483455158,1.1651637585818553,False,Normal
ATH002,2026-01-11,4376.1,5845.47,2523.201111111111,1179.7016673871879,1.5706503941735572,False,Normal
ATH002,2026-01-12,4327.780000000001,6577.9800000000005,2708.491,1257.1342655902397,1.2880795984347184,False,Normal
ATH002,2026-01-13,4227.57,7132.66,2855.699090909091,1288.689391540526,1.064547375105607,False,Normal
ATH002,2026-01-14,4130.49,7541.9400000000005,2970.021666666667,1290.96149699526,0.8989178500167102,False,Normal
ATH002,2026-01-16,3074.13,7963.9,3059.2884615384614,1277.2200579764774,0.011620188994723737,False,Normal
ATH002,2026-01-17,3186.98,8385.88,3060.348571428571,1227.119750145764,0.10319402695326749,False,Normal
ATH002,2026-01-19,2250.43,8828.41,3068.7906666666668,1182.9341226583686,-0.6918057827494165,False,Normal
ATH002,2026-01-20,2254.49,9387.15,3017.643125,1160.991558514926,-0.6573287457629597,False,Normal
ATH002,2026-01-21,2338.57,9880.51,2972.751764705882,1139.261402577539,-0.5566604497186229,False,Normal
ATH002,2026-01-22,3032.23,10574.17,2937.519444444444,1115.3081217655254,0.08491873564556283,False,Normal
ATH002,2026-01-24,2551.27,10937.15,2942.504210526316,1084.102431852246,-0.36088306697907857,False,Normal
ATH002,2026-01-25,2917.74,11303.62,2922.9425,1058.8080807799874,-0.0049135439126681245,False,Normal
ATH002,2026-01-26,2833.13,11661.54,2922.694761904762,1031.9990858456176,-0.08678763686246159,False,Normal
ATH002,2026-01-28,2323.7200000000003,12204.23,2918.6236363636363,1007.3089912498617,-0.5905870408497832,False,Normal
ATH002,2026-01-29,2134.33,12012.95,2892.758260869565,991.936178563063,-0.7645938088156422,False,Normal
ATH002,2026-01-30,2653.03,12106.93,2861.1570833333335,982.4076151342333,-0.21185410223524725,False,Normal
ATH002,2026-02-01,2371.55,12205.8,2852.8320000000003,962.6234297437741,-0.49996913136438537,False,Normal
ATH002,2026-02-02,2160.1800000000003,11571.52,2834.321153846154,947.8855679092363,-0.7112052094358984,False,Normal
ATH002,2026-02-03,2712.44,11468.89,2809.352962962963,938.489179818839,-0.10326486980027881,False,Normal
ATH002,2026-02-05,2345.32,11000.42,2805.8917857142856,921.1278743819231,-0.5000085205578315,False,Normal
ATH002,2026-02-06,2187.59,10525.02,2864.8121428571426,829.3291806271396,-0.8165902740152304,False,Normal
ATH002,2026-02-08,2413.13,10242.830000000002,2902.930714285714,768.4704349739817,-0.6373709280075263,False,Normal
ATH002,2026-02-09,2394.35,9638.09,2936.6364285714285,722.5920976247496,-0.7504737878451643,False,Normal
ATH002,2026-02-12,1885.1299999999999,9397.01,2941.784642857143,718.0193862258624,-1.4716241136764496,False,Normal
ATH002,2026-02-15,1490.38,9192.800000000001,2905.3575000000005,745.3042620479584,-1.8985232904906564,False,Normal
ATH002,2026-02-17,2015.43,8844.35,2836.7478571428574,784.388078130817,-1.0470810049791213,False,Normal
ATH002,2026-02-18,2799.13,9134.69,2788.804285714286,792.3430072817957,0.013031874063150352,False,Normal
ATH002,2026-02-19,2301.94,8666.720000000001,2754.1482142857144,768.7294528759227,-0.5882540503605542,False,Normal
ATH002,2026-02-20,2391.13,8755.91,2703.162857142857,748.7236223405761,-0.4167530552427537,False,Normal
ATH002,2026-02-21,2935.34,8937.140000000001,2632.2710714285713,674.7778356935368,0.4491388313902376,False,Normal
ATH002,2026-02-22,2999.83,9274.89,2582.5410714285713,591.3460054720063,0.7056595034211027,False,Normal
ATH002,2026-02-23,3374.15,9291.289999999999,2538.6932142857145,503.9036047224193,1.657969456627535,False,Normal
ATH002,2026-02-24,3434.9799999999996,10004.939999999999,2511.6810714285716,430.3120928860752,2.1456495037797385,True,⚠️ Anomaly
ATH002,2026-02-25,3060.95,9871.92,2524.5685714285714,452.6068969926227,1.1850933605639933,False,Normal
ATH002,2026-02-26,3555.67,10088.060000000001,2520.0675,446.35893017320706,2.320111529074013,True,⚠️ Anomaly
ATH002,2026-02-27,3907.8599999999997,10010.74,2566.6832142857143,483.7470801676915,2.772475205947217,True,⚠️ Anomaly
ATH002,2026-03-01,3070.4,9973.74,2625.7321428571427,541.6697181066673,0.8209206501281506,False,Normal
ATH002,2026-03-02,3417.3999999999996,10548.509999999998,2651.8689285714286,544.9466157295647,1.4047817700522682,False,Normal
ATH002,2026-03-04,2954.79,10656.960000000001,2665.625,559.568909088522,0.516763878949277,False,Normal
ATH002,2026-03-06,2406.28,10229.43,2680.036428571428,561.7068188761444,-0.48736532897919266,False,Normal
ATH002,2026-03-07,2955.05,10778.199999999999,2661.77,562.0066530118924,0.5218443561624425,False,Normal
ATH002,2026-03-08,2812.34,10372.949999999999,2666.1242857142856,563.852750054405,0.2593154228149219,False,Normal
ATH002,2026-03-10,2822.36,10976.52,2683.5750000000003,560.413852146588,0.2476473403867571,False,Normal
ATH002,2026-03-11,2699.99,11514.86,2708.1474999999996,550.4343100822666,-0.014820115408104918,False,Normal
ATH002,2026-03-12,2963.8199999999997,11055.81,2709.824642857143,550.3316828058038,0.46153140929101205,False,Normal
ATH002,2026-03-13,2776.65,11481.92,2730.977142857143,548.2264288213414,0.0833102067717738,False,Normal
ATH002,2026-03-14,2681.7,11935.74,2752.9939285714286,536.7119997991842,-0.13283460887422682,False,Normal
ATH002,2026-03-15,3162.88,12045.45,2751.8960714285713,536.8294530429245,0.7655763413162929,False,Normal
ATH002,2026-03-17,2549.51,11510.6,2781.094642857143,536.1298339262553,-0.4319562691767627,False,Normal
ATH002,2026-03-18,2868.61,11584.34,2794.020357142857,525.5493062641059,0.14192701230521543,False,Normal
ATH002,2026-03-19,3315.1800000000003,12069.05,2810.2875,520.346493246817,0.970300571931622,False,Normal
ATH002,2026-03-20,3243.57,12334.36,2843.174285714286,522.1806862566553,0.7667761846115411,False,Normal
ATH002,2026-03-22,2769.01,11814.630000000001,2891.6899999999996,492.11276385412805,-0.2492924569547726,False,Normal
ATH002,2026-03-24,3306.01,11381.63,2937.3553571428574,409.68442345101073,0.8998502792753257,False,Normal
ATH002,2026-03-28,1981.7000000000003,10408.2,2983.4474999999998,373.0847440186283,-2.685040104320057,True,⚠️ Anomaly
ATH002,2026-03-29,2094.39,10838.62,2954.253571428571,417.39275525855606,-2.0600826454113323,True,⚠️ Anomaly
ATH002,2026-03-30,2443.7999999999997,10466.71,2946.8410714285715,431.0265579798947,-1.1670767429881577,False,Normal
ATH002,2026-03-31,2220.9,10898.779999999999,2948.722142857143,428.6197303693632,-1.6980602881485223,False,Normal
ATH002,2026-04-01,3091.8900000000003,11109.06,2923.2064285714287,450.1694381025749,0.3747112912408232,False,Normal
ATH002,2026-04-02,3465.4900000000002,11482.66,2926.4942857142855,451.08504644811853,1.1948871250107096,False,Normal
ATH002,2026-04-04,3587.89,11041.04,2929.7564285714284,454.7576152862614,1.447218362718981,False,Normal
ATH002,2026-04-06,2496.51,10872.2,2935.2174999999997,461.91129026979246,-0.9497657001277451,False,Normal
ATH002,2026-04-07,2751.9,10828.32,2915.058928571429,468.49057807308645,-0.34826512251859104,False,Normal
ATH002,2026-04-08,2270.24,10679.31,2886.3528571428574,452.1232869870556,-1.3627098512191809,False,Normal
ATH002,2026-04-09,2422.95,10941.79,2827.866428571429,419.8569978705214,-0.9644150999629171,False,Normal
ATH002,2026-04-10,3025.63,11118.36,2804.743214285714,423.81516409741135,0.5211866030907673,False,Normal
ATH002,2026-04-11,2792.6099999999997,11151.95,2790.7514285714283,409.04957558561625,0.004543633680368863,False,Normal
ATH002,2026-04-13,3143.06,10852.38,2784.9592857142857,407.7870461126113,0.8781561790631868,False,Normal
ATH002,2026-04-14,2827.4700000000003,11106.28,2811.2728571428574,406.21506032639803,0.03987331942869926,False,Normal
ATH002,2026-04-15,2854.82,10665.52,2806.7164285714284,405.25700134893214,0.11869892751625498,False,Normal
ATH002,2026-04-17,2075.19,9949.98,2808.233571428572,405.3583363835777,-1.808384102738462,False,Normal
ATH002,2026-04-18,2119.63,10481.83,2781.548928571429,428.3357388893914,-1.5453273413226798,False,Normal
ATH002,2026-04-19,2636.01,10269.51,2760.821785714286,446.10189191570055,-0.2797831346966607,False,Normal
ATH002,2026-04-22,1721.78,9938.73,2749.1142857142854,444.87693331500947,-2.3092550069051305,True,⚠️ Anomaly
ATH002,2026-04-25,1365.21,9865.34,2711.440357142857,485.28855633249293,-2.774082222990839,True,⚠️ Anomaly
ATH002,2026-04-27,1435.75,9261.460000000001,2664.4228571428575,547.9993293984619,-2.242106497633072,True,⚠️ Anomaly
ATH002,2026-04-28,2151.48,9545.12,2602.7396428571433,585.719901845913,-0.770435905344834,False,Normal
ATH002,2026-04-29,2290.09,9136.93,2588.524285714286,591.857541170349,-0.5042333077722674,False,Normal
ATH002,2026-04-30,2764.6,9237.84,2567.862857142857,591.8156741935479,0.3324297605419651,False,Normal
ATH002,2026-05-02,2614.51,8891.96,2548.199285714286,574.9728693176073,0.11532842299918183,False,Normal
ATH002,2026-05-04,2259.83,9024.78,2525.7328571428575,558.8598367036432,-0.4757952525471297,False,Normal
ATH002,2026-05-05,1678.02,8471.240000000002,2507.547857142857,558.9347568124703,-1.484122873076534,False,Normal
ATH002,2026-05-06,1907.3600000000001,8774.05,2449.405357142857,557.4723692769663,-0.9723268578241503,False,Normal
ATH002,2026-05-07,1554.23,8369.12,2446.7503571428574,559.9538487297631,-1.5939177115533905,False,Normal
ATH002,2026-05-08,2304.33,8516.54,2427.4589285714287,581.435603633698,-0.21176709475981714,False,Normal
ATH002,2026-05-09,2360.79,8460.14,2422.4778571428574,581.8876607906567,-0.10601334467040811,False,Normal
ATH002,2026-05-10,2781.4700000000003,8880.82,2427.4739285714286,580.6921350093968,0.6096105837955654,False,Normal
ATH002,2026-05-11,3212.4500000000003,9094.17,2416.3875000000003,570.4096531936328,1.3955978752164744,False,Normal
ATH002,2026-05-13,2819.92,8739.15,2407.350357142857,554.9683456470622,0.743411126225785,False,Normal
ATH002,2026-05-15,2407.01,8848.36,2379.9228571428575,511.75814277374906,0.0529295786293293,False,Normal
ATH002,2026-05-16,2569.75,8910.259999999998,2376.7264285714286,511.2822581272112,0.3775283972019728,False,Normal
ATH002,2026-05-17,2601.53,8846.34,2370.2210714285716,507.47653554468695,0.4558022142307705,False,Normal
ATH002,2026-05-18,2381.89,9289.92,2382.0528571428576,508.91910056989076,-0.0003200059551221518,False,Normal
ATH002,2026-05-20,2072.58,9089.949999999999,2380.5864285714283,508.8560450455157,-0.6052918729576615,False,Normal
ATH002,2026-05-21,2773.3599999999997,9790.73,2346.5489285714284,495.81874395969663,0.8608207669197461,False,Normal
ATH002,2026-05-23,2419.99,9965.04,2345.8614285714284,495.19027776247276,0.14969714624350627,False,Normal
ATH002,2026-05-25,2462.06,10316.23,2320.0375,470.3056168274445,0.3019791703914695,False,Normal
ATH002,2026-05-26,2581.01,9719.45,2306.9871428571428,460.67474644672586,0.594829343818929,False,Normal
ATH002,2026-05-27,2903.9100000000003,9703.769999999999,2297.2082142857143,451.42831401751,1.3439604182442868,False,Normal
ATH002,2026-05-28,2534.84,9560.97,2326.8053571428572,463.3425393928098,0.448986711062108,False,Normal
ATH002,2026-05-29,3001.94,10028.07,2341.634285714286,463.11065802197174,1.4258054805000553,False,Normal
ATH002,2026-05-30,2993.25,10343.78,2354.7032142857142,476.6897533107951,1.3395437625401656,False,Normal
ATH002,2026-05-31,3632.5599999999995,10983.09,2400.112857142857,474.72048182652424,2.5961532944928045,True,⚠️ Anomaly
ATH002,2026-06-01,2859.59,10915.99,2481.0896428571427,484.92102409668513,0.7805402082698538,False,Normal
ATH002,2026-06-02,3072.6099999999997,11114.04,2531.941071428571,444.18589880680446,1.2172131758882982,False,Normal
ATH002,2026-06-03,3304.77,11101.18,2564.8385714285714,449.0483530898401,1.6477767337972893,False,Normal
ATH002,2026-06-04,3415.12,11421.859999999999,2601.077142857143,466.652405336508,1.7444308608156471,False,Normal
ATH002,2026-06-05,3348.45,11072.189999999999,2624.31,490.67048723603085,1.475817312916278,False,Normal
ATH002,2026-06-06,3287.37,11270.36,2650.5221428571426,509.37499064926754,1.2502534848267841,False,Normal
ATH002,2026-06-07,3232.9700000000003,11434.59,2687.2200000000003,517.1404321129085,1.0553226282659816,False,Normal
ATH002,2026-06-09,3516.32,11551.83,2742.753928571429,487.38645615872167,1.5871718667058174,False,Normal
ATH002,2026-06-10,3437.96,11719.220000000001,2800.2167857142854,480.03842704249615,1.3285253395542382,False,Normal
ATH002,2026-06-12,3396.14,12061.32,2867.4928571428572,428.1441195556155,1.2347411040138598,False,Normal
ATH002,2026-06-13,2938.08,11638.689999999999,2906.4860714285714,424.65854120378685,0.07439842957560355,False,Normal
ATH002,2026-06-14,3022.1,11855.16,2927.1035714285717,410.97685642880936,0.2311478787319104,False,Normal
ATH002,2026-06-16,2943.87,12113.81,2935.6974999999998,410.334127326834,0.019916695823573735,False,Normal
ATH002,2026-06-20,1762.11,10980.81,2926.1053571428574,406.74858824660816,-2.8617071841860633,True,⚠️ Anomaly
ATH002,2026-06-21,1492.23,11379.859999999999,2888.3264285714286,462.30686105590655,-3.0198479541981085,True,⚠️ Anomaly
ATH002,2026-06-23,1188.59,10721.39,2855.655714285714,525.5747939684957,-3.17189053473832,True,⚠️ Anomaly
ATH002,2026-06-25,1664.45,10418.42,2806.328571428571,611.2348360958682,-1.868150347454141,False,Normal
ATH002,2026-06-27,2079.81,10067.369999999999,2772.8614285714284,647.4451070094484,-1.0704404451716931,False,Normal
ATH002,2026-06-28,2141.09,9888.39,2762.0728571428567,656.6526256528025,-0.9456793940715834,False,Normal
ATH002,2026-06-30,2238.2400000000002,9887.019999999999,2764.519642857143,654.1110391209337,-0.8045723300502851,False,Normal
ATH003,2026-01-01,132.22,132.22,,,,False,Normal
ATH003,2026-01-02,604.3,604.3,,,,False,Normal
ATH003,2026-01-03,1047.82,1047.82,,,,False,Normal
ATH003,2026-01-05,1709.43,1709.43,,,,False,Normal
ATH003,2026-01-06,2222.77,2222.77,,,,False,Normal
ATH003,2026-01-07,2854.84,2854.84,,,,False,Normal
ATH003,2026-01-09,2410.07,3014.3700000000003,,,,False,Normal
ATH003,2026-01-10,2281.61,3329.4300000000003,1568.7785714285715,1006.1916778862858,0.7084449655446156,False,Normal
ATH003,2026-01-12,2017.23,3726.6600000000003,1657.8825000000002,965.042021346369,0.3723646142358233,False,Normal
ATH003,2026-01-13,1970.2700000000002,4193.04,1697.8100000000002,910.6265356335714,0.2992005935895939,False,Normal
ATH003,2026-01-15,1797.5000000000002,4652.34,1725.056,862.8593618918696,0.08395806222831317,False,Normal
ATH003,2026-01-17,1669.5900000000001,4999.02,1731.6418181818183,818.8716343703472,-0.07577722267731433,False,Normal
ATH003,2026-01-18,1820.0200000000002,5149.45,1726.4708333333335,780.9689258683534,0.11978602933868344,False,Normal
ATH003,2026-01-19,1910.4500000000003,5637.110000000001,1733.6669230769232,748.1708446425033,0.2362870435128341,False,Normal
ATH003,2026-01-20,1946.68,6139.72,1746.294285714286,720.3703804583848,0.2781703963983153,False,Normal
ATH003,2026-01-21,2113.1,6306.14,1759.6533333333334,696.0917826250322,0.5077587115506285,False,Normal
ATH003,2026-01-22,1865.41,6517.75,1781.74375,678.2688522886776,0.12335263475196535,False,Normal
ATH003,2026-01-23,2224.7000000000003,6877.04,1786.6652941176471,657.0444150713637,0.6666744223596769,False,Normal
ATH003,2026-01-24,2256.6000000000004,7255.62,1811.0005555555556,645.7340796923636,0.690066481633948,False,Normal
ATH003,2026-01-26,1766.15,7403.26,1834.453157894737,635.8127312874849,-0.10742653384185435,False,Normal
ATH003,2026-01-27,1650.57,7790.29,1831.038,619.0431063181303,-0.29152735594353973,False,Normal
ATH003,2026-01-28,2273.5200000000004,8579.66,1822.4442857142858,604.6524121639756,0.7460082937093907,False,Normal
ATH003,2026-01-29,2847.08,9232.61,1842.9477272727274,597.8657074160656,1.6795281285944013,False,Normal
ATH003,2026-01-31,2455.52,8663.32,1886.605652173913,620.5113278566466,0.9168476420748278,False,Normal
ATH003,2026-02-01,2565.9900000000002,8773.79,1910.310416666667,617.8832143239506,1.061170732807068,False,Normal
ATH003,2026-02-03,2791.71,8359.23,1936.5376,618.9255278927612,1.3817048440570578,False,Normal
ATH003,2026-02-04,2508.19,8233.01,1969.4288461538463,629.1849828362206,0.8562841907280478,False,Normal
ATH003,2026-02-06,1944.39,8294.85,1989.3829629629631,625.6183600604519,-0.07191758719903212,False,Normal
ATH003,2026-02-07,2063.4700000000003,8445.18,1987.7760714285716,613.9824075012505,0.12328354631443483,False,Normal
ATH003,2026-02-09,2557.9,8652.85,2056.7492857142856,494.7032566575834,1.0130329799558886,False,Normal
ATH003,2026-02-10,2294.3900000000003,8683.35,2126.520714285715,413.3415355810587,0.40612730941327185,False,Normal
ATH003,2026-02-11,2267.6500000000005,9162.460000000001,2171.0410714285717,356.0103099041773,0.27136553600774027,False,Normal
ATH003,2026-02-12,2752.6800000000003,9188.19,2190.9775000000004,344.65171851987515,1.6297684584665955,False,Normal
ATH003,2026-02-13,3082.7900000000004,9739.670000000002,2209.9028571428576,360.64037645870246,2.4203810772061423,True,⚠️ Anomaly
ATH003,2026-02-15,2993.91,9619.07,2218.0439285714288,377.8982951196851,2.0531081548881946,True,⚠️ Anomaly
ATH003,2026-02-16,3097.0900000000006,9839.49,2238.8953571428574,404.08619037950643,2.123791070541537,True,⚠️ Anomaly
ATH003,2026-02-17,2738.5600000000004,9475.23,2268.019642857143,435.44935333754876,1.0805857295144654,False,Normal
ATH003,2026-02-19,2561.1600000000003,9883.939999999999,2293.781428571429,441.36009467129367,0.6058059499640619,False,Normal
ATH003,2026-02-20,2317.9700000000003,9832.94,2314.8846428571433,439.44104957094663,0.00702109451511054,False,Normal
ATH003,2026-02-21,2390.86,9527.25,2333.4728571428573,427.59342995383105,0.13420959920581374,False,Normal
ATH003,2026-02-22,2480.53,9993.43,2359.2325000000005,407.36501944065856,0.29776120729892286,False,Normal
ATH003,2026-02-23,2275.0600000000004,10348.400000000001,2382.822142857143,393.8852419391459,-0.27358766306301807,False,Normal
ATH003,2026-02-24,2551.5100000000007,10376.17,2395.843928571429,383.58253387165746,0.4058215838384756,False,Normal
ATH003,2026-02-26,2039.9000000000003,9076.76,2417.445,374.26861233809143,-1.0087541074883104,False,Normal
ATH003,2026-02-27,2212.76,9557.91,2414.8307142857147,376.7208331350796,-0.5363937868900887,False,Normal
ATH003,2026-02-28,2819.01,9890.74,2427.236071428572,363.4435244052945,1.0779499489294548,False,Normal
ATH003,2026-03-01,3133.9500000000003,10561.390000000001,2448.4614285714283,368.4961322246806,1.860232744615658,False,Normal
ATH003,2026-03-03,2918.59,10503.05,2479.7953571428575,388.34438406290883,1.1299111326560636,False,Normal
ATH003,2026-03-05,3247.69,10601.43,2520.9539285714286,370.57138043176616,1.9611230381089464,False,Normal
ATH003,2026-03-07,2601.09,10428.36,2577.9939285714286,354.1919549386361,0.06520778099709515,False,Normal
ATH003,2026-03-08,2476.7200000000003,11085.11,2589.6928571428575,349.1364607868856,-0.32357794109569205,False,Normal
ATH003,2026-03-09,2834.2500000000005,10837.740000000002,2576.4657142857145,346.02585876854175,0.7449856107046584,False,Normal
ATH003,2026-03-11,2618.05,10347.599999999999,2589.9917857142864,348.5162893483408,0.08050761225013994,False,Normal
ATH003,2026-03-12,2730.11,10578.86,2591.8510714285717,348.5223670843346,0.3967003028473432,False,Normal
ATH003,2026-03-13,3122.1400000000003,10419.410000000002,2589.6510714285714,347.4066946234323,1.5327537920609575,False,Normal
ATH003,2026-03-15,2558.8900000000003,10650.09,2611.5778571428573,361.1768168840523,-0.14587829196072463,False,Normal
ATH003,2026-03-16,2829.4300000000003,10570.080000000002,2633.5242857142853,336.9946150622459,0.5813318834472458,False,Normal
ATH003,2026-03-17,3032.3200000000006,10634.62,2660.8800000000006,319.6484633329402,1.1620265466851774,False,Normal
ATH003,2026-03-20,2288.9900000000002,10390.43,2677.823571428572,326.4882283081711,-1.190957399730667,False,Normal
ATH003,2026-03-21,2839.26,10867.810000000001,2677.6307142857145,326.72462117347584,0.494695762853048,False,Normal
ATH003,2026-03-22,2763.67,10933.23,2698.045357142858,317.89778429996903,0.20643315587005973,False,Normal
ATH003,2026-03-24,2489.05,10572.16,2698.4378571428574,317.9745138908556,-0.658505156846405,False,Normal
ATH003,2026-03-25,3099.2700000000004,11182.380000000001,2677.232857142858,311.1172708738262,1.3565211011004912,False,Normal
ATH003,2026-03-26,3552.59,11360.570000000002,2680.9957142857143,315.6927304085464,2.760894381655011,True,⚠️ Anomaly
ATH003,2026-03-27,3240.38,11418.05,2697.263571428572,348.0103998149538,1.560632753676951,False,Normal
ATH003,2026-03-28,2826.4,10875.2,2715.1857142857143,362.82226066326626,0.30652552991367654,False,Normal
ATH003,2026-03-29,2664.2200000000003,10463.5,2724.658571428572,362.11374939594083,-0.16690493395899006,False,Normal
ATH003,2026-03-30,3071.3300000000004,10870.609999999999,2737.0246428571436,353.52130205062656,0.9456441668541435,False,Normal
ATH003,2026-03-31,3206.9900000000002,10860.56,2761.327142857143,352.2299536535651,1.2652610958271537,False,Normal
ATH003,2026-04-01,3099.7300000000005,11363.52,2787.272142857143,357.49647648465117,0.8740166063042932,False,Normal
ATH003,2026-04-02,2994.79,11107.67,2816.7246428571425,347.5672473646035,0.5123191511657718,False,Normal
ATH003,2026-04-05,2461.32,10448.1,2832.5560714285716,345.12646516612983,-1.0756522866186848,False,Normal
ATH003,2026-04-06,2239.07,10275.43,2847.6067857142857,317.35022008119216,-1.9175558963173085,False,Normal
ATH003,2026-04-07,1974.8400000000001,10703.199999999999,2848.546428571429,315.43404753185274,-2.769854539824846,True,⚠️ Anomaly
ATH003,2026-04-08,2031.1300000000003,10776.6,2818.3975,356.08482847672036,-2.210898743897112,True,⚠️ Anomaly
ATH003,2026-04-09,2161.0400000000004,10538.6,2779.011071428572,380.07229000828494,-1.6259303497634643,False,Normal
ATH003,2026-04-10,2929.54,10915.07,2751.9557142857143,396.38149011637427,0.4480135680960996,False,Normal
ATH003,2026-04-11,3304.05,11289.58,2740.593214285715,386.0705381341739,1.4594659008102373,False,Normal
ATH003,2026-04-12,3484.8300000000004,11374.04,2765.698928571429,399.29273216284287,1.8010121735330997,False,Normal
ATH003,2026-04-13,3434.84,10880.84,2801.7028571428573,417.31422023908516,1.5171712636449572,False,Normal
ATH003,2026-04-14,3426.67,11097.55,2823.1525,434.14463204162115,1.390130052194544,False,Normal
ATH003,2026-04-15,3454.86,11684.99,2852.0317857142863,446.7087928149319,1.3494881318252023,False,Normal
ATH003,2026-04-16,3639.1600000000003,12347.58,2877.915714285715,460.17684553455825,1.654242913569448,False,Normal
ATH003,2026-04-17,3511.4800000000005,12137.56,2896.380714285715,480.2736208541532,1.280726775333504,False,Normal
ATH003,2026-04-18,3699.63,12149.95,2930.4017857142862,489.13882338364505,1.572617378773034,False,Normal
ATH003,2026-04-19,3451.6900000000005,12062.060000000001,2961.4803571428574,509.69872953054534,0.9617635172617508,False,Normal
ATH003,2026-04-20,3698.7200000000007,12443.960000000001,2976.4578571428574,517.9522209722167,1.394457082356803,False,Normal
ATH003,2026-04-22,3361.0600000000004,11946.779999999999,3026.8053571428577,517.167705226744,0.6463177021283532,False,Normal
ATH003,2026-04-23,3120.25,11915.24,3045.441071428572,519.5551709722401,0.14398649604706795,False,Normal
ATH003,2026-04-24,2951.71,11848.890000000001,3058.1760714285715,516.7553664459232,-0.20602799378903558,False,Normal
ATH003,2026-04-25,2934.1300000000006,12257.68,3074.699642857143,505.14980102702646,-0.278273182670464,False,Normal
ATH003,2026-04-26,3215.7500000000005,12613.59,3068.8017857142863,505.8159096325785,0.2905171851799924,False,Normal
ATH003,2026-04-27,3116.8100000000004,12489.44,3056.7717857142857,497.8261404833458,0.1206007668207677,False,Normal
ATH003,2026-04-28,3572.9900000000002,12253.62,3052.358571428572,496.6845878922905,1.0482133757778909,False,Normal
ATH003,2026-04-29,3552.6800000000003,12399.73,3079.0225,504.0896981440892,0.9396293987833289,False,Normal
ATH003,2026-05-01,2961.07,12353.800000000001,3110.753214285714,504.97423054202164,-0.2964175303065447,False,Normal
ATH003,2026-05-03,2091.7900000000004,12244.06,3106.815357142858,505.72240121677345,-2.007080079309708,True,⚠️ Anomaly
ATH003,2026-05-04,2455.09,12705.460000000001,3066.986785714286,540.2747471566764,-1.1325659563667136,False,Normal
ATH003,2026-05-05,2537.0000000000005,12815.78,3043.9639285714293,552.4262232916628,-0.917704314524853,False,Normal
ATH003,2026-05-06,2420.07,12788.67,3027.6142857142863,560.6486790444484,-1.083645263821481,False,Normal
ATH003,2026-05-08,2812.78,12237.039999999999,3026.1410714285716,562.2437683552964,-0.37948143392092354,False,Normal
ATH003,2026-05-09,3418.4000000000005,12468.15,3046.6307142857145,542.6094171544161,0.6851508174405454,False,Normal
ATH003,2026-05-10,3431.1600000000003,12190.39,3098.186428571429,504.2239269023689,0.6603684467616383,False,Normal
ATH003,2026-05-11,3497.4700000000003,12768.09,3148.1875,462.15224066618623,0.7557736807605092,False,Normal
ATH003,2026-05-12,3425.5400000000004,12814.650000000001,3195.917142857143,423.8508419231232,0.5417539248028806,False,Normal
ATH003,2026-05-13,3272.8400000000006,12606.65,3213.631428571429,422.6688164133385,0.14008265840617445,False,Normal
ATH003,2026-05-14,3585.8800000000006,12257.1,3212.5167857142856,422.46263980383515,0.8837780648700231,False,Normal
ATH003,2026-05-16,3038.25,11806.77,3216.1257142857144,425.2971656377096,-0.41823865442178426,False,Normal
ATH003,2026-05-17,2765.5000000000005,11504.199999999999,3201.961785714286,424.3462900269715,-1.0285509640877128,False,Normal
ATH003,2026-05-18,2465.7400000000002,11535.11,3178.3485714285716,429.7405183554382,-1.6582298875508246,False,Normal
ATH003,2026-05-19,2704.87,12240.4,3143.0228571428574,446.4961403164187,-0.9813138739169202,False,Normal
ATH003,2026-05-20,2500.94,11746.53,3109.655357142857,442.94212604559584,-1.3742548322897534,False,Normal
ATH003,2026-05-21,2730.5,11867.35,3073.564642857143,450.1003534890612,-0.7621958974210862,False,Normal
ATH003,2026-05-22,3318.63,11983.199999999999,3038.9528571428573,437.2528321730865,0.6396233992749363,False,Normal
ATH003,2026-05-24,2831.9300000000003,11120.38,3034.200714285714,433.3062425115406,-0.4668077549801897,False,Normal
ATH003,2026-05-27,1971.1400000000003,10164.99,3003.2439285714286,414.6332883613269,-2.4891969784925094,True,⚠️ Anomaly
ATH003,2026-05-28,1558.3400000000004,10294.79,2953.6039285714287,451.7485031506013,-3.0885856153158815,True,⚠️ Anomaly
ATH003,2026-05-29,1511.8300000000002,10533.96,2897.8214285714284,521.4628442906176,-2.657891053497569,True,⚠️ Anomaly
ATH003,2026-05-30,2023.1100000000001,11045.24,2846.397142857143,583.2843759383209,-1.4114678479647826,False,Normal
ATH003,2026-06-01,2029.1000000000001,10411.43,2813.8607142857145,603.2756643705206,-1.3008327049037551,False,Normal
ATH003,2026-06-02,2647.08,10491.32,2771.4803571428574,615.553498739938,-0.2020951182919273,False,Normal
ATH003,2026-06-03,2780.44,10525.36,2754.7042857142865,612.1851459075444,0.04203910280698044,False,Normal
ATH003,2026-06-04,3072.29,10947.01,2726.3989285714283,590.9015407571554,0.5853616001497677,False,Normal
ATH003,2026-06-05,3297.8100000000004,11018.99,2709.2421428571433,572.7161830057886,1.02767806220155,False,Normal
ATH003,2026-06-06,3488.82,11115.66,2721.2685714285717,581.6658192525781,1.3195745790215203,False,Normal
ATH003,2026-06-07,4064.13,11277.08,2771.162500000001,585.5746462624304,2.208031902085707,True,⚠️ Anomaly
ATH003,2026-06-08,4494.03,11407.99,2828.628214285714,630.6268336378499,2.6408673035798476,True,⚠️ Anomaly
ATH003,2026-06-09,4302.79,11368.570000000002,2898.5221428571426,701.5687993683083,2.0016110442871153,True,⚠️ Anomaly
ATH003,2026-06-11,3869.01,11230.14,2965.7621428571433,743.0125051405511,1.2156563326911909,False,Normal
ATH003,2026-06-13,2640.1400000000003,10717.55,3003.484642857143,761.5392369623513,-0.4771187421759934,False,Normal
ATH003,2026-06-15,1637.9400000000003,10580.19,2975.6896428571426,760.035747061267,-1.760114110460788,False,Normal
ATH003,2026-06-16,1609.0000000000002,10272.7,2911.6460714285718,794.98296607579,-1.6385836263369487,False,Normal
ATH003,2026-06-17,2055.4400000000005,10543.63,2844.2007142857146,823.0537609007105,-0.9583343783309274,False,Normal
ATH003,2026-06-19,1932.2,9843.710000000001,2795.2685714285717,827.9250836197513,-1.0424476664665967,False,Normal
ATH003,2026-06-20,2198.82,10350.89,2747.3885714285716,837.9879239106644,-0.654625867242274,False,Normal
ATH003,2026-06-21,2371.36,10115.84,2697.8507142857147,827.5172406928543,-0.39454249196349567,False,Normal
ATH003,2026-06-22,2414.9800000000005,10576.05,2674.0332142857146,826.9540275325157,-0.31326192951581966,False,Normal
ATH003,2026-06-23,2700.7900000000004,11259.66,2661.514642857143,828.1703261003747,0.04742425067050435,False,Normal
ATH003,2026-06-26,2422.6500000000005,10754.53,2669.9092857142855,827.3032066765174,-0.29887383938421674,False,Normal
ATH003,2026-06-27,2019.7300000000002,10347.51,2659.8300000000004,828.5796953734656,-0.7725267751238919,False,Normal
ATH003,2026-06-28,2534.32,11034.64,2642.6439285714287,836.9456878982065,-0.12942766793321886,False,Normal
ATH003,2026-06-30,1906.71,10519.29,2635.6375000000003,837.0041184093775,-0.8708768379601722,False,Normal
ATH004,2026-01-01,510.92,510.92,,,,False,Normal
ATH004,2026-01-02,629.8100000000001,629.8100000000001,,,,False,Normal
ATH004,2026-01-03,1288.0700000000002,1288.0700000000002,,,,False,Normal
ATH004,2026-01-04,2139.33,2139.33,,,,False,Normal
ATH004,2026-01-05,2788.84,2788.84,,,,False,Normal
ATH004,2026-01-06,3332.83,3332.83,,,,False,Normal
ATH004,2026-01-07,3470.56,3470.56,,,,False,Normal
ATH004,2026-01-08,3298.61,3809.53,2022.9085714285716,1236.8383420295013,1.0314213145091844,False,Normal
ATH004,2026-01-09,3351.58,3981.3900000000003,2182.37125,1230.7141871918748,0.9500245972363314,False,Normal
ATH004,2026-01-10,3239.6099999999997,4527.68,2312.2833333333333,1215.4092227723138,0.7629748477236833,False,Normal
ATH004,2026-01-12,2052.93,4841.77,2405.016,1182.8260838836602,-0.2976650623428681,False,Normal
ATH004,2026-01-13,2114.24,5447.07,2373.008181818182,1127.1376557086378,-0.22957992797738022,False,Normal
ATH004,2026-01-14,2605.34,6075.9,2351.4441666666667,1077.2766100467363,0.2356830464576025,False,Normal
ATH004,2026-01-18,1700.3999999999999,6228.08,2370.9746153846154,1033.8148703839208,-0.6486409071825294,False,Normal
ATH004,2026-01-19,1846.59,6688.36,2323.0764285714286,1009.2963749114234,-0.4720976319896576,False,Normal
ATH004,2026-01-20,1609.27,7056.34,2291.3106666666663,980.3327643310471,-0.695723627203333,False,Normal
ATH004,2026-01-21,1609.19,7685.09,2248.683125,962.3179778549897,-0.6645341142076888,False,Normal
ATH004,2026-01-22,1726.8899999999999,7802.79,2211.065882352941,944.5810528486877,-0.5125826745018368,False,Normal
ATH004,2026-01-23,1847.59,7923.49,2184.1672222222223,923.456946636837,-0.3644752724509921,False,Normal
ATH004,2026-01-24,2178.04,8253.94,2166.452631578947,900.7545709560654,0.012864068409615645,False,Normal
ATH004,2026-01-25,2108.2,8336.28,2167.032,876.7339481675576,-0.06710359525026241,False,Normal
ATH004,2026-01-26,2054.27,8742.63,2164.230476190476,854.6309813742781,-0.1286642756779723,False,Normal
ATH004,2026-01-28,1477.72,9162.81,2159.2322727272726,834.3638577065582,-0.8168046427616922,False,Normal
ATH004,2026-01-29,2111.77,9403.64,2129.601304347826,827.4739517257235,-0.021549082373696845,False,Normal
ATH004,2026-01-30,2801.3199999999997,10095.0,2128.858333333333,809.2936749851777,0.830924159488807,False,Normal
ATH004,2026-01-31,2919.52,9885.39,2155.7568,803.5885739902395,0.9504405920152824,False,Normal
ATH004,2026-02-01,3149.99,9346.94,2185.1323076923077,801.4738574366986,1.2038542285003946,False,Normal
ATH004,2026-02-02,3267.65,9221.44,2220.867777777778,807.548029699655,1.2962476332355657,False,Normal
ATH004,2026-02-03,3826.92,9236.72,2258.252857142857,816.7709301101601,1.9205717111474239,False,Normal
ATH004,2026-02-05,3046.2799999999997,9151.31,2376.6814285714286,794.1203766372428,0.8431953027877616,False,Normal
ATH004,2026-02-07,2211.5,8857.279999999999,2462.983928571429,725.5952528701512,-0.34658982067022026,False,Normal
ATH004,2026-02-08,2482.9700000000003,9441.56,2495.9635714285714,690.344942008807,-0.01882185359504726,False,Normal
ATH004,2026-02-10,1642.3600000000001,8764.84,2508.2364285714284,686.8155080283601,-1.2607118191857636,False,Normal
ATH004,2026-02-11,2436.81,8930.460000000001,2467.2907142857143,703.4407453153688,-0.043330891036243824,False,Normal
ATH004,2026-02-12,2462.54,9347.48,2435.29,682.6820027954018,0.03991609547112488,False,Normal
ATH004,2026-02-13,2973.6400000000003,9858.58,2399.289285714286,651.9528075111673,0.8809697690823676,False,Normal
ATH004,2026-02-14,2722.92,10031.98,2387.6832142857143,638.0954264467414,0.5253709270117553,False,Normal
ATH004,2026-02-15,2290.71,10031.87,2365.2310714285713,613.5098720165573,-0.12146678452561255,False,Normal
ATH004,2026-02-16,2860.91,10141.789999999999,2331.3417857142854,589.1458078599178,0.8988746202054464,False,Normal
ATH004,2026-02-17,2950.15,10105.72,2360.1982142857146,594.7647867733782,0.991907723580605,False,Normal
ATH004,2026-02-19,2267.6400000000003,9888.230000000001,2390.0521428571424,602.8853942337826,-0.20304380240081574,False,Normal
ATH004,2026-02-20,1937.2700000000002,9948.26,2377.9914285714285,601.7959088564845,-0.7323436767938064,False,Normal
ATH004,2026-02-21,2244.16,10098.1,2386.4510714285716,593.5260588265835,-0.2397385410674047,False,Normal
ATH004,2026-02-22,2537.2100000000005,10460.88,2400.65,584.8243684503352,0.2335060017452016,False,Normal
ATH004,2026-02-23,2439.48,10527.000000000002,2433.7907142857143,564.2478233760911,0.010082955535822384,False,Normal
ATH004,2026-02-24,2734.53,11153.960000000001,2463.4439285714284,540.6301751511796,0.5014260836490794,False,Normal
ATH004,2026-02-25,2913.4100000000003,10912.66,2499.431071428571,523.0360271377061,0.7914921861824937,False,Normal
ATH004,2026-02-26,2966.0,10742.460000000001,2537.496071428571,512.5178170730544,0.8360761602759066,False,Normal
ATH004,2026-03-01,2352.5099999999998,9663.4,2565.6375000000003,513.6811403082015,-0.4149023261241925,False,Normal
ATH004,2026-03-02,2703.17,9962.52,2574.362857142857,507.66302064684214,0.2537256755337871,False,Normal
ATH004,2026-03-03,2488.28,9815.320000000002,2597.537857142858,497.75583375011905,-0.21950090734186486,False,Normal
ATH004,2026-03-05,2392.56,10088.74,2633.629285714286,447.6695285333254,-0.5384983125925235,False,Normal
ATH004,2026-03-06,2913.43,10609.61,2643.6575000000003,438.5995240377175,0.6150770468615474,False,Normal
ATH004,2026-03-07,3436.37,10708.43,2647.661428571428,440.59927642981603,1.7900814041718174,False,Normal
ATH004,2026-03-08,3375.99,10556.42,2666.1203571428573,462.6838827687248,1.53424329070908,False,Normal
ATH004,2026-03-09,2693.8799999999997,10697.44,2674.1917857142857,473.2872853505281,0.041598865837125416,False,Normal
ATH004,2026-03-11,2757.65,10136.16,2653.7000000000003,458.8415555061033,0.22654879173997813,False,Normal
ATH004,2026-03-12,2917.35,10543.550000000001,2615.511785714286,398.0502199290727,0.7582917912707035,False,Normal
ATH004,2026-03-13,3113.08,10749.050000000001,2610.907142857143,393.6034275751964,1.2758345633230517,False,Normal
ATH004,2026-03-14,3226.7400000000002,11212.250000000002,2643.1064285714283,396.58542828439175,1.4716465351572317,False,Normal
ATH004,2026-03-15,3217.02,11482.73,2669.6696428571427,410.1394342892772,1.3345470134842077,False,Normal
ATH004,2026-03-17,3656.0,11160.62,2725.9075000000003,370.05802383495376,2.513369363975261,True,⚠️ Anomaly
ATH004,2026-03-18,3521.6,11502.060000000001,2769.45,404.8716083914544,1.85774943071033,False,Normal
ATH004,2026-03-19,3395.8500000000004,11671.76,2807.2735714285714,424.14820800014866,1.3876668991401768,False,Normal
ATH004,2026-03-20,2901.64,11713.42,2822.3525,437.5742862953145,0.18119780454030054,False,Normal
ATH004,2026-03-21,2882.5099999999998,11850.599999999999,2828.735357142857,437.3735946108689,0.12294899262262496,False,Normal
ATH004,2026-03-22,2866.92,11812.44,2849.871071428571,424.5213062605716,0.04016036019865682,False,Normal
ATH004,2026-03-24,2748.87,11174.96,2850.0857142857144,424.52861368842235,-0.23841906298452845,False,Normal
ATH004,2026-03-25,2813.83,11402.48,2842.8971428571426,424.4756036077965,-0.06847777024189103,False,Normal
ATH004,2026-03-26,2547.4300000000003,11253.19,2862.4039285714284,409.34080859388206,-0.769466229505405,False,Normal
ATH004,2026-03-27,2684.3799999999997,11612.529999999999,2884.195357142857,372.8844904304464,-0.5358639532370916,False,Normal
ATH004,2026-03-28,2442.67,11988.289999999999,2899.9175,353.68517510084223,-1.2928093462487653,False,Normal
ATH004,2026-03-29,2461.56,11921.49,2896.5410714285713,357.7044000737832,-1.2160350035919278,False,Normal
ATH004,2026-03-30,2917.31,11554.11,2897.3296428571434,356.68235268188533,0.05601722931517283,False,Normal
ATH004,2026-03-31,3250.5599999999995,11937.24,2903.8575000000005,355.26226350584807,0.9759057902143097,False,Normal
ATH004,2026-04-01,3359.87,12452.949999999999,2915.8985714285714,361.2609693089389,1.2289493365992668,False,Normal
ATH004,2026-04-02,3541.77,12402.4,2929.965357142857,370.8257135744746,1.6498441733174778,False,Normal
ATH004,2026-04-03,3500.8900000000003,12199.99,2972.4389285714283,370.3428980596989,1.4269237352659758,False,Normal
ATH004,2026-04-06,3070.59,11930.82,3000.9289285714285,379.433398931536,0.18359235540343433,False,Normal
ATH004,2026-04-07,2882.73,12538.16,3021.725714285714,366.01535986216373,-0.3797537740985997,False,Normal
ATH004,2026-04-08,2793.9799999999996,12489.279999999999,3039.2317857142853,345.9824947515029,-0.7088560532244106,False,Normal
ATH004,2026-04-09,2623.31,12108.36,3034.9657142857145,348.3196545472537,-1.1818331492685508,False,Normal
ATH004,2026-04-10,2465.08,11551.99,3005.927857142857,347.5066326823184,-1.5563670050501925,False,Normal
ATH004,2026-04-11,2776.0099999999998,11226.32,2973.3953571428574,354.15415396963,-0.5573430522567981,False,Normal
ATH004,2026-04-12,3158.62,11186.38,2976.328571428571,352.08746221604946,0.5177447314484894,False,Normal
ATH004,2026-04-13,2662.71,11517.529999999999,2990.6489285714283,351.01643425006046,-0.9342551988258418,False,Normal
ATH004,2026-04-14,2468.87,11351.029999999999,2981.554642857143,356.2455427191725,-1.4391327929155062,False,Normal
ATH004,2026-04-15,2411.9300000000003,11379.609999999999,2958.5471428571427,368.0438230233065,-1.4851958073007183,False,Normal
ATH004,2026-04-16,2461.48,11173.99,2929.4467857142854,378.12747866151926,-1.2375899984068224,False,Normal
ATH004,2026-04-18,2760.38,11104.19,2902.4632142857145,383.7619789232197,-0.3702378611981812,False,Normal
ATH004,2026-04-19,2863.81,11183.27,2870.476785714286,354.8656601218724,-0.01878678740568055,False,Normal
ATH004,2026-04-21,2997.0499999999997,11599.21,2846.9842857142858,331.14448374431316,0.45317292496886136,False,Normal
ATH004,2026-04-22,3267.8799999999997,11833.66,2832.741428571429,314.8377689789827,1.382104100279083,False,Normal
ATH004,2026-04-23,3126.1499999999996,11752.71,2845.8214285714284,325.24203551286575,0.8619075667341963,False,Normal
ATH004,2026-04-24,3674.21,11941.43,2854.522857142857,329.4913220670042,2.4877351479698584,True,⚠️ Anomaly
ATH004,2026-04-25,3391.6500000000005,12053.17,2883.3546428571426,364.11740354799923,1.3959655654741387,False,Normal
ATH004,2026-04-27,3329.2599999999998,11595.22,2906.3110714285717,375.41197982364395,1.1266260836164987,False,Normal
ATH004,2026-04-28,3110.98,11459.63,2924.719285714286,383.26410368993726,0.4859852840181455,False,Normal
ATH004,2026-04-29,2763.5,11237.29,2944.846071428571,377.4706500372614,-0.48042429632785977,False,Normal
ATH004,2026-04-30,2814.7400000000002,11025.68,2947.6717857142858,375.7407856986466,-0.3537858831777184,False,Normal
ATH004,2026-05-01,2868.59,11309.13,2960.96,363.6028886533212,-0.2540408860394684,False,Normal
ATH004,2026-05-03,2741.0,11669.039999999999,2975.496785714285,350.8088846699329,-0.6684459714722366,False,Normal
ATH004,2026-05-05,2104.0,10680.9,2969.2,353.4642545917148,-2.4477722676636398,True,⚠️ Anomaly
ATH004,2026-05-06,2309.3,10752.61,2928.2514285714283,384.6959374932518,-1.6089367426249088,False,Normal
ATH004,2026-05-07,2412.85,10815.22,2890.7310714285713,392.1991441841909,-1.2184653600471427,False,Normal
ATH004,2026-05-08,2565.84,11409.89,2850.4125,380.6498704761643,-0.7475964713820105,False,Normal
ATH004,2026-05-09,3430.67,11963.789999999999,2817.0178571428573,362.0303657241354,1.6950294808274216,False,Normal
ATH004,2026-05-10,3474.79,11985.210000000001,2829.877857142857,377.4387910186373,1.7086535835827703,False,Normal
ATH004,2026-05-11,4286.25,12465.52,2851.022857142857,396.60691988749716,3.6187647539388985,True,⚠️ Anomaly
ATH004,2026-05-12,4181.61,12393.640000000001,2904.3182142857145,480.1277731870801,2.6603163929377462,True,⚠️ Anomaly
ATH004,2026-05-13,4143.38,12484.060000000001,2959.9717857142855,533.6768355895199,2.2174622081516366,True,⚠️ Anomaly
ATH004,2026-05-14,4063.57,12417.31,3019.911071428571,569.1070676350323,1.8338533958266114,False,Normal
ATH004,2026-05-15,4121.8099999999995,13230.449999999999,3065.8953571428574,599.856951135682,1.7602774142368887,False,Normal
ATH004,2026-05-16,3770.5,12973.91,3100.2950000000005,632.1213623189794,1.060247351143628,False,Normal
ATH004,2026-05-17,4056.42,13177.82,3139.858928571429,638.3559855646529,1.4358149561609173,False,Normal
ATH004,2026-05-18,3594.88,13527.74,3196.557142857143,646.9959826302518,0.6156496606416991,False,Normal
ATH004,2026-05-20,3559.79,12775.97,3238.8053571428572,632.3192601285366,0.5076306592209346,False,Normal
ATH004,2026-05-21,3840.96,13132.12,3278.030714285714,616.1728139562251,0.9135899425680897,False,Normal
ATH004,2026-05-22,3913.69,13469.93,3316.6228571428574,616.3899232109344,0.9686516933094326,False,Normal
ATH004,2026-05-23,3957.26,13539.52,3354.118571428571,619.7481627045491,0.973204060725813,False,Normal
ATH004,2026-05-24,3646.3800000000006,13918.59,3388.4117857142855,625.7949945531741,0.412224796508492,False,Normal
ATH004,2026-05-25,4100.66,14299.140000000001,3401.929642857143,627.1814171323693,1.1140801338432942,False,Normal
ATH004,2026-05-26,4744.06,14282.93,3436.7335714285714,638.2522209574723,2.04829123290828,True,⚠️ Anomaly
ATH004,2026-05-27,4534.22,14546.689999999999,3474.9425,683.4202857557059,1.5499649660365034,False,Normal
ATH004,2026-05-28,4271.69,14589.07,3515.7485714285713,711.7848233150175,1.0620364523238341,False,Normal
ATH004,2026-05-29,3504.3900000000003,14105.73,3549.406785714286,724.8030404801632,-0.062108991270874235,False,Normal
ATH004,2026-05-30,3464.8,14623.23,3563.457142857143,719.7851015657259,-0.13706471923708488,False,Normal
ATH004,2026-05-31,3776.4799999999996,14954.07,3588.503571428572,702.9220160329402,0.2674214554159288,False,Normal
ATH004,2026-06-01,3684.74,15666.53,3622.8514285714286,687.0299498011808,0.09008132970983439,False,Normal
ATH004,2026-06-03,3248.6600000000003,15486.050000000001,3651.999642857143,670.9695770410802,-0.6011295543917756,False,Normal
ATH004,2026-06-04,3525.49,15701.71,3670.1303571428575,652.0328030630374,-0.22182987798065454,False,Normal
ATH004,2026-06-05,4176.71,15716.6,3720.897857142857,576.5463587756531,0.7905906193304216,False,Normal
ATH004,2026-06-06,4154.16,15346.720000000001,3787.5910714285715,511.554154371137,0.7165789299904296,False,Normal
ATH004,2026-06-07,3654.6200000000003,15133.9,3849.780714285714,438.9269299682202,-0.44463144309656294,False,Normal
ATH004,2026-06-08,3381.62,14761.900000000001,3888.6657142857143,362.5517425286855,-1.3985471721890743,False,Normal
ATH004,2026-06-09,4030.7299999999996,15069.39,3886.9139285714286,364.9571785773094,0.3940628650988603,False,Normal
ATH004,2026-06-10,3907.05,15249.72,3906.768928571429,356.735703623221,0.0007878982275010266,False,Normal
ATH004,2026-06-12,3212.4799999999996,14807.27,3893.226071428571,348.90774141215655,-1.9510775790566992,False,Normal
ATH004,2026-06-13,3070.38,14646.6,3858.6142857142863,366.84819385750296,-2.1486661210616855,True,⚠️ Anomaly
ATH004,2026-06-14,3685.04,14762.52,3820.292857142857,391.23252593195,-0.34570964369762686,False,Normal
ATH004,2026-06-16,3016.9100000000003,14833.039999999999,3806.7739285714283,389.04870967375473,-2.030244308569448,True,⚠️ Anomaly
ATH004,2026-06-17,3249.07,14939.0,3767.313214285714,411.30899512053867,-1.2599851217302867,False,Normal
ATH004,2026-06-18,4020.75,15003.22,3748.690714285714,422.80294678997853,0.6434659166399511,False,Normal
ATH004,2026-06-19,3398.68,14292.26,3747.4167857142857,421.894161715103,-0.8265977995442872,False,Normal
ATH004,2026-06-20,3437.87,14127.210000000001,3740.409642857143,426.1295026987005,-0.7099711260101532,False,Normal
ATH004,2026-06-21,3153.52,14269.66,3736.0553571428572,428.6588662888236,-1.358971907396298,False,Normal
ATH004,2026-06-22,3520.63,13832.57,3711.503928571429,441.9096716259907,-0.4319297377428173,False,Normal
ATH004,2026-06-23,3682.95,13771.93,3697.4660714285715,441.49192315366787,-0.03287958548568761,False,Normal
ATH004,2026-06-28,1433.8899999999999,11927.07,3687.6692857142853,438.54720875931423,-5.1391942319970765,True,⚠️ Anomaly
ATH004,2026-06-29,1178.9499999999998,11326.78,3608.6517857142853,611.4866371881395,-3.9734339852249714,True,⚠️ Anomaly
ATH004,2026-06-30,1149.0,11879.59,3504.3050000000003,756.5084792724494,-3.1133887650078265,True,⚠️ Anomaly
ATH005,2026-01-01,128.61,128.61,,,,False,Normal
ATH005,2026-01-03,382.33000000000004,382.33000000000004,,,,False,Normal
ATH005,2026-01-04,850.0500000000001,850.0500000000001,,,,False,Normal
ATH005,2026-01-05,1215.18,1215.18,,,,False,Normal
ATH005,2026-01-07,1827.56,1827.56,,,,False,Normal
ATH005,2026-01-08,1823.84,1952.45,,,,False,Normal
ATH005,2026-01-09,1982.12,2110.73,,,,False,Normal
ATH005,2026-01-11,1768.9599999999998,2619.01,1172.8128571428572,744.8379918191222,0.8003715565060919,False,Normal
ATH005,2026-01-12,1836.09,3051.27,1247.33125,721.0774966561697,0.8164985771019517,False,Normal
ATH005,2026-01-13,2325.59,3540.77,1312.7488888888888,702.4769526191667,1.44181400875112,False,Normal
ATH005,2026-01-15,1947.2,3899.65,1414.033,735.6820989477875,0.7247247156925043,False,Normal
ATH005,2026-01-16,2439.86,4550.59,1462.5027272727273,716.2037382769083,1.3646358158904133,False,Normal
ATH005,2026-01-17,2942.77,5053.5,1543.9491666666665,738.862941890607,1.8932074597678727,False,Normal
ATH005,2026-01-19,2314.42,5365.6900000000005,1651.5507692307692,806.8089032464208,0.8215938471947837,False,Normal
ATH005,2026-01-20,2681.2200000000003,6221.99,1698.8985714285716,795.1437940674354,1.2354009877213719,False,Normal
ATH005,2026-01-21,3313.28,6854.05,1764.3866666666665,807.1078225868911,1.9190661891603509,False,Normal
ATH005,2026-01-22,3529.5699999999997,7429.22,1861.1925,870.5956263807747,1.916363291343135,False,Normal
ATH005,2026-01-23,3352.44,7903.03,1959.3323529411766,935.0401171241894,1.4898907774604015,False,Normal
ATH005,2026-01-24,3611.54,8665.04,2036.7272222222225,964.7227538997047,1.6323993307008693,False,Normal
ATH005,2026-01-25,4444.74,9498.24,2119.612105263158,1004.7453235719818,2.3141465207031295,True,⚠️ Anomaly
ATH005,2026-01-26,4629.379999999999,9995.07,2235.8685,1107.5612306907508,2.1610647192004384,True,⚠️ Anomaly
ATH005,2026-01-27,3962.1299999999997,10184.12,2349.845238095238,1199.233888408008,1.3444289537590384,False,Normal
ATH005,2026-01-29,3323.68,10624.289999999999,2423.130909090909,1219.7685800219062,0.7382950386317687,False,Normal
ATH005,2026-01-30,3347.0899999999997,11121.51,2462.2852173913043,1206.4273224045735,0.7334091048644019,False,Normal
ATH005,2026-01-31,3101.9700000000003,11384.68,2499.1520833333334,1193.6522503096887,0.5050197128269711,False,Normal
ATH005,2026-02-01,2947.26,11595.45,2523.2648,1174.7231028421122,0.36093203494014114,False,Normal
ATH005,2026-02-02,2840.04,11619.93,2539.5723076923077,1153.9886041908999,0.2603731884496036,False,Normal
ATH005,2026-02-03,3282.27,12251.21,2550.7007407407405,1133.055426110255,0.6456606114766289,False,Normal
ATH005,2026-02-04,3748.94,12105.5,2576.8282142857142,1120.4373995306757,1.0461198333840473,False,Normal
ATH005,2026-02-05,4021.0699999999997,12821.519999999999,2706.1257142857144,1032.9252435121605,1.2730294800843491,False,Normal
ATH005,2026-02-06,4046.6000000000004,13185.99,2836.0807142857143,955.7508698436419,1.2665636243808216,False,Normal
ATH005,2026-02-07,3888.35,13544.630000000001,2950.243214285714,898.9608277258704,1.0435457884048676,False,Normal
ATH005,2026-02-08,3791.6800000000003,13618.17,3045.7135714285714,848.3953671587334,0.8792674470508509,False,Normal
ATH005,2026-02-09,3939.38,13723.22,3115.8607142857145,824.8166408177282,0.9984270987765761,False,Normal
ATH005,2026-02-10,4051.46,13977.08,3191.4157142857143,798.557359411233,1.0769975075408311,False,Normal
ATH005,2026-02-11,4172.63,14564.92,3265.320714285714,777.9859942418681,1.1662283028609544,False,Normal
ATH005,2026-02-12,3737.05,14611.37,3351.1660714285717,738.3628145222237,0.5226210217819872,False,Normal
ATH005,2026-02-13,3650.34,14396.47,3419.0575,678.8945931527492,0.34067512443417325,False,Normal
ATH005,2026-02-14,3773.5699999999997,14375.43,3466.37,645.1926396046376,0.47613686384929377,False,Normal
ATH005,2026-02-15,3540.3300000000004,14724.01,3531.5975,574.3515003680236,0.015204104097238465,False,Normal
ATH005,2026-02-16,3462.17,14870.97,3570.9,533.0445296804218,-0.2039792061372196,False,Normal
ATH005,2026-02-17,3187.57,14483.43,3589.45,519.2346487611105,-0.773985328134172,False,Normal
ATH005,2026-02-20,2464.61,13508.64,3620.6339285714284,462.9975817498582,-2.496824981682061,True,⚠️ Anomaly
ATH005,2026-02-21,2309.35,13073.240000000002,3612.897857142857,480.74477801410427,-2.7115174553276438,True,⚠️ Anomaly
ATH005,2026-02-22,2661.61,12940.880000000001,3577.043214285714,537.9518850442099,-1.7017009136616033,False,Normal
ATH005,2026-02-23,2843.65,13085.24,3546.0446428571427,565.1105749056885,-1.2429331073380911,False,Normal
ATH005,2026-02-24,2951.4500000000003,13472.75,3527.8735714285717,579.561749742467,-0.9945852563332724,False,Normal
ATH005,2026-02-26,3378.0000000000005,13330.52,3504.2989285714284,589.3744915262046,-0.21429317078920862,False,Normal
ATH005,2026-02-27,3104.95,13266.5,3466.2010714285716,560.0814546073683,-0.644997381107393,False,Normal
ATH005,2026-02-28,3191.15,13162.42,3411.7571428571428,515.1118010674397,-0.4282704112000343,False,Normal
ATH005,2026-03-01,3011.84,13005.46,3384.222142857143,505.1113856064936,-0.7372277748402342,False,Normal
ATH005,2026-03-02,2885.3599999999997,13130.56,3373.085,509.9107737161979,-0.9564908708350894,False,Normal
ATH005,2026-03-03,3045.0699999999997,13235.550000000001,3356.5946428571433,518.1816057349872,-0.6011881537463646,False,Normal
ATH005,2026-03-04,3774.12,13497.93,3354.5625,519.3274508126759,0.8078862369848738,False,Normal
ATH005,2026-03-05,3785.29,13094.740000000002,3384.093214285714,518.8178312425388,0.77329027946754,False,Normal
ATH005,2026-03-06,3719.63,12939.53,3417.852142857143,512.8243063543599,0.5884624683416031,False,Normal
ATH005,2026-03-07,4052.54,13326.609999999999,3433.472142857143,515.1969261206115,1.2016140348592232,False,Normal
ATH005,2026-03-08,4262.41,13476.19,3444.3149999999996,525.1802411553577,1.5577413921747163,False,Normal
ATH005,2026-03-09,4182.56,13373.74,3452.934285714286,536.8474034682312,1.3590933095178714,False,Normal
ATH005,2026-03-10,3987.4399999999996,13171.529999999999,3457.79,542.9955717096559,0.9754223194350612,False,Normal
ATH005,2026-03-11,4044.55,13369.849999999999,3461.3289285714286,546.2189796486743,1.0677422300552368,False,Normal
ATH005,2026-03-12,4015.9599999999996,13373.65,3470.36,553.919401524432,0.9849808446832935,False,Normal
ATH005,2026-03-13,3962.1699999999996,13251.36,3473.095,556.5040063314573,0.8788346434809019,False,Normal
ATH005,2026-03-14,3880.69,13433.73,3469.906071428571,553.3137442204501,0.74240687650037,False,Normal
ATH005,2026-03-15,3617.5899999999997,13553.449999999999,3459.4796428571426,542.220855381807,0.29159770520357986,False,Normal
ATH005,2026-03-16,3392.1899999999996,13303.76,3455.2132142857145,540.4229217186435,-0.11661832197140999,False,Normal
ATH005,2026-03-17,3330.7200000000003,13314.68,3445.993571428571,539.1713339603191,-0.21379766350310936,False,Normal
ATH005,2026-03-18,3001.26,13771.38,3430.1775000000002,535.6903531831782,-0.8006817697038733,False,Normal
ATH005,2026-03-19,3414.12,14593.369999999999,3410.925,541.243095061592,0.005903077617343324,False,Normal
ATH005,2026-03-20,3489.75,14276.5,3409.2089285714287,541.1507654464268,0.14883296221918538,False,Normal
ATH005,2026-03-22,2512.73,13404.57,3420.0010714285713,539.5778169694116,-1.6814462027448471,False,Normal
ATH005,2026-03-24,2350.54,12713.769999999999,3421.719642857143,536.4899624650897,-1.996644332235473,False,Normal
ATH005,2026-03-25,2318.3,13138.23,3423.190714285714,533.3742681091319,-2.071511095206501,True,⚠️ Anomaly
ATH005,2026-03-26,1965.81,13181.18,3410.929642857143,555.0357987952776,-2.6036512347380474,True,⚠️ Anomaly
ATH005,2026-03-27,1686.7199999999998,12858.269999999999,3379.5782142857142,610.3062672380369,-2.7737847457257905,True,⚠️ Anomaly
ATH005,2026-03-28,1903.62,12662.36,3334.409285714286,685.3531028867584,-2.087667334820102,True,⚠️ Anomaly
ATH005,2026-03-29,2260.1499999999996,12652.880000000001,3281.752857142857,736.6028601520134,-1.3869113363638423,False,Normal
ATH005,2026-03-30,2648.8399999999997,12526.86,3251.5814285714287,761.0102012102277,-0.7920280537802182,False,Normal
ATH005,2026-03-31,2740.5,12409.199999999999,3232.213214285714,769.4593558252853,-0.639037280608962,False,Normal
ATH005,2026-04-02,2268.83,11664.720000000001,3222.5224999999996,774.0326330647008,-1.232108905052174,False,Normal
ATH005,2026-04-04,2542.18,11152.0,3200.503571428571,792.5274025743315,-0.8306634815277906,False,Normal
ATH005,2026-04-05,2679.58,11070.05,3182.5432142857144,801.8240711493205,-0.6272737778560026,False,Normal
ATH005,2026-04-06,2502.27,10846.57,3143.4525,798.5893178118198,-0.8028939101725984,False,Normal
ATH005,2026-04-07,2396.59,10818.35,3097.630357142857,797.2053305906136,-0.8793723903269534,False,Normal
ATH005,2026-04-08,2556.37,10191.97,3050.378928571429,798.181721926359,-0.6189178666972865,False,Normal
ATH005,2026-04-10,2504.97,9839.98,2996.944285714286,778.4436122609272,-0.6319973315541585,False,Normal
ATH005,2026-04-12,1941.1799999999998,9393.640000000001,2934.1785714285716,742.6588519073894,-1.3370857546210195,False,Normal
ATH005,2026-04-13,1846.8799999999999,9301.26,2854.1292857142857,723.6688341793042,-1.391864950017619,False,Normal
ATH005,2026-04-14,1605.22,9092.849999999999,2777.680714285714,712.4897113379486,-1.6455826598309877,False,Normal
ATH005,2026-04-15,2254.88,9445.59,2690.5617857142856,700.8861433402162,-0.6216156359404609,False,Normal
ATH005,2026-04-16,2686.28,9054.999999999998,2627.6660714285717,655.0626553993205,0.08947835460975548,False,Normal
ATH005,2026-04-17,2675.98,9026.21,2582.0985714285716,600.9340558861753,0.1562258415076591,False,Normal
ATH005,2026-04-18,3039.1800000000003,9389.41,2539.0732142857146,545.0425709982626,0.9175554577293374,False,Normal
ATH005,2026-04-19,2671.64,9552.55,2518.415714285714,512.6506191999936,0.2988863759755075,False,Normal
ATH005,2026-04-21,2783.95,9526.26,2492.6817857142855,484.4753307946074,0.6012033962761193,False,Normal
ATH005,2026-04-22,2745.56,9872.849999999999,2473.154285714286,459.8386761755448,0.5923940903607734,False,Normal
ATH005,2026-04-23,3044.67,10133.859999999999,2464.0221428571426,451.42439413201805,1.2862571555516078,False,Normal
ATH005,2026-04-25,2816.27,10302.06,2450.8275,427.38475998084925,0.8550667553433007,False,Normal
ATH005,2026-04-26,2887.29,10179.69,2426.774642857143,383.4419138151662,1.2010042213716965,False,Normal
ATH005,2026-04-27,3319.02,10222.73,2440.151785714286,392.9670357681367,2.236493482380224,True,⚠️ Anomaly
ATH005,2026-04-28,3322.33,10108.09,2474.740357142857,426.0196565060075,1.98955524683681,False,Normal
ATH005,2026-04-29,3252.69,10809.5,2510.5985714285716,453.718630510096,1.635576277167917,False,Normal
ATH005,2026-04-30,2881.4900000000002,10746.52,2556.558571428571,461.5993203643675,0.7039252750955992,False,Normal
ATH005,2026-05-01,3347.6000000000004,11212.63,2599.2289285714282,432.51958677411756,1.730259378564068,False,Normal
ATH005,2026-05-02,3403.08,11162.960000000001,2650.7996428571428,432.59324015267873,1.7390016470838716,False,Normal
ATH005,2026-05-03,3455.4900000000002,10955.6,2691.6185714285716,448.0146336376065,1.7050144598386372,False,Normal
ATH005,2026-05-04,3609.66,11330.12,2720.4275000000002,470.53133298766386,1.889847577957817,False,Normal
ATH005,2026-05-05,3544.1499999999996,11255.65,2751.468928571429,499.67190789141455,1.5864031155436318,False,Normal
ATH005,2026-05-06,3038.88,11292.01,2797.0160714285716,512.020694853312,0.4723713924116284,False,Normal
ATH005,2026-05-07,3227.49,11839.93,2814.755357142857,511.4686846898703,0.806959751812381,False,Normal
ATH005,2026-05-08,3188.3199999999997,11895.98,2834.3235714285715,516.5613406708453,0.6852940797151058,False,Normal
ATH005,2026-05-09,2944.81,12203.34,2858.8253571428572,516.4984009618654,0.16647610659977866,False,Normal
ATH005,2026-05-10,3375.1,12389.52,2878.4046428571423,508.65851998341617,0.9764809545686001,False,Normal
ATH005,2026-05-11,3323.14,12806.38,2907.645,512.9747751252636,0.8099716012323217,False,Normal
ATH005,2026-05-13,3327.64,12364.77,2936.865357142857,512.490142904175,0.7625017734832988,False,Normal
ATH005,2026-05-14,3488.2100000000005,12641.86,2986.381785714286,478.5823548855559,1.0485723285926778,False,Normal
ATH005,2026-05-16,3353.07,12517.23,3045.0007142857144,432.1035169178841,0.7129525071022056,False,Normal
ATH005,2026-05-17,2956.0,12673.880000000001,3107.4239285714284,330.7732185219989,-0.4577877533375864,False,Normal
ATH005,2026-05-19,3016.9700000000003,12768.130000000001,3132.4639285714284,287.559134508974,-0.40163540194486097,False,Normal
ATH005,2026-05-22,2216.66,11813.85,3144.2742857142853,275.0750799923617,-3.372222179268451,True,⚠️ Anomaly
ATH005,2026-05-23,2086.5299999999997,11787.49,3127.87,314.85587523559144,-3.307354513301731,True,⚠️ Anomaly
ATH005,2026-05-24,2502.2799999999997,12288.869999999999,3093.846785714286,371.2209516262825,-1.5935705760213432,False,Normal
ATH005,2026-05-25,3337.24,12692.1,3087.7982142857145,379.6393595199175,0.6570493271027619,False,Normal
ATH005,2026-05-26,3225.33,12671.130000000001,3107.558571428571,377.63236228152914,0.3118679444205812,False,Normal
ATH005,2026-05-27,3673.75,12418.140000000001,3124.6932142857145,371.43235684510296,1.4782147424578216,False,Normal
ATH005,2026-05-28,4467.12,12852.199999999999,3147.1603571428573,385.18393360481053,3.426829438351885,True,⚠️ Anomaly
ATH005,2026-05-29,4760.8,13227.050000000001,3206.1192857142855,453.02982389707137,3.4317403232131114,True,⚠️ Anomaly
ATH005,2026-05-30,4879.7,13264.109999999999,3273.030357142857,535.1148725653289,3.0024761508772944,True,⚠️ Anomaly
ATH005,2026-05-31,4387.74,13221.119999999999,3328.7689285714287,615.3492307163906,1.7209269445185058,False,Normal
ATH005,2026-06-03,3040.23,12419.49,3366.819285714286,647.0593104758981,-0.5047285162686036,False,Normal
ATH005,2026-06-04,3070.31,12695.019999999999,3359.2314285714283,649.6876239691072,-0.444708222709144,False,Normal
ATH005,2026-06-05,2582.01,12620.740000000002,3365.975,645.5116728468055,-1.21448617116805,False,Normal
ATH005,2026-06-06,2165.55,12484.85,3338.6324999999997,662.3145154773802,-1.7711864568670523,False,Normal
ATH005,2026-06-08,2239.08,11551.16,3294.435,698.1750631971684,-1.5115907966795459,False,Normal
ATH005,2026-06-09,2592.4900000000002,11904.57,3250.991785714286,725.1078594662009,-0.9081432191330152,False,Normal
ATH005,2026-06-10,2817.29,11909.14,3214.664285714286,731.9210765711698,-0.5429195830455725,False,Normal
ATH005,2026-06-11,2479.62,11686.43,3188.7050000000004,732.6917699546372,-0.9677807627672709,False,Normal
ATH005,2026-06-12,2872.1,12431.57,3168.7314285714283,744.4557741395623,-0.3984540638619847,False,Normal
ATH005,2026-06-13,2865.62,11997.4,3156.0389285714286,746.4438069611543,-0.3890700490285432,False,Normal
ATH005,2026-06-15,2858.3,11987.4,3144.5139285714286,748.4155512040048,-0.3824264850068722,False,Normal
ATH005,2026-06-16,3069.0,11956.599999999999,3141.424285714286,749.4483668990271,-0.09663679168980499,False,Normal
ATH005,2026-06-17,2986.22,12517.49,3130.492142857143,748.1449078361516,-0.19283983803942376,False,Normal
ATH005,2026-06-18,2879.55,12896.599999999999,3118.4592857142857,747.640952358761,-0.3195508284565492,False,Normal
ATH005,2026-06-19,3078.6400000000003,13293.550000000001,3102.4560714285717,747.7932726725782,-0.03184846975615848,False,Normal
ATH005,2026-06-20,3436.34,13347.21,3087.828571428571,743.9640859099377,0.46845195241537346,False,Normal
ATH005,2026-06-21,4100.83,13120.64,3090.8025000000002,745.2289907017889,1.3553250243912915,False,Normal
ATH005,2026-06-22,4047.81,12697.97,3131.6892857142857,768.5981498225075,1.1919371839462198,False,Normal
ATH005,2026-06-23,4306.2,13037.47,3168.505,787.3591506563074,1.4449505020061912,False,Normal
ATH005,2026-06-24,4236.97,13080.71,3243.1314285714284,792.806448957748,1.2535702411794303,False,Normal
ATH005,2026-06-26,3428.87,11961.619999999999,3319.932857142857,780.6803098288677,0.13954129684790317,False,Normal
ATH005,2026-06-27,3256.5800000000004,11724.09,3353.0253571428575,764.2017154908293,-0.12620405736842985,False,Normal
ATH005,2026-06-28,2761.92,11494.82,3350.144642857143,764.415420409038,-0.7695091270429689,False,Normal
ATH005,2026-06-29,3192.76,12337.95,3333.594285714286,772.1949278538251,-0.18238178034360944,False,Normal
ATH005,2026-06-30,3122.66,13090.35,3316.4160714285713,769.6935661308684,-0.25173144216672294,False,Normal
ATH006,2026-01-01,788.35,788.35,,,,False,Normal
ATH006,2026-01-02,1307.4099999999999,1307.4099999999999,,,,False,Normal
ATH006,2026-01-04,2069.58,2069.58,,,,False,Normal
ATH006,2026-01-05,2962.44,2962.44,,,,False,Normal
ATH006,2026-01-08,2796.75,3585.1,,,,False,Normal
ATH006,2026-01-09,2601.1,3908.5099999999998,,,,False,Normal
ATH006,2026-01-10,3049.7200000000003,4357.13,,,,False,Normal
ATH006,2026-01-12,1473.31,4435.75,2225.05,877.7262380719857,-0.8564629464094329,False,Normal
ATH006,2026-01-13,1612.7399999999998,4575.18,2131.0825,854.976523750381,-0.6062651845997767,False,Normal
ATH006,2026-01-14,1776.6999999999998,4739.14,2073.488888888889,818.2083875829624,-0.3627301961125353,False,Normal
ATH006,2026-01-16,1306.54,5215.05,2043.81,777.1025246388022,-0.9487422529513511,False,Normal
ATH006,2026-01-17,1464.9,5822.03,1976.7854545454545,770.0095369846226,-0.6647780708665131,False,Normal
ATH006,2026-01-18,2132.9900000000002,6490.12,1934.1283333333333,748.8984655762251,0.26553888919195034,False,Normal
ATH006,2026-01-19,2855.4300000000003,7291.18,1949.4253846153845,719.1338537042947,1.259855325566639,False,Normal
ATH006,2026-01-20,3092.98,7668.16,2014.1399999999999,732.1230779988169,1.4735773702816448,False,Normal
ATH006,2026-01-21,3261.5699999999997,8000.71,2086.0626666666667,758.4927400205025,1.5497937835259417,False,Normal
ATH006,2026-01-22,3843.68,8582.82,2159.531875,789.5066480971412,2.133165222939049,True,⚠️ Anomaly
ATH006,2026-01-23,3749.93,8964.98,2258.599411764706,866.722335565654,1.7206555398875214,False,Normal
ATH006,2026-01-24,3986.29,9808.32,2341.4511111111115,911.3606298980136,1.8048167047472252,False,Normal
ATH006,2026-01-25,3815.7,10305.82,2428.021578947368,962.7198121194807,1.4414146292445993,False,Normal
ATH006,2026-01-27,3289.0099999999998,10957.17,2497.4055,987.0823217920952,0.8019640130549639,False,Normal
ATH006,2026-01-28,3074.9900000000002,11075.7,2535.100952380952,977.4736949038819,0.5523310247976926,False,Normal
ATH006,2026-01-29,2994.26,10788.73,2559.6413636363636,960.8361331242177,0.45233377615644765,False,Normal
ATH006,2026-01-30,3099.8900000000003,10757.460000000001,2578.5378260869566,943.1091755318319,0.5528015074384642,False,Normal
ATH006,2026-02-01,2368.48,10604.72,2600.2608333333333,928.4978735098528,-0.2496299021743249,False,Normal
ATH006,2026-02-02,2791.35,10134.73,2590.9896,910.129669930243,0.22014489431528658,False,Normal
ATH006,2026-02-03,2587.2000000000003,10581.93,2598.695769230769,892.6066247756535,-0.012878875096471818,False,Normal
ATH006,2026-02-04,2863.06,10976.32,2598.27,875.2756032552523,0.30252185599051884,False,Normal
ATH006,2026-02-05,2913.9900000000002,10905.97,2607.726785714286,860.3703251940241,0.35596673353029473,False,Normal
ATH006,2026-02-06,2915.46,11071.82,2683.6424999999995,784.3066622920785,0.2955699742783403,False,Normal
ATH006,2026-02-07,3463.83,11171.570000000002,2741.0728571428576,737.2639601524561,0.9803234416987995,False,Normal
ATH006,2026-02-08,3569.23,11886.400000000001,2790.8675000000003,737.3154261670434,1.0556709820196504,False,Normal
ATH006,2026-02-09,3377.51,12038.93,2812.5385714285717,751.3291995879297,0.7519625603281358,False,Normal
ATH006,2026-02-10,3379.27,12348.46,2833.2799999999997,758.8558134210759,0.719491094808336,False,Normal
ATH006,2026-02-12,3060.99,12812.92,2861.0717857142854,764.2679558222319,0.26158131158414705,False,Normal
ATH006,2026-02-13,3015.29,12780.570000000002,2861.4742857142855,764.3739469629817,0.2012309745731871,False,Normal
ATH006,2026-02-14,2949.88,12656.55,2916.5449999999996,714.5826179147698,0.04664960938635153,False,Normal
ATH006,2026-02-15,2649.2,12402.609999999999,2964.3,667.3416917225471,-0.47217190819692684,False,Normal
ATH006,2026-02-16,2793.8199999999997,11977.32,2995.460714285714,629.1092977990778,-0.32051777805724524,False,Normal
ATH006,2026-02-18,2782.56,11705.490000000002,3048.577857142857,537.3193224624762,-0.49508336295022093,False,Normal
ATH006,2026-02-19,2898.41,11867.65,3095.6371428571433,442.8839523852984,-0.44532465399776006,False,Normal
ATH006,2026-02-20,3004.1299999999997,12034.77,3122.973571428571,403.1005961958369,-0.2948236061919248,False,Normal
ATH006,2026-02-21,2934.09,11604.35,3128.2842857142855,400.4158475554445,-0.4849815183386212,False,Normal
ATH006,2026-02-23,2666.76,11629.44,3122.6096428571427,402.05722645453363,-1.1337929350927658,False,Normal
ATH006,2026-02-24,3067.42,11378.75,3101.366428571429,410.0769394856087,-0.08278063285882531,False,Normal
ATH006,2026-02-27,1924.73,10859.609999999999,3073.6428571428573,383.40607146467937,-2.9965953662491724,True,⚠️ Anomaly
ATH006,2026-02-28,2006.32,11354.119999999999,3008.457142857143,417.7836277739697,-2.3986989346536136,True,⚠️ Anomaly
ATH006,2026-03-01,2467.1,11205.470000000001,2937.7439285714286,413.6905724969855,-1.137671389828102,False,Normal
ATH006,2026-03-02,2353.08,11191.17,2889.5796428571425,385.21381808108674,-1.3927320819634006,False,Normal
ATH006,2026-03-03,2579.7,11371.249999999998,2856.1535714285715,389.8491781418601,-0.7091295478580552,False,Normal
ATH006,2026-03-04,3086.45,11483.609999999999,2838.4646428571427,390.7874458300655,0.6345786175810108,False,Normal
ATH006,2026-03-06,2620.91,10565.06,2841.7571428571428,392.5331483794964,-0.5626203640861192,False,Normal
ATH006,2026-03-07,2550.8599999999997,10441.15,2824.6507142857145,391.30212874763924,-0.6996913488868072,False,Normal
ATH006,2026-03-08,2921.06,10557.3,2831.1642857142856,384.89297697112283,0.2335602873119166,False,Normal
ATH006,2026-03-09,3031.85,10845.51,2835.7967857142858,385.17650985118206,0.5089957701767999,False,Normal
ATH006,2026-03-10,3211.96,11203.94,2851.6771428571433,383.7109628435828,0.9389433506744076,False,Normal
ATH006,2026-03-11,3187.65,11686.380000000001,2864.137857142857,389.71249638635237,0.8301302777225305,False,Normal
ATH006,2026-03-12,3944.48,11814.79,2873.9114285714286,394.41225098088637,2.714339041868282,True,⚠️ Anomaly
ATH006,2026-03-13,4310.52,11860.289999999999,2910.6621428571425,443.3342189995929,3.1575678058456917,True,⚠️ Anomaly
ATH006,2026-03-14,3980.01,11471.28,2940.9010714285714,506.79550797754433,2.0503514972304586,True,⚠️ Anomaly
ATH006,2026-03-15,3515.1,11423.2,2955.5717857142854,531.0244896846486,1.0536768551258209,False,Normal
ATH006,2026-03-16,3887.0,11938.689999999999,2960.4857142857145,535.6896936171344,1.7295727297984558,False,Normal
ATH006,2026-03-18,2867.2999999999997,11771.119999999999,2978.6189285714286,558.4984750358127,-0.19931823191511977,False,Normal
ATH006,2026-03-19,2449.15,11365.53,2971.7014285714286,558.6399429614373,-0.9353993303831838,False,Normal
ATH006,2026-03-20,2288.36,11144.52,2951.4821428571427,567.1839111255562,-1.1691483658998725,False,Normal
ATH006,2026-03-21,2986.2799999999997,11523.47,2927.8564285714283,580.865715055996,0.10058016838356411,False,Normal
ATH006,2026-03-22,2799.82,11703.08,2939.895,578.3642443836598,-0.24219166616925342,False,Normal
ATH006,2026-03-23,2322.4,11594.33,2940.1092857142858,578.3092275535167,-1.0681297414662518,False,Normal
ATH006,2026-03-24,2778.36,11649.63,2923.6749999999997,589.3845746796998,-0.24655378888897939,False,Normal
ATH006,2026-03-25,2985.99,12127.39,2919.3875000000003,590.0114936145078,0.11288339417251281,False,Normal
ATH006,2026-03-26,2739.51,12219.59,2918.7396428571433,589.9249493916008,-0.3038177026450323,False,Normal
ATH006,2026-03-27,2848.96,12068.75,2911.7903571428574,590.8827194246611,-0.10633304220511791,False,Normal
ATH006,2026-03-28,2777.7400000000002,12294.89,2918.2975,589.0848726980407,-0.2386031394020337,False,Normal
ATH006,2026-03-30,2951.0,12192.25,2907.9517857142855,588.9126389281231,0.07309779318723118,False,Normal
ATH006,2026-03-31,3044.43,12114.36,2944.6042857142857,556.4970236347053,0.17938229684269,False,Normal
ATH006,2026-04-01,3247.38,12288.320000000002,2981.679642857143,525.3817229862645,0.505728207735547,False,Normal
ATH006,2026-04-02,3639.64,12772.78,3009.5467857142858,517.7143884997366,1.2170672252545183,False,Normal
ATH006,2026-04-03,3713.57,13161.41,3055.495357142857,514.3753601860556,1.2793665750612744,False,Normal
ATH006,2026-04-05,3652.9700000000003,12566.02,3095.9907142857146,520.130996483746,1.0708442478522642,False,Normal
ATH006,2026-04-06,3407.69,12568.089999999998,3116.2235714285716,530.6582713546854,0.5492544718606974,False,Normal
ATH006,2026-04-07,3056.8,11959.199999999999,3144.3228571428576,524.2511631160884,-0.16694833183131477,False,Normal
ATH006,2026-04-10,1796.07,10646.96,3162.3921428571434,511.6053429799268,-2.6706565160144393,True,⚠️ Anomaly
ATH006,2026-04-11,2201.8399999999997,10958.779999999999,3122.213928571429,571.8836851975285,-1.6093725916547736,False,Normal
ATH006,2026-04-12,2174.66,11225.58,3092.570714285714,597.6712213430501,-1.5358121346767235,False,Normal
ATH006,2026-04-13,2089.45,10770.539999999999,3055.524285714286,621.6635989106826,-1.554014562549748,False,Normal
ATH006,2026-04-14,2377.02,11256.609999999999,3016.302857142857,647.1401864262726,-0.9878583814632093,False,Normal
ATH006,2026-04-15,2837.26,11446.72,2960.322142857143,631.4816086724416,-0.19487842744281197,False,Normal
ATH006,2026-04-16,2965.04,11235.82,2907.7057142857143,573.532134605723,0.09996699793238327,False,Normal
ATH006,2026-04-17,3347.3,11705.9,2871.456785714286,533.9584918883268,0.8911614320486039,False,Normal
ATH006,2026-04-18,3311.04,11283.54,2865.463928571429,527.3680173474991,0.8449053730442043,False,Normal
ATH006,2026-04-19,3158.9900000000002,11584.75,2844.8939285714287,496.36882521665075,0.6327876681044134,False,Normal
ATH006,2026-04-20,3324.58,11772.72,2855.3114285714287,499.90480267609416,0.9387158693344797,False,Normal
ATH006,2026-04-22,2860.7799999999997,11321.51,2886.5767857142855,500.93635181604407,-0.0514971325613817,False,Normal
ATH006,2026-04-23,3178.31,11674.619999999999,2907.0203571428574,487.108057587364,0.5569393456573772,False,Normal
ATH006,2026-04-24,2825.2000000000003,11682.14,2913.878571428572,489.6107301135549,-0.18112056369353757,False,Normal
ATH006,2026-04-25,3117.37,11623.17,2914.785,489.41520418269135,0.41393278808800166,False,Normal
ATH006,2026-04-27,2376.74,11198.46,2943.1767857142854,476.66999270054527,-1.1883206293418471,False,Normal
ATH006,2026-04-28,3153.96,11426.29,2928.8332142857143,487.7275729646897,0.4615830602847305,False,Normal
ATH006,2026-04-29,3182.2999999999997,11256.429999999998,2934.8321428571426,489.4864481183669,0.5055663095355294,False,Normal
ATH006,2026-04-30,3240.29,11275.27,2950.6460714285713,490.0946956671047,0.5909958445421911,False,Normal
ATH006,2026-05-03,2553.66,10523.859999999999,2964.622142857143,492.66058414796703,-0.834168910768217,False,Normal
ATH006,2026-05-04,2308.64,10099.41,2956.6192857142855,497.60395708895066,-1.3021988199311167,False,Normal
ATH006,2026-05-05,2162.87,10532.36,2933.677857142857,512.4585176083158,-1.5041370777488063,False,Normal
ATH006,2026-05-06,2080.73,10961.070000000002,2902.1935714285714,532.1060253524691,-1.543796785395224,False,Normal
ATH006,2026-05-07,1995.28,11378.92,2860.5275,549.4688750772916,-1.5746979296657873,False,Normal
ATH006,2026-05-08,2532.17,11499.720000000001,2801.800357142857,550.9857022510237,-0.48935998890950555,False,Normal
ATH006,2026-05-09,3279.01,11840.79,2759.6074999999996,523.1079343594548,0.992916501325885,False,Normal
ATH006,2026-05-10,3627.12,11976.32,2746.2517857142857,503.8745983914068,1.7481893651671265,False,Normal
ATH006,2026-05-11,3935.6800000000003,11945.64,2754.0885714285714,516.1010584408933,2.289457479783005,True,⚠️ Anomaly
ATH006,2026-05-12,3729.9800000000005,11885.32,2785.4771428571426,560.0484593970567,1.6864663071472448,False,Normal
ATH006,2026-05-13,3731.61,11855.42,2854.5453571428575,552.7122658475988,1.5868376677187377,False,Normal
ATH006,2026-05-14,3599.02,12012.9,2909.1800000000003,561.3440413665919,1.2289076736622775,False,Normal
ATH006,2026-05-15,3941.89,12094.31,2960.0499999999997,556.8361347829359,1.7632476390612435,False,Normal
ATH006,2026-05-16,4048.7,12578.449999999999,3026.2085714285713,559.6065293791784,1.8271613622982024,False,Normal
ATH006,2026-05-17,3925.29,12742.619999999999,3085.9114285714286,576.6937847362659,1.455501331286996,False,Normal
ATH006,2026-05-18,4371.139999999999,12992.2,3124.769642857143,595.6631669018748,2.092407968794509,True,⚠️ Anomaly
ATH006,2026-05-19,4376.96,13423.77,3174.9874999999997,639.3662546941821,1.8799436022392528,False,Normal
ATH006,2026-05-21,4150.09,12984.68,3211.7610714285715,678.0825532574495,1.3837974802091253,False,Normal
ATH006,2026-05-22,4136.3,13405.41,3241.727142857143,700.7919452482788,1.2765170364878053,False,Normal
ATH006,2026-05-23,4049.55,13510.630000000001,3276.6310714285714,720.5773320019889,1.0726384167872982,False,Normal
ATH006,2026-05-24,4098.21,14204.28,3302.522857142857,735.2396805016209,1.0822146355244069,False,Normal
ATH006,2026-05-25,3579.58,14195.04,3346.7167857142854,744.8311728819435,0.31263892109228836,False,Normal
ATH006,2026-05-26,3338.03,13607.84,3361.047857142857,745.3310886636689,-0.030882727814462205,False,Normal
ATH006,2026-05-27,4077.63,13836.59,3379.363214285714,737.9401232311936,0.9462377281463009,False,Normal
ATH006,2026-05-28,4034.3,13778.689999999999,3413.6582142857146,747.5640894316704,0.8302188327239254,False,Normal
ATH006,2026-05-29,3646.9,14257.26,3472.8567857142857,727.778901351397,0.23914297867461845,False,Normal
ATH006,2026-05-30,3537.5299999999997,14914.789999999999,3490.461785714286,725.7383254980344,0.06485562720339073,False,Normal
ATH006,2026-05-31,3277.3500000000004,14927.970000000001,3503.1485714285714,723.252431864478,-0.3121988416222578,False,Normal
ATH006,2026-06-01,3723.2799999999997,15609.68,3504.472142857143,722.7873382253867,0.30272785032466354,False,Normal
ATH006,2026-06-02,4443.75,15888.720000000001,3546.244285714286,699.2153563680864,1.2835898212356223,False,Normal
ATH006,2026-06-03,4295.9400000000005,16051.8,3622.4982142857148,675.2612308611372,0.997305568476764,False,Normal
ATH006,2026-06-04,4399.69,16183.1,3698.679285714286,622.7748081261036,1.125624712398078,False,Normal
ATH006,2026-06-05,4340.7,16065.789999999999,3781.4992857142856,549.5286979796156,1.0176005663428653,False,Normal
ATH006,2026-06-06,4114.32,15750.099999999999,3865.264285714286,433.7250504420388,0.5742248782538247,False,Normal
ATH006,2026-06-07,4290.469999999999,15591.32,3921.769642857143,348.25803262100004,1.0586987882749086,False,Normal
ATH006,2026-06-08,3743.5200000000004,15417.52,3957.8932142857143,331.1551719757964,-0.6473497394187824,False,Normal
ATH006,2026-06-09,3414.71,15573.45,3962.050357142857,327.5601306571979,-1.670961469104023,False,Normal
ATH006,2026-06-10,3572.1,15892.29,3943.444285714286,343.5207214670539,-1.0809953010357207,False,Normal
ATH006,2026-06-13,2566.85,14268.25,3937.805714285714,348.41516761672904,-3.9348336172144545,True,⚠️ Anomaly
ATH006,2026-06-14,2622.8599999999997,14288.890000000001,3896.2071428571426,433.1694147051191,-2.9396053821666435,True,⚠️ Anomaly
ATH006,2026-06-15,3134.78,14181.16,3861.344285714286,493.10903501962537,-1.4734353542829914,False,Normal
ATH006,2026-06-16,2644.3799999999997,13840.869999999999,3832.518928571429,511.47458814062406,-2.3229676627546634,True,⚠️ Anomaly
ATH006,2026-06-18,2051.83,13508.77,3782.3646428571424,556.3730449143559,-3.1103854844792647,True,⚠️ Anomaly
ATH006,2026-06-19,2535.8,13126.769999999999,3715.4553571428573,644.2580193926316,-1.8310293727580862,False,Normal
ATH006,2026-06-20,2692.87,12911.57,3649.9075000000003,668.0044490460878,-1.432681326249627,False,Normal
ATH006,2026-06-22,1748.46,12350.039999999999,3589.7614285714285,675.8871406924651,-2.7242735032434027,True,⚠️ Anomaly
ATH006,2026-06-23,2049.73,12552.57,3503.9889285714285,750.4236226210469,-1.9379173106145784,False,Normal
ATH006,2026-06-24,2668.6800000000003,12431.92,3429.468571428571,787.9702325676367,-0.9655042030579084,False,Normal
ATH006,2026-06-26,2579.32,12059.189999999999,3380.151785714286,790.9305247058713,-1.0125184965039709,False,Normal
ATH006,2026-06-27,2659.66,12033.7,3325.905714285714,791.9443886453615,-0.8412784077242372,False,Normal
ATH006,2026-06-30,2353.08,10461.9,3293.0514285714285,800.0708091612607,-1.1748602971239883,False,Normal
ATH007,2026-01-02,847.46,847.46,,,,False,Normal
ATH007,2026-01-03,1267.6,1267.6,,,,False,Normal
ATH007,2026-01-04,1676.88,1676.88,,,,False,Normal
ATH007,2026-01-05,2135.64,2135.64,,,,False,Normal
ATH007,2026-01-06,2721.79,2721.79,,,,False,Normal
ATH007,2026-01-07,3119.0,3119.0,,,,False,Normal
ATH007,2026-01-08,3693.34,3693.34,,,,False,Normal
ATH007,2026-01-09,3352.69,4200.15,2208.815714285714,1026.5538707711535,1.114285687564551,False,Normal
ATH007,2026-01-10,3615.2,4882.8,2351.8,1032.871823841523,1.2231914656177583,False,Normal
ATH007,2026-01-11,3567.0099999999998,5243.89,2492.1777777777775,1053.9565756564377,1.0198069323233574,False,Normal
ATH007,2026-01-12,3898.77,6034.41,2599.661,1050.2028154541283,1.2370077292529822,False,Normal
ATH007,2026-01-13,3748.21,6470.0,2717.7618181818184,1070.5415424150356,0.9625485242670665,False,Normal
ATH007,2026-01-14,3823.56,6942.5599999999995,2803.6324999999997,1063.1826195576868,0.9593154376661256,False,Normal
ATH007,2026-01-15,3953.4100000000003,7646.75,2882.0884615384616,1056.4943137711482,1.014034362984373,False,Normal
ATH007,2026-01-16,3630.6,7830.75,2958.6114285714284,1054.6567781609708,0.6371632794133589,False,Normal
ATH007,2026-01-17,3390.8399999999997,8273.64,3003.410666666667,1030.9972987526387,0.3757811332794639,False,Normal
ATH007,2026-01-18,3589.27,8833.16,3027.625,1000.7362678148522,0.5612317831014303,False,Normal
ATH007,2026-01-20,2672.85,9142.85,3060.66294117647,978.4868955865268,-0.3963394327769782,False,Normal
ATH007,2026-01-21,2526.66,9469.22,3039.117777777778,953.6625701661712,-0.5373575453301944,False,Normal
ATH007,2026-01-22,2430.6,10077.35,3012.1463157894736,934.2204206967344,-0.6224936887546956,False,Normal
ATH007,2026-01-23,3069.29,10900.04,2983.069,918.5545455992542,0.09386595538945423,False,Normal
ATH007,2026-01-24,3186.31,11459.95,2987.174761904762,895.493904767749,0.22237475546735833,False,Normal
ATH007,2026-01-25,2874.06,11707.22,2996.2263636363637,874.9432367903615,-0.13962775926415333,False,Normal
ATH007,2026-01-26,3296.62,12129.78,2990.9147826086955,855.2063744440421,0.3574636795592632,False,Normal
ATH007,2026-01-27,3423.63,12566.48,3003.6525,838.7329065672191,0.5007285355225793,False,Normal
ATH007,2026-01-28,3451.65,12920.87,3020.4516,825.3585658502208,0.5224376626609707,False,Normal
ATH007,2026-01-29,3036.15,13113.5,3037.036153846154,813.0924454307857,-0.0010898562040928574,False,Normal
ATH007,2026-01-30,2476.43,12529.01,3037.003333333333,797.3027577787112,-0.7030871621403805,False,Normal
ATH007,2026-02-03,1332.75,11177.44,3016.9828571428575,789.5381536431289,-2.1331874202296377,True,⚠️ Anomaly
ATH007,2026-02-04,1379.1200000000001,11180.99,3034.3146428571426,744.1725044115038,-2.22420827569554,True,⚠️ Anomaly
ATH007,2026-02-05,1667.58,11087.74,3038.2975,734.6036434181007,-1.8659279902588972,False,Normal
ATH007,2026-02-06,2200.41,11376.73,3037.965357142857,735.2438148264889,-1.1391532172773366,False,Normal
ATH007,2026-02-09,2747.71,10089.77,3040.2785714285715,732.396161638678,-0.3994676470913946,False,Normal
ATH007,2026-02-10,2829.0399999999995,10258.27,3041.2042857142856,731.9949685894101,-0.2898439126202424,False,Normal
ATH007,2026-02-11,2965.54,10322.970000000001,3030.8485714285716,732.9041139634503,-0.0891092984529605,False,Normal
ATH007,2026-02-12,3019.37,10153.7,3004.855714285714,721.3531677876299,0.020120914917170007,False,Normal
ATH007,2026-02-13,2489.65,10235.78,2992.9514285714286,718.1435593596418,-0.7008367923263352,False,Normal
ATH007,2026-02-16,2277.26,9568.28,2952.753214285714,713.5095468543142,-0.9467192376945691,False,Normal
ATH007,2026-02-17,2062.3599999999997,9647.779999999999,2906.690714285714,714.0173033899191,-1.1825073570025684,False,Normal
ATH007,2026-02-18,2019.02,9815.33,2841.1046428571426,703.7831443703863,-1.168093679754991,False,Normal
ATH007,2026-02-19,2168.31,9891.41,2779.3478571428573,697.0727976455978,-0.8765768212540666,False,Normal
ATH007,2026-02-20,2315.42,9481.910000000002,2720.2317857142857,675.0780335473632,-0.5996518411169487,False,Normal
ATH007,2026-02-21,3105.54,9712.119999999999,2661.7321428571427,633.9775007945921,0.700037235685199,False,Normal
ATH007,2026-02-23,3215.6700000000005,9487.33,2642.98,611.6297663771106,0.9363344158219057,False,Normal
ATH007,2026-02-25,2875.6400000000003,9239.32,2636.7239285714286,604.5518573066201,0.3951953311217716,False,Normal
ATH007,2026-02-27,1911.0100000000002,8916.490000000002,2611.2371428571428,577.3370649344198,-1.212856726835444,False,Normal
ATH007,2026-02-28,1566.4500000000003,9362.050000000001,2584.0285714285715,592.0892596041791,-1.7186235942007093,False,Normal
ATH007,2026-03-01,2112.29,9907.890000000001,2549.735357142857,622.5582815167216,-0.7026576790162056,False,Normal
ATH007,2026-03-02,2228.9,10469.54,2538.367142857143,627.6993431563734,-0.49301810848007827,False,Normal
ATH007,2026-03-03,2638.19,10356.07,2508.3532142857143,621.4332893075949,0.2089311724174782,False,Normal
ATH007,2026-03-04,2822.46,10682.66,2488.7775,607.7689723024033,0.5490285210446246,False,Normal
ATH007,2026-03-06,3324.1899999999996,10040.27,2486.9346428571434,606.6346345113817,1.3801641210565394,False,Normal
ATH007,2026-03-08,2797.1600000000003,10504.640000000001,2487.9192857142853,608.0183252350986,0.5086042664357903,False,Normal
ATH007,2026-03-09,2897.44,10619.27,2465.5453571428575,583.3361379836214,0.7403872565653888,False,Normal
ATH007,2026-03-11,2625.96,10343.08,2445.7521428571426,557.4661379940974,0.3232624277257276,False,Normal
ATH007,2026-03-12,3005.37,10187.57,2431.1025000000004,546.6614318965161,1.0504993886393457,False,Normal
ATH007,2026-03-13,2872.02,10422.64,2449.993214285714,557.3210390460429,0.7572417980786478,False,Normal
ATH007,2026-03-15,3095.49,11110.48,2504.967142857143,517.5310505686073,1.1410385067602304,False,Normal
ATH007,2026-03-16,3169.3499999999995,11511.359999999999,2566.266071428571,479.49086801901126,1.2577589455729044,False,Normal
ATH007,2026-03-18,2428.7,10752.76,2619.9007142857145,458.78813678137215,-0.4167516527935598,False,Normal
ATH007,2026-03-20,2310.5499999999997,10417.769999999999,2628.0539285714285,453.0497857797817,-0.7008146533497336,False,Normal
ATH007,2026-03-21,2980.7299999999996,10297.83,2612.441071428572,456.2945271734469,0.8071298396954771,False,Normal
ATH007,2026-03-22,2796.0099999999998,10800.95,2617.8585714285714,459.8480682163712,0.38741367178605435,False,Normal
ATH007,2026-03-23,2455.6000000000004,10751.289999999999,2611.8039285714285,456.202349104473,-0.3424005353722029,False,Normal
ATH007,2026-03-25,2767.8199999999997,10644.939999999999,2591.6692857142857,449.94625222170725,0.3914927914521604,False,Normal
ATH007,2026-03-26,3150.37,11027.49,2601.6039285714282,450.68062218973694,1.2176384881210638,False,Normal
ATH007,2026-03-27,3105.6400000000003,11612.4,2632.7864285714286,457.5608071892321,1.0334223648508756,False,Normal
ATH007,2026-03-28,3041.12,11772.5,2670.046428571429,451.83177253891904,0.8212648910089834,False,Normal
ATH007,2026-03-29,2966.77,11655.429999999998,2706.5499999999997,438.3746306105805,0.5936018688799545,False,Normal
ATH007,2026-04-01,2466.1699999999996,10288.65,2735.066428571429,427.9103175269691,-0.6283943563816545,False,Normal
ATH007,2026-04-02,2602.67,10807.7,2740.4503571428572,423.35896741708456,-0.3254457038750257,False,Normal
ATH007,2026-04-04,1686.3599999999997,10580.23,2722.4907142857146,417.92909317010856,-2.4792021690243553,True,⚠️ Anomaly
ATH007,2026-04-05,1710.1899999999998,10568.46,2667.8725,449.80491634440006,-2.1291063418851914,True,⚠️ Anomaly
ATH007,2026-04-06,2162.7599999999998,10359.099999999999,2626.2492857142856,482.59480574577736,-0.9604108461093633,False,Normal
ATH007,2026-04-07,2758.75,10955.089999999998,2635.240357142857,470.981274153837,0.2622389670991479,False,Normal
ATH007,2026-04-08,2808.78,10471.47,2677.8224999999998,422.1374996164254,0.31022474932692495,False,Normal
ATH007,2026-04-09,2459.62,10261.949999999999,2702.6971428571424,407.85798953627403,-0.5959847522749673,False,Normal
ATH007,2026-04-10,3203.1499999999996,10504.33,2710.937142857143,400.18983467439494,1.2299484257098485,False,Normal
ATH007,2026-04-11,3538.01,11246.22,2731.1142857142854,410.4957920696364,1.9656613535975862,False,Normal
ATH007,2026-04-12,3883.25,11356.22,2756.669642857142,437.7608848276107,2.573506213526827,True,⚠️ Anomaly
ATH007,2026-04-13,3855.48,11045.230000000001,2776.6360714285715,475.70904216243935,2.267865087590742,True,⚠️ Anomaly
ATH007,2026-04-14,3584.42,11370.16,2814.4332142857143,517.5997675814745,1.4876103776323346,False,Normal
ATH007,2026-04-15,3675.49,11718.26,2838.968214285714,537.5765748454991,1.5560979121062042,False,Normal
ATH007,2026-04-16,3965.9,12178.56,2876.451428571428,558.3622856156055,1.9511499961488863,False,Normal
ATH007,2026-04-17,3683.7799999999997,11877.560000000001,2910.7560714285714,594.8879597926119,1.2994445690931744,False,Normal
ATH007,2026-04-18,3326.34,11591.83,2939.7475,612.4512653604904,0.6312216528321659,False,Normal
ATH007,2026-04-21,2273.64,11188.2,2947.992142857143,616.1680168551734,-1.094428994057388,False,Normal
ATH007,2026-04-22,1987.5,10937.94,2916.0024999999996,627.3990915920701,-1.479923245734797,False,Normal
ATH007,2026-04-23,2017.77,11045.96,2900.245357142857,645.3738755084187,-1.367386240181557,False,Normal
ATH007,2026-04-24,2063.23,10835.15,2889.7889285714286,657.5392275769656,-1.2570488480471367,False,Normal
ATH007,2026-04-27,2104.21,10226.150000000001,2857.0210714285713,675.4566751922524,-1.1145216252608678,False,Normal
ATH007,2026-04-28,2302.3999999999996,10919.210000000001,2832.3139285714287,690.2612548525817,-0.7677005262081561,False,Normal
ATH007,2026-04-29,2997.3,11469.07,2826.8424999999997,693.9552062479993,0.24563184837478388,False,Normal
ATH007,2026-05-01,2755.32,11705.48,2835.0382142857147,694.5871332912305,-0.11477064642412524,False,Normal
ATH007,2026-05-02,3383.55,11926.68,2820.9292857142855,691.9519315671216,0.813092194152129,False,Normal
ATH007,2026-05-05,2756.9700000000003,10917.43,2830.8546428571426,698.1524656388782,-0.10582880745043367,False,Normal
ATH007,2026-05-06,2148.68,10808.97,2820.7064285714287,697.0471892055549,-0.9641046387940493,False,Normal
ATH007,2026-05-07,2718.15,11208.550000000001,2791.4889285714285,707.761248106331,-0.10362100039759488,False,Normal
ATH007,2026-05-09,1695.25,10083.92,2800.488214285714,705.0684266716851,-1.567561632993627,False,Normal
ATH007,2026-05-10,2080.1,9670.93,2768.0803571428573,734.7282706702456,-0.936373873997331,False,Normal
ATH007,2026-05-11,2492.45,9658.48,2782.1425000000004,716.8075641632602,-0.4041426381125914,False,Normal
ATH007,2026-05-12,2815.54,10148.550000000001,2810.0803571428573,688.1520660784327,0.007933773836145627,False,Normal
ATH007,2026-05-13,2988.4500000000003,10121.93,2833.3939285714287,676.3662637256655,0.22924867744654756,False,Normal
ATH007,2026-05-14,2897.93,10140.580000000002,2841.5975,676.8202349528759,0.08323111084869111,False,Normal
ATH007,2026-05-15,3725.6400000000003,10506.88,2844.781428571429,676.8698254668417,1.3013707189872694,False,Normal
ATH007,2026-05-16,3814.3900000000003,10571.970000000001,2889.996428571428,692.2974082436291,1.3352549936215639,False,Normal
ATH007,2026-05-17,3913.67,11056.1,2911.8264285714286,711.8972794671278,1.4072866975674856,False,Normal
ATH007,2026-05-18,3852.4700000000003,11407.25,2925.2428571428572,727.5041948910853,1.2745316788117742,False,Normal
ATH007,2026-05-20,3116.09,11250.52,2924.1435714285717,726.0247470387616,0.26438000819437724,False,Normal
ATH007,2026-05-21,3184.9700000000003,11307.78,2897.7367857142854,704.0084483502626,0.40799682867272763,False,Normal
ATH007,2026-05-22,2506.6400000000003,10950.29,2883.470714285714,693.5476077756466,-0.5433379195038814,False,Normal
ATH007,2026-05-24,2010.1,11387.42,2841.7260714285717,679.1371782901052,-1.2245332725302933,False,Normal
ATH007,2026-05-25,2102.6800000000003,11405.72,2771.8760714285713,659.5273155342745,-1.0146601295603108,False,Normal
ATH007,2026-05-26,2787.84,11397.82,2715.408214285714,646.1089472518668,0.11210460096917765,False,Normal
ATH007,2026-05-27,2797.35,11050.570000000002,2696.1760714285715,635.1723313624732,0.15928579312390037,False,Normal
ATH007,2026-05-28,2953.12,11754.170000000002,2714.88,629.9585242667143,0.3781836276877377,False,Normal
ATH007,2026-05-29,3459.85,11654.82,2749.366428571429,614.9153777987988,1.155416821696468,False,Normal
ATH007,2026-05-31,3801.6099999999997,11805.480000000001,2800.8692857142855,611.7536184271656,1.6358558153830693,False,Normal
ATH007,2026-06-01,3817.8199999999997,12265.42,2862.9542857142856,622.2417703244516,1.5345574016797756,False,Normal
ATH007,2026-06-02,3650.3500000000004,12291.2,2924.154642857143,629.0849397131848,1.15436773525996,False,Normal
ATH007,2026-06-04,2882.88,11918.9,2972.2957142857144,631.3149522340533,-0.1416340829078992,False,Normal
ATH007,2026-06-05,2706.13,12398.26,2968.2092857142857,631.517389197423,-0.4149993178293229,False,Normal
ATH007,2026-06-06,3308.8300000000004,12640.17,2966.4525000000003,632.19960030583,0.5415655116427993,False,Normal
ATH007,2026-06-07,2995.4800000000005,12720.86,2963.783928571429,630.5292799400927,0.0502689921577995,False,Normal
ATH007,2026-06-09,2404.06,11879.72,2972.3021428571433,629.2415960642301,-0.9030587717203931,False,Normal
ATH007,2026-06-10,3002.32,12031.99,2981.422857142857,618.6224564714677,0.033780123302243725,False,Normal
ATH007,2026-06-11,2790.63,11811.6,2991.571785714286,616.4705739518669,-0.32595519430255077,False,Normal
ATH007,2026-06-12,3007.8999999999996,11680.52,3030.6925,563.6536410849596,-0.04043706691245334,False,Normal
ATH007,2026-06-14,2695.2999999999997,11502.49,3063.8282142857142,532.0887079067523,-0.69260671916063,False,Normal
ATH007,2026-06-15,3312.99,11769.03,3071.0728571428567,525.3593838144549,0.4604793410192189,False,Normal
ATH007,2026-06-16,3581.77,12424.02,3088.838928571429,524.8088240657991,0.9392583524220028,False,Normal
ATH007,2026-06-17,3330.53,12246.43,3110.028928571429,532.5267095533304,0.41406575007950663,False,Normal
ATH007,2026-06-19,2898.46,12072.34,3125.4789285714287,532.4206739546876,-0.42639014538107406,False,Normal
ATH007,2026-06-20,3070.89,12244.77,3095.9367857142856,520.7062693720507,-0.04810156356383246,False,Normal
ATH007,2026-06-22,2199.3,11865.65,3069.383214285714,501.3077435848897,-1.7356269186342164,False,Normal
ATH007,2026-06-24,2029.03,11478.11,3008.155714285714,499.05886560255306,-1.9619443351708392,False,Normal
ATH007,2026-06-25,2511.95,11257.43,2943.032857142857,503.75207801322756,-0.8557440772116041,False,Normal
ATH007,2026-06-26,2465.46,11077.95,2921.4564285714287,508.97626686439554,-0.8959090202390869,False,Normal
ATH007,2026-06-27,2753.05,11537.970000000001,2895.759642857143,513.3239152273268,-0.27801089842841886,False,Normal
ATH007,2026-06-30,2910.38,10440.52,2904.5600000000004,508.4953250886743,0.011445532953493298,False,Normal
ATH008,2026-01-02,528.16,528.16,,,,False,Normal
ATH008,2026-01-03,1116.87,1116.87,,,,False,Normal
ATH008,2026-01-05,1214.37,1214.37,,,,False,Normal
ATH008,2026-01-06,1631.63,1631.63,,,,False,Normal
ATH008,2026-01-07,1788.25,1788.25,,,,False,Normal
ATH008,2026-01-09,1727.5600000000002,2255.7200000000003,,,,False,Normal
ATH008,2026-01-10,1839.84,2956.71,,,,False,Normal
ATH008,2026-01-12,2360.79,3575.16,1406.6685714285716,479.5067064330652,1.989797881387119,False,Normal
ATH008,2026-01-13,2299.38,3931.01,1525.93375,557.5602884746444,1.3871975210357426,False,Normal
ATH008,2026-01-14,2695.27,4483.52,1611.8722222222223,581.7929871908431,1.862170568622539,False,Normal
ATH008,2026-01-15,3218.5,5006.75,1720.212,646.7216737738801,2.3167431381368266,True,⚠️ Anomaly
ATH008,2026-01-16,3173.37,5429.09,1856.4199999999998,761.9073716010366,1.7284909545272187,False,Normal
ATH008,2026-01-17,2824.75,5781.46,1966.1658333333332,819.9144055266693,1.0471631683494549,False,Normal
ATH008,2026-01-18,2948.88,5905.59,2032.210769230769,820.3311115687935,1.1174380903537857,False,Normal
ATH008,2026-01-19,2738.11,6313.27,2097.6871428571426,825.3474742791069,0.7759433173309578,False,Normal
ATH008,2026-01-20,2952.2,6883.21,2140.382,812.3325570953948,0.9993665684196693,False,Normal
ATH008,2026-01-21,2758.84,7242.360000000001,2191.120625,810.6062135831327,0.7003639566127962,False,Normal
ATH008,2026-01-22,2720.36,7727.110000000001,2224.515882352941,796.8525058241552,0.6222533204362907,False,Normal
ATH008,2026-01-23,2573.43,8002.52,2252.0627777777777,781.8449176584194,0.41103704195545393,False,Normal
ATH008,2026-01-24,2691.75,8473.210000000001,2268.976842105263,763.3852364162949,0.5538136418244629,False,Normal
ATH008,2026-01-25,3032.15,8937.74,2290.1155,749.0143218044351,0.9906813239730584,False,Normal
ATH008,2026-01-26,3027.11,9340.380000000001,2325.4504761904764,747.7908149641595,0.9383098986621723,False,Normal
ATH008,2026-01-27,2895.36,9778.57,2357.344090909091,744.9438997008533,0.7222233906566118,False,Normal
ATH008,2026-01-28,2997.68,10240.04,2380.736086956522,736.4116172404665,0.837770478628968,False,Normal
ATH008,2026-01-30,2655.83,10130.19,2406.4420833333334,731.151746992547,0.34108913463241536,False,Normal
ATH008,2026-01-31,2647.85,10004.189999999999,2416.4176,717.4931107002584,0.32255696472698736,False,Normal
ATH008,2026-02-01,2916.01,10736.88,2425.318846153846,704.4604645447573,0.6965488888908093,False,Normal
ATH008,2026-02-02,3017.92,11143.93,2443.4925925925927,697.2052386415163,0.8239000161941727,False,Normal
ATH008,2026-02-03,3006.6400000000003,11153.580000000002,2464.007857142857,692.7309370426434,0.7833230968053901,False,Normal
ATH008,2026-02-07,2383.41,10547.759999999998,2552.525,586.3954811640601,-0.28839751572486233,False,Normal
ATH008,2026-02-08,2029.53,10926.57,2597.7585714285715,516.1974681565349,-1.1007968974699782,False,Normal
ATH008,2026-02-09,2319.84,11102.98,2626.871428571429,454.59804951199,-0.6753909940903321,False,Normal
ATH008,2026-02-11,2339.54,10641.23,2651.4503571428572,415.7390016048809,-0.7502552224804192,False,Normal
ATH008,2026-02-13,2818.94,10175.06,2671.1392857142855,385.2834298801488,0.3836155485111087,False,Normal
ATH008,2026-02-15,2278.04,10255.73,2710.117142857143,338.67570007481186,-1.2757843056401719,False,Normal
ATH008,2026-02-16,1886.97,10251.84,2725.7671428571434,305.46768800276817,-2.7459439272985957,True,⚠️ Anomaly
ATH008,2026-02-17,2313.24,10108.17,2708.8450000000003,337.84381716452384,-1.1709700752266483,False,Normal
ATH008,2026-02-18,2675.42,10557.81,2709.3399999999997,337.23125808505586,-0.10058379579820675,False,Normal
ATH008,2026-02-19,3203.46,10601.1,2708.6310714285714,337.28279199046534,1.4671039860978645,False,Normal
ATH008,2026-02-20,3492.1000000000004,11093.73,2708.093928571429,336.4516735683709,2.330218967596404,True,⚠️ Anomaly
ATH008,2026-02-21,3997.76,11128.699999999999,2719.477142857143,357.5092953451714,3.5755234165553342,True,⚠️ Anomaly
ATH008,2026-02-22,3773.53,10997.11,2761.370357142857,431.3944542001931,2.3462509380972247,True,⚠️ Anomaly
ATH008,2026-02-23,3837.4700000000003,11062.2,2790.822142857143,471.0017531410098,2.222174015623057,True,⚠️ Anomaly
ATH008,2026-02-24,3547.69,10760.5,2830.085,510.6017053873248,1.4054105037813176,False,Normal
ATH008,2026-02-26,3062.06,11150.23,2851.3525000000004,527.9822184479532,0.39908067476096337,False,Normal
ATH008,2026-02-28,2221.73,10702.580000000002,2862.1817857142855,529.122839928244,-1.2104028353815517,False,Normal
ATH008,2026-03-01,2566.22,10647.32,2844.3735714285713,542.2996921152122,-0.512914861418504,False,Normal
ATH008,2026-03-02,2831.48,10875.759999999998,2844.1160714285716,542.4348039905726,-0.023295097098509836,False,Normal
ATH008,2026-03-04,3415.32,11169.18,2849.1064285714288,541.6232767456531,1.0454011039382747,False,Normal
ATH008,2026-03-06,3098.6,11703.66,2862.7910714285713,551.1756865326475,0.4278289741967075,False,Normal
ATH008,2026-03-08,2414.1000000000004,11031.89,2865.344285714286,552.129809672599,-0.8172793386791842,False,Normal
ATH008,2026-03-09,1984.1299999999999,10540.05,2848.156428571428,558.6135766289428,-1.5467336719339257,False,Normal
ATH008,2026-03-10,2598.5299999999997,11154.449999999999,2811.9582142857143,580.9577700790409,-0.3673730265397382,False,Normal
ATH008,2026-03-11,2347.82,11177.460000000001,2809.9117857142855,581.6286345290271,-0.7944790855912098,False,Normal
ATH008,2026-03-12,2966.56,11796.2,2799.196428571429,587.4593860522161,0.2848938588814972,False,Normal
ATH008,2026-03-13,2935.87,11820.59,2801.0017857142857,587.9091706998535,0.22940314764126848,False,Normal
ATH008,2026-03-14,3504.73,12389.45,2798.0714285714284,586.9916933774957,1.2038646873561767,False,Normal
ATH008,2026-03-15,3238.72,11992.570000000002,2815.860357142857,600.9284390346395,0.7036772024576585,False,Normal
ATH008,2026-03-16,3339.74,11992.82,2846.407142857143,599.8695751322215,0.8224001976331571,False,Normal
ATH008,2026-03-17,3170.6600000000003,12011.869999999999,2893.2003571428572,584.69855473969,0.47453451117331585,False,Normal
ATH008,2026-03-18,3295.6899999999996,11797.73,2923.586785714286,575.8389425940242,0.6461932091801097,False,Normal
ATH008,2026-03-20,2956.81,11285.300000000001,2957.735,568.2214783997647,-0.0016278863703026206,False,Normal
ATH008,2026-03-21,3018.13,11409.82,2962.658928571429,567.5711882733902,0.09773412141888281,False,Normal
ATH008,2026-03-22,3642.42,11861.46,2989.090714285714,551.5134904359127,1.1846116133948035,False,Normal
ATH008,2026-03-23,3443.7,11599.050000000001,3051.785357142857,520.492085167574,0.7529694572223223,False,Normal
ATH008,2026-03-24,3415.73,11879.91,3092.158928571429,504.6866069988322,0.6411326691483211,False,Normal
ATH008,2026-03-25,3650.91,12709.740000000002,3118.5985714285716,501.42703011626315,1.0615930067591373,False,Normal
ATH008,2026-03-26,4081.77,12289.4,3134.5789285714286,511.2652562413655,1.8526411874571187,False,Normal
ATH008,2026-03-27,3738.57,12729.85,3155.638571428571,537.9838821123707,1.0835481283985195,False,Normal
ATH008,2026-03-28,3811.9900000000007,13000.08,3146.381785714286,525.0312524669959,1.2677497028189877,False,Normal
ATH008,2026-03-31,2827.96,12012.880000000001,3147.7553571428575,526.7801431371254,-0.6070755728156063,False,Normal
ATH008,2026-04-01,2525.25,11819.67,3111.7014285714286,512.1701684424103,-1.1450323831919365,False,Normal
ATH008,2026-04-02,2616.17,12341.449999999999,3075.1857142857143,516.3654217016274,-0.8889358097857845,False,Normal
ATH008,2026-04-03,2902.6000000000004,12533.85,3059.2610714285715,523.6099841402961,-0.2991942021231501,False,Normal
ATH008,2026-04-04,2683.2,13018.05,3083.5778571428573,498.4809533889267,-0.8031958983003973,False,Normal
ATH008,2026-04-05,3332.1299999999997,13240.68,3087.7557142857145,494.45827425673775,0.49422630470007795,False,Normal
ATH008,2026-04-06,3685.2,13290.73,3105.6360714285715,493.89953782299835,1.1734449704610372,False,Normal
ATH008,2026-04-07,3701.7999999999997,13116.15,3115.274642857143,502.7215302175858,1.1667002940753288,False,Normal
ATH008,2026-04-08,3633.62,13105.47,3136.8175,514.7606634416139,0.9651135669117595,False,Normal
ATH008,2026-04-09,3822.0099999999998,13196.9,3180.371785714286,502.7994745574126,1.2761314336108116,False,Normal
ATH008,2026-04-10,3589.53,13187.51,3246.0103571428567,458.89830972693335,0.7485746527625134,False,Normal
ATH008,2026-04-12,3161.77,13163.73,3281.403214285714,445.12034971873436,-0.26876599634527765,False,Normal
ATH008,2026-04-13,3309.1899999999996,13260.18,3310.472857142857,406.8233144094474,-0.0031533520755058757,False,Normal
ATH008,2026-04-15,2875.9300000000003,12685.710000000001,3322.7096428571426,401.20990855422315,-1.1135807798644148,False,Normal
ATH008,2026-04-16,2593.19,13113.140000000001,3320.5689285714284,403.5037461420395,-1.802657188504465,False,Normal
ATH008,2026-04-17,2602.56,12833.259999999998,3288.0139285714286,424.32962361421994,-1.6153808040388202,False,Normal
ATH008,2026-04-19,2346.95,11868.26,3265.2939285714283,443.6575939245895,-2.0699384866779122,True,⚠️ Anomaly
ATH008,2026-04-21,2392.84,11791.970000000001,3229.837142857143,475.9815530494692,-1.7584655066877206,False,Normal
ATH008,2026-04-22,2318.65,11353.449999999999,3202.057857142857,501.5728169014903,-1.7612753868923472,False,Normal
ATH008,2026-04-24,1933.2499999999998,11027.939999999999,3167.1635714285717,528.1021996574786,-2.3365052677850517,True,⚠️ Anomaly
ATH008,2026-04-25,2563.12,10954.21,3130.6078571428566,576.4180359475293,-0.984507461169231,False,Normal
ATH008,2026-04-26,2614.28,11455.13,3114.3575000000005,586.0399567064351,-0.8533163895691571,False,Normal
ATH008,2026-04-27,2797.18,11638.029999999999,3077.6382142857146,583.9340198905875,-0.4802909313936952,False,Normal
ATH008,2026-04-28,2791.87,11755.88,3054.548214285714,581.7011706102068,-0.45156899720549587,False,Normal
ATH008,2026-04-30,2781.95,11088.37,3032.2674999999995,579.2973494938111,-0.4321053776937295,False,Normal
ATH008,2026-05-02,2097.34,10368.35,3001.2332142857144,568.0955537652126,-1.59109362552639,False,Normal
ATH008,2026-05-04,1812.71,9765.54,2930.3607142857145,551.8521257240358,-2.0252721013248705,True,⚠️ Anomaly
ATH008,2026-05-05,2061.06,10115.140000000001,2861.5799999999995,567.1919002843285,-1.4113741744173454,False,Normal
ATH008,2026-05-06,2490.79,10085.93,2799.0467857142858,554.9154563104621,-0.555502252115723,False,Normal
ATH008,2026-05-07,2719.8199999999997,9986.18,2787.005,557.9150194714707,-0.12042156539117145,False,Normal
ATH008,2026-05-08,3184.99,9956.95,2793.9539285714286,555.7415350771619,0.7036293793917667,False,Normal
ATH008,2026-05-09,2834.15,10097.17,2814.2689285714287,559.3865740277585,0.03554084483190487,False,Normal
ATH008,2026-05-13,2003.6399999999999,9213.64,2811.824285714286,559.1357650506089,-1.4454169027108024,False,Normal
ATH008,2026-05-14,1929.26,9322.25,2787.554285714286,579.310267188353,-1.481579620330164,False,Normal
ATH008,2026-05-15,2257.94,9612.33,2737.4517857142855,591.0138649501885,-0.8113376253105321,False,Normal
ATH008,2026-05-16,2706.0600000000004,10200.67,2686.4782142857143,567.3192917250036,0.034516340268890305,False,Normal
ATH008,2026-05-17,3171.07,10215.92,2650.9160714285713,531.3879902275445,0.9788590222912168,False,Normal
ATH008,2026-05-18,3636.8900000000003,10681.74,2634.3964285714287,506.30426489754103,1.9800219767681448,False,Normal
ATH008,2026-05-19,4323.57,10822.039999999999,2627.7850000000003,491.2053086522462,3.4522937153363458,True,⚠️ Anomaly
ATH008,2026-05-20,3966.3300000000004,10861.32,2654.0007142857144,559.3025296108544,2.3463675135304047,True,⚠️ Anomaly
ATH008,2026-05-21,4166.92,11597.95,2682.735,605.1440501817485,2.452614380913505,True,⚠️ Anomaly
ATH008,2026-05-22,3787.08,11466.16,2713.368214285714,657.477387303329,1.633077892029351,False,Normal
ATH008,2026-05-23,3645.5199999999995,11283.07,2745.909285714286,687.6758163711249,1.3081901280649537,False,Normal
ATH008,2026-05-24,3594.19,11195.83,2783.4925000000003,707.4909521872712,1.1458768447761152,False,Normal
ATH008,2026-05-25,3546.12,11430.68,2818.9078571428577,722.7531727865438,1.006169423031942,False,Normal
ATH008,2026-05-26,3194.74,11224.91,2861.735357142857,729.2508547080763,0.45663935901788766,False,Normal
ATH008,2026-05-28,2857.11,11673.109999999999,2890.3746428571426,725.8927386966064,-0.045825837735850014,False,Normal
ATH008,2026-05-29,2974.84,12204.849999999999,2909.605357142857,717.2666671132286,0.09094893970145299,False,Normal
ATH008,2026-05-30,3047.01,12232.74,2946.8050000000003,691.2942434169987,0.14495274762407478,False,Normal
ATH008,2026-05-31,3087.4100000000003,12686.82,2964.0867857142853,687.3845523542195,0.1794093478873595,False,Normal
ATH008,2026-06-02,2837.26,12001.109999999999,2980.9842857142858,684.2752919502093,-0.21003868969850736,False,Normal
ATH008,2026-06-03,3209.4900000000002,11943.61,2982.4157142857143,683.9183813358869,0.33201956828641643,False,Normal
ATH008,2026-06-04,2823.13,11776.42,2997.3307142857147,684.1627425137344,-0.2546188259911239,False,Normal
ATH008,2026-06-06,2455.58,11854.17,2998.8014285714285,683.7267226816529,-0.7945008006135159,False,Normal
ATH008,2026-06-07,2086.22,11938.89,3011.595714285714,669.4357390033979,-1.3823219472317676,False,Normal
ATH008,2026-06-08,2572.46,12425.130000000001,3021.3639285714285,653.0899542734389,-0.6873539022213763,False,Normal
ATH008,2026-06-09,2181.44,12537.01,3039.628214285714,632.0515078697272,-1.357782085162901,False,Normal
ATH008,2026-06-10,2437.1800000000003,12377.15,3028.5800000000004,644.58001809964,-0.9174966387316411,False,Normal
ATH008,2026-06-11,2807.4900000000002,12654.65,3018.485714285714,651.7673967697851,-0.3237285499879659,False,Normal
ATH008,2026-06-12,3325.19,12378.500000000002,3005.003571428572,652.099912011979,0.49100823765415025,False,Normal
ATH008,2026-06-13,3146.2100000000005,12294.320000000002,3022.5407142857143,653.9351802509483,0.18911551090863157,False,Normal
ATH008,2026-06-14,3773.37,12541.19,3063.3467857142855,622.912947155322,1.1398434043283285,False,Normal
ATH008,2026-06-15,3903.34,12691.580000000002,3129.2078571428574,595.4481548993282,1.3000832003384484,False,Normal
ATH008,2026-06-16,4095.9700000000003,12309.41,3187.972142857143,587.4162439799675,1.5457486347173992,False,Normal
ATH008,2026-06-17,4216.34,12627.16,3237.611785714286,603.6858374405688,1.6212542246066315,False,Normal
ATH008,2026-06-20,2955.97,11604.77,3274.942857142857,631.114475674855,-0.5054120439905572,False,Normal
ATH008,2026-06-21,2690.92,11637.92,3250.6242857142856,629.7685331895881,-0.8887460332124754,False,Normal
ATH008,2026-06-22,2613.6000000000004,11759.06,3192.315357142857,601.7039155935474,-0.961794234913672,False,Normal
ATH008,2026-06-23,2481.48,11596.150000000001,3144.003571428572,591.4747811048813,-1.1201214195319884,False,Normal
ATH008,2026-06-24,2208.6699999999996,12071.68,3083.809285714286,568.8477911495886,-1.5384419159749414,False,Normal
ATH008,2026-06-25,2694.43,11727.85,3027.4375,574.7518671670724,-0.5793935070474499,False,Normal
ATH008,2026-06-27,2758.4,11316.16,2993.4700000000003,564.8904845221797,-0.4161337576766536,False,Normal
ATH008,2026-06-29,2190.88,11280.28,2963.620357142857,553.9480975853113,-1.3949688797764128,False,Normal
ATH008,2026-06-30,2510.4900000000002,11269.380000000001,2915.218928571429,560.3373862523742,-0.7222950645473083,False,Normal
ATH009,2026-01-01,539.2,539.2,,,,False,Normal
ATH009,2026-01-03,960.8100000000001,960.8100000000001,,,,False,Normal
ATH009,2026-01-04,1081.7,1081.7,,,,False,Normal
ATH009,2026-01-05,1815.95,1815.95,,,,False,Normal
ATH009,2026-01-06,2251.19,2251.19,,,,False,Normal
ATH009,2026-01-07,2819.45,2819.45,,,,False,Normal
ATH009,2026-01-08,2619.7400000000002,3158.94,,,,False,Normal
ATH009,2026-01-09,3189.4500000000003,3728.65,1726.8628571428574,883.8784685636799,1.654737834301899,False,Normal
ATH009,2026-01-10,2886.98,3847.79,1909.6862500000002,968.0033124048625,1.009597526657276,False,Normal
ATH009,2026-01-11,3344.2799999999997,4425.9800000000005,2018.2744444444445,962.301499000068,1.3779522913903945,False,Normal
ATH009,2026-01-12,2996.45,4812.400000000001,2150.875,999.480701823035,0.8460143337011771,False,Normal
ATH009,2026-01-14,2262.04,5081.49,2227.745454545455,981.8682399320556,0.03492784882920578,False,Normal
ATH009,2026-01-15,2331.9700000000003,5490.91,2230.6033333333335,936.2269786982343,0.10827146511801108,False,Normal
ATH009,2026-01-16,2287.24,6015.89,2238.400769230769,896.809869904258,0.0544588461927216,False,Normal
ATH009,2026-01-17,2581.9500000000003,6429.74,2241.889285714286,861.7259160497368,0.39462746559207207,False,Normal
ATH009,2026-01-18,2607.67,7033.65,2264.56,835.0090708318254,0.41090571586030594,False,Normal
ATH009,2026-01-19,2699.0299999999997,7511.43,2286.004375,811.2430285183245,0.5091268713327011,False,Normal
ATH009,2026-01-20,3029.46,7841.86,2310.2999999999997,791.8445326025178,0.9082085818492316,False,Normal
ATH009,2026-01-21,2892.8999999999996,7974.39,2350.253333333333,786.6811330781845,0.6897923998041725,False,Normal
ATH009,2026-01-22,2886.8399999999997,8377.75,2378.8136842105264,774.586259203443,0.655867967903161,False,Normal
ATH009,2026-01-23,2933.5099999999998,8949.4,2404.215,762.437086747076,0.6942146561340912,False,Normal
ATH009,2026-01-24,2863.62,9293.36,2429.4195238095235,752.054136425538,0.5773526866751928,False,Normal
ATH009,2026-01-25,2694.83,9728.48,2449.155909090909,739.744775418291,0.33210655765723207,False,Normal
ATH009,2026-01-26,2647.4500000000003,10158.88,2459.837391304348,724.5500353963729,0.2589367186946819,False,Normal
ATH009,2026-01-27,3003.3599999999997,10845.22,2467.6545833333334,709.6579846963585,0.7548783050695591,False,Normal
ATH009,2026-01-29,3128.7,10967.25,2489.0828,702.9293928596243,0.9099309354499163,False,Normal
ATH009,2026-02-01,2181.01,10827.789999999999,2513.6834615384614,700.0573893214315,-0.47520884232208865,False,Normal
ATH009,2026-02-02,2205.64,10548.57,2501.362222222222,689.4418420071821,-0.42892990271852627,False,Normal
ATH009,2026-02-04,2028.37,10054.14,2490.800714285714,678.8582394805134,-0.6811889248624025,False,Normal
ATH009,2026-02-05,1822.06,10169.57,2543.985357142857,569.886460241454,-1.2667880490387262,False,Normal
ATH009,2026-02-07,2307.73,9966.39,2574.744285714286,500.260912550038,-0.5337500472567467,False,Normal
ATH009,2026-02-08,2635.38,10118.890000000001,2618.531071428571,410.3060264254372,0.04106429710091258,False,Normal
ATH009,2026-02-09,2811.79,10363.91,2647.7964285714284,378.9676304090937,0.4327376753828324,False,Normal
ATH009,2026-02-10,3198.83,10750.95,2667.817857142857,371.9825648876881,1.4275189027138147,False,Normal
ATH009,2026-02-11,3154.2500000000005,10946.35,2681.367142857143,384.4119623129748,1.230146050340267,False,Normal
ATH009,2026-02-12,3204.9500000000003,11042.550000000001,2700.456785714286,394.38070156050946,1.2792036027358968,False,Normal
ATH009,2026-02-13,3584.8700000000003,10897.490000000002,2701.0103571428567,395.1027142072573,2.237037638758162,True,⚠️ Anomaly
ATH009,2026-02-14,3672.9500000000003,11057.390000000001,2725.935,427.91893833000813,2.2130710168982257,True,⚠️ Anomaly
ATH009,2026-02-15,3751.53,11262.75,2737.6732142857145,449.47391274403645,2.2556521234451496,True,⚠️ Anomaly
ATH009,2026-02-18,2993.5899999999997,11047.04,2764.6403571428573,486.6857438915537,0.4704260310286762,False,Normal
ATH009,2026-02-21,2150.14,10343.91,2790.7671428571425,478.2684481416588,-1.339471891458319,False,Normal
ATH009,2026-02-22,1904.35,10472.27,2784.273214285714,485.90224043490065,-1.8109058593723502,False,Normal
ATH009,2026-02-23,2482.58,10620.1,2770.5985714285716,505.40462773764176,-0.569877194670413,False,Normal
ATH009,2026-02-25,2182.9,10359.11,2767.0496428571428,507.12433189126705,-1.1518864430713032,False,Normal
ATH009,2026-02-26,2700.84,10215.82,2751.8792857142857,518.298941266514,-0.09847460924686846,False,Normal
ATH009,2026-02-28,2532.4100000000003,10663.23,2751.9439285714284,518.2922185432781,-0.42357172405260934,False,Normal
ATH009,2026-03-02,2066.86,10481.32,2734.192142857143,516.9454693453841,-1.2909139985348856,False,Normal
ATH009,2026-03-03,2448.08,10862.54,2704.690714285714,530.9340245818968,-0.483319400160484,False,Normal
ATH009,2026-03-04,2822.3500000000004,11153.09,2689.0207142857143,531.83298219236,0.2506976629479926,False,Normal
ATH009,2026-03-07,2359.82,10715.32,2685.050714285714,530.353168425277,-0.6132342251322604,False,Normal
ATH009,2026-03-08,2710.1400000000003,10334.949999999999,2667.0578571428573,532.6118131355466,0.08088844782377906,False,Normal
ATH009,2026-03-09,2571.99,10241.52,2667.604642857143,532.6492377240542,-0.1795077061701864,False,Normal
ATH009,2026-03-10,2517.43,10181.14,2664.909642857143,532.9458060036732,-0.2767254028379137,False,Normal
ATH009,2026-03-11,2023.53,10022.37,2647.5550000000003,529.4165805970864,-1.1787031665993775,False,Normal
ATH009,2026-03-12,2793.74,10286.96,2608.0846428571426,533.3991959990759,0.348060811743666,False,Normal
ATH009,2026-03-13,3553.8,10667.099999999999,2629.967857142857,527.7683141047936,1.7504501846120817,False,Normal
ATH009,2026-03-14,3432.88,10475.25,2678.116428571429,548.7043101992339,1.3755378942704448,False,Normal
ATH009,2026-03-15,3367.58,9951.0,2728.2775,551.2984417860627,1.1596305223153307,False,Normal
ATH009,2026-03-16,3313.89,10435.320000000002,2783.4746428571425,534.31432289938,0.9927028612383709,False,Normal
ATH009,2026-03-18,3414.4500000000003,10443.23,2819.4089285714285,534.9673000622058,1.1122942866963654,False,Normal
ATH009,2026-03-19,3149.49,10948.48,2847.2328571428575,545.2033521326874,0.5543934050933371,False,Normal
ATH009,2026-03-21,2505.6600000000003,10830.77,2859.2935714285713,548.1176898103803,-0.6451781761521135,False,Normal
ATH009,2026-03-23,2156.53,10109.27,2834.5375,547.8680092911331,-1.2375380356251307,False,Normal
ATH009,2026-03-24,2563.06,10515.800000000001,2798.904642857143,558.6434984090321,-0.42217378977614134,False,Normal
ATH009,2026-03-25,2000.94,10261.27,2775.98,554.5189386272538,-1.3976799456456075,False,Normal
ATH009,2026-03-26,1913.3899999999999,10161.03,2719.4110714285716,549.7152995623129,-1.4662518435821803,False,Normal
ATH009,2026-03-27,2762.89,11010.53,2656.5696428571428,537.1015077761589,0.19795207349737498,False,Normal
ATH009,2026-03-29,2752.3999999999996,11050.76,2621.2610714285715,493.15181229808286,0.26591999725261456,False,Normal
ATH009,2026-04-01,2144.6699999999996,9583.59,2612.6471428571426,488.4918651800559,-0.9580039632484949,False,Normal
ATH009,2026-04-02,2393.0,10249.62,2612.4517857142855,488.68473681197514,-0.4490661753545233,False,Normal
ATH009,2026-04-04,2128.14,10331.44,2629.903571428571,470.86083404613754,-1.0656302991201974,False,Normal
ATH009,2026-04-05,2104.9500000000003,10445.570000000002,2617.245,479.65047918404235,-1.0680589767605164,False,Normal
ATH009,2026-04-06,2751.11,10553.720000000001,2614.4610714285714,482.4826728674596,0.2832203854271196,False,Normal
ATH009,2026-04-07,3145.1400000000003,10621.09,2616.256428571429,482.9093411367633,1.095202611288457,False,Normal
ATH009,2026-04-08,2941.1800000000003,10501.24,2638.139642857143,492.7518256010839,0.614995909499053,False,Normal
ATH009,2026-04-10,2915.41,9611.230000000001,2669.365357142857,482.8115775904957,0.5096080008790289,False,Normal
ATH009,2026-04-11,2736.59,9635.15,2686.055714285714,482.9561891673264,0.10463534135759402,False,Normal
ATH009,2026-04-12,2722.0699999999997,9800.060000000001,2682.9928571428572,482.3313479484373,0.08101721570317658,False,Normal
ATH009,2026-04-14,2039.1599999999999,9673.019999999999,2695.9303571428572,478.18232253896264,-1.3734726822515344,False,Normal
ATH009,2026-04-15,2460.6800000000003,9547.470000000001,2671.9667857142854,493.9951011082147,-0.42771028546698187,False,Normal
ATH009,2026-04-16,2975.83,9557.37,2667.9914285714285,495.27566469080693,0.621549963737367,False,Normal
ATH009,2026-04-17,2927.71,10149.51,2684.362857142857,497.68489020632575,0.4889582698728471,False,Normal
ATH009,2026-04-18,3134.2,10263.689999999999,2716.6549999999997,482.31527285161286,0.8657096789229403,False,Normal
ATH009,2026-04-19,3429.8199999999997,11009.24,2728.8142857142857,488.5814153651482,1.4347776895316569,False,Normal
ATH009,2026-04-21,3429.3,10539.26,2724.3864285714285,481.33599575451916,1.4644937790775092,False,Normal
ATH009,2026-04-24,2155.8999999999996,9542.519999999999,2724.2585714285715,481.14126463921605,-1.1812717245417637,False,Normal
ATH009,2026-04-25,1936.33,9935.259999999998,2680.9842857142858,475.59518910463214,-1.565731325239415,False,Normal
ATH009,2026-04-26,1691.25,9948.09,2631.785714285714,478.9385464052818,-1.9637920592213622,False,Normal
ATH009,2026-04-27,2107.54,10364.38,2570.2428571428572,485.31436690548094,-0.9534085300074633,False,Normal
ATH009,2026-04-28,2565.0,11178.6,2533.030357142857,479.1622339774267,0.06671987187255858,False,Normal
ATH009,2026-04-29,3194.19,11417.96,2535.149642857143,479.1679214629534,1.3753849697006695,False,Normal
ATH009,2026-05-01,2869.21,10868.23,2572.2089285714283,488.82995747850725,0.6075754296249943,False,Normal
ATH009,2026-05-03,2442.06,10285.199999999999,2583.1428571428573,492.03116993899323,-0.28673560896629824,False,Normal
ATH009,2026-05-04,2763.78,10377.05,2598.8971428571426,479.60442127095274,0.3437892768084115,False,Normal
ATH009,2026-05-05,2591.0,10624.460000000001,2629.2682142857143,461.157556534147,-0.0829829496307531,False,Normal
ATH009,2026-05-06,2440.56,10917.34,2623.1292857142857,460.45646984453714,-0.3964962980668428,False,Normal
ATH009,2026-05-07,3035.62,11512.4,2611.992142857143,460.9849341424828,0.9189624774416612,False,Normal
ATH009,2026-05-08,3250.22,11203.039999999999,2643.811785714286,458.27425162679657,1.3232430408932347,False,Normal
ATH009,2026-05-09,3697.21,11244.21,2674.4267857142863,469.3965157207359,2.1789322673502998,True,⚠️ Anomaly
ATH009,2026-05-10,3588.41,11151.539999999999,2730.465,494.73980338714944,1.7341337691575036,False,Normal
ATH009,2026-05-12,2941.57,11526.87,2783.445714285714,504.6057357128289,0.31336204589690714,False,Normal
ATH009,2026-05-14,2285.51,10822.08,2790.247857142857,505.43672956685464,-0.9986172899927616,False,Normal
ATH009,2026-05-15,2410.69,10686.02,2759.5467857142858,509.1754436199586,-0.685140632930184,False,Normal
ATH009,2026-05-16,2415.9,10525.91,2740.6007142857147,512.0282763237067,-0.6341460604813108,False,Normal
ATH009,2026-05-17,2496.46,10218.18,2722.7610714285715,514.4083618087961,-0.43992494724004283,False,Normal
ATH009,2026-05-18,2708.9900000000002,10430.71,2714.1850000000004,516.1679512953551,-0.010064553575949441,False,Normal
ATH009,2026-05-19,2464.2400000000002,10561.81,2713.7178571428567,516.1664697402638,-0.4833282899379232,False,Normal
ATH009,2026-05-20,2807.23,10904.8,2728.899285714286,501.6383837721598,0.1561497620989287,False,Normal
ATH009,2026-05-21,3128.82,11644.14,2741.2760714285714,499.04404090026804,0.7765726004308262,False,Normal
ATH009,2026-05-22,3213.4400000000005,11743.560000000001,2746.7400000000002,502.5325713858788,0.92869602205672,False,Normal
ATH009,2026-05-24,2816.8700000000003,11343.8,2756.944642857143,509.20037457786475,0.11768521810797217,False,Normal
ATH009,2026-05-25,3084.4900000000002,11407.66,2745.6114285714284,503.99767249399554,0.6723812230156859,False,Normal
ATH009,2026-05-26,3398.68,11395.49,2733.2782142857145,490.68383661122124,1.3560703167027217,False,Normal
ATH009,2026-05-27,3239.27,10949.880000000001,2732.184642857143,489.1067696774518,1.036758001687978,False,Normal
ATH009,2026-05-28,2968.92,11418.87,2770.8764285714287,484.6610391635255,0.40862284241038627,False,Normal
ATH009,2026-05-29,3014.73,11889.08,2807.754642857143,457.3220826805489,0.4525811566537329,False,Normal
ATH009,2026-05-30,3257.98,12132.33,2855.0217857142857,402.7945538273687,1.0004063124905502,False,Normal
ATH009,2026-06-01,2981.46,11625.34,2896.1089285714284,381.8546955500533,0.223517145194785,False,Normal
ATH009,2026-06-02,2294.4500000000003,11098.939999999999,2910.9824999999996,376.5539981505278,-1.6373016965113725,False,Normal
ATH009,2026-06-03,2855.8900000000003,11365.21,2878.8489285714286,389.6533426610854,-0.058921420806076825,False,Normal
ATH009,2026-06-04,2573.49,10956.74,2878.3732142857143,389.6736767742552,-0.7824064915278809,False,Normal
ATH009,2026-06-05,2495.8,11134.66,2883.067142857143,384.9866827120232,-1.0059234779994342,False,Normal
ATH009,2026-06-06,2781.09,11216.210000000001,2873.496428571429,391.3405164891968,-0.2361279363568783,False,Normal
ATH009,2026-06-07,3243.98,11321.84,2880.2853571428573,387.8919286441453,0.9376184859747332,False,Normal
ATH009,2026-06-08,3322.2099999999996,12097.15,2908.9789285714287,383.8540626750515,1.0765317124659124,False,Normal
ATH009,2026-06-09,3601.0499999999997,11758.42,2919.214285714286,391.1083502941874,1.7433422573894028,False,Normal
ATH009,2026-06-10,3514.7699999999995,12417.16,2931.7439285714286,407.3861762808539,1.4311385740949396,False,Normal
ATH009,2026-06-12,3224.22,11948.189999999999,2925.2282142857143,395.9894674717302,0.7550498441871577,False,Normal
ATH009,2026-06-13,3013.0499999999997,11813.36,2912.2214285714285,379.017044527456,0.26602648320019595,False,Normal
ATH009,2026-06-17,1570.68,11180.61,2914.774285714286,379.462506081553,-3.542100376645426,True,⚠️ Anomaly
ATH009,2026-06-18,1871.38,10741.97,2889.2446428571425,442.2227098585984,-2.3017014281844697,True,⚠️ Anomaly
ATH009,2026-06-19,1860.1299999999999,10594.88,2869.9835714285714,474.4115721623861,-2.1286444738808123,True,⚠️ Anomaly
ATH009,2026-06-20,2065.84,11117.96,2850.134642857143,504.76881695875534,-1.553769996297587,False,Normal
ATH009,2026-06-22,2522.62,10601.140000000001,2834.755357142857,522.2026634858531,-0.5977283897007798,False,Normal
ATH009,2026-06-23,3262.83,10539.3,2828.0992857142855,525.0450721881887,0.8279874192017872,False,Normal
ATH009,2026-06-26,1960.1200000000001,9540.27,2856.620357142857,526.2365832932595,-1.7036070573665492,False,Normal
ATH009,2026-06-28,1698.3,9558.279999999999,2826.366428571429,552.8585145051545,-2.040425170228452,True,⚠️ Anomaly
ATH009,2026-06-29,1951.67,9571.35,2775.2764285714284,588.8025808317925,-1.3987819608533847,False,Normal
ATH009,2026-06-30,1927.69,10172.54,2730.2132142857145,602.1587633706748,-1.3327435605079785,False,Normal
ATH010,2026-01-01,475.6,475.6,,,,False,Normal
ATH010,2026-01-02,998.35,998.35,,,,False,Normal
ATH010,2026-01-03,1550.3600000000001,1550.3600000000001,,,,False,Normal
ATH010,2026-01-04,1972.79,1972.79,,,,False,Normal
ATH010,2026-01-06,2171.9700000000003,2171.9700000000003,,,,False,Normal
ATH010,2026-01-07,2813.82,2813.82,,,,False,Normal
ATH010,2026-01-08,2814.56,3290.16,,,,False,Normal
ATH010,2026-01-09,3006.71,4005.06,1828.207142857143,883.0637729653558,1.3345614362430558,False,Normal
ATH010,2026-01-10,2585.18,4135.54,1975.52,917.6110383568224,0.6643991566314695,False,Normal
ATH010,2026-01-11,2317.73,4290.5199999999995,2043.26,882.0754695036021,0.31116385104152267,False,Normal
ATH010,2026-01-12,2667.91,4640.7,2070.707,836.1457524465723,0.714233132504204,False,Normal
ATH010,2026-01-13,3205.3399999999997,5377.3099999999995,2124.998181818182,813.4178532933511,1.3281511019308834,False,Normal
ATH010,2026-01-15,2983.01,6273.17,2215.0266666666666,835.9188166142073,0.9187295680745188,False,Normal
ATH010,2026-01-16,3047.73,7052.79,2274.102307692308,828.1904088750148,0.9341181496638692,False,Normal
ATH010,2026-01-17,3196.43,7331.97,2329.361428571429,822.123987484736,1.0546688633685797,False,Normal
ATH010,2026-01-18,3555.41,7845.93,2387.1659999999997,823.2439944147786,1.4190738200653046,False,Normal
ATH010,2026-01-19,3762.7200000000003,8403.42,2460.18125,847.2592620355355,1.5373555750463659,False,Normal
ATH010,2026-01-20,3465.04,8842.35,2536.8011764705884,879.0808633374006,1.0559197250698695,False,Normal
ATH010,2026-01-21,3552.26,8929.57,2588.3700000000003,880.4507454573882,1.0947687931131975,False,Normal
ATH010,2026-01-23,2436.0,9488.79,2639.101052631579,883.756959293012,-0.22981550583098756,False,Normal
ATH010,2026-01-24,2509.6400000000003,9841.61,2628.946,861.3838948392414,-0.13850502745035123,False,Normal
ATH010,2026-01-25,2763.79,10609.72,2623.2647619047616,839.9767314433125,0.16729658433963654,False,Normal
ATH010,2026-01-26,2684.01,11087.43,2629.6522727272727,820.2806698344858,0.06626722934199544,False,Normal
ATH010,2026-01-27,3037.62,11879.97,2632.015652173913,801.5012680182001,0.5060557780887709,False,Normal
ATH010,2026-01-28,3526.67,12456.24,2648.9158333333335,788.2439017258372,1.113556558756559,False,Normal
ATH010,2026-01-29,4040.27,12494.24,2684.026,791.3645546354306,1.713804329566922,False,Normal
ATH010,2026-01-31,3674.17,11965.42,2736.1892307692306,819.7277674639214,1.1442588703963268,False,Normal
ATH010,2026-02-02,3146.37,12261.009999999998,2770.929259259259,823.8293037252033,0.4557263732220586,False,Normal
ATH010,2026-02-03,2984.6800000000003,12692.68,2784.3378571428575,811.5368223651329,0.24686759409544487,False,Normal
ATH010,2026-02-04,2899.71,12542.130000000001,2873.9478571428567,674.0428660363503,0.038220333090438784,False,Normal
ATH010,2026-02-05,2778.15,12457.83,2941.8535714285717,565.0531066238738,-0.2897136030393344,False,Normal
ATH010,2026-02-07,2940.38,12320.62,2985.7032142857142,496.5585902623774,-0.09127465554823193,False,Normal
ATH010,2026-02-09,2624.62,12217.72,3020.2599999999998,455.4210880135077,-0.8687344754405955,False,Normal
ATH010,2026-02-10,2378.29,11865.630000000001,3036.426071428571,431.60524802304184,-1.524856508217054,False,Normal
ATH010,2026-02-11,2140.74,12119.380000000001,3020.871428571429,447.48095532174455,-1.966857847477785,False,Normal
ATH010,2026-02-12,2538.87,12013.69,2996.8064285714286,476.18507111956234,-0.9616774156627188,False,Normal
ATH010,2026-02-13,3102.49,11797.689999999999,2980.097857142857,483.96895931497824,0.2528925471385187,False,Normal
ATH010,2026-02-14,3108.35,12232.54,2998.5732142857146,478.17411141761556,0.229574924892601,False,Normal
ATH010,2026-02-15,3649.13,12259.36,3026.809642857143,459.4578994736693,1.354466552551941,False,Normal
ATH010,2026-02-16,3798.7499999999995,12253.75,3061.8532142857143,468.40273813961943,1.5732119514097167,False,Normal
ATH010,2026-02-18,3902.74,12469.86,3083.0464285714284,488.14397266937436,1.6792045325196703,False,Normal
ATH010,2026-02-20,2889.22,12250.91,3115.8939285714287,511.54674527604317,-0.443114789928162,False,Normal
ATH010,2026-02-21,2791.06,12513.96,3110.2328571428575,513.2034241309018,-0.6219226960213086,False,Normal
ATH010,2026-02-22,2753.74,12249.310000000001,3095.755357142857,516.3896029053609,-0.6623203782930128,False,Normal
ATH010,2026-02-23,2682.06,12251.8,3067.124285714286,512.167197688762,-0.7518331659113499,False,Normal
ATH010,2026-02-26,2496.29,10925.88,3028.529285714286,498.338887750008,-1.0680267962176053,False,Normal
ATH010,2026-02-27,2494.14,11264.0,2993.931071428571,500.5346957178171,-0.9985143401734032,False,Normal
ATH010,2026-02-28,2566.2799999999997,11406.07,2956.141071428571,496.74936192498865,-0.784824503684903,False,Normal
ATH010,2026-03-01,2471.5699999999997,11814.82,2960.7939285714283,492.2870593640745,-0.9937777547989931,False,Normal
ATH010,2026-03-03,2453.88,10928.460000000001,2959.434285714286,493.62998743944905,-1.0241563490433196,False,Normal
ATH010,2026-03-05,2286.27,10434.0,2948.3660714285716,501.58945660798213,-1.3199959901590068,False,Normal
ATH010,2026-03-06,2456.75,10942.6,2934.161071428571,514.8110303815498,-0.9273520636780843,False,Normal
ATH010,2026-03-07,2483.17,10948.86,2913.4157142857143,522.1390457881001,-0.8240060147892503,False,Normal
ATH010,2026-03-08,2578.27,11452.71,2876.147857142857,513.9220827046978,-0.5796167690930283,False,Normal
ATH010,2026-03-12,2196.06,10091.189999999999,2823.933571428571,463.0152009360854,-1.3560539052696088,False,Normal
ATH010,2026-03-13,2190.64,10030.75,2771.1439285714287,446.4525771451547,-1.300258881432529,False,Normal
ATH010,2026-03-15,1572.5700000000002,9376.15,2737.0107142857137,453.1864740792248,-2.569451607424076,True,⚠️ Anomaly
ATH010,2026-03-16,1915.25,9166.95,2686.5782142857142,500.6873546624835,-1.5405386357434,False,Normal
ATH010,2026-03-18,2366.84,8876.279999999999,2651.4189285714283,519.3828416662686,-0.5479174623067071,False,Normal
ATH010,2026-03-19,2292.05,9270.67,2636.7292857142857,521.4780590173552,-0.6609660363540132,False,Normal
ATH010,2026-03-20,2429.03,9570.56,2613.574642857143,521.8894124058751,-0.35360871186561205,False,Normal
ATH010,2026-03-22,2485.4,9107.81,2606.589285714286,523.0437821198967,-0.23170007914653998,False,Normal
ATH010,2026-03-23,2603.71,9088.6,2610.4146428571426,521.702202960599,-0.01285147507350832,False,Normal
ATH010,2026-03-24,3062.81,9547.7,2626.949285714286,513.5379004364297,0.8487410839887343,False,Normal
ATH010,2026-03-25,3072.4100000000003,10008.890000000001,2645.6614285714286,519.7180250988979,0.8211155873367392,False,Normal
ATH010,2026-03-27,2720.8599999999997,9797.279999999999,2644.587142857143,518.7689836444875,0.14702663333304894,False,Normal
ATH010,2026-03-28,3252.58,9640.99,2630.7482142857143,511.0502291473004,1.2167723449646561,False,Normal
ATH010,2026-03-29,3274.57,9910.81,2616.5857142857144,486.6974975046091,1.3519368582906153,False,Normal
ATH010,2026-04-01,2281.48,9836.49,2597.8650000000002,448.0917630021452,-0.7060718944715025,False,Normal
ATH010,2026-04-02,2976.19,10142.32,2539.962857142857,371.42141546444105,1.1744803199128035,False,Normal
ATH010,2026-04-03,2664.57,10005.1,2543.0689285714284,374.7986059535653,0.3241769566336776,False,Normal
ATH010,2026-04-04,2489.5600000000004,9647.38,2538.5514285714285,372.4537945960481,-0.13153692963327882,False,Normal
ATH010,2026-04-05,2636.0299999999997,9968.57,2529.1164285714285,370.139657649043,0.2888465724198188,False,Normal
ATH010,2026-04-06,3384.25,10716.789999999999,2527.4725,369.5369470890419,2.3185164751430256,True,⚠️ Anomaly
ATH010,2026-04-08,3728.44,11449.169999999998,2559.1853571428574,403.3190805423143,2.8990808996314525,True,⚠️ Anomaly
ATH010,2026-04-09,3595.72,11541.980000000001,2603.2675000000004,459.4886252622264,2.159906568815746,True,⚠️ Anomaly
ATH010,2026-04-10,3908.99,11723.45,2640.0332142857146,496.14253868892695,2.557645609399963,True,⚠️ Anomaly
ATH010,2026-04-11,4373.62,12544.79,2691.369642857143,549.5563788385047,3.0611060519365045,True,⚠️ Anomaly
ATH010,2026-04-12,4136.38,12532.38,2759.9317857142855,632.346400925442,2.176731317314807,True,⚠️ Anomaly
ATH010,2026-04-13,4200.44,13001.98,2826.007142857143,676.1623936811121,2.0326963906706985,True,⚠️ Anomaly
ATH010,2026-04-14,4627.62,13429.16,2888.281785714286,719.7841214484281,2.416472053850852,True,⚠️ Anomaly
ATH010,2026-04-16,4124.79,13374.72,2964.869285714286,786.114488424289,1.475511177272274,False,Normal
ATH010,2026-04-17,3736.99,13031.41,3020.102142857143,811.8540746015194,0.8830255086109229,False,Normal
ATH010,2026-04-18,3328.7599999999998,13444.52,3075.1353571428576,806.1332132745254,0.31461877352368967,False,Normal
ATH010,2026-04-19,2874.15,12921.13,3115.7825000000003,788.3809605092691,-0.3064920541002325,False,Normal
ATH010,2026-04-21,2095.96,12462.31,3162.2674999999995,730.2480565033028,-1.4601990248435215,False,Normal
ATH010,2026-04-22,2619.0699999999997,12524.23,3168.7214285714285,719.5387616908906,-0.7638941191712416,False,Normal
ATH010,2026-04-23,1985.55,12682.249999999998,3177.7296428571426,710.6518531939637,-1.677586060599144,False,Normal
ATH010,2026-04-24,2136.54,12447.09,3166.783214285714,726.9727264437012,-1.4171690034722357,False,Normal
ATH010,2026-04-25,2393.68,12585.619999999999,3156.337142857143,739.9519058137896,-1.0306847470287717,False,Normal
ATH010,2026-04-26,2874.3199999999997,12520.88,3153.0614285714287,743.2278708978587,-0.3750416789869499,False,Normal
ATH010,2026-04-30,2310.4,12016.460000000001,3162.7260714285717,737.5575678992625,-1.1556061635381178,False,Normal
ATH010,2026-05-01,2711.85,12494.369999999999,3135.8542857142857,754.8367346525681,-0.5617165490885178,False,Normal
ATH010,2026-05-04,1905.23,11041.86,3122.977142857143,759.0230286305768,-1.6043612603614839,False,Normal
ATH010,2026-05-05,2365.74,11502.369999999999,3093.8475,790.0441094700552,-0.9216036057637327,False,Normal
ATH010,2026-05-06,2847.42,11251.67,3062.1746428571428,801.143569944133,-0.2680601216984347,False,Normal
ATH010,2026-05-07,3041.8199999999997,11462.56,3046.9192857142857,801.0162289470214,-0.006366020475002461,False,Normal
ATH010,2026-05-09,3029.55,10793.59,3074.074285714286,786.8693393321101,-0.056584090253253054,False,Normal
ATH010,2026-05-10,3601.3,10777.54,3075.98,786.6880890115165,0.6677614766737747,False,Normal
ATH010,2026-05-12,3116.5,9991.249999999998,3109.434642857143,788.4601725608477,0.008960956290169186,False,Normal
ATH010,2026-05-13,2985.7799999999997,10342.21,3131.8253571428572,779.0507683807788,-0.18746577639144885,False,Normal
ATH010,2026-05-15,2320.9399999999996,9361.859999999999,3144.316428571429,773.5916750060226,-1.0643553378014559,False,Normal
ATH010,2026-05-17,1398.83,9302.220000000001,3106.3410714285715,787.3535418816782,-2.1686713535927327,True,⚠️ Anomaly
ATH010,2026-05-18,1859.92,9763.31,3023.1407142857142,840.4750375429383,-1.3840038815266866,False,Normal
ATH010,2026-05-20,1484.48,9207.619999999999,2961.147857142857,860.455994227854,-1.7161457030326948,False,Normal
ATH010,2026-05-22,1872.1,9097.42,2874.558214285714,883.230345434696,-1.1349906844429558,False,Normal
ATH010,2026-05-23,2531.27,9086.34,2785.218214285714,851.9441426832208,-0.29808082662074237,False,Normal
ATH010,2026-05-25,1682.12,8571.11,2727.8928571428573,810.662194367493,-1.2900229767823401,False,Normal
ATH010,2026-05-26,2077.71,8966.7,2637.9528571428573,780.3708591568266,-0.7179187312916672,False,Normal
ATH010,2026-05-28,1983.6599999999999,8722.859999999999,2546.8846428571424,682.1888863687625,-0.8256139232275429,False,Normal
ATH010,2026-05-29,2000.97,8386.54,2470.4157142857143,615.5097867767734,-0.7626941510451856,False,Normal
ATH010,2026-05-30,1878.9499999999998,8923.69,2408.415,568.8697830917146,-0.9307314533783886,False,Normal
ATH010,2026-06-01,2367.2799999999997,9033.16,2356.6360714285715,547.5796939079192,0.01943813601900673,False,Normal
ATH010,2026-06-02,2463.4399999999996,9064.400000000001,2338.533571428571,538.1343658674037,0.23211011318724328,False,Normal
ATH010,2026-06-03,2977.0,9096.28,2351.657857142857,536.477842919338,1.1656439331291564,False,Normal
ATH010,2026-06-04,3176.84,8857.88,2364.441071428571,547.2421393803879,1.484532842246512,False,Normal
ATH010,2026-06-05,3473.6499999999996,9667.66,2406.9871428571428,562.7822999194672,1.8953383169575408,False,Normal
ATH010,2026-06-07,3049.19,8371.579999999998,2454.7410714285716,594.8022235900754,0.9994060294251852,False,Normal
ATH010,2026-06-08,2588.6600000000003,8497.98,2478.1521428571427,605.1206302410998,0.1826212024845817,False,Normal
ATH010,2026-06-09,2763.1499999999996,8711.05,2467.9500000000003,600.5850559369709,0.491520721472929,False,Normal
ATH010,2026-06-10,2787.0400000000004,8897.54,2484.1196428571425,602.2785526923574,0.5029572376248785,False,Normal
ATH010,2026-06-11,2895.53,9540.51,2486.8050000000003,603.4979211078371,0.6772599966039753,False,Normal
ATH010,2026-06-12,2622.4500000000003,9969.17,2522.172857142857,597.137147134417,0.1679298354462791,False,Normal
ATH010,2026-06-13,3197.9,10544.62,2531.3410714285715,596.6168679239648,1.1172311149881493,False,Normal
ATH010,2026-06-14,3527.09,10499.84,2543.8582142857144,607.0787202420842,1.6196116795564888,False,Normal
ATH010,2026-06-16,3168.53,10472.83,2561.1892857142852,628.3745054234274,0.9665266637074352,False,Normal
ATH010,2026-06-17,2999.17,10412.23,2566.152857142857,632.7448482946232,0.6843471646181122,False,Normal
ATH010,2026-06-18,2827.6000000000004,10883.63,2544.6482142857144,605.9247236650313,0.4669751450358511,False,Normal
ATH010,2026-06-20,2254.38,10267.73,2534.3303571428573,598.2373872158361,-0.46795864505515244,False,Normal
ATH010,2026-06-21,2298.94,10754.17,2508.2089285714287,593.7462807390052,-0.3524551401163515,False,Normal
ATH010,2026-06-22,2840.38,11197.009999999998,2507.4232142857145,594.0177695998633,0.560516541346177,False,Normal
ATH010,2026-06-24,2169.85,10933.060000000001,2558.9071428571433,555.6046634530645,-0.7002409598925361,False,Normal
ATH010,2026-06-25,2193.44,11093.41,2569.9760714285717,544.1322850076972,-0.6919936232477829,False,Normal
ATH010,2026-06-26,2480.06,10867.06,2595.2960714285714,506.97670710127636,-0.2273005244904699,False,Normal
ATH010,2026-06-27,2074.46,10463.24,2617.0089285714284,487.50124586613225,-1.1129180349221348,False,Normal
ATH010,2026-06-28,2211.94,11087.16,2600.694285714286,498.0074010860755,-0.7806194945425993,False,Normal
ATH010,2026-06-29,2176.52,11006.25,2619.616428571429,471.1543302257505,-0.9404485964484762,False,Normal
ATH011,2026-01-01,133.03,133.03,,,,False,Normal
ATH011,2026-01-02,944.53,944.53,,,,False,Normal
ATH011,2026-01-03,1542.12,1542.12,,,,False,Normal
ATH011,2026-01-04,2139.44,2139.44,,,,False,Normal
ATH011,2026-01-05,2515.23,2515.23,,,,False,Normal
ATH011,2026-01-06,3358.54,3358.54,,,,False,Normal
ATH011,2026-01-08,3666.99,3800.02,,,,False,Normal
ATH011,2026-01-09,3271.9799999999996,4216.51,2042.84,1271.8617060042338,0.9664101011905991,False,Normal
ATH011,2026-01-10,3442.15,4984.27,2196.4825,1255.1454208491425,0.992448746821121,False,Normal
ATH011,2026-01-11,3028.0,5167.44,2334.89,1245.3417195894467,0.5565620978541524,False,Normal
ATH011,2026-01-12,3045.35,5560.58,2404.201,1194.402189534813,0.5367948967422019,False,Normal
ATH011,2026-01-13,2331.37,5689.91,2462.4872727272727,1149.4812381251893,-0.1140664748396641,False,Normal
ATH011,2026-01-14,3073.36,6431.9,2451.5608333333334,1096.6407492591209,0.5670035215149061,False,Normal
ATH011,2026-01-15,3110.22,6910.24,2499.3915384615384,1064.0223749749982,0.5740748276584073,False,Normal
ATH011,2026-01-17,2646.0699999999997,7630.34,2543.0221428571426,1035.232562791707,0.09954078034887966,False,Normal
ATH011,2026-01-18,3111.41,8278.85,2549.892,997.9298180533539,0.5626828558899507,False,Normal
ATH011,2026-01-19,3454.17,9014.75,2584.986875,974.258383419366,0.8921484688172945,False,Normal
ATH011,2026-01-20,3726.07,9415.98,2636.115294117647,966.5896980694397,1.1276291357742683,False,Normal
ATH011,2026-01-21,3641.85,10073.75,2696.668333333333,972.284499076334,0.9721245865429154,False,Normal
ATH011,2026-01-22,3900.33,10810.57,2746.414736842105,969.4523223585139,1.1902754127718358,False,Normal
ATH011,2026-01-23,4713.400000000001,11623.64,2804.1105,978.237537311363,1.9517647066044794,False,Normal
ATH011,2026-01-24,4859.83,12490.17,2895.0290476190476,1040.5244224712114,1.888279515549106,False,Normal
ATH011,2026-01-26,4129.67,13144.42,2984.338181818182,1098.457567633714,1.0426727913114389,False,Normal
ATH011,2026-01-28,3518.7599999999998,13592.51,3034.135217391304,1099.4531787578007,0.4407871039640278,False,Normal
ATH011,2026-01-30,2737.49,13416.599999999999,3054.3279166666666,1079.827194862695,-0.2934153892160071,False,Normal
ATH011,2026-01-31,2489.33,13437.38,3041.6544,1058.9890332768641,-0.521558186765093,False,Normal
ATH011,2026-02-01,3244.06,13594.789999999999,3020.411153846154,1043.2318174224824,0.21438077560404195,False,Normal
ATH011,2026-02-02,3208.81,13838.0,3028.6944444444443,1023.8780328517702,0.17591505020757825,False,Normal
ATH011,2026-02-03,3552.8199999999997,13338.699999999999,3035.1271428571426,1005.3148551273292,0.5149559409199103,False,Normal
ATH011,2026-02-04,3946.42,14180.39,3157.2625000000003,832.5757814273995,0.9478506552845415,False,Normal
ATH011,2026-02-05,4317.06,14109.55,3264.4728571428573,723.1791029473148,1.455499942638451,False,Normal
ATH011,2026-02-06,4309.950000000001,14454.57,3363.5778571428573,666.308412170049,1.420321469115145,False,Normal
ATH011,2026-02-08,3521.3599999999997,14088.15,3441.0960714285716,644.5198897504989,0.12453289626562059,False,Normal
ATH011,2026-02-11,2468.95,13575.98,3477.0292857142854,618.5113494807581,-1.6298476762965963,False,Normal
ATH011,2026-02-12,2209.83,13209.16,3445.258214285714,647.0142457304746,-1.9094296956180992,False,Normal
ATH011,2026-02-13,1982.12,13742.96,3393.2167857142854,685.9496235312178,-2.057143465507079,True,⚠️ Anomaly
ATH011,2026-02-14,2264.3599999999997,13305.1,3347.150357142857,735.8870298640207,-1.4714083999319003,False,Normal
ATH011,2026-02-15,1988.2199999999998,12964.96,3305.0864285714283,763.4029568064607,-1.7249951900635392,False,Normal
ATH011,2026-02-17,2783.1099999999997,12622.720000000001,3267.9514285714286,801.7092407716308,-0.6047596858242243,False,Normal
ATH011,2026-02-18,2396.06,12330.19,3258.585714285714,805.9266999084949,-1.0702284889973808,False,Normal
ATH011,2026-02-19,2410.49,11719.32,3260.8960714285713,803.2585027818893,-1.0586953869562514,False,Normal
ATH011,2026-02-20,2408.52,11438.08,3237.222142857143,818.6117872727616,-1.0123261791990532,False,Normal
ATH011,2026-02-23,2270.0299999999997,10369.42,3212.1614285714286,833.2536532382688,-1.1306658241581407,False,Normal
ATH011,2026-02-24,2188.04,11082.32,3198.7314285714283,845.6537351339686,-1.1951598941513746,False,Normal
ATH011,2026-02-25,2357.87,11169.3,3165.753928571429,866.9217182581705,-0.9318995147504656,False,Normal
ATH011,2026-02-26,2689.67,11627.05,3126.600357142858,878.0978331196916,-0.4975873310044949,False,Normal
ATH011,2026-02-27,2685.75,11386.34,3089.5860714285714,873.7253022179494,-0.46220027095865773,False,Normal
ATH011,2026-02-28,3251.16,11333.38,3055.4396428571426,870.0176696012481,0.22496135881074802,False,Normal
ATH011,2026-03-01,3949.12,11276.61,3032.255,855.1921182097906,1.072115821085105,False,Normal
ATH011,2026-03-02,3651.96,10812.57,3004.9592857142857,810.5799808135945,0.7981947859559861,False,Normal
ATH011,2026-03-03,3431.74,10961.24,2961.821071428571,737.0119011468829,0.6376001904991981,False,Normal
ATH011,2026-03-04,3424.69,10647.57,2936.895,707.2532332932127,0.6897034570328648,False,Normal
ATH011,2026-03-05,3320.04,10630.03,2933.5353571428573,704.6053193703924,0.5485406258393111,False,Normal
ATH011,2026-03-06,3293.94,10370.33,2954.340714285714,707.1980604335339,0.4802039268972278,False,Normal
ATH011,2026-03-07,3427.26,11069.06,2983.0767857142855,703.9427846702356,0.6309933476962817,False,Normal
ATH011,2026-03-08,3273.98,11029.23,2989.6196428571425,707.3017279748184,0.4020354339541235,False,Normal
ATH011,2026-03-09,3230.85,11141.06,2991.947142857143,708.1564366189632,0.33735887268564535,False,Normal
ATH011,2026-03-11,2892.33,11070.95,2980.4482142857137,701.2925486876652,-0.12565114865488036,False,Normal
ATH011,2026-03-12,2886.2,11306.4,2942.8021428571424,675.3293964531357,-0.08381412560214302,False,Normal
ATH011,2026-03-15,1730.06,10771.07,2891.7,619.3001893655031,-1.875730090104033,False,Normal
ATH011,2026-03-16,2085.8,11238.640000000001,2799.5610714285713,591.7847985189114,-1.2061159279774263,False,Normal
ATH011,2026-03-17,2645.1,11003.05,2748.2910714285713,589.1145176376168,-0.17516300878541158,False,Normal
ATH011,2026-03-18,2282.34,10957.23,2754.582142857143,586.9575823172254,-0.8045592340638957,False,Normal
ATH011,2026-03-20,2292.8599999999997,10656.94,2757.1717857142858,584.620435971881,-0.7942106658355311,False,Normal
ATH011,2026-03-21,2746.8199999999997,11110.9,2768.269642857143,572.1797204678635,-0.037487597147980424,False,Normal
ATH011,2026-03-22,2858.33,11811.49,2785.5003571428574,563.6436392725993,0.12921221456722473,False,Normal
ATH011,2026-03-23,2769.37,11737.98,2816.575714285714,541.6145724175323,-0.08715739326401149,False,Normal
ATH011,2026-03-24,2725.8,11540.81,2816.085,541.6522391070025,-0.1666844397225213,False,Normal
ATH011,2026-03-25,2749.34,11348.7,2827.861428571429,535.7341871482208,-0.1465678884325228,False,Normal
ATH011,2026-03-27,2542.57,10513.76,2839.9632142857145,529.7506833516194,-0.5613833518895549,False,Normal
ATH011,2026-03-30,1145.3,9231.32,2844.750714285714,526.3017001325701,-3.2290427978052123,True,⚠️ Anomaly
ATH011,2026-04-03,896.9399999999999,8116.76,2804.5817857142856,608.3211134240153,-3.1359125034751356,True,⚠️ Anomaly
ATH011,2026-04-04,1056.6,7577.6900000000005,2758.4710714285716,698.9651993103502,-2.4348437849377356,True,⚠️ Anomaly
ATH011,2026-04-05,1516.3899999999999,7492.8,2711.997142857143,766.5778267892097,-1.5596683090416417,False,Normal
ATH011,2026-04-06,2147.91,8148.38,2670.094285714286,799.2157358747644,-0.6533708763163183,False,Normal
ATH011,2026-04-07,2607.69,8608.16,2650.8857142857137,805.2659230774894,-0.05364155249564306,False,Normal
ATH011,2026-04-08,3065.2,8383.49,2627.904642857143,796.636113014673,0.5489273584246898,False,Normal
ATH011,2026-04-10,2753.68,8486.05,2596.336071428571,758.9636873387353,0.20731417220123774,False,Normal
ATH011,2026-04-11,3079.39,8971.42,2564.254642857143,731.1658841141731,0.7045396514457959,False,Normal
ATH011,2026-04-12,2785.94,8548.68,2551.6707142857144,718.6070758788662,0.3260047021214912,False,Normal
ATH011,2026-04-13,2409.46,8472.039999999999,2528.8582142857144,699.7577209612205,-0.17062793408224683,False,Normal
ATH011,2026-04-15,1961.3,8062.45,2496.3375,682.5745934199482,-0.7838520583065752,False,Normal
ATH011,2026-04-16,2643.7799999999997,8744.93,2448.743214285714,671.2671094504979,0.29055018928894566,False,Normal
ATH011,2026-04-17,2739.7400000000002,8932.93,2420.761785714286,644.7741128548854,0.49471312189220046,False,Normal
ATH011,2026-04-18,2673.58,8898.18,2401.6817857142855,626.228606028026,0.43418363784158714,False,Normal
ATH011,2026-04-21,2855.14,8042.08,2381.7792857142854,607.4750064782645,0.7792266500476203,False,Normal
ATH011,2026-04-22,3016.63,8329.74,2380.4510714285716,606.3569964250637,1.049182135808093,False,Normal
ATH011,2026-04-23,2904.4199999999996,8900.01,2385.1092857142858,610.8704133534234,0.8501160032205767,False,Normal
ATH011,2026-04-24,2817.5699999999997,9207.93,2427.050714285714,604.5117891441704,0.6460077251217187,False,Normal
ATH011,2026-04-26,2860.0,9669.57,2453.1853571428574,605.030158467678,0.6723873796431183,False,Normal
ATH011,2026-04-27,2976.7799999999997,9650.460000000001,2460.8603571428575,608.9054499277535,0.8472902367984323,False,Normal
ATH011,2026-04-28,2940.24,10352.75,2485.6617857142855,615.4720658465615,0.7385846401663363,False,Normal
ATH011,2026-04-29,2637.86,10680.99,2508.7825,620.103314567793,0.20815482995759554,False,Normal
ATH011,2026-04-30,2544.87,11158.27,2504.891071428571,618.8949052011941,0.06459728176051491,False,Normal
ATH011,2026-05-01,2815.37,11126.359999999999,2493.696071428571,615.0882036498343,0.5229720333810136,False,Normal
ATH011,2026-05-03,2486.6299999999997,10639.810000000001,2495.338928571429,615.9126586489313,-0.014139875920935142,False,Normal
ATH011,2026-05-04,3274.58,10777.130000000001,2486.7971428571427,614.2543653463849,1.2825026594619602,False,Normal
ATH011,2026-05-05,2700.71,10445.77,2505.555714285714,630.3775415041405,0.3095831828789922,False,Normal
ATH011,2026-05-08,1477.6,9850.279999999999,2511.203571428571,631.4290023795485,-1.6369276158260433,False,Normal
ATH011,2026-05-09,1979.0900000000001,9866.4,2523.0714285714284,607.4741233246028,-0.8954808240955355,False,Normal
ATH011,2026-05-10,2269.59,10123.46,2561.719642857143,529.6210766442302,-0.5515823590483334,False,Normal
ATH011,2026-05-11,1780.04,10147.71,2605.0407142857143,444.7581803542949,-1.8549421926956302,False,Normal
ATH011,2026-05-12,2441.32,10937.41,2614.4567857142856,423.1210713001358,-0.4091897035103529,False,Normal
ATH011,2026-05-13,2916.28,10943.24,2624.9357142857143,414.68795619186,0.7025626892802553,False,Normal
ATH011,2026-05-14,3538.03,10882.509999999998,2635.9567857142856,418.29759975806667,2.156534521851075,True,⚠️ Anomaly
ATH011,2026-05-15,3365.2,10475.74,2652.843571428571,444.9623197131979,1.6009365220645664,False,Normal
ATH011,2026-05-16,3340.5200000000004,10533.34,2674.683571428571,464.6662553896974,1.4329347587614647,False,Normal
ATH011,2026-05-17,3620.4900000000002,11236.710000000001,2684.009642857143,475.58203013650177,1.9691247730156423,False,Normal
ATH011,2026-05-18,3905.51,11936.91,2713.815,507.3002186703282,2.3490922261447507,True,⚠️ Anomaly
ATH011,2026-05-19,3317.84,11400.11,2767.245357142857,550.9626370842495,0.9993320885985052,False,Normal
ATH011,2026-05-21,2347.53,10325.619999999999,2815.693214285714,536.9323161501106,-0.8719222147821496,False,Normal
ATH011,2026-05-22,2861.6500000000005,10519.82,2805.1128571428567,543.3261294195711,0.10405747081875452,False,Normal
ATH011,2026-05-23,3013.6,11148.58,2809.466785714286,543.2713219285794,0.37574818704041635,False,Normal
ATH011,2026-05-26,1845.55,10305.42,2821.610357142857,543.9211810648474,-1.7944885971015152,False,Normal
ATH011,2026-05-27,2302.68,10434.310000000001,2785.5535714285716,574.2345564199112,-0.8408995349201321,False,Normal
ATH011,2026-05-28,2654.68,10435.43,2760.0553571428572,579.4214840331058,-0.18186304796533345,False,Normal
ATH011,2026-05-29,2452.22,10156.67,2751.1360714285715,579.0389620891912,-0.5162279069271487,False,Normal
ATH011,2026-05-30,2330.23,10663.44,2738.087857142857,581.597271106219,-0.7012719581147564,False,Normal
ATH011,2026-05-31,2911.3199999999997,11111.63,2719.1674999999996,586.0842259950227,0.3278581669277548,False,Normal
ATH011,2026-06-01,3524.13,10819.71,2716.8296428571425,585.1483757987093,1.3796506843942236,False,Normal
ATH011,2026-06-02,3610.22,11214.93,2737.6828571428573,603.5207959708695,1.4457449497718018,False,Normal
ATH011,2026-06-03,3666.51,11728.35,2772.4100000000003,625.1517640867218,1.430212712118284,False,Normal
ATH011,2026-06-04,3740.87,12281.11,2812.468571428572,645.6322402955062,1.4379725339405265,False,Normal
ATH011,2026-06-06,3501.14,12185.49,2845.5221428571426,669.0522992365815,0.9799201914274063,False,Normal
ATH011,2026-06-07,3095.76,11937.800000000001,2881.754642857143,676.3274849672231,0.31642268264940976,False,Normal
ATH011,2026-06-08,2942.1299999999997,11981.800000000001,2875.3682142857147,673.3183143927488,0.09915337855393998,False,Normal
ATH011,2026-06-09,2848.58,11622.19,2883.990357142857,672.5442021518104,-0.0526513454871242,False,Normal
ATH011,2026-06-11,2193.58,10936.66,2932.9539285714286,613.6930099804044,-1.2047944437154943,False,Normal
ATH011,2026-06-12,2710.84,11315.199999999999,2940.6142857142854,602.5836448926096,-0.3813151711995682,False,Normal
ATH011,2026-06-14,2546.98,10864.289999999999,2956.3732142857143,590.0238328083684,-0.6938587757330127,False,Normal
ATH011,2026-06-15,2746.38,10822.67,2983.763928571429,549.8247285395806,-0.431744729273922,False,Normal
ATH011,2026-06-17,2969.66,11274.01,2994.6589285714285,541.6393959722457,-0.04615419180607323,False,Normal
ATH011,2026-06-18,2951.81,11540.94,2996.565357142857,541.447212881278,-0.0826587635472241,False,Normal
ATH011,2026-06-19,2918.98,11372.53,2975.628928571429,530.9670773942454,-0.10669009620980076,False,Normal
ATH011,2026-06-20,3364.85,11189.64,2959.6925,525.5098171802093,0.7709798880142748,False,Normal
ATH011,2026-06-21,3025.4700000000003,11579.529999999999,2960.5614285714287,526.1825203940674,0.12335752122658958,False,Normal
ATH011,2026-06-22,2726.2000000000003,11938.84,2939.3107142857143,510.3194356183591,-0.4176025826401961,False,Normal
ATH011,2026-06-24,2445.2099999999996,11416.539999999999,2897.1925,475.0713278814028,-0.9513992393850252,False,Normal
ATH011,2026-06-25,2512.21,11398.47,2866.027142857143,475.0770983422707,-0.7447573122167942,False,Normal
ATH011,2026-06-26,2537.05,11457.36,2871.9085714285716,469.40590753367457,-0.713366760098879,False,Normal
ATH011,2026-06-28,2153.99,10822.2,2860.315714285714,473.6576919114454,-1.4912155473192825,False,Normal
ATH011,2026-06-29,2396.6,10811.310000000001,2829.615357142857,490.89876207174416,-0.8820868794115491,False,Normal
ATH011,2026-06-30,2967.94,10859.009999999998,2849.2957142857144,460.063436281535,0.2578867963801441,False,Normal
ATH012,2026-01-01,155.06,155.06,,,,False,Normal
ATH012,2026-01-02,868.6300000000001,868.6300000000001,,,,False,Normal
ATH012,2026-01-03,977.03,977.03,,,,False,Normal
ATH012,2026-01-04,1606.0,1606.0,,,,False,Normal
ATH012,2026-01-05,2202.64,2202.64,,,,False,Normal
ATH012,2026-01-06,2955.19,2955.19,,,,False,Normal
ATH012,2026-01-08,3590.46,3745.52,,,,False,Normal
ATH012,2026-01-09,3307.58,4176.21,1765.0014285714285,1223.5160344056055,1.2607751169995653,False,Normal
ATH012,2026-01-10,3603.3999999999996,4580.43,1957.82375,1257.2108577884105,1.3089103071339774,False,Normal
ATH012,2026-01-11,3629.56,5235.5599999999995,2140.6655555555553,1297.6466703431938,1.1473804684064506,False,Normal
ATH012,2026-01-12,3667.25,5869.89,2289.555,1310.9038886902933,1.0509504257985205,False,Normal
ATH012,2026-01-13,3646.1,6601.29,2414.7999999999997,1311.1718099166103,0.9390836431102878,False,Normal
ATH012,2026-01-14,4015.1,6970.29,2517.4083333333333,1299.7018259573883,1.1523348176905381,False,Normal
ATH012,2026-01-15,3540.76,7286.28,2632.6153846153848,1311.8691781869575,0.6922524215712564,False,Normal
ATH012,2026-01-17,3391.3399999999997,7971.77,2697.4828571428575,1283.5595483679724,0.5405726160031855,False,Normal
ATH012,2026-01-19,2863.5099999999998,8733.4,2743.74,1249.7762191231334,0.09583315650223596,False,Normal
ATH012,2026-01-20,2723.74,9325.03,2751.225625,1207.7697537194676,-0.022757338404406198,False,Normal
ATH012,2026-01-21,2854.8899999999994,9825.18,2749.608823529412,1169.4370357883872,0.09002722955461318,False,Normal
ATH012,2026-01-22,3288.0299999999997,10574.31,2755.4577777777777,1134.791922676242,0.4693126656790329,False,Normal
ATH012,2026-01-23,3839.16,11125.44,2783.487894736842,1109.567011203414,0.9514270833612808,False,Normal
ATH012,2026-01-24,3667.73,11639.5,2836.2715,1105.470191853484,0.752131089673198,False,Normal
ATH012,2026-01-26,3303.97,12037.369999999999,2875.8647619047615,1092.6487459271577,0.39180499651969425,False,Normal
ATH012,2026-01-27,3332.4199999999996,12657.45,2895.324090909091,1070.215133996361,0.40841873302493864,False,Normal
ATH012,2026-01-30,1893.1299999999999,12149.939999999999,2914.3282608695654,1049.573837381163,-0.9729646686102632,False,Normal
ATH012,2026-01-31,1747.2299999999998,12409.699999999999,2871.778333333333,1047.4546635106194,-1.0736009609851074,False,Normal
ATH012,2026-02-01,2481.9399999999996,12515.44,2826.7964,1049.7764415653776,-0.3285046095012066,False,Normal
ATH012,2026-02-03,1746.56,11448.82,2813.532692307692,1030.7877709113848,-1.0351041430810861,False,Normal
ATH012,2026-02-04,2347.25,12049.51,2774.015185185185,1031.4171047207533,-0.4137658598368193,False,Normal
ATH012,2026-02-05,2722.82,11634.75,2758.7735714285714,1015.3447922830954,-0.03541020912484941,False,Normal
ATH012,2026-02-06,2548.3699999999994,11390.73,2850.4792857142857,878.1602466433197,-0.34402523556386083,False,Normal
ATH012,2026-02-07,2848.08,11654.38,2910.47,790.7858476318446,-0.07889620203350672,False,Normal
ATH012,2026-02-08,2585.2699999999995,11471.150000000001,2977.293214285714,694.5532440302827,-0.5644249993145551,False,Normal
ATH012,2026-02-09,3295.74,11547.29,3012.2671428571425,645.8959278446872,0.43888317749391575,False,Normal
ATH012,2026-02-10,3631.41,11434.13,3051.306428571428,627.9327855762808,0.9238306786230087,False,Normal
ATH012,2026-02-11,3206.81,11241.22,3075.4571428571426,637.0371038723358,0.20619341690524337,False,Normal
ATH012,2026-02-12,3653.37,11747.359999999999,3061.755357142857,629.6327052866096,0.9396186663903348,False,Normal
ATH012,2026-02-13,4059.81,12340.47,3074.105,637.9688841796924,1.5450675173091406,False,Normal
ATH012,2026-02-15,3564.63,12299.57,3090.4053571428567,657.5244687151401,0.7212273693537513,False,Normal
ATH012,2026-02-16,3338.7999999999997,12022.58,3088.0864285714283,655.6644422614604,0.3823809181474477,False,Normal
ATH012,2026-02-18,3277.3999999999996,11663.73,3076.356071428571,647.8100504482566,0.310343947940164,False,Normal
ATH012,2026-02-19,2961.0599999999995,11420.390000000001,3063.1882142857144,639.4939488785245,-0.1597016116646863,False,Normal
ATH012,2026-02-20,2880.52,11381.83,3025.5439285714283,611.8076836860815,-0.23704169208479584,False,Normal
ATH012,2026-02-21,3594.67,11581.92,3001.963928571429,603.8870758268152,0.9814849417286576,False,Normal
ATH012,2026-02-22,3503.14,12134.98,3009.225714285714,609.9350127096336,0.809781821706011,False,Normal
ATH012,2026-02-23,3732.35,12450.96,3032.0696428571428,616.2210408760695,1.1364109802990208,False,Normal
ATH012,2026-02-24,4547.46,12645.99,3068.091428571428,626.9166020365029,2.359753381267823,True,⚠️ Anomaly
ATH012,2026-02-25,4490.65,13322.109999999999,3128.540357142857,684.5496485929687,1.9897894121439383,False,Normal
ATH012,2026-02-27,3894.33,13383.03,3171.491071428571,731.0741544813778,0.9887354437857387,False,Normal
ATH012,2026-02-28,3540.46,13375.150000000001,3173.4614285714283,733.0120492249733,0.5006719491399982,False,Normal
ATH012,2026-03-01,3339.17,12992.21,3168.9160714285713,730.2228979709084,0.23315336871045583,False,Normal
ATH012,2026-03-02,3048.5199999999995,13415.41,3170.173214285714,730.494266071514,-0.1665354814349835,False,Normal
ATH012,2026-03-03,2582.71,13482.14,3160.033928571428,730.1290476110893,-0.7907149160280301,False,Normal
ATH012,2026-03-06,2150.1099999999997,12984.77,3184.6617857142855,696.6762886898183,-1.4849820533721367,False,Normal
ATH012,2026-03-07,2336.54,12863.61,3199.0503571428567,669.5203472165015,-1.2882511498398845,False,Normal
ATH012,2026-03-08,2367.7,12774.64,3193.8574999999996,675.8225217528144,-1.2224474228193467,False,Normal
ATH012,2026-03-10,1987.3099999999997,11838.04,3216.0410714285713,635.5505412273401,-1.9333333727569706,False,Normal
ATH012,2026-03-11,2420.81,12095.45,3203.1860714285713,657.0505458223714,-1.190739550256885,False,Normal
ATH012,2026-03-12,3199.1899999999996,12051.699999999999,3192.4,667.6220816866047,0.010170424535458777,False,Normal
ATH012,2026-03-13,2891.6499999999996,11816.61,3215.6435714285717,655.5903098746863,-0.4942012817280692,False,Normal
ATH012,2026-03-16,2713.75,11439.12,3217.199642857143,654.7367219276832,-0.7689344831230495,False,Normal
ATH012,2026-03-18,2304.04,11122.09,3221.788214285714,650.5809841071888,-1.4106594516363962,False,Normal
ATH012,2026-03-19,1868.3299999999997,10958.97,3186.370357142857,673.0134191908647,-1.9584161616383233,False,Normal
ATH012,2026-03-21,1989.0299999999997,10210.97,3123.403214285714,711.2254597526698,-1.5949558592576185,False,Normal
ATH012,2026-03-22,2430.68,10099.560000000001,3079.911071428571,742.4834880285929,-0.8744047266995513,False,Normal
ATH012,2026-03-23,2287.3599999999997,9994.130000000001,3036.243571428571,743.4618906181992,-1.007292479787853,False,Normal
ATH012,2026-03-24,2751.2,9642.859999999999,2972.9417857142857,728.387357655931,-0.3044283833095169,False,Normal
ATH012,2026-03-25,2960.2299999999996,9591.669999999998,2943.890714285714,720.0885572850078,0.022690661515148564,False,Normal
ATH012,2026-03-26,2777.3299999999995,9751.439999999999,2930.370357142857,715.9411972981834,-0.21376107104941103,False,Normal
ATH012,2026-03-27,3432.7899999999995,9984.86,2912.5107142857137,713.1957097767171,0.7295042280570808,False,Normal
ATH012,2026-03-28,3443.08,10113.589999999998,2929.3582142857144,719.9250290908823,0.7135767822421881,False,Normal
ATH012,2026-03-29,3163.6799999999994,9924.07,2949.4496428571424,726.3329394394023,0.2949478751551652,False,Normal
ATH012,2026-03-30,3079.8799999999997,10025.49,2934.0571428571425,716.65526796546,0.20347699048782444,False,Normal
ATH012,2026-03-31,3481.25,10541.4,2918.940714285714,708.6259448315167,0.7935206011233205,False,Normal
ATH012,2026-04-01,3336.3999999999996,11021.48,2909.9728571428573,699.4806258236501,0.6096339585603494,False,Normal
ATH012,2026-04-02,3332.8399999999997,11177.69,2866.720714285714,628.2978169857829,0.7418763413033359,False,Normal
ATH012,2026-04-03,3022.1,10856.849999999999,2825.370357142857,550.7810942079482,0.3571829987012363,False,Normal
ATH012,2026-04-05,3160.66,10717.029999999999,2794.219285714286,511.337096400238,0.7166323680902871,False,Normal
ATH012,2026-04-07,2313.3199999999997,10867.41,2780.6549999999993,495.6037763248049,-0.9429609343689125,False,Normal
ATH012,2026-04-08,2335.5299999999997,10936.199999999999,2744.0174999999995,490.6798836355832,-0.8324928606679423,False,Normal
ATH012,2026-04-09,2941.7999999999997,10920.3,2718.5535714285716,492.7882476744262,0.4530270955628023,False,Normal
ATH012,2026-04-10,3138.98,11104.18,2731.378214285714,493.7936002769485,0.825449713171007,False,Normal
ATH012,2026-04-11,3575.18,11540.38,2766.6949999999997,485.9816335540384,1.6636122523550083,False,Normal
ATH012,2026-04-12,3398.25,12153.27,2810.932142857143,501.50258581628776,1.1711163087761336,False,Normal
ATH012,2026-04-13,3969.7,11972.98,2847.7374999999997,505.56856694092784,2.21920936815499,True,⚠️ Anomaly
ATH012,2026-04-14,3775.02,12320.789999999999,2918.5371428571425,519.2337806939724,1.649512972746382,False,Normal
ATH012,2026-04-15,3642.6299999999997,12274.79,2966.9017857142853,534.0146726452341,1.2653738724790167,False,Normal
ATH012,2026-04-16,3131.99,12183.960000000001,2982.738928571428,547.5623789483258,0.2725736412264671,False,Normal
ATH012,2026-04-17,3313.06,12906.93,2991.3224999999998,547.9652193114082,0.58714949172195,False,Normal
ATH012,2026-04-18,3077.4399999999996,12628.789999999999,3012.7264285714286,548.4260218939979,0.11799872516092803,False,Normal
ATH012,2026-04-19,2832.5699999999997,12555.16,3040.347857142857,530.5974522028226,-0.3915922631747454,False,Normal
ATH012,2026-04-21,2324.5499999999997,11894.14,3074.785,480.65344524503877,-1.56086470912016,False,Normal
ATH012,2026-04-22,2491.68,11806.24,3086.7678571428573,456.1398817480923,-1.3046170285796246,False,Normal
ATH012,2026-04-24,2290.25,11764.39,3088.946428571428,453.025318769306,-1.7630282359078213,False,Normal
ATH012,2026-04-25,2508.1,11693.810000000001,3089.0496428571423,452.8362163772132,-1.282913384236058,False,Normal
ATH012,2026-04-26,2812.2599999999998,12203.740000000002,3080.3675,461.79547848888404,-0.5805762777871237,False,Normal
ATH012,2026-04-27,3213.58,12080.44,3075.082857142857,464.0623110607987,0.29844514315448883,False,Normal
ATH012,2026-04-28,3194.1799999999994,11607.07,3090.663214285714,461.00860177604875,0.22454415235525801,False,Normal
ATH012,2026-04-29,3590.9599999999996,12060.8,3082.141428571428,456.6347409255076,1.1142791509846528,False,Normal
ATH012,2026-05-02,2827.0,11987.720000000001,3087.422857142857,461.7900519985974,-0.5639421118228162,False,Normal
ATH012,2026-05-03,2634.3499999999995,11677.429999999998,3075.398571428571,464.10838387500434,-0.9503137343611455,False,Normal
ATH012,2026-05-04,2478.89,11923.289999999999,3059.4867857142854,471.5271707661891,-1.2313114104768725,False,Normal
ATH012,2026-05-06,1653.0499999999997,11378.32,3023.688214285714,476.3459654421239,-2.8774006997488613,True,⚠️ Anomaly
ATH012,2026-05-07,2155.8199999999997,11118.61,2963.5685714285714,537.6941847384878,-1.5022453177942163,False,Normal
ATH012,2026-05-08,2287.9999999999995,10708.89,2921.532142857143,553.5315785990435,-1.1445275524489074,False,Normal
ATH012,2026-05-09,2549.39,10961.93,2895.3142857142852,565.8401548561386,-0.6113463011514877,False,Normal
ATH012,2026-05-12,2189.46,9795.239999999998,2873.4832142857144,567.0141995481997,-1.2063599374244034,False,Normal
ATH012,2026-05-14,1604.6999999999998,9591.32,2869.059642857143,572.007342438514,-2.2103905825178307,True,⚠️ Anomaly
ATH012,2026-05-15,2194.27,9590.1,2842.9585714285713,612.4955260711239,-1.0590911179214795,False,Normal
ATH012,2026-05-17,1908.3999999999996,9424.869999999999,2816.2610714285715,624.2073737762054,-1.4544222153871316,False,Normal
ATH012,2026-05-19,1954.86,9425.55,2772.3117857142856,643.6620327242919,-1.2700015600647296,False,Normal
ATH012,2026-05-20,2300.6299999999997,9234.289999999999,2714.443214285714,641.6410206364304,-0.6449294870132549,False,Normal
ATH012,2026-05-21,2706.3599999999997,10057.839999999998,2675.2425,631.7702509886483,0.0492544559534174,False,Normal
ATH012,2026-05-22,2424.87,9724.72,2630.123214285714,578.7904255783246,-0.35462441190285054,False,Normal
ATH012,2026-05-24,2687.22,9299.829999999998,2581.9035714285715,534.4152953442521,0.1970685148590051,False,Normal
ATH012,2026-05-25,3463.12,9674.41,2547.781785714286,493.0833755585858,1.8563558612147084,False,Normal
ATH012,2026-05-28,2583.33,9050.21,2559.6078571428566,511.25016177382014,0.046400264744831825,False,Normal
ATH012,2026-05-30,2698.3599999999997,9177.65,2533.5460714285714,489.5586143270009,0.336658213640054,False,Normal
ATH012,2026-05-31,2826.5899999999997,9492.07,2520.0074999999997,479.0900719119844,0.6399266400501062,False,Normal
ATH012,2026-06-01,2597.5599999999995,9793.08,2519.7939285714283,478.94688698295363,0.16236888377841988,False,Normal
ATH012,2026-06-02,3021.12,10216.64,2529.5442857142853,477.60198368305606,1.0292581083832595,False,Normal
ATH012,2026-06-03,3588.8499999999995,10284.560000000001,2548.452857142857,486.44594327867077,2.138772369741255,True,⚠️ Anomaly
ATH012,2026-06-04,3620.1,10514.49,2594.8314285714287,521.5550463240023,1.9657916813475718,False,Normal
ATH012,2026-06-06,3572.8,10201.06,2634.5457142857144,555.9117305527361,1.6877756560045805,False,Normal
ATH012,2026-06-07,3337.72,10759.93,2661.707857142857,582.844329946508,1.159850251814555,False,Normal
ATH012,2026-06-08,3368.22,11337.3,2666.141428571428,587.6501233362783,1.1947220693882379,False,Normal
ATH012,2026-06-09,3613.46,11640.64,2672.357142857142,594.3246969513798,1.5834826685989916,False,Normal
ATH012,2026-06-11,2469.5099999999993,11379.3,2673.160714285714,595.6265025377876,-0.34191009536684436,False,Normal
ATH012,2026-06-12,3003.2499999999995,11191.289999999999,2660.3932142857143,596.0380909469263,0.5752262999997002,False,Normal
ATH012,2026-06-13,2976.0899999999997,11672.119999999999,2673.568214285714,599.5081387397604,0.5046166451555162,False,Normal
ATH012,2026-06-14,3098.92,11950.45,2691.325357142857,600.8901175045922,0.6783181000709806,False,Normal
ATH012,2026-06-15,2786.59,12215.49,2742.963571428571,569.6755649211697,0.07658118279562527,False,Normal
ATH012,2026-06-16,2950.97,12636.75,2765.4910714285716,557.9483830788389,0.33243026451287305,False,Normal
ATH012,2026-06-17,3604.72,12944.73,2789.1685714285713,550.9580876827823,1.4802422304053506,False,Normal
ATH012,2026-06-18,3860.8799999999997,12533.82,2826.858928571429,569.7249041510474,1.814947993136048,False,Normal
ATH012,2026-06-19,4082.8099999999995,12849.23,2886.5524999999993,587.7447085611797,2.03533521029646,True,⚠️ Anomaly
ATH012,2026-06-20,4104.28,13351.53,2975.056428571428,573.9901744559367,1.9673221279422064,False,Normal
ATH012,2026-06-22,3749.08,12501.449999999999,3043.271071428571,591.0058979234384,1.1942502283841214,False,Normal
ATH012,2026-06-23,3508.7699999999995,13094.32,3109.0096428571424,561.7434978277167,0.7116421617495272,False,Normal
ATH012,2026-06-25,2850.2999999999997,12800.79,3164.5064285714284,518.5990881154518,-0.6058753973386842,False,Normal
ATH012,2026-06-26,2565.97,13272.130000000001,3184.1375,494.5318762195419,-1.2500053681586574,False,Normal
ATH012,2026-06-27,2822.3799999999997,13475.55,3179.1235714285713,500.2341592895311,-0.7131531599826065,False,Normal
ATH012,2026-06-28,3376.5599999999995,13235.779999999999,3193.3203571428567,483.3926378443181,0.3790699909586897,False,Normal
ATH013,2026-01-01,643.08,643.08,,,,False,Normal
ATH013,2026-01-03,1059.53,1059.53,,,,False,Normal
ATH013,2026-01-06,1557.08,1557.08,,,,False,Normal
ATH013,2026-01-07,2098.62,2098.62,,,,False,Normal
ATH013,2026-01-08,2213.58,2856.66,,,,False,Normal
ATH013,2026-01-09,2328.54,2971.62,,,,False,Normal
ATH013,2026-01-10,2484.64,3544.17,,,,False,Normal
ATH013,2026-01-11,2911.11,3970.64,1769.2957142857142,700.8898324714838,1.6290923805928392,False,Normal
ATH013,2026-01-12,3401.26,4460.79,1912.0225,764.2224548753551,1.9486963390036678,False,Normal
ATH013,2026-01-13,3250.49,4807.57,2077.4933333333333,870.3199616376727,1.3477763562488558,False,Normal
ATH013,2026-01-15,2559.92,5416.58,2194.793,900.4926890325713,0.4054746967377023,False,Normal
ATH013,2026-01-17,2339.52,5883.69,2227.9863636363634,861.3467176378247,0.12948750378884447,False,Normal
ATH013,2026-01-20,1570.65,6378.22,2237.2808333333332,821.8927593112944,-0.8110922328746841,False,Normal
ATH013,2026-01-21,2118.4700000000003,6926.04,2186.0015384615385,808.3314653639533,-0.08354436435445703,False,Normal
ATH013,2026-01-22,1902.97,7319.55,2181.177857142857,776.8294463263287,-0.3581324812782499,False,Normal
ATH013,2026-01-24,1862.5800000000002,7746.27,2162.6306666666665,752.0102340913289,-0.39899811606849256,False,Normal
ATH013,2026-01-25,2158.36,8042.05,2143.8775,730.3731919550901,0.0198289041267147,False,Normal
ATH013,2026-01-26,2533.07,8416.76,2144.729411764706,707.1895254232649,0.5491322683305662,False,Normal
ATH013,2026-01-27,2622.0299999999997,9000.25,2166.303888888889,692.1536111904546,0.6584175878636166,False,Normal
ATH013,2026-01-28,2538.61,9464.65,2190.2894736842104,680.7291024374257,0.5116874320028182,False,Normal
ATH013,2026-01-29,2887.61,9564.08,2207.7055,667.1352275882383,1.0191404559131498,False,Normal
ATH013,2026-01-30,3487.5299999999997,10164.0,2240.0819047619048,666.9548744751705,1.8703635627818402,False,Normal
ATH013,2026-01-31,3483.1899999999996,10169.929999999998,2296.784090909091,703.1212659729613,1.6873418093096506,False,Normal
ATH013,2026-02-02,3414.2599999999998,10771.49,2348.366956521739,730.1410378228602,1.4598454110407875,False,Normal
ATH013,2026-02-03,3362.8199999999997,10805.99,2392.7791666666667,746.5025666627395,1.2994474187408727,False,Normal
ATH013,2026-02-04,3197.1,10563.13,2431.5807999999997,756.0990878731877,1.0124588328142414,False,Normal
ATH013,2026-02-05,2790.4799999999996,10140.98,2461.023846153846,755.8820110259372,0.4358565874573361,False,Normal
ATH013,2026-02-07,2254.49,9939.779999999999,2473.2259259259263,743.9101908122389,-0.29403539382502547,False,Normal
ATH013,2026-02-08,3104.4300000000003,10363.25,2465.4139285714286,731.173544598703,0.8739595081757081,False,Normal
ATH013,2026-02-09,2895.4900000000002,10265.72,2553.319285714286,647.0924444285433,0.5287818104380593,False,Normal
ATH013,2026-02-10,3001.5,10557.0,2618.8892857142855,579.621956124587,0.660103900901011,False,Normal
ATH013,2026-02-11,2968.01,10822.19,2670.475714285714,544.8548245272142,0.5460799323424643,False,Normal
ATH013,2026-02-12,3129.1200000000003,10710.18,2701.5253571428575,535.7554893894958,0.7981152808054204,False,Normal
ATH013,2026-02-13,3864.36,11445.42,2734.223214285714,532.8027503130374,2.121116651613185,True,⚠️ Anomaly
ATH013,2026-02-14,3947.0,11547.259999999998,2789.073928571429,567.4215974579852,2.040680292424558,True,⚠️ Anomaly
ATH013,2026-02-15,3966.24,12416.439999999999,2841.301071428571,604.4542734740412,1.861081934462889,False,Normal
ATH013,2026-02-16,4130.9,12973.72,2878.984285714286,640.7665482346181,1.9537782016475083,False,Normal
ATH013,2026-02-18,3662.3599999999997,12366.079999999998,2905.042857142857,676.6260368199295,1.1192551005226652,False,Normal
ATH013,2026-02-20,2740.4,12282.85,2919.7525,688.7818688123466,-0.2603908553941091,False,Normal
ATH013,2026-02-21,2714.8499999999995,12399.529999999999,2926.1982142857137,686.1291602954966,-0.308029779982959,False,Normal
ATH013,2026-02-22,2481.1,12739.18,2939.6028571428574,677.8594479129629,-0.6763981214019005,False,Normal
ATH013,2026-02-23,2460.37,12901.019999999999,2972.118928571428,629.9003838958521,-0.8124283484419037,False,Normal
ATH013,2026-02-25,2262.7799999999997,12090.25,2984.3296428571425,615.8976273007402,-1.1715415206573172,False,Normal
ATH013,2026-02-26,2488.85,11573.81,2997.18,595.9299760132142,-0.8530029037987648,False,Normal
ATH013,2026-02-28,2235.3199999999997,11151.66,3019.5467857142858,562.588365484191,-1.3939619690487952,False,Normal
ATH013,2026-03-01,2062.59,11614.36,3022.2953571428575,558.397525460677,-1.7186776684783875,False,Normal
ATH013,2026-03-02,2073.23,11559.99,3005.4925,580.3127515057585,-1.606482879414634,False,Normal
ATH013,2026-03-04,2449.44,11342.59,2985.8924999999995,602.584293108379,-0.8902530419980839,False,Normal
ATH013,2026-03-05,2980.04,11763.37,2982.707857142857,605.2653869560764,-0.004407747742314856,False,Normal
ATH013,2026-03-06,3118.32,11901.65,2986.0089285714284,604.9795065542802,0.21870339407389572,False,Normal
ATH013,2026-03-07,2655.42,11552.59,2972.8228571428567,597.6224466373957,-0.5311093298599595,False,Normal
ATH013,2026-03-08,2757.5299999999997,11267.460000000001,2943.2596428571424,591.8870734040656,-0.3137923620953112,False,Normal
ATH013,2026-03-09,2841.37,11505.869999999999,2919.8050000000003,585.5092466328707,-0.13396030968095224,False,Normal
ATH013,2026-03-10,3374.89,11401.33,2901.1817857142855,579.1548052186079,0.8179302148877249,False,Normal
ATH013,2026-03-11,3297.54,11672.119999999999,2907.531428571429,583.4777842336238,0.6684206013787358,False,Normal
ATH013,2026-03-13,2704.3399999999997,10741.63,2925.640714285714,587.5647772384948,-0.37664053881141224,False,Normal
ATH013,2026-03-14,2927.0999999999995,10532.69,2941.706785714286,574.5393428107714,-0.025423473426253188,False,Normal
ATH013,2026-03-15,2757.4300000000003,10058.65,2935.3735714285713,573.655877251589,-0.3101921874854775,False,Normal
ATH013,2026-03-16,2902.73,10277.7,2930.4428571428575,574.6039295985123,-0.04822949464028387,False,Normal
ATH013,2026-03-17,2568.61,10477.1,2926.9153571428574,574.4547083747691,-0.6237312566495704,False,Normal
ATH013,2026-03-18,2582.74,10592.5,2912.6510714285714,578.3420917322024,-0.5704427814348585,False,Normal
ATH013,2026-03-23,1415.38,9232.710000000001,2893.1375,579.9830527449019,-2.5479322076846485,True,⚠️ Anomaly
ATH013,2026-03-24,1379.1699999999998,9395.900000000001,2805.6739285714284,611.8752828280009,-2.331363872026877,True,⚠️ Anomaly
ATH013,2026-03-27,1349.92,9453.57,2713.965714285714,626.7306090275656,-2.1764466177935136,True,⚠️ Anomaly
ATH013,2026-03-28,2146.46,9649.960000000001,2620.525714285714,628.1461496335634,-0.7547060736777037,False,Normal
ATH013,2026-03-29,2798.25,9839.05,2549.652857142857,559.6357839726171,0.4442123787947533,False,Normal
ATH013,2026-03-30,2598.02,9757.5,2518.7917857142857,518.3022742466851,0.15286101995378434,False,Normal
ATH013,2026-03-31,2725.38,10048.05,2513.706785714286,516.7436712942108,0.40962904055615756,False,Normal
ATH013,2026-04-01,3159.06,9868.4,2514.082857142857,516.8992876391928,1.2477810635083548,False,Normal
ATH013,2026-04-02,3654.36,9607.029999999999,2538.2957142857144,530.9838486587969,2.1018799131712456,True,⚠️ Anomaly
ATH013,2026-04-03,3581.29,9916.54,2580.938214285714,570.9347837768538,1.7521296900089856,False,Normal
ATH013,2026-04-05,2250.95,9332.47,2628.027857142857,597.4788735974169,-0.6311149628981418,False,Normal
ATH013,2026-04-06,2134.08,9050.210000000001,2619.531428571429,601.2112173598935,-0.8074557070029367,False,Normal
ATH013,2026-04-07,2641.37,9314.53,2615.9157142857143,603.9058568244543,0.04214942681320064,False,Normal
ATH013,2026-04-09,2530.49,9596.650000000001,2636.5864285714283,594.0905419223463,-0.17858629465489187,False,Normal
ATH013,2026-04-10,2866.03,10078.230000000001,2652.917142857143,584.2340680143287,0.3647730743727023,False,Normal
ATH013,2026-04-11,3365.19,10217.380000000001,2667.7953571428575,584.1648383263962,1.1938319410924223,False,Normal
ATH013,2026-04-12,3735.4500000000003,10310.490000000002,2681.550714285714,596.2001829545394,1.7676936637147034,False,Normal
ATH013,2026-04-13,4109.51,10256.99,2703.5910714285715,623.7167656125789,2.2540983441267857,True,⚠️ Anomaly
ATH013,2026-04-17,2364.4700000000003,10161.710000000001,2755.522857142857,677.7518499058438,-0.576985303982842,False,Normal
ATH013,2026-04-18,2434.17,10730.570000000002,2741.4849999999997,681.7674464947704,-0.4507622086974446,False,Normal
ATH013,2026-04-19,2465.58,11250.230000000001,2726.942142857143,683.8975617539629,-0.3821656304590981,False,Normal
ATH013,2026-04-20,2334.3,11175.91,2694.4667857142854,673.500314867278,-0.5347685483788686,False,Normal
ATH013,2026-04-21,3120.21,11798.63,2660.065357142857,666.1152770075391,0.6907883045773998,False,Normal
ATH013,2026-04-22,3555.19,12233.609999999999,2674.917857142857,671.7515612263605,1.3104132445187087,False,Normal
ATH013,2026-04-24,3547.67,12359.460000000001,2697.349642857143,690.7041053853408,1.2310920848928024,False,Normal
ATH013,2026-04-25,3433.31,12017.42,2725.5724999999998,709.1486962633696,0.9980100135968587,False,Normal
ATH013,2026-04-27,2459.51,11037.4,2744.5217857142857,721.0469255600885,-0.39527494759498,False,Normal
ATH013,2026-04-29,1723.44,10797.99,2740.625357142857,722.326378485116,-1.4082074079533518,False,Normal
ATH013,2026-04-30,2075.64,10654.890000000001,2709.9360714285717,747.1120368673917,-0.8489972589494712,False,Normal
ATH013,2026-05-01,2356.7799999999997,11134.95,2733.5167857142856,714.4448599569565,-0.5273140123605665,False,Normal
ATH013,2026-05-03,2397.42,11512.1,2768.4314285714286,668.198014828019,-0.5552417402301315,False,Normal
ATH013,2026-05-04,2747.67,11650.99,2805.842142857143,612.8705661632903,-0.09491750145763014,False,Normal
ATH013,2026-05-06,2659.89,11250.19,2827.3139285714283,599.2949273650462,-0.2793681723747448,False,Normal
ATH013,2026-05-07,2729.71,10854.109999999999,2822.3725,600.1133051326408,-0.1544083412373586,False,Normal
ATH013,2026-05-08,2273.2,10542.119999999999,2827.075714285714,598.8044991445597,-0.9249691929118273,False,Normal
ATH013,2026-05-10,1931.5900000000001,9708.24,2810.9264285714285,607.6804187461638,-1.4470376228113067,False,Normal
ATH013,2026-05-13,1673.04,9611.56,2767.0882142857145,625.6452593274524,-1.7486717880061609,False,Normal
ATH013,2026-05-14,2035.85,10396.39,2696.326785714286,633.5716798235784,-1.0424657647232585,False,Normal
ATH013,2026-05-15,2116.0299999999997,10293.68,2641.1324999999997,620.8096034458196,-0.8458350146089962,False,Normal
ATH013,2026-05-16,2530.43,10139.22,2636.3139285714287,624.4631279708243,-0.1695599368941058,False,Normal
ATH013,2026-05-17,2945.76,10188.42,2650.469285714286,617.1057104588748,0.47850912620163333,False,Normal
ATH013,2026-05-23,1040.23,7746.14,2661.340357142857,619.6154759292081,-2.616316764379964,True,⚠️ Anomaly
ATH013,2026-05-24,1024.27,8299.04,2608.116785714286,691.1474661966336,-2.2916191741686522,True,⚠️ Anomaly
ATH013,2026-05-26,1774.63,8911.99,2542.3396428571427,750.762472786375,-1.022573278080709,False,Normal
ATH013,2026-05-27,2190.6,8843.140000000001,2485.5339285714285,746.3575335580193,-0.39516440219398075,False,Normal
ATH013,2026-05-28,2775.6,9075.94,2430.3607142857145,706.5775580554619,0.48860777104837844,False,Normal
ATH013,2026-05-30,2749.92,8593.78,2382.7210714285716,629.9882619267416,0.5828663020615586,False,Normal
ATH013,2026-05-31,2543.4900000000002,8445.11,2396.4871428571428,633.7745975581961,0.2319481684959123,False,Normal
ATH013,2026-06-01,2806.55,8220.51,2400.3914285714286,634.3517986318899,0.6402733819065951,False,Normal
ATH013,2026-06-02,2595.95,8760.27,2412.5689285714284,638.9059686412991,0.2870235690841183,False,Normal
ATH013,2026-06-04,1805.8300000000002,8152.0599999999995,2421.9135714285717,639.6318431561749,-0.9631846475756934,False,Normal
ATH013,2026-06-05,2403.7700000000004,8278.66,2374.9714285714285,634.6979862178508,0.045373661259242144,False,Normal
ATH013,2026-06-06,2715.4500000000003,9036.03,2333.8492857142855,591.2098716720099,0.6454572776440688,False,Normal
ATH013,2026-06-08,2831.77,9608.35,2304.127142857143,547.2087099551634,0.9642442591714052,False,Normal
ATH013,2026-06-09,2540.67,9857.01,2282.6435714285712,511.9041751706498,0.50405220564066,False,Normal
ATH013,2026-06-10,2994.96,9685.15,2285.5421428571426,513.1709533678069,1.3824201320965916,False,Normal
ATH013,2026-06-13,1866.12,8371.720000000001,2330.9535714285716,517.8256848357967,-0.8976641851513627,False,Normal
ATH013,2026-06-14,2328.19,8264.93,2323.470714285714,523.1383323106851,0.00902110478779285,False,Normal
ATH013,2026-06-15,2153.5,8816.09,2322.449642857143,523.0988104554131,-0.3229784497312358,False,Normal
ATH013,2026-06-16,2678.05,9589.3,2313.738214285714,523.8345937769234,0.6954710323492485,False,Normal
ATH013,2026-06-17,2859.42,10224.96,2311.2517857142857,521.8601196720258,1.0504121576299459,False,Normal
ATH013,2026-06-18,3652.95,11018.49,2318.377857142857,528.1218820910442,2.527015426009318,True,⚠️ Anomaly
ATH013,2026-06-19,4200.21,11565.75,2351.3507142857147,580.9344425111733,3.1825609749050567,True,⚠️ Anomaly
ATH013,2026-06-20,4188.63,11520.12,2420.1725,677.4582991218533,2.6104300475650537,True,⚠️ Anomaly
ATH013,2026-06-22,3378.38,11170.2,2500.781071428572,747.7976422225631,1.173578089873454,False,Normal
ATH013,2026-06-23,3350.63,11165.300000000001,2561.6860714285713,747.330962818816,1.055682111170204,False,Normal
ATH013,2026-06-24,3282.31,11316.67,2608.6424999999995,754.3402295291636,0.8930552469944277,False,Normal
ATH013,2026-06-25,3007.57,11250.46,2650.2953571428566,758.3209972646548,0.4711390613551142,False,Normal
ATH013,2026-06-27,2653.92,11424.12,2667.3360714285714,760.8843904559683,-0.01763220746391125,False,Normal
ATH013,2026-06-28,2797.32,11221.05,2656.9132142857147,758.925527079073,0.18500733036965872,False,Normal
ATH013,2026-06-29,2961.37,11325.02,2719.6664285714287,689.7911978069579,0.3504010665793003,False,Normal
ATH013,2026-06-30,2822.31,11391.66,2788.8485714285716,605.4370947824591,0.05526821673100723,False,Normal
ATH014,2026-01-01,375.98,375.98,,,,False,Normal
ATH014,2026-01-02,1103.3600000000001,1103.3600000000001,,,,False,Normal
ATH014,2026-01-03,1867.79,1867.79,,,,False,Normal
ATH014,2026-01-04,2312.92,2312.92,,,,False,Normal
ATH014,2026-01-06,3112.15,3112.15,,,,False,Normal
ATH014,2026-01-08,3536.31,3912.29,,,,False,Normal
ATH014,2026-01-09,3156.35,4259.71,,,,False,Normal
ATH014,2026-01-12,2782.1099999999997,5095.03,2209.2657142857142,1167.941854101438,0.4904732917162269,False,Normal
ATH014,2026-01-13,2478.87,5591.02,2280.87125,1100.107838940444,0.17998121910548326,False,Normal
ATH014,2026-01-14,3088.04,6200.19,2302.871111111111,1031.1709582489757,0.7614342535617749,False,Normal
ATH014,2026-01-17,2598.38,6858.09,2381.388,1003.4025184762316,0.21625618433719354,False,Normal
ATH014,2026-01-18,3316.08,7575.79,2401.1145454545454,954.156934276156,0.9589255411527948,False,Normal
ATH014,2026-01-19,3213.1200000000003,8308.15,2477.3616666666667,947.3193209053671,0.7766740497070813,False,Normal
ATH014,2026-01-21,2347.85,8548.04,2533.9584615384615,929.6617491938143,-0.2001894363190176,False,Normal
ATH014,2026-01-22,2847.99,9048.18,2520.665,894.5739832134107,0.36590042427146324,False,Normal
ATH014,2026-01-23,3197.7,9397.89,2542.4866666666667,866.1661349769755,0.7564522634572294,False,Normal
ATH014,2026-01-25,2251.43,9827.22,2583.4375,852.6775790610031,-0.38937050551466107,False,Normal
ATH014,2026-01-26,1956.1699999999998,10264.32,2563.9076470588234,829.519089966661,-0.7326385304565431,False,Normal
ATH014,2026-01-27,2695.1899999999996,11003.34,2530.144444444444,817.401068244543,0.20191502307430131,False,Normal
ATH014,2026-01-28,2581.21,11129.25,2538.831052631579,795.2729425793576,0.05328855679531954,False,Normal
ATH014,2026-01-29,2477.06,11149.26,2540.95,774.1198443189664,-0.0825324405114653,False,Normal
ATH014,2026-01-30,2460.13,10754.66,2537.907619047619,754.6474901694481,-0.103064834986935,False,Normal
ATH014,2026-01-31,3030.45,10560.55,2534.372272727273,736.6472010653713,0.6734264741049415,False,Normal
ATH014,2026-02-01,3410.27,10924.57,2555.9408695652173,727.1058596987788,1.1749721433804827,False,Normal
ATH014,2026-02-02,3497.51,11448.91,2591.5379166666667,732.1941758196158,1.237338554788682,False,Normal
ATH014,2026-02-03,3222.54,11113.73,2627.7768,739.3252879750112,0.804467545847157,False,Normal
ATH014,2026-02-04,3677.64,11694.74,2650.652307692307,733.7188264849563,1.3997019774287467,False,Normal
ATH014,2026-02-05,4034.8,11647.749999999998,2688.6888888888893,746.1239206177138,1.804138795063251,False,Normal
ATH014,2026-02-06,4136.13,11734.44,2736.7642857142855,775.1110750864633,1.8053744285999473,False,Normal
ATH014,2026-02-07,3752.3,11920.93,2871.0553571428572,669.4799311543148,1.3163122624717132,False,Normal
ATH014,2026-02-10,2382.36,11017.22,2965.6603571428573,593.2563460694877,-0.983218065862098,False,Normal
ATH014,2026-02-12,1531.5300000000002,10891.38,2984.037857142857,565.2989036774633,-2.5694510420837453,True,⚠️ Anomaly
ATH014,2026-02-13,1346.2,11140.16,2956.1310714285714,616.6147358634845,-2.6109189057476603,True,⚠️ Anomaly
ATH014,2026-02-14,1548.03,10870.58,2893.0614285714287,686.4273879200716,-1.9594664377349198,False,Normal
ATH014,2026-02-15,1894.17,10499.02,2822.0514285714285,719.4669360622296,-1.2896790416108463,False,Normal
ATH014,2026-02-16,2674.91,10547.4,2776.973571428571,737.0711354996696,-0.1384718061973505,False,Normal
ATH014,2026-02-19,2248.3599999999997,10291.75,2773.145,737.3218392237518,-0.7117448203521151,False,Normal
ATH014,2026-02-20,2730.7599999999998,10673.220000000001,2764.9125,742.0012528971401,-0.04602755031295686,False,Normal
ATH014,2026-02-22,2694.43,10942.02,2752.1524999999997,739.3058385911745,-0.07807661861564111,False,Normal
ATH014,2026-02-23,2589.52,11180.75,2755.5828571428574,738.7885664501449,-0.22477724302202462,False,Normal
ATH014,2026-02-24,3033.8,10886.01,2729.634285714286,731.0924694791353,0.4160427401234434,False,Normal
ATH014,2026-02-26,3357.26,11171.95,2723.2299999999996,727.4767986729248,0.871546695587555,False,Normal
ATH014,2026-02-27,3359.44,11572.529999999999,2759.280357142857,733.1742657254753,0.8185770708458862,False,Normal
ATH014,2026-02-28,3894.2400000000002,11537.01,2777.546428571429,741.7866724345937,1.5054106698405731,False,Normal
ATH014,2026-03-03,2782.1,10445.57,2802.422857142857,767.6281338612063,-0.026474872723374832,False,Normal
ATH014,2026-03-04,3466.42,10548.880000000001,2821.3753571428574,760.0339190261433,0.8487050731678657,False,Normal
ATH014,2026-03-06,2287.59,9723.99,2875.312857142857,749.8798728431362,-0.7837560100320224,False,Normal
ATH014,2026-03-07,2635.84,10420.550000000001,2860.7557142857145,757.4243798334838,-0.2969480786123639,False,Normal
ATH014,2026-03-08,2871.0499999999997,10655.76,2862.7067857142856,756.7476791338516,0.011025093985439742,False,Normal
ATH014,2026-03-09,3361.75,11146.460000000001,2876.777857142857,752.9648226270313,0.6440833997597865,False,Normal
ATH014,2026-03-10,3413.43,11476.64,2908.9785714285713,753.7654214513036,0.669241934181798,False,Normal
ATH014,2026-03-11,3515.0899999999997,12262.62,2922.656428571429,759.5042236647208,0.7800266976396664,False,Normal
ATH014,2026-03-13,3946.24,12324.029999999999,2926.4,762.2500347047597,1.3379336878548147,False,Normal
ATH014,2026-03-14,3587.8499999999995,12460.369999999999,2942.426071428571,779.2302405548093,0.8282839846049722,False,Normal
ATH014,2026-03-15,4023.6400000000003,12785.23,2955.472857142857,787.1122994792639,1.3570708316511115,False,Normal
ATH014,2026-03-17,3224.9700000000003,12454.300000000001,2967.8299999999995,801.4550641316221,0.32084144390379815,False,Normal
ATH014,2026-03-19,3134.92,12665.849999999999,2938.9075000000003,775.7240256146131,0.25268329138664664,False,Normal
ATH014,2026-03-20,3062.0,12655.269999999999,2903.15,740.7820703373789,0.2144355355788429,False,Normal
ATH014,2026-03-21,3068.8100000000004,13186.74,2878.496428571428,722.7423926202725,0.26332144533351404,False,Normal
ATH014,2026-03-22,2812.86,12903.66,2903.0125,716.9086445991052,-0.12575172677742352,False,Normal
ATH014,2026-03-23,3617.96,13032.93,2948.7742857142853,665.1480872007967,1.0060702679036633,False,Normal
ATH014,2026-03-24,3631.16,13051.66,3029.9085714285716,597.5456268815725,1.006201704979744,False,Normal
ATH014,2026-03-25,4502.94,13923.439999999999,3104.3060714285716,532.3324105352008,2.627369479842976,True,⚠️ Anomaly
ATH014,2026-03-26,4305.45,13614.039999999999,3197.4764285714286,540.9144519012801,2.048334200600694,True,⚠️ Anomaly
ATH014,2026-03-27,4004.2200000000003,13300.050000000001,3255.71,569.5828750091639,1.314137121815605,False,Normal
ATH014,2026-03-28,3967.7599999999998,13260.26,3318.4192857142857,550.9207801418138,1.1786462549453403,False,Normal
ATH014,2026-03-30,3083.39,13596.039999999999,3362.5978571428573,551.6480727336904,-0.5061340208427516,False,Normal
ATH014,2026-03-31,3403.79,13673.349999999999,3376.4892857142854,538.9505106183392,0.05065532687665956,False,Normal
ATH014,2026-04-01,3232.07,13689.09,3405.5703571428567,516.4111001079314,-0.33597333036914667,False,Normal
ATH014,2026-04-02,3321.01,14276.47,3412.651428571429,512.4688488434415,-0.1788234129318267,False,Normal
ATH014,2026-04-03,3283.95,14296.41,3411.3567857142853,512.6597195819852,-0.248521155159549,False,Normal
ATH014,2026-04-04,3595.02,14219.439999999999,3408.660714285714,513.1411360321458,0.36317354549920794,False,Normal
ATH014,2026-04-05,4203.19,14592.4,3397.9742857142855,505.7161491824408,1.5922285961946345,False,Normal
ATH014,2026-04-06,4070.6299999999997,14304.92,3448.7275,512.8773068615144,1.2125755842184764,False,Normal
ATH014,2026-04-07,3844.37,14104.29,3470.3064285714286,526.187406821833,0.7108941920292464,False,Normal
ATH014,2026-04-08,3463.42,13637.419999999998,3525.905714285714,476.4889179343917,-0.1311378123054643,False,Normal
ATH014,2026-04-09,3284.91,14046.289999999999,3555.462142857143,443.7780885328911,-0.6096563797270288,False,Normal
ATH014,2026-04-10,3322.2,13672.37,3570.2428571428572,426.70200003747414,-0.5813023072801947,False,Normal
ATH014,2026-04-12,2598.15,13166.91,3568.8303571428573,427.4824769073376,-2.270690401546599,True,⚠️ Anomaly
ATH014,2026-04-13,2818.34,13590.320000000002,3539.7132142857145,464.6124110765063,-1.552634404695074,False,Normal
ATH014,2026-04-14,2916.1400000000003,13795.46,3514.8292857142856,484.2245359405903,-1.2363877525358167,False,Normal
ATH014,2026-04-15,2968.19,14166.619999999999,3478.0400000000004,489.3381337109396,-1.0419175716666658,False,Normal
ATH014,2026-04-17,2479.15,13089.52,3455.909285714286,498.12143818274905,-1.9608858620454233,False,Normal
ATH014,2026-04-18,3082.7700000000004,13161.67,3400.7489285714287,518.0418984938451,-0.6138092874262103,False,Normal
ATH014,2026-04-19,2875.64,13229.69,3395.6703571428575,520.5200471642463,-0.9990592292764583,False,Normal
ATH014,2026-04-20,2821.94,12794.3,3386.4103571428573,527.588859192756,-1.0699057557935021,False,Normal
ATH014,2026-04-21,2560.91,12725.21,3377.836785714286,534.9550569565272,-1.5270942392094695,False,Normal
ATH014,2026-04-23,2749.29,11914.53,3359.6974999999998,554.0903631921501,-1.1016389032348497,False,Normal
ATH014,2026-04-26,1700.91,11377.89,3357.4271428571433,556.538816448375,-2.9764629059091035,True,⚠️ Anomaly
ATH014,2026-04-27,1487.43,11198.34,3288.9610714285714,635.6034186464914,-2.8343634073978183,True,⚠️ Anomaly
ATH014,2026-04-28,1885.71,11207.130000000001,3212.3992857142853,716.7845472609356,-1.8508899093653621,False,Normal
ATH014,2026-04-29,2447.84,11069.199999999999,3118.9267857142854,712.8979057499186,-0.9413504799236984,False,Normal
ATH014,2026-04-30,2415.04,11008.56,3052.5835714285713,684.2490548916428,-0.9317419832308461,False,Normal
ATH014,2026-05-01,2823.12,11034.33,2995.8271428571425,668.1086210859074,-0.2585015930140727,False,Normal
ATH014,2026-05-02,3228.83,10633.960000000001,2954.947142857143,640.9006363609192,0.42734059166797533,False,Normal
ATH014,2026-05-06,2105.85,9711.630000000001,2960.1414285714286,642.5673819269093,-1.3294970342403756,False,Normal
ATH014,2026-05-07,2304.2200000000003,10027.87,2913.7864285714286,656.0524614818563,-0.9291428115284747,False,Normal
ATH014,2026-05-08,2016.06,9728.19,2880.6489285714283,662.7789598425111,-1.3044906084177312,False,Normal
ATH014,2026-05-10,2191.49,9619.130000000001,2834.0435714285713,676.4074249116886,-0.9499504998965128,False,Normal
ATH014,2026-05-11,2391.56,9395.789999999999,2795.0271428571427,680.9868800327359,-0.5924741792936563,False,Normal
ATH014,2026-05-12,3169.8199999999997,9519.1,2752.046428571429,666.4481898798887,0.6268657905783562,False,Normal
ATH014,2026-05-13,2876.07,9619.51,2715.1403571428573,609.2714407387466,0.26413455825537197,False,Normal
ATH014,2026-05-15,2829.1800000000003,10078.220000000001,2672.4775,549.7574692509621,0.28503932873073207,False,Normal
ATH014,2026-05-16,3670.78,10316.199999999999,2636.2207142857146,500.9145170136585,2.065340992475321,True,⚠️ Anomaly
ATH014,2026-05-17,3664.7400000000002,10408.23,2643.6264285714287,514.933765932944,1.9829998321794722,False,Normal
ATH014,2026-05-19,3115.88,10074.07,2657.1917857142857,536.9843409749013,0.8541929052399565,False,Normal
ATH014,2026-05-20,3320.92,10750.68,2649.8232142857146,528.875382486647,1.2689128818190536,False,Normal
ATH014,2026-05-21,4130.7,11000.92,2675.6364285714285,543.6907942477377,2.6762703853425154,True,⚠️ Anomaly
ATH014,2026-05-23,3176.0,11685.96,2722.5064285714284,609.0833041499171,0.7445509806930296,False,Normal
ATH014,2026-05-24,3013.4,11720.72,2731.7871428571425,614.1020997440519,0.45857660682194284,False,Normal
ATH014,2026-05-25,3774.5699999999997,12325.66,2733.401785714286,614.8057203826361,1.6934914230103828,False,Normal
ATH014,2026-05-27,2799.68,11102.52,2779.6667857142857,643.056321092246,0.03112202404249954,False,Normal
ATH014,2026-05-28,2466.3999999999996,11052.28,2769.5564285714286,640.3339839155371,-0.47343485772483473,False,Normal
ATH014,2026-05-29,2815.2799999999997,10993.08,2754.940714285714,642.4897825094972,0.09391477865781289,False,Normal
ATH014,2026-06-01,1112.21,10743.01,2754.702857142857,642.465292274003,-2.5565472203630812,True,⚠️ Anomaly
ATH014,2026-06-02,1651.73,11282.529999999999,2702.963571428572,713.1006112859549,-1.4741728653588615,False,Normal
ATH014,2026-06-03,2397.77,11394.44,2663.765,740.114108036602,-0.3593972836237912,False,Normal
ATH014,2026-06-05,2044.0600000000002,11021.08,2688.652857142857,717.9208752845348,-0.8978605851061016,False,Normal
ATH014,2026-06-07,2584.7200000000003,10980.6,2708.5325000000003,690.6137457987,-0.1792789395710766,False,Normal
ATH014,2026-06-08,2887.19,11238.64,2733.497142857143,672.1557489421476,0.22865661326968043,False,Normal
ATH014,2026-06-09,2861.21,10973.92,2749.1882142857144,670.3660716744615,0.1671053927811026,False,Normal
ATH014,2026-06-10,2479.13,10997.5,2765.1228571428574,667.425467698286,-0.4285015645704161,False,Normal
ATH014,2026-06-12,2587.93,10779.830000000002,2752.8375,669.4811310074397,-0.24632135599079,False,Normal
ATH014,2026-06-13,3309.93,10660.23,2729.9482142857137,663.5340419191638,0.8740799251787951,False,Normal
ATH014,2026-06-14,3073.63,10389.49,2772.9510714285716,660.599948410194,0.455160387606819,False,Normal
ATH014,2026-06-18,2079.26,8946.06,2800.4300000000003,656.3690334515139,-1.098726422554901,False,Normal
ATH014,2026-06-20,1177.41,8661.640000000001,2802.687142857143,653.6749542953413,-2.486369000643729,True,⚠️ Anomaly
ATH014,2026-06-21,1520.81,8896.900000000001,2766.4700000000003,714.0933724090422,-1.7443937279486046,False,Normal
ATH014,2026-06-22,2186.1800000000003,8801.1,2735.371785714286,749.1260305234392,-0.7331100019719609,False,Normal
ATH014,2026-06-23,2643.62,9258.54,2700.2417857142855,751.0593987658176,-0.07538922461702714,False,Normal
ATH014,2026-06-24,3362.61,9846.34,2691.94,750.32824097191,0.8938354754330884,False,Normal
ATH014,2026-06-25,2985.2700000000004,9464.93,2710.9910714285716,760.6429465253788,0.3605882757795054,False,Normal
ATH014,2026-06-28,2409.63,9588.79,2686.508571428571,739.3402672589103,-0.3744941046631923,False,Normal
ATH014,2026-06-29,2293.03,9981.92,2641.6832142857143,715.4980936074904,-0.48728741194519387,False,Normal
ATH014,2026-06-30,2211.6400000000003,9818.45,2612.2957142857144,712.1908831903646,-0.5625678785593512,False,Normal
ATH015,2026-01-01,832.58,832.58,,,,False,Normal
ATH015,2026-01-02,1490.5700000000002,1490.5700000000002,,,,False,Normal
ATH015,2026-01-03,1940.0700000000002,1940.0700000000002,,,,False,Normal
ATH015,2026-01-04,2738.06,2738.06,,,,False,Normal
ATH015,2026-01-06,3338.54,3338.54,,,,False,Normal
ATH015,2026-01-07,3943.48,3943.48,,,,False,Normal
ATH015,2026-01-08,3613.7000000000003,4446.28,,,,False,Normal
ATH015,2026-01-09,3469.67,4960.24,2556.714285714286,1167.1923941929645,0.7821810001743219,False,Normal
ATH015,2026-01-10,3862.5,5802.570000000001,2670.8337500000002,1127.7873805178692,1.0566408798197386,False,Normal
ATH015,2026-01-11,3597.05,6335.110000000001,2803.2411111111114,1127.2540584030342,0.7041969669317202,False,Normal
ATH015,2026-01-12,4053.8500000000004,6791.91,2882.6220000000003,1092.0283367487411,1.0725252821616857,False,Normal
ATH015,2026-01-13,4172.55,7511.09,2989.097272727273,1094.5227819291008,1.0812499719621067,False,Normal
ATH015,2026-01-14,4190.5,8133.9800000000005,3087.7183333333337,1098.0829657414392,1.0042790035651399,False,Normal
ATH015,2026-01-15,4402.59,8848.87,3172.5476923076926,1094.9211287664655,1.1234072257588719,False,Normal
ATH015,2026-01-16,4061.5099999999998,9021.75,3260.407857142857,1102.1363763665727,0.7268629908561284,False,Normal
ATH015,2026-01-20,2136.42,9647.51,3313.8146666666667,1082.0001330595817,-1.0881649924915784,False,Normal
ATH015,2026-01-21,1666.74,9800.72,3240.2275,1085.9636916797294,-1.4489319597473709,False,Normal
ATH015,2026-01-22,1599.45,10448.32,3147.6694117647057,1118.592335607965,-1.384078329951398,False,Normal
ATH015,2026-01-23,1812.5800000000002,10834.33,3061.657222222222,1144.9068448609592,-1.0909858979609066,False,Normal
ATH015,2026-01-25,2238.05,11259.8,2995.916315789474,1148.9579108489304,-0.6596119045209492,False,Normal
ATH015,2026-01-26,2774.9900000000002,11796.74,2958.023,1131.0805346453824,-0.16182136849997567,False,Normal
ATH015,2026-01-27,2618.07,12265.58,2949.307142857143,1103.1642246471865,-0.30026095431356004,False,Normal
ATH015,2026-01-29,2242.83,11858.57,2934.2509090909093,1078.8917813196715,-0.6408621523144628,False,Normal
ATH015,2026-01-30,2029.68,11373.44,2904.189130434783,1063.9000833763948,-0.8219842672250192,False,Normal
ATH015,2026-01-31,2629.06,11523.32,2867.75125,1055.7160249567794,-0.22609418097046674,False,Normal
ATH015,2026-02-01,2390.32,10912.060000000001,2858.2036,1034.5898957110169,-0.45224064331156927,False,Normal
ATH015,2026-02-02,2517.08,11575.76,2840.208076923077,1017.8315245344651,-0.31746715358503863,False,Normal
ATH015,2026-02-03,2487.58,11414.619999999999,2828.240370370371,1000.0013453932543,-0.3406599120488232,False,Normal
ATH015,2026-02-04,2940.52,11262.62,2816.073928571429,983.4176013585338,0.12654448248298186,False,Normal
ATH015,2026-02-05,2848.42,11093.289999999999,2891.3574999999996,903.3788474045442,-0.04752989304914686,False,Normal
ATH015,2026-02-06,3015.78,10919.550000000001,2939.852142857143,860.8417454740409,0.08820187629381972,False,Normal
ATH015,2026-02-07,2857.54,10518.36,2978.2703571428574,838.278298155885,-0.14402180923501207,False,Normal
ATH015,2026-02-09,2485.56,10007.470000000001,2982.5375,837.3137958735572,-0.5935379333879369,False,Normal
ATH015,2026-02-10,2763.25,10005.32,2952.0739285714285,839.396005136759,-0.22495214108228245,False,Normal
ATH015,2026-02-11,2665.25,9737.37,2909.922857142857,817.1049427449333,-0.2994387187536986,False,Normal
ATH015,2026-02-12,3098.19,9788.89,2876.0496428571428,806.4386420483311,0.2754584732926824,False,Normal
ATH015,2026-02-13,3461.0,10319.04,2862.7825000000003,799.3354041101197,0.748393599137499,False,Normal
ATH015,2026-02-14,3513.69,10812.87,2848.4432142857145,784.1951112425355,0.8483179455942035,False,Normal
ATH015,2026-02-15,3933.41,11232.59,2845.4660714285715,781.4010742597969,1.3922989926805673,False,Normal
ATH015,2026-02-16,3846.53,11624.16,2841.164642857143,774.8065100850906,1.2975695790584494,False,Normal
ATH015,2026-02-17,3533.71,11402.61,2829.5210714285718,756.2861243987412,0.9311144365252887,False,Normal
ATH015,2026-02-19,2938.09,11127.53,2806.0642857142857,721.9153324133962,0.18288254641212068,False,Normal
ATH015,2026-02-20,2987.17,11493.630000000001,2753.7607142857137,651.5879471120475,0.3582160884786121,False,Normal
ATH015,2026-02-21,3095.46,12095.75,2715.3914285714286,601.429010254461,0.6319425317840367,False,Normal
ATH015,2026-02-22,3551.71,12546.25,2749.6428571428573,594.5041750459699,1.3491362660239066,False,Normal
ATH015,2026-02-23,3537.85,12387.02,2816.9632142857145,573.6977857145081,1.2565619105823491,False,Normal
ATH015,2026-02-24,3730.46,12515.0,2886.1917857142857,537.1265696763178,1.5718235923322237,False,Normal
ATH015,2026-02-25,4508.49,13293.03,2954.6875,517.0576904099163,3.0050853682655148,True,⚠️ Anomaly
ATH015,2026-02-26,4444.59,13329.29,3035.774642857143,575.263002676181,2.44899350486457,True,⚠️ Anomaly
ATH015,2026-02-27,3881.94,13345.89,3095.4032142857145,631.0555331086669,1.2463828370851873,False,Normal
ATH015,2026-02-28,4015.6099999999997,13482.300000000001,3140.5414285714287,640.7745198078034,1.3656419604372576,False,Normal
ATH015,2026-03-01,3932.96,14088.89,3203.855,636.3554144326725,1.1457512318804046,False,Normal
ATH015,2026-03-03,3676.09,13703.51,3271.8292857142856,607.274873262321,0.665696428561253,False,Normal
ATH015,2026-03-05,3045.59,13526.460000000001,3309.223214285714,598.4008516906551,-0.4405628995026898,False,Normal
ATH015,2026-03-08,1754.0299999999997,13172.11,3332.6257142857144,573.4250908320705,-2.7529240340618646,True,⚠️ Anomaly
ATH015,2026-03-10,1450.3400000000001,12390.6,3305.3739285714287,629.0526734545303,-2.94893258840194,True,⚠️ Anomaly
ATH015,2026-03-11,2224.23,12809.55,3268.3296428571425,704.9569551633645,-1.4810828309583615,False,Normal
ATH015,2026-03-12,1772.37,12200.64,3242.7478571428574,729.850244864364,-2.0146295318652854,True,⚠️ Anomaly
ATH015,2026-03-16,2069.19,10916.32,3204.3175000000006,778.1164545834505,-1.45881441436381,False,Normal
ATH015,2026-03-17,2080.7599999999998,10937.65,3170.5107142857137,806.6512336261454,-1.350956483865957,False,Normal
ATH015,2026-03-18,1843.2,11473.98,3142.7685714285717,830.8091582962929,-1.5642203247898048,False,Normal
ATH015,2026-03-19,2543.07,11805.619999999999,3119.827142857143,858.0512559621371,-0.6721709674679307,False,Normal
ATH015,2026-03-20,2853.2,11363.64,3111.9635714285714,862.4378239326794,-0.3000373641413602,False,Normal
ATH015,2026-03-21,3468.46,11376.78,3118.6760714285715,859.5588222533838,0.4069342545451973,False,Normal
ATH015,2026-03-22,3960.58,10992.93,3131.9,862.0765123343278,0.9612603848306955,False,Normal
ATH015,2026-03-23,3597.05,10975.52,3149.742142857143,874.2243082123216,0.5116625709682512,False,Normal
ATH015,2026-03-24,3336.05,10543.24,3152.719285714286,875.6504018830743,0.20936519173800877,False,Normal
ATH015,2026-03-25,3570.7700000000004,10536.26,3131.3849999999998,863.1124947301246,0.5090703734249453,False,Normal
ATH015,2026-03-27,2857.7400000000002,10339.44,3121.536428571428,856.1956505864,-0.30810297668617714,False,Normal
ATH015,2026-03-28,2414.51,9775.68,3097.394642857143,853.6696205011247,-0.7999401951966769,False,Normal
ATH015,2026-03-30,2116.1499999999996,9536.42,3078.695357142857,862.9720835855674,-1.115384118966598,False,Normal
ATH015,2026-03-31,2445.91,9313.06,3047.5875,881.8852526374642,-0.6822627980233897,False,Normal
ATH015,2026-04-02,2072.12,9100.96,3024.389285714286,889.0931460969134,-1.0710568289663616,False,Normal
ATH015,2026-04-03,2142.98,9626.289999999999,2971.5467857142858,900.4875886616813,-0.9201312668236934,False,Normal
ATH015,2026-04-04,2520.9700000000003,10176.31,2921.73,906.5612454234423,-0.44206610642484534,False,Normal
ATH015,2026-04-08,2073.98,9162.810000000001,2878.5339285714285,895.3451232835846,-0.8985964268402011,False,Normal
ATH015,2026-04-09,2424.4300000000003,9753.02,2791.587142857142,848.1621838743438,-0.43288553750415343,False,Normal
ATH015,2026-04-10,2561.2200000000003,10415.140000000001,2719.4385714285713,785.9853381429325,-0.20129964739851014,False,Normal
ATH015,2026-04-11,2457.81,10861.75,2672.27,752.5560583819693,-0.28497544815611353,False,Normal
ATH015,2026-04-12,2936.82,11340.76,2616.6342857142854,705.6900533437879,0.4537200329926307,False,Normal
ATH015,2026-04-13,3409.9700000000003,11090.08,2581.0578571428573,660.5363866802265,1.254907616858402,False,Normal
ATH015,2026-04-14,3636.08,10890.65,2571.5535714285716,645.950211808092,1.648000742335375,False,Normal
ATH015,2026-04-15,3395.28,10714.89,2592.6424999999995,671.1473988273933,1.1959183651793073,False,Normal
ATH015,2026-04-16,3226.6800000000003,10436.630000000001,2651.258571428571,666.8499981183735,0.8628948492090801,False,Normal
ATH015,2026-04-17,3139.19,10701.13,2714.699285714286,631.9520893286744,0.6717134438730198,False,Normal
ATH015,2026-04-18,2996.92,10390.21,2747.3764285714287,629.3014037993307,0.3965406241301582,False,Normal
ATH015,2026-04-19,3025.22,10405.400000000001,2791.1103571428575,600.9445346408281,0.3895694683321559,False,Normal
ATH015,2026-04-20,3046.97,10540.0,2825.254285714286,585.365435499268,0.37876461581064924,False,Normal
ATH015,2026-04-21,3261.9,10816.5,2859.761785714286,568.0756124036687,0.7078955785202039,False,Normal
ATH015,2026-04-22,3660.2,10804.32,2910.429642857143,536.4354963914634,1.397689679721926,False,Normal
ATH015,2026-04-23,3461.2000000000003,11184.429999999998,2950.327142857143,549.4857500046751,0.9297290369013406,False,Normal
ATH015,2026-04-25,3274.3999999999996,11250.099999999999,2972.0414285714287,557.4608115754213,0.5423853392924348,False,Normal
ATH015,2026-04-27,2637.6099999999997,11061.46,2965.1107142857145,552.242343379872,-0.5930380352243948,False,Normal
ATH015,2026-04-28,2410.91,10781.5,2917.861785714286,519.5447459149244,-0.9757615483562208,False,Normal
ATH015,2026-04-29,2073.04,11202.5,2875.499642857143,510.3912120345422,-1.5722442391951574,False,Normal
ATH015,2026-04-30,1823.2199999999998,10935.53,2830.3921428571425,523.8158333086799,-1.922760021390238,False,Normal
ATH015,2026-05-01,1951.9899999999998,10538.970000000001,2767.979642857143,536.2941814553179,-1.5215336490185818,False,Normal
ATH015,2026-05-02,1729.24,10458.369999999999,2735.631428571429,557.5738418177128,-1.8049473506335105,False,Normal
ATH015,2026-05-03,2491.63,11220.76,2711.1575000000003,586.4812014834894,-0.3743129352564257,False,Normal
ATH015,2026-05-05,2648.74,11957.63,2724.5675,576.5815159716655,-0.13151219367865874,False,Normal
ATH015,2026-05-06,2818.19,11946.71,2731.8114285714287,574.2202160012733,0.1504276042910684,False,Normal
ATH015,2026-05-07,2971.58,11482.68,2758.4567857142856,559.5986756268804,0.38085010484874154,False,Normal
ATH015,2026-05-08,3287.67,11265.42,2788.0496428571428,547.6264436739498,0.9123378955022217,False,Normal
ATH015,2026-05-09,3274.06,11274.62,2815.4317857142855,552.9199448319696,0.8294658540941038,False,Normal
ATH015,2026-05-10,2862.48,11146.42,2858.291785714286,539.6708950905202,0.007760682156134089,False,Normal
ATH015,2026-05-12,2875.97,11197.52,2873.9364285714287,532.935079829333,0.0038157957798956536,False,Normal
ATH015,2026-05-13,2939.37,11490.800000000001,2885.1775000000002,529.4024942547468,0.10236540361655795,False,Normal
ATH015,2026-05-14,3097.58,11353.58,2902.3760714285713,522.7853014407658,0.37339215167958617,False,Normal
ATH015,2026-05-15,3207.08,11333.310000000001,2908.1175,524.0588009602434,0.5704751059465181,False,Normal
ATH015,2026-05-16,3086.01,11363.710000000001,2900.871428571429,518.2330526268271,0.3572496398871861,False,Normal
ATH015,2026-05-17,3513.51,11634.710000000001,2881.2260714285717,499.41472189649835,1.2660498396410245,False,Normal
ATH015,2026-05-18,3937.67,11563.97,2885.4485714285715,504.39692772079707,2.08609801278146,True,⚠️ Anomaly
ATH015,2026-05-19,3616.23,11551.85,2910.8410714285715,538.9261019935105,1.308878760858242,False,Normal
ATH015,2026-05-20,3404.96,11235.56,2927.878214285714,553.7488125833164,0.8615490902610377,False,Normal
ATH015,2026-05-21,3365.97,11258.35,2942.451071428571,560.9553073327094,0.7549958491082329,False,Normal
ATH015,2026-05-22,3267.9900000000002,11714.730000000001,2954.620714285714,566.4863737953157,0.5531806239482714,False,Normal
ATH015,2026-05-23,3367.74,11457.050000000001,2962.5142857142855,569.3534734040425,0.7117295901664682,False,Normal
ATH015,2026-05-24,3211.39,12079.01,2966.2942857142857,571.7609962888756,0.4286681251021929,False,Normal
ATH015,2026-05-26,2912.9,12053.84,2950.2653571428573,557.7056179893688,-0.06699835170670536,False,Normal
ATH015,2026-05-27,3032.61,12195.130000000001,2930.683214285714,548.6537426860029,0.1857761604163876,False,Normal
ATH015,2026-05-30,2058.31,11786.12,2922.047857142857,544.9337367352788,-1.5850328194351617,False,Normal
ATH015,2026-05-31,1932.24,11519.619999999999,2901.3585714285714,566.6953547882878,-1.7101226668615015,False,Normal
ATH015,2026-06-01,2625.08,12212.46,2884.263214285714,588.8263860460903,-0.44016915754421837,False,Normal
ATH015,2026-06-02,2446.31,11851.41,2903.9789285714287,569.5857760873517,-0.8035118638588344,False,Normal
ATH015,2026-06-03,2301.6,11678.54,2926.2321428571427,537.0395547840443,-1.1631026751992624,False,Normal
ATH015,2026-06-04,2672.43,11765.69,2938.7182142857137,517.2492184413367,-0.5148160785784052,False,Normal
ATH015,2026-06-05,2839.2799999999997,11487.679999999998,2972.4035714285715,463.4836897383102,-0.28722385355941066,False,Normal
ATH015,2026-06-08,2014.85,11364.83,2984.8196428571428,454.70074565571895,-2.1332044253817095,True,⚠️ Anomaly
ATH015,2026-06-09,2417.0,11392.439999999999,2962.180714285714,486.70721786860304,-1.1201410093591366,False,Normal
ATH015,2026-06-10,2379.1,11118.269999999999,2947.8525000000004,496.9017370304594,-1.1445975282737575,False,Normal
ATH015,2026-06-11,2578.46,11246.57,2926.6925,508.33736298311635,-0.6850421105315567,False,Normal
ATH015,2026-06-13,2840.62,10786.48,2901.3635714285715,507.3527227804117,-0.11972651116501873,False,Normal
ATH015,2026-06-14,3300.11,10467.66,2885.883571428571,502.14579208900795,0.8249126749587604,False,Normal
ATH015,2026-06-15,3172.4,10599.56,2901.513214285714,508.165054558526,0.5330685045818859,False,Normal
ATH015,2026-06-16,2727.41,10503.619999999999,2912.0999999999995,510.69471442412595,-0.36164462796185654,False,Normal
ATH015,2026-06-17,2802.65,10515.96,2904.5299999999997,511.845161490015,-0.19904456985276614,False,Normal
ATH015,2026-06-18,2797.63,10678.23,2893.996785714286,510.7587798854027,-0.18867377225685172,False,Normal
ATH015,2026-06-19,3152.77,10576.99,2879.3735714285713,507.31283089112895,0.538910928176584,False,Normal
ATH015,2026-06-20,3424.27,10843.01,2881.757857142857,508.47550452932137,1.0669385998433258,False,Normal
ATH015,2026-06-21,3179.1,10435.37,2878.570714285714,504.6341681736964,0.5955389164430159,False,Normal
ATH015,2026-06-22,3216.1099999999997,11028.44,2851.4789285714282,464.43027297363346,0.7851147796501892,False,Normal
ATH015,2026-06-23,3492.0699999999997,11082.79,2837.1889285714283,445.8106150169274,1.4689669769386395,False,Normal
ATH015,2026-06-24,3592.67,11076.019999999999,2840.3,450.201849511641,1.671183716406624,False,Normal
ATH015,2026-06-25,3210.9799999999996,11259.5,2848.3964285714287,461.89233356810905,0.7849958639227025,False,Normal
ATH015,2026-06-26,3367.27,11770.929999999998,2846.360357142857,460.0963770010539,1.1321750591745037,False,Normal
ATH015,2026-06-27,3387.13,12171.83,2846.343571428571,460.07665913743915,1.1754267855824423,False,Normal
ATH015,2026-06-28,3595.58,12098.710000000001,2852.62,466.39644630499123,1.5929795475202984,False,Normal
ATH015,2026-06-29,3429.55,11832.91,2877.0014285714283,487.0509741344223,1.1344779104703582,False,Normal
ATH016,2026-01-01,724.35,724.35,,,,False,Normal
ATH016,2026-01-02,1530.8400000000001,1530.8400000000001,,,,False,Normal
ATH016,2026-01-03,1943.83,1943.83,,,,False,Normal
ATH016,2026-01-04,2507.44,2507.44,,,,False,Normal
ATH016,2026-01-05,2997.07,2997.07,,,,False,Normal
ATH016,2026-01-07,3455.2400000000002,3455.2400000000002,,,,False,Normal
ATH016,2026-01-08,3243.86,3968.21,,,,False,Normal
ATH016,2026-01-10,2495.21,4439.04,2343.2328571428575,995.1919943025113,0.15271138004245807,False,Normal
ATH016,2026-01-11,2394.61,4902.05,2362.23,922.9341838165617,0.0350837584822146,False,Normal
ATH016,2026-01-12,2309.52,5306.59,2365.827777777778,863.393343294031,-0.06521683102507111,False,Normal
ATH016,2026-01-13,2698.3199999999997,5695.39,2360.197,814.2097758092402,0.41527749978675993,False,Normal
ATH016,2026-01-14,2714.08,6169.32,2390.935454545455,779.1259086869545,0.41475266301839997,False,Normal
ATH016,2026-01-15,2591.06,6559.27,2417.8641666666667,748.7014422980915,0.23132830197537702,False,Normal
ATH016,2026-01-16,3336.98,7305.1900000000005,2431.186923076923,718.4347394090458,1.260786856810605,False,Normal
ATH016,2026-01-19,2657.97,7964.56,2495.886428571429,731.4705121308943,0.22158592689730533,False,Normal
ATH016,2026-01-20,2681.71,8377.1,2506.692,706.1039032222625,0.24786437123674854,False,Normal
ATH016,2026-01-22,2239.05,8798.32,2517.630625,683.5629673065362,-0.4075420090378788,False,Normal
ATH016,2026-01-23,1846.7,9151.89,2501.2435294117645,665.2967848725594,-0.9838369045134423,False,Normal
ATH016,2026-01-24,2408.74,9713.93,2464.88,663.6149978094579,-0.08459724416312794,False,Normal
ATH016,2026-01-25,2811.48,10116.67,2461.9252631578947,645.0464466943309,0.541906305559031,False,Normal
ATH016,2026-01-27,2290.0,10667.1,2479.403,632.688815978448,-0.29936201686620556,False,Normal
ATH016,2026-01-29,2350.79,10424.76,2470.3838095238093,618.0522977101224,-0.19350111627592553,False,Normal
ATH016,2026-01-30,2521.47,10142.52,2464.947727272727,603.6959740822859,0.09362704929943495,False,Normal
ATH016,2026-01-31,2425.74,10195.84,2467.405217391304,589.9337896583246,-0.07062693834749809,False,Normal
ATH016,2026-02-02,2499.7799999999997,9619.380000000001,2465.6691666666666,577.0293087795278,0.059114559372176176,False,Normal
ATH016,2026-02-03,2392.26,10062.29,2467.0335999999998,564.9211574922056,-0.13236112510272058,False,Normal
ATH016,2026-02-04,3079.58,10291.44,2464.1576923076923,553.7016521435181,1.1114691554736262,False,Normal
ATH016,2026-02-05,3387.8199999999997,10568.720000000001,2486.951111111111,555.7169668395354,1.6210930071332819,False,Normal
ATH016,2026-02-06,3460.15,11165.300000000001,2519.125,571.2862461958913,1.6472040177164131,False,Normal
ATH016,2026-02-07,3714.62,11415.25,2616.8321428571426,479.5421765744455,2.289241511528306,True,⚠️ Anomaly
ATH016,2026-02-08,4398.87,11636.490000000002,2694.824285714286,473.926875094152,3.5955878508623975,True,⚠️ Anomaly
ATH016,2026-02-10,3981.72,11345.69,2782.5042857142857,550.7201316285364,2.1775410874113303,True,⚠️ Anomaly
ATH016,2026-02-11,4016.2599999999998,11593.62,2835.157142857143,592.3504601154134,1.9939257866242412,False,Normal
ATH016,2026-02-12,3749.1200000000003,11726.779999999999,2871.5567857142855,632.6143538555702,1.3872009209675125,False,Normal
ATH016,2026-02-13,3526.64,11354.96,2882.0525000000002,644.9740585918798,0.9994006602486863,False,Normal
ATH016,2026-02-15,2613.1400000000003,11846.49,2892.151785714286,653.0130728942319,-0.4272683002771628,False,Normal
ATH016,2026-02-16,3361.7,11935.68,2896.3635714285715,650.7344022246131,0.7150942488680794,False,Normal
ATH016,2026-02-17,3187.9300000000003,11851.91,2930.9025,648.7786580646633,0.396171324079502,False,Normal
ATH016,2026-02-18,2862.77,12248.609999999999,2962.2742857142853,638.7795309542547,-0.15577250192353323,False,Normal
ATH016,2026-02-20,2463.27,11971.53,2968.1475,637.0163145571996,-0.7925660433845381,False,Normal
ATH016,2026-02-21,3186.7599999999998,12132.98,2959.19,642.4613710883642,0.35421584898479397,False,Normal
ATH016,2026-02-22,3173.1499999999996,12208.16,2980.465,639.6765227281909,0.30122256039381723,False,Normal
ATH016,2026-02-23,3111.5,12895.07,2974.6139285714285,637.0385601930889,0.21487878439741676,False,Normal
ATH016,2026-02-24,3404.1299999999997,12966.039999999999,2990.8114285714287,634.4498287534572,0.6514598202991773,False,Normal
ATH016,2026-02-25,3477.84,13436.449999999999,3016.6121428571428,636.1011856636062,0.7250856743203301,False,Normal
ATH016,2026-02-26,4147.26,13623.859999999999,3060.8546428571426,622.961519544507,1.7439365403134506,False,Normal
ATH016,2026-02-27,4125.87,13575.93,3143.0175000000004,608.4367644529407,1.6153732933671496,False,Normal
ATH016,2026-03-01,3463.8900000000003,13649.05,3204.343571428571,618.1454867059379,0.41987919373890026,False,Normal
ATH016,2026-03-02,3573.3300000000004,13968.619999999999,3227.6439285714287,615.0767772210129,0.5620210097842108,False,Normal
ATH016,2026-03-03,3371.84,13945.619999999999,3273.477142857143,589.9192824563008,0.16673951855463126,False,Normal
ATH016,2026-03-04,3317.6099999999997,13674.48,3309.943214285714,561.6516160466418,0.013650429368031892,False,Normal
ATH016,2026-03-05,2821.99,13058.03,3338.3767857142857,539.99143296396,-0.9562869967767627,False,Normal
ATH016,2026-03-06,2836.03,12951.81,3352.5285714285715,520.0103970450214,-0.9932466242282728,False,Normal
ATH016,2026-03-08,2829.2400000000002,12079.419999999998,3364.5375,503.1988266902135,-1.063789245139769,False,Normal
ATH016,2026-03-10,1726.92,11690.82,3380.1439285714287,478.0765775196309,-3.458073468373471,True,⚠️ Anomaly
ATH016,2026-03-11,1699.53,11357.75,3331.834642857143,569.226551972269,-2.867583455482702,True,⚠️ Anomaly
ATH016,2026-03-12,1853.0,11161.91,3271.5385714285717,647.1589264464837,-2.191947778913742,True,⚠️ Anomaly
ATH016,2026-03-13,2176.2599999999998,11601.43,3214.1403571428573,699.0052752859923,-1.4847961722724012,False,Normal
ATH016,2026-03-15,1950.6,11416.88,3159.1989285714285,718.3989964437607,-1.6823505246447583,False,Normal
ATH016,2026-03-16,2408.3,11126.02,3071.7607142857146,710.8804357556987,-0.9332943782317276,False,Normal
ATH016,2026-03-18,2430.45,10925.43,3015.567142857143,698.3635624582032,-0.8378403088465292,False,Normal
ATH016,2026-03-19,2255.78,11078.03,2958.9310714285716,678.2159820158863,-1.0367657060197397,False,Normal
ATH016,2026-03-20,2014.7800000000002,11152.94,2905.5975,672.4679401397076,-1.3246988396427184,False,Normal
ATH016,2026-03-22,2434.4900000000002,10678.220000000001,2851.6025,681.392465218454,-0.6121472151387434,False,Normal
ATH016,2026-03-24,2681.7200000000003,10074.84,2845.222142857143,684.5372131667157,-0.23885062741990407,False,Normal
ATH016,2026-03-25,2242.21,9689.800000000001,2820.937142857143,677.5618751893096,-0.8541317982146615,False,Normal
ATH016,2026-03-26,2859.88,9790.650000000001,2787.1614285714286,682.1461648884045,0.1066026244396872,False,Normal
ATH016,2026-03-28,3042.96,10070.029999999999,2787.0582142857143,682.1345195240624,0.37514856438116206,False,Normal
ATH016,2026-03-31,1953.3999999999999,8656.400000000001,2807.7614285714285,680.7389243272199,-1.255050061102061,False,Normal
ATH016,2026-04-01,2367.34,8739.53,2763.7128571428575,695.0596518757287,-0.5702717113174133,False,Normal
ATH016,2026-04-03,2065.91,8544.210000000001,2734.933928571428,694.1607282783976,-0.9637882140504958,False,Normal
ATH016,2026-04-04,1776.51,9010.51,2697.5914285714284,701.2407579569991,-1.31350241428481,False,Normal
ATH016,2026-04-05,2277.97,8979.33,2639.462142857143,707.9318881725383,-0.5106312470120571,False,Normal
ATH016,2026-04-07,2414.19,9343.67,2596.609642857143,691.4264852783072,-0.26383085800324396,False,Normal
ATH016,2026-04-08,2424.09,9464.09,2534.714285714286,621.5094287919128,-0.17799293235070723,False,Normal
ATH016,2026-04-09,2781.08,9493.81,2473.9364285714287,537.705270910144,0.5712117549241916,False,Normal
ATH016,2026-04-10,2831.08,9199.03,2449.550357142857,505.67541640040275,0.7544951375588345,False,Normal
ATH016,2026-04-11,2669.74,9503.99,2423.0414285714287,462.16534850727146,0.533788550408144,False,Normal
ATH016,2026-04-12,2717.86,9746.59,2397.9664285714284,426.4474328788906,0.7501359998089617,False,Normal
ATH016,2026-04-17,1290.52,8474.77,2376.5467857142858,392.23440265997533,-2.7688208335354845,True,⚠️ Anomaly
ATH016,2026-04-18,1827.59,9316.8,2321.8514285714286,432.52752181938456,-1.1427282742433742,False,Normal
ATH016,2026-04-19,1454.12,8766.220000000001,2285.8357142857144,430.10578423546633,-1.9337468705847076,False,Normal
ATH016,2026-04-20,2050.58,9362.68,2236.7242857142855,444.04226175601593,-0.4192039851750974,False,Normal
ATH016,2026-04-21,2537.92,9145.09,2248.283571428571,434.38732175085977,0.6667699862970407,False,Normal
ATH016,2026-04-24,2530.85,8718.359999999999,2278.2260714285712,423.9299649124401,0.5959095829038801,False,Normal
ATH016,2026-04-25,2208.25,8482.09,2302.435,418.0616747119547,-0.225289725648479,False,Normal
ATH016,2026-04-26,2453.06,8903.01,2303.5775000000003,417.74768032802496,0.35782963506253956,False,Normal
ATH016,2026-04-27,2611.56,9657.970000000001,2321.5225,412.7859106537679,0.7026342045944354,False,Normal
ATH016,2026-04-28,2613.57,9805.259999999998,2328.781785714286,416.14213701618587,0.6843532268270094,False,Normal
ATH016,2026-04-29,3347.6900000000005,10040.07,2335.3217857142854,419.22661633637057,2.4148471848777646,True,⚠️ Anomaly
ATH016,2026-04-30,3752.3100000000004,10444.69,2374.3185714285714,460.3242550051353,2.9935233991875063,True,⚠️ Anomaly
ATH016,2026-05-01,3793.5299999999997,10445.98,2436.3732142857143,522.9201455363956,2.595342323868887,True,⚠️ Anomaly
ATH016,2026-05-02,3447.54,10153.12,2484.910357142857,582.4258019282115,1.6527936085080837,False,Normal
ATH016,2026-05-03,3561.0600000000004,10186.099999999999,2512.2610714285715,609.3685580648787,1.7211241287243517,False,Normal
ATH016,2026-05-04,2996.17,10376.17,2559.362857142857,638.0189968543965,0.6846303088320542,False,Normal
ATH016,2026-05-05,3213.6600000000003,10604.730000000001,2564.230357142857,640.909915224598,1.0132931749535499,False,Normal
ATH016,2026-05-06,2978.51,10594.49,2570.326785714286,646.4204902100181,0.6314515403945472,False,Normal
ATH016,2026-05-07,3382.7,11046.31,2606.937857142857,639.1745155673791,1.213693794047027,False,Normal
ATH016,2026-05-08,3279.66,10894.56,2643.200714285714,653.7150124051882,0.973603594282753,False,Normal
ATH016,2026-05-09,3763.4700000000003,11246.85,2686.5489285714284,654.2587417004087,1.6460170919989088,False,Normal
ATH016,2026-05-10,3953.7,11421.94,2757.511785714286,659.6311908211286,1.8134197274641655,False,Normal
ATH016,2026-05-11,4445.71,12104.02,2817.3592857142858,689.8383326974006,2.360481633310445,True,⚠️ Anomaly
ATH016,2026-05-12,4074.94,12440.09,2889.9135714285717,750.0681962882228,1.5798915811064034,False,Normal
ATH016,2026-05-13,4281.24,13145.36,2948.8725000000004,776.5122823365019,1.7158357057675198,False,Normal
ATH016,2026-05-14,3735.8699999999994,13408.800000000001,3002.449642857143,815.2913660066882,0.8995806747410593,False,Normal
ATH016,2026-05-16,3121.14,12540.4,3034.7635714285716,826.1064601926051,0.10455847125476997,False,Normal
ATH016,2026-05-17,3041.29,13009.11,3050.8850000000007,823.1183327759445,-0.01165689016747061,False,Normal
ATH016,2026-05-18,2898.9300000000003,12952.37,3062.4360714285717,820.5371495791942,-0.19926711607442052,False,Normal
ATH016,2026-05-19,2749.15,12651.320000000002,3119.8792857142857,744.6910421899728,-0.49782965647613037,False,Normal
ATH016,2026-05-20,2480.12,13087.560000000001,3152.792142857143,704.7548992714334,-0.9544767174411175,False,Normal
ATH016,2026-05-21,2900.73,13771.61,3189.435,636.5343326314116,-0.4535576247812166,False,Normal
ATH016,2026-05-22,3495.86,13937.83,3219.7974999999997,599.3916056001176,0.46057118154600046,False,Normal
ATH016,2026-05-23,3769.49,14101.640000000001,3254.0096428571424,586.2238990192631,0.8793233404595792,False,Normal
ATH016,2026-05-24,3512.9300000000003,14068.98,3298.246785714286,576.2826161416473,0.3725311301650408,False,Normal
ATH016,2026-05-25,3426.22,13767.029999999999,3344.8425,536.2402737484497,0.1517556662261697,False,Normal
ATH016,2026-05-26,3717.2599999999998,13755.01,3379.598214285714,507.0419458654883,0.6659444814529465,False,Normal
ATH016,2026-05-27,4165.969999999999,13905.84,3419.0875,487.6983327276888,1.5314436197120003,False,Normal
ATH016,2026-05-29,3355.83,13500.130000000001,3474.530357142857,480.9268234048033,-0.24681583843150573,False,Normal
ATH016,2026-05-31,3125.01,13632.929999999998,3474.8210714285715,480.84976432036905,-0.7274851676864035,False,Normal
ATH016,2026-06-01,3166.2300000000005,13937.09,3452.4175,482.05421962314404,-0.5936832172607733,False,Normal
ATH016,2026-06-02,3546.9400000000005,14088.289999999999,3430.0139285714286,480.18711996500696,0.24350105733176017,False,Normal
ATH016,2026-06-04,3030.95,13149.470000000001,3433.5639285714283,480.688655987535,-0.8375773456610734,False,Normal
ATH016,2026-06-05,2987.9700000000003,13208.44,3414.6314285714284,485.89242779701067,-0.8780985340847353,False,Normal
ATH016,2026-06-06,3434.53,12997.75,3414.3385714285714,486.1563836775911,0.04153278502421008,False,Normal
ATH016,2026-06-07,3380.62,13059.85,3422.2267857142856,484.5689313197802,-0.08586350264133683,False,Normal
ATH016,2026-06-09,2483.81,12497.16,3436.5878571428575,476.82833842082096,-1.998156947421173,False,Normal
ATH016,2026-06-10,2884.41,12192.49,3404.484642857143,509.71621088661243,-1.020321959061324,False,Normal
ATH016,2026-06-11,2958.6,12372.199999999999,3390.3685714285716,518.6950751911091,-0.8324130921611121,False,Normal
ATH016,2026-06-12,2915.2,12754.859999999999,3361.6232142857143,519.554183372296,-0.8592428442941086,False,Normal
ATH016,2026-06-13,2828.0299999999997,12704.640000000001,3324.5339285714285,512.7452756619233,-0.9683247260161921,False,Normal
ATH016,2026-06-14,2465.14,12483.699999999999,3266.7596428571424,471.18952857699,-1.7012679489675073,False,Normal
ATH016,2026-06-16,2342.92,12090.929999999998,3209.2667857142856,467.11942324288447,-1.8546580223529217,False,Normal
ATH016,2026-06-17,2459.9700000000003,12172.34,3140.0410714285717,445.49862180722954,-1.526539114015134,False,Normal
ATH016,2026-06-18,2857.6099999999997,12329.08,3094.473214285714,447.54507805279684,-0.5292499591689662,False,Normal
ATH016,2026-06-21,2169.2200000000003,11139.990000000002,3085.0614285714287,449.7291733568685,-2.0364287727554005,True,⚠️ Anomaly
ATH016,2026-06-22,2527.38,11045.140000000001,3053.9160714285713,481.9178332326962,-1.092584741877213,False,Normal
ATH016,2026-06-23,2721.42,11095.09,3040.6464285714287,491.36615155144193,-0.6496711821998759,False,Normal
ATH016,2026-06-24,2334.0800000000004,10340.45,3039.656071428571,492.0029601035544,-1.4340890780008,False,Normal
ATH016,2026-06-26,1923.44,10301.56,3034.440357142857,498.8802988135637,-2.2269878361303026,True,⚠️ Anomaly
ATH016,2026-06-27,2371.18,10749.3,2999.537142857143,540.9913633311907,-1.1614920042123997,False,Normal
ATH016,2026-06-28,2415.5699999999997,10430.550000000001,2959.37,544.5166333751623,-0.9986839091200573,False,Normal
ATH016,2026-06-29,2799.77,10678.679999999998,2911.0157142857142,529.8291835035726,-0.2099652449306129,False,Normal
ATH017,2026-01-01,433.99,433.99,,,,False,Normal
ATH017,2026-01-02,1090.51,1090.51,,,,False,Normal
ATH017,2026-01-03,1575.29,1575.29,,,,False,Normal
ATH017,2026-01-04,2241.81,2241.81,,,,False,Normal
ATH017,2026-01-06,2716.9,2716.9,,,,False,Normal
ATH017,2026-01-07,3238.13,3238.13,,,,False,Normal
ATH017,2026-01-08,3332.8,3766.79,,,,False,Normal
ATH017,2026-01-09,3010.8799999999997,4101.389999999999,2089.9185714285713,1101.8983574484623,0.8357952640060118,False,Normal
ATH017,2026-01-10,3381.2,4956.49,2205.03875,1070.8627129353965,1.0983305663673395,False,Normal
ATH017,2026-01-11,2866.2799999999997,5108.09,2335.7233333333334,1075.6903476837563,0.4932243445421763,False,Normal
ATH017,2026-01-12,3271.88,5513.69,2388.779,1027.9547726589055,0.859085461236561,False,Normal
ATH017,2026-01-13,3261.66,5978.5599999999995,2469.060909090909,1010.9000679439541,0.78405286144766,False,Normal
ATH017,2026-01-14,3284.0200000000004,6522.15,2535.110833333333,990.6403660209651,0.7559849087058279,False,Normal
ATH017,2026-01-15,3350.73,7117.52,2592.7192307692308,970.9434057353836,0.7806951102949804,False,Normal
ATH017,2026-01-17,2779.36,7735.85,2646.862857142857,954.5966542547097,0.13879908573594216,False,Normal
ATH017,2026-01-18,3138.7300000000005,8246.82,2655.6960000000004,920.5082899743102,0.5247470395008401,False,Normal
ATH017,2026-01-19,3159.08,8672.77,2685.885625,897.4570146286952,0.5272613253747587,False,Normal
ATH017,2026-01-20,3414.77,9393.33,2713.720588235294,876.5050614904528,0.7998235749746916,False,Normal
ATH017,2026-01-21,3443.1099999999997,9965.26,2752.667777777778,866.2408420197045,0.797055724840224,False,Normal
ATH017,2026-01-22,3279.2,10396.72,2789.006842105263,856.6071567011893,0.5722496643414471,False,Normal
ATH017,2026-01-24,2813.54,10549.39,2813.5165,840.9343062725249,2.794510798822093e-05,False,Normal
ATH017,2026-01-26,2588.96,11261.73,2813.517619047619,819.6413740893317,-0.27397057560340377,False,Normal
ATH017,2026-01-27,2371.54,11764.869999999999,2803.310454545455,801.319556674681,-0.5388243066688869,False,Normal
ATH017,2026-01-28,2262.44,12227.7,2784.5378260869566,788.0555451463865,-0.6625139932109397,False,Normal
ATH017,2026-01-30,2469.3500000000004,11775.56,2762.78375,778.0667880509583,-0.3771318278923656,False,Normal
ATH017,2026-01-31,2721.53,11695.63,2751.0464,763.9421210726634,-0.038636958462972985,False,Normal
ATH017,2026-02-03,1883.04,10931.01,2749.911153846154,748.5297389914548,-1.15809848118279,False,Normal
ATH017,2026-02-04,2052.4700000000003,11042.04,2717.8048148148146,752.7143904173154,-0.8839140360342299,False,Normal
ATH017,2026-02-05,2793.26,11254.17,2694.042857142857,749.269114245279,0.13241856760248596,False,Normal
ATH017,2026-02-08,1950.6799999999998,10113.51,2778.3025000000002,604.3400878131146,-1.3694648372489455,False,Normal
ATH017,2026-02-09,2388.41,10145.64,2809.022857142857,533.021373234571,-0.7891106778522269,False,Normal
ATH017,2026-02-10,2629.69,10299.04,2838.0628571428574,483.1311295340716,-0.43129669028739825,False,Normal
ATH017,2026-02-11,2431.8199999999997,10189.84,2851.9157142857143,470.8051463140216,-0.8922921033779772,False,Normal
ATH017,2026-02-12,2058.87,9962.31,2841.7342857142858,476.8764402778393,-1.6416501625833537,False,Normal
ATH017,2026-02-13,2497.6,10401.039999999999,2799.617857142857,492.393303684927,-0.6133671089404422,False,Normal
ATH017,2026-02-14,3200.64,10485.75,2769.789285714286,484.1257961172258,0.8899561183089447,False,Normal
ATH017,2026-02-15,3406.77,10381.55,2776.566428571429,488.9301173061389,1.288944061987442,False,Normal
ATH017,2026-02-16,3874.51,10861.07,2777.479642857143,490.123689766408,2.2382724607041533,True,⚠️ Anomaly
ATH017,2026-02-17,3684.65,10568.92,2813.487857142857,532.1256738038151,1.6371360859734132,False,Normal
ATH017,2026-02-18,3712.11,10458.84,2828.229642857143,550.6889267459521,1.6050447252784787,False,Normal
ATH017,2026-02-19,3721.6,10404.710000000001,2844.317142857143,570.0587993054828,1.5389339805151203,False,Normal
ATH017,2026-02-20,3646.4700000000003,10768.310000000001,2859.9449999999997,588.2666977403792,1.3370211215782932,False,Normal
ATH017,2026-02-21,3311.27,10983.480000000001,2870.5071428571428,599.9440133870345,0.7346733150223358,False,Normal
ATH017,2026-02-22,3075.65,11154.630000000001,2889.503928571429,605.3479450227401,0.3075026073171499,False,Normal
ATH017,2026-02-23,2538.32,10810.43,2887.2510714285713,604.5028642418393,-0.5772198811104007,False,Normal
ATH017,2026-02-25,1806.41,10002.81,2865.0810714285717,605.5465827470151,-1.748290059909169,False,Normal
ATH017,2026-02-26,1606.58,10180.31,2807.639642857143,627.3630866688627,-1.9144569841277435,False,Normal
ATH017,2026-02-27,1773.43,10072.39,2742.0492857142854,653.9068622145841,-1.4812801970510996,False,Normal
ATH017,2026-02-28,1858.7800000000002,10120.73,2688.2717857142857,669.8191813719061,-1.2383816540089851,False,Normal
ATH017,2026-03-01,2247.69,10680.79,2654.1732142857145,687.2804002090472,-0.591437227312282,False,Normal
ATH017,2026-03-02,2347.4500000000003,11148.69,2641.985,691.4928503982178,-0.42594077412424824,False,Normal
ATH017,2026-03-04,2440.3100000000004,10390.65,2641.124642857143,691.8566919768871,-0.2902546801756617,False,Normal
ATH017,2026-03-07,1829.6,10200.29,2647.477142857143,689.0618410986065,-1.1869430203146352,False,Normal
ATH017,2026-03-08,1757.8799999999999,10487.99,2624.628928571429,705.5952191791263,-1.2283939927764609,False,Normal
ATH017,2026-03-10,2004.8100000000002,10146.82,2590.2128571428575,723.9562960047159,-0.8086162940684529,False,Normal
ATH017,2026-03-11,2263.36,10222.19,2594.561785714286,719.9052634795652,-0.4600630145603697,False,Normal
ATH017,2026-03-12,2816.07,10407.06,2602.093571428572,715.1109633358091,0.29922129507465955,False,Normal
ATH017,2026-03-13,3558.78,10711.04,2602.908214285714,715.3497552586043,1.3362299751800868,False,Normal
ATH017,2026-03-14,3543.51,10543.16,2660.340357142857,725.5270102866077,1.2172801706007625,False,Normal
ATH017,2026-03-16,3790.09,9965.84,2701.593928571429,742.1416818477768,1.466695777979273,False,Normal
ATH017,2026-03-17,3442.32,9904.49,2743.0367857142855,769.8597438738008,0.9083254707760698,False,Normal
ATH017,2026-03-18,3505.75,10015.83,2779.1260714285713,778.3682263001391,0.9335220837897387,False,Normal
ATH017,2026-03-19,3671.04,10356.5,2830.800357142857,776.8070597692038,1.081658092946253,False,Normal
ATH017,2026-03-20,3732.48,10797.05,2872.7089285714287,789.7114241869635,1.0887155042916299,False,Normal
ATH017,2026-03-21,3550.42,10782.31,2891.7032142857142,804.1548862927746,0.8191416814626703,False,Normal
ATH017,2026-03-24,2878.6800000000003,10673.26,2896.8335714285713,808.0116020720674,-0.022466968768787402,False,Normal
ATH017,2026-03-26,2261.71,11011.63,2861.2682142857147,784.9721752278092,-0.7637954990082484,False,Normal
ATH017,2026-03-27,2256.43,11280.050000000001,2810.4489285714285,775.6978989478719,-0.7142199680092979,False,Normal
ATH017,2026-03-28,2672.54,11596.07,2758.460357142857,761.6833400435299,-0.11280325120140702,False,Normal
ATH017,2026-03-30,3124.21,11019.779999999999,2720.9939285714286,737.9852600171043,0.5463741530816294,False,Normal
ATH017,2026-03-31,2808.9100000000003,11134.72,2702.341785714286,720.1115284354097,0.14798848522430383,False,Normal
ATH017,2026-04-01,3510.0400000000004,11584.640000000001,2684.4003571428575,710.573235454525,1.1619346207558952,False,Normal
ATH017,2026-04-02,3397.55,12146.37,2699.914285714286,724.046043166729,0.9635239649049042,False,Normal
ATH017,2026-04-03,3289.03,12836.720000000001,2730.6010714285717,735.0678484851499,0.7596971214592718,False,Normal
ATH017,2026-04-04,3334.04,13100.51,2783.5517857142854,719.2582592481599,0.7653554299969241,False,Normal
ATH017,2026-04-06,3539.32,13269.12,2845.246785714286,687.9700418598861,1.0088712764429806,False,Normal
ATH017,2026-04-07,3856.0,12985.91,2908.3142857142857,666.6875317980882,1.4214840822502868,False,Normal
ATH017,2026-04-08,3472.02,12793.3,2979.6435714285717,657.0099744618257,0.7494200205632295,False,Normal
ATH017,2026-04-09,3264.58,12594.880000000001,3023.369642857143,647.1596131557258,0.37272158558635926,False,Normal
ATH017,2026-04-10,2749.53,12027.47,3056.124285714286,634.7730728811891,-0.4829982537266059,False,Normal
ATH017,2026-04-11,2153.88,11710.88,3067.1678571428574,626.2957823250945,-1.4582372784825692,False,Normal
ATH017,2026-04-12,2796.74,12353.74,3078.7492857142856,605.2063581703701,-0.46597211332485394,False,Normal
ATH017,2026-04-13,2608.32,12087.35,3115.8514285714286,550.6127060709493,-0.9217575674798002,False,Normal
ATH017,2026-04-14,2329.41,11873.0,3137.4053571428567,516.2498171426979,-1.5651247328568385,False,Normal
ATH017,2026-04-16,2317.83,11241.67,3139.7642857142855,512.2434314777153,-1.604577502034876,False,Normal
ATH017,2026-04-17,2587.45,10882.44,3121.9700000000003,532.1706823107717,-1.0044145943535026,False,Normal
ATH017,2026-04-18,2740.25,10900.71,3087.279642857143,534.2965266901912,-0.6495075777619007,False,Normal
ATH017,2026-04-19,2507.38,11310.7,3058.5917857142854,530.4437221453005,-1.0391522468867977,False,Normal
ATH017,2026-04-20,2573.3900000000003,11845.24,3012.780714285714,520.220292354354,-0.8446243269311335,False,Normal
ATH017,2026-04-21,2872.32,11866.64,2981.7475000000004,519.5646906759764,-0.21061381183858024,False,Normal
ATH017,2026-04-22,3414.8,12409.12,2959.1250000000005,509.59852091840196,0.8941843064590907,False,Normal
ATH017,2026-04-23,3148.1,12128.060000000001,2949.973571428571,498.5207523613449,0.39742864792079896,False,Normal
ATH017,2026-04-25,2539.1,10767.27,2929.1028571428574,476.2842575361065,-0.8188447360414634,False,Normal
ATH017,2026-04-26,2477.5,11115.660000000002,2892.984285714286,465.6497070118397,-0.8922678989331395,False,Normal
ATH017,2026-04-27,2823.69,11544.720000000001,2878.656428571429,472.2317019823461,-0.11639715915024218,False,Normal
ATH017,2026-04-29,2280.07,11179.15,2898.727142857143,456.7272523546048,-1.3545439639691461,False,Normal
ATH017,2026-04-30,2111.37,10841.88,2899.5714285714284,455.51619981530894,-1.7303477437048524,False,Normal
ATH017,2026-05-01,2735.73,10775.89,2879.529642857143,477.6809952683997,-0.30103697714903754,False,Normal
ATH017,2026-05-02,3068.23,10501.460000000001,2865.655357142857,475.94959953745956,0.4256220470697113,False,Normal
ATH017,2026-05-03,3328.9100000000003,11110.53,2874.9167857142857,477.32554896704784,0.9511186134246841,False,Normal
ATH017,2026-05-04,2785.9100000000003,10791.31,2868.4478571428576,469.5635473923449,-0.17577569128016793,False,Normal
ATH017,2026-05-06,2478.68,10185.810000000001,2846.6035714285713,458.12542991512805,-0.803106632820476,False,Normal
ATH017,2026-05-07,2764.42,10341.72,2817.6625,454.7243678735098,-0.11708741330266745,False,Normal
ATH017,2026-05-08,2618.96,10645.320000000002,2797.318928571429,443.3669872801995,-0.40228283496152445,False,Normal
ATH017,2026-05-09,2418.9900000000002,10766.570000000002,2764.448928571429,419.8103535799033,-0.8228928267860761,False,Normal
ATH017,2026-05-10,2528.0,10841.79,2713.1271428571426,365.787228214528,-0.5061060873032142,False,Normal
ATH017,2026-05-12,2678.46,10708.74,2679.4121428571425,335.50040331550565,-0.002837978278813167,False,Normal
ATH017,2026-05-13,3106.84,11280.390000000001,2658.4792857142857,315.31550197326993,1.4219431378407876,False,Normal
ATH017,2026-05-14,2925.1,10948.99,2671.240357142857,326.180012518446,0.7782808054272993,False,Normal
ATH017,2026-05-15,2661.43,10719.3,2698.783928571429,313.17742227806724,-0.11927401502865348,False,Normal
ATH017,2026-05-16,2968.33,10994.650000000001,2693.9514285714286,312.65343964813326,0.8775805304984419,False,Normal
ATH017,2026-05-17,2590.91,10925.32,2706.808928571429,316.3817847256956,-0.3663261735245413,False,Normal
ATH017,2026-05-19,2614.23,10450.650000000001,2716.1482142857144,308.5924495134199,-0.33026801027185276,False,Normal
ATH017,2026-05-20,2477.0299999999997,10342.619999999999,2726.733928571429,299.3686822772862,-0.8341017058696345,False,Normal
ATH017,2026-05-22,2317.94,10334.06,2722.7903571428574,301.98724550552697,-1.3406207155045153,False,Normal
ATH017,2026-05-24,2071.25,10519.07,2707.7078571428574,311.479711370159,-2.0433364803863516,True,⚠️ Anomaly
ATH017,2026-05-25,2503.37,10070.46,2692.131785714286,332.0912217164689,-0.5684034186108236,False,Normal
ATH017,2026-05-26,2349.65,10428.25,2689.6310714285714,333.27999282484296,-1.0201064532765103,False,Normal
ATH017,2026-05-28,2495.01,10333.1,2670.964285714286,337.28190555970923,-0.5216831463943928,False,Normal
ATH017,2026-05-29,2466.9900000000002,10065.32,2638.1146428571433,305.441321933217,-0.5602537396513706,False,Normal
ATH017,2026-05-30,2732.92,9791.46,2613.789285714286,290.0561354216903,0.41071606402160404,False,Normal
ATH017,2026-05-31,2473.74,9663.9,2620.7114285714283,290.52004162031164,-0.5058908423382005,False,Normal
ATH017,2026-06-01,2431.29,9715.84,2620.5771428571425,290.58954993645926,-0.6513900547990535,False,Normal
ATH017,2026-06-03,2491.1,9990.17,2606.5628571428574,289.8925292798589,-0.3982953870169969,False,Normal
ATH017,2026-06-04,2257.99,9826.67,2614.0996428571425,283.76835349984793,-1.2549307858507681,False,Normal
ATH017,2026-06-05,2032.63,9478.99,2619.3360714285714,275.37651913589315,-2.1305595454165895,True,⚠️ Anomaly
ATH017,2026-06-07,1828.68,8964.58,2594.225357142857,295.67820729677845,-2.5891166080240158,True,⚠️ Anomaly
ATH017,2026-06-08,1554.24,9079.81,2549.9557142857143,314.2890930270496,-3.1681523042863504,True,⚠️ Anomaly
ATH017,2026-06-11,1350.72,8252.29,2486.574642857143,329.9380209078762,-3.442630345334741,True,⚠️ Anomaly
ATH017,2026-06-12,1775.45,8593.01,2435.3178571428575,388.0719923507585,-1.7003748535051109,False,Normal
ATH017,2026-06-13,2314.59,8485.43,2410.2025,407.4346102739322,-0.2346695582285368,False,Normal
ATH017,2026-06-14,2452.02,8825.689999999999,2394.137142857143,401.7796059648984,0.1440661902284659,False,Normal
ATH017,2026-06-17,2811.94,8354.880000000001,2388.1749999999997,399.55228581500666,1.0605996137291633,False,Normal
ATH017,2026-06-19,1765.9199999999998,8040.99,2402.2089285714287,407.49675592745405,-1.5614576541186167,False,Normal
ATH017,2026-06-21,1084.63,7839.07,2374.991785714286,423.90363733818293,-3.0439979090928575,True,⚠️ Anomaly
ATH017,2026-06-22,1584.02,7906.34,2318.0692857142853,484.3461313590004,-1.5155469161169026,False,Normal
ATH017,2026-06-23,2193.46,8157.99,2263.6828571428573,477.9512642507994,-0.14692472307387525,False,Normal
ATH017,2026-06-24,2178.9,8618.58,2237.552857142857,460.11878323735726,-0.1274732944614443,False,Normal
ATH017,2026-06-27,2517.5099999999998,7825.58,2220.319642857143,452.6303266012147,0.6565851638233093,False,Normal
ATH017,2026-06-28,2497.46,7862.79,2204.2189285714285,432.6125556416557,0.6778376346327563,False,Normal
ATH017,2026-06-29,2517.38,7992.429999999999,2200.8814285714284,429.87062140372757,0.7362647170328985,False,Normal
ATH017,2026-06-30,2056.88,8141.37,2197.4225,426.8001348504103,-0.329293476088659,False,Normal
ATH018,2026-01-01,615.76,615.76,,,,False,Normal
ATH018,2026-01-02,1191.3,1191.3,,,,False,Normal
ATH018,2026-01-03,1388.11,1388.11,,,,False,Normal
ATH018,2026-01-04,1738.35,1738.35,,,,False,Normal
ATH018,2026-01-05,2478.06,2478.06,,,,False,Normal
ATH018,2026-01-06,2579.7599999999998,2579.7599999999998,,,,False,Normal
ATH018,2026-01-07,3052.77,3052.77,,,,False,Normal
ATH018,2026-01-08,2852.8700000000003,3468.63,1863.4442857142858,871.3439442007033,1.1355168310641437,False,Normal
ATH018,2026-01-09,2887.6099999999997,4078.91,1987.1225,879.2882229516263,1.024109588295418,False,Normal
ATH018,2026-01-10,3144.41,4532.5199999999995,2087.1766666666667,875.5580123841025,1.2074966117373964,False,Normal
ATH018,2026-01-11,2967.34,4705.69,2192.9,890.6166873077954,0.8695547826989628,False,Normal
ATH018,2026-01-12,2797.5,5275.5599999999995,2263.3036363636365,876.5852311586448,0.6094060733036516,False,Normal
ATH018,2026-01-13,3403.36,5983.12,2307.82,849.8984939498257,1.2890245221033134,False,Normal
ATH018,2026-01-14,3522.5899999999997,6575.36,2392.0923076923077,868.5949457711753,1.3015246033972583,False,Normal
ATH018,2026-01-15,3750.9199999999996,7219.55,2472.842142857143,887.5300076329257,1.440039036597237,False,Normal
ATH018,2026-01-17,3188.24,7720.76,2558.0473333333334,916.7024688481978,0.6874560591709541,False,Normal
ATH018,2026-01-18,3737.16,8442.85,2597.434375,899.5231774591748,1.2670330832600774,False,Normal
ATH018,2026-01-20,2877.53,8860.65,2664.4770588235297,913.7728600886321,0.23315744041227632,False,Normal
ATH018,2026-01-21,2806.4400000000005,9381.8,2676.3133333333335,887.9110726537745,0.14655371542754445,False,Normal
ATH018,2026-01-23,2676.1200000000003,9895.67,2683.162105263158,863.4107102235035,-0.00815614768241039,False,Normal
ATH018,2026-01-25,1994.19,10437.04,2682.81,840.3837498491545,-0.8194113702503225,False,Normal
ATH018,2026-01-28,1231.35,10613.15,2650.0185714285712,832.7745422398892,-1.7035445963715703,False,Normal
ATH018,2026-01-30,1168.38,9872.75,2585.533636363636,867.1630408820831,-1.6342412782284856,False,Normal
ATH018,2026-01-31,1659.33,10166.89,2523.9182608695655,897.279030902226,-0.9635667736492299,False,Normal
ATH018,2026-02-01,1619.2800000000002,10317.97,2487.8937499999997,895.1263937024298,-0.9703811172489636,False,Normal
ATH018,2026-02-02,1973.9,9932.880000000001,2453.1492000000003,893.3338599730413,-0.5364726688121536,False,Normal
ATH018,2026-02-03,2653.45,10510.73,2434.716538461538,880.3166522652734,0.24847134377795316,False,Normal
ATH018,2026-02-06,2568.3399999999997,9553.48,2442.817777777778,864.2472830216225,0.14523878140914154,False,Normal
ATH018,2026-02-07,2705.7799999999997,9728.26,2447.300714285714,848.4233884003058,0.30465836897972115,False,Normal
ATH018,2026-02-08,2884.0899999999997,10234.72,2521.944285714286,769.5949929932053,0.4705666195633776,False,Normal
ATH018,2026-02-09,3075.1099999999997,10210.49,2582.4010714285714,726.474462309377,0.6782191998947416,False,Normal
ATH018,2026-02-10,2970.7999999999997,10078.17,2642.6510714285714,692.9392061802915,0.47356092084945367,False,Normal
ATH018,2026-02-11,3765.6099999999997,10280.74,2686.6671428571426,672.202619303839,1.605085767532794,False,Normal
ATH018,2026-02-14,2927.2099999999996,9467.23,2732.6510714285714,700.8332580120942,0.2776108672743249,False,Normal
ATH018,2026-02-18,830.53,8304.83,2745.0600000000004,701.101828980641,-2.730744552162429,True,⚠️ Anomaly
ATH018,2026-02-19,1550.53,9024.83,2665.694285714286,785.659711610325,-1.4193985885168947,False,Normal
ATH018,2026-02-20,2242.89,9203.32,2619.182142857143,812.2678343646178,-0.4632611645289278,False,Normal
ATH018,2026-02-21,2451.53,9743.85,2596.156428571429,813.5138930235476,-0.1777799123182798,False,Normal
ATH018,2026-02-23,2896.54,9647.49,2571.410714285714,806.7291086159962,0.40302163668306107,False,Normal
ATH018,2026-02-25,2740.54,9814.019999999999,2568.8821428571428,805.552262986484,0.21309338329763636,False,Normal
ATH018,2026-02-26,2438.0299999999997,10231.509999999998,2566.8478571428573,805.0252935817291,-0.16001715495139218,False,Normal
ATH018,2026-02-27,2309.7799999999997,10344.72,2532.371785714286,788.3723320964604,-0.2823434773799892,False,Normal
ATH018,2026-02-28,2339.09,10423.61,2489.057142857143,764.9211476565902,-0.19605568929108788,False,Normal
ATH018,2026-03-01,2855.51,10438.71,2438.6346428571424,724.1040965961145,0.5757119164254357,False,Normal
ATH018,2026-03-02,2550.56,10224.15,2426.7514285714283,714.0065624540948,0.1733997668075097,False,Normal
ATH018,2026-03-03,3068.8999999999996,10062.939999999999,2384.3728571428574,667.0170342811074,1.0262513664211093,False,Normal
ATH018,2026-03-05,2647.72,10401.89,2391.2075,673.2090656704838,0.3810294796676954,False,Normal
ATH018,2026-03-06,2601.91,10378.289999999999,2385.5389285714286,670.2449237977019,0.32282388683017893,False,Normal
ATH018,2026-03-07,2778.98,10496.81,2382.8885714285716,669.1992274115787,0.5918886519093658,False,Normal
ATH018,2026-03-08,2484.93,10039.550000000001,2410.9167857142857,668.7509346261579,0.11067381061244978,False,Normal
ATH018,2026-03-09,3146.5699999999997,10295.61,2455.6874999999995,627.5504235643067,1.1009195023341478,False,Normal
ATH018,2026-03-10,3159.6899999999996,10251.83,2526.337142857143,587.3205646667101,1.0783767762367875,False,Normal
ATH018,2026-03-12,3715.75,10352.03,2579.921428571429,573.5711964700683,1.9802747739405426,False,Normal
ATH018,2026-03-13,3824.37,10978.95,2654.7953571428575,580.3214120511605,2.0153911583638657,True,⚠️ Anomaly
ATH018,2026-03-14,3213.62,10783.220000000001,2720.883571428571,604.7607887863093,0.8147625271147267,False,Normal
ATH018,2026-03-15,3506.94,11298.910000000002,2740.8896428571425,611.6733761392965,1.252384666434141,False,Normal
ATH018,2026-03-16,3263.1699999999996,11856.84,2774.411071428571,627.3841393013992,0.7790425322445483,False,Normal
ATH018,2026-03-17,3409.48,12534.61,2794.317857142857,633.9345799777246,0.9703874221197378,False,Normal
ATH018,2026-03-18,3632.61,12259.1,2813.081785714286,644.3796741285577,1.271809535882743,False,Normal
ATH018,2026-03-19,3323.75,12125.25,2832.9925000000003,661.1703127178687,0.7422558009034705,False,Normal
ATH018,2026-03-21,3035.33,11367.02,2845.5978571428573,667.2317016979885,0.28435720661099795,False,Normal
ATH018,2026-03-23,2116.42,11076.72,2819.516428571428,643.7988839014076,-1.0921056965968605,False,Normal
ATH018,2026-03-24,2124.4700000000003,11762.54,2790.559642857143,656.876669434998,-1.014025423417868,False,Normal
ATH018,2026-03-25,2638.11,12156.67,2836.771785714285,550.8347658482198,-0.36065585912750014,False,Normal
ATH018,2026-03-28,1975.3200000000002,11003.25,2875.613928571428,491.97696408989054,-1.8299513885510552,False,Normal
ATH018,2026-03-29,2784.1400000000003,11295.65,2866.057857142857,507.08859136400815,-0.1615454548533762,False,Normal
ATH018,2026-03-30,3055.2400000000002,11581.400000000001,2877.9367857142856,500.87607718545786,0.3539861901211646,False,Normal
ATH018,2026-03-31,3136.2799999999997,11829.92,2883.604642857143,501.99106042270495,0.5033463283790147,False,Normal
ATH018,2026-04-01,2946.87,12377.28,2897.738214285714,503.3829921276238,0.09760318978323627,False,Normal
ATH018,2026-04-02,3495.13,12586.59,2915.911071428571,495.2920951155936,1.1694491680434513,False,Normal
ATH018,2026-04-03,3884.69,12457.85,2958.245,492.2136007007672,1.8822011392635543,False,Normal
ATH018,2026-04-04,3906.14,12130.41,3013.445,506.66061689736074,1.7619190642181723,False,Normal
ATH018,2026-04-06,3121.02,11555.85,3050.9675,532.7626500201386,0.13148913497849704,False,Normal
ATH018,2026-04-10,987.3599999999999,9620.84,3071.341071428571,523.7489677552927,-3.9789693149376366,True,⚠️ Anomaly
ATH018,2026-04-11,1272.71,10189.5,2997.000357142857,655.3110222803286,-2.6312549286028046,True,⚠️ Anomaly
ATH018,2026-04-13,1330.21,9622.890000000001,2947.8928571428573,729.7471818470807,-2.216771640074445,True,⚠️ Anomaly
ATH018,2026-04-14,2111.4700000000003,9726.380000000001,2902.4749999999995,789.2277386693812,-1.0022518992219083,False,Normal
ATH018,2026-04-15,2424.99,9816.77,2878.6353571428567,803.0565712533587,-0.5648983812371233,False,Normal
ATH018,2026-04-17,2706.49,9630.5,2876.494642857143,804.2239879742464,-0.2113896692952004,False,Normal
ATH018,2026-04-19,2710.61,9864.78,2860.7775,803.0497908165815,-0.18699649974044838,False,Normal
ATH018,2026-04-20,2721.13,10227.6,2844.7389285714285,801.3414930733537,-0.15425249988909953,False,Normal
ATH018,2026-04-21,2319.73,9921.64,2809.2167857142854,783.1391943116266,-0.6250316537209462,False,Normal
ATH018,2026-04-22,2453.31,9631.970000000001,2755.479642857143,762.2455895502164,-0.39642032305552133,False,Normal
ATH018,2026-04-24,2925.06,10503.6,2728.3257142857146,758.8554649403546,0.25925132624530606,False,Normal
ATH018,2026-04-26,2645.59,9726.230000000001,2707.5442857142857,744.5763280945284,-0.08320743404888382,False,Normal
ATH018,2026-04-27,2556.82,9729.18,2685.487857142857,736.6121728379302,-0.1746751708529891,False,Normal
ATH018,2026-04-28,2459.9,9245.26,2655.035714285714,723.0736294173167,-0.2698697703067428,False,Normal
ATH018,2026-04-29,2411.59,9096.69,2613.153214285714,697.8768919985696,-0.28882345381644625,False,Normal
ATH018,2026-04-30,2656.34,8793.18,2580.576071428571,684.6419067595873,0.11066212544601595,False,Normal
ATH018,2026-05-01,1951.69,8570.6,2567.040714285715,679.0418594413354,-0.906204390392043,False,Normal
ATH018,2026-05-02,2102.15,8301.59,2561.1575,683.7876591870337,-0.6712719860222708,False,Normal
ATH018,2026-05-03,2217.59,8846.5,2560.3603571428575,684.3283897991186,-0.5008857768468089,False,Normal
ATH018,2026-05-05,1840.8799999999999,8731.98,2545.341785714286,687.1674338640921,-1.025167595258326,False,Normal
ATH018,2026-05-06,2066.43,9356.32,2540.5403571428574,691.7522379649371,-0.6853759642869256,False,Normal
ATH018,2026-05-07,2271.87,9806.51,2514.907857142857,695.6775122636307,-0.3493541948079484,False,Normal
ATH018,2026-05-08,2610.55,10193.79,2486.930357142857,688.8612791088095,0.17945506099148442,False,Normal
ATH018,2026-05-11,2369.91,9436.69,2468.1542857142854,677.5790778911118,-0.14499309220122286,False,Normal
ATH018,2026-05-12,2702.92,9323.43,2447.5485714285714,671.2248758010851,0.38045584688238965,False,Normal
ATH018,2026-05-13,2535.6099999999997,9466.94,2419.255357142857,641.4690912243288,0.1813877620121405,False,Normal
ATH018,2026-05-15,2140.01,9627.310000000001,2371.073928571429,574.4907301469171,-0.4022065395421397,False,Normal
ATH018,2026-05-17,2721.92,9500.28,2307.9978571428574,490.526222618855,0.8438328549435479,False,Normal
ATH018,2026-05-18,2816.37,9531.93,2293.7442857142855,471.45437948598055,1.1085393137200785,False,Normal
ATH018,2026-05-19,2614.2999999999997,9617.999999999998,2359.066071428571,405.8960274762914,0.6288160299532302,False,Normal
ATH018,2026-05-20,2606.39,9620.02,2406.98,347.9562975538878,0.5730892109205679,False,Normal
ATH018,2026-05-21,3036.66,10050.29,2452.5578571428573,278.2985314683897,2.09883300416728,True,⚠️ Anomaly
ATH018,2026-05-22,2771.08,9473.33,2485.600357142857,290.93818594438613,0.981238134590258,False,Normal
ATH018,2026-05-23,3242.3999999999996,9944.65,2497.960714285714,295.58247405731436,2.5185501545329667,True,⚠️ Anomaly
ATH018,2026-05-24,2803.5699999999997,9658.26,2517.100357142857,325.4291316887919,0.8802827250606867,False,Normal
ATH018,2026-05-25,2804.77,9779.88,2520.4203571428566,327.9409093394536,0.8670758504325894,False,Normal
ATH018,2026-05-26,2857.36,10015.46,2523.4075000000003,330.20992170105404,1.011333936544566,False,Normal
ATH018,2026-05-28,2434.42,9828.37,2542.6085714285714,333.54208300996385,-0.32436258253306954,False,Normal
ATH018,2026-05-30,1764.97,9607.47,2541.933928571428,333.74843369685965,-2.3279927338239936,True,⚠️ Anomaly
ATH018,2026-06-01,1510.07,9501.12,2500.5021428571426,355.70999518810436,-2.7843809739824392,True,⚠️ Anomaly
ATH018,2026-06-03,1537.18,9087.42,2459.9478571428576,400.4698332871252,-2.304213152757651,True,⚠️ Anomaly
ATH018,2026-06-04,1596.18,9152.68,2423.532142857143,436.10819869960955,-1.8971258630866081,False,Normal
ATH018,2026-06-05,2065.32,9116.16,2392.685,463.14886013110646,-0.7068245831530936,False,Normal
ATH018,2026-06-06,2581.03,9728.41,2380.3182142857145,467.2303578342067,0.4295777925147296,False,Normal
ATH018,2026-06-07,3106.25,10253.63,2377.628571428572,465.79713571718173,1.5642462623768163,False,Normal
ATH018,2026-06-08,3104.8700000000003,10236.08,2418.862857142857,477.64725466376643,1.43622126194371,False,Normal
ATH018,2026-06-10,2974.4,9526.21,2454.674285714286,490.44032473798734,1.0597124422086874,False,Normal
ATH018,2026-06-12,2162.8,9138.949999999999,2481.703214285714,497.6911999464149,-0.6407652261483608,False,Normal
ATH018,2026-06-13,2180.26,9768.66,2493.2003571428572,485.9183756899946,-0.6440183635749271,False,Normal
ATH018,2026-06-14,2325.11,9856.82,2497.2657142857142,482.6810157967513,-0.3566656003686831,False,Normal
ATH018,2026-06-16,2484.71,9438.490000000002,2499.1671428571426,481.8644012110658,-0.030002512783280016,False,Normal
ATH018,2026-06-17,2447.9600000000005,9367.78,2494.672857142857,481.37366860742713,-0.09704074025900272,False,Normal
ATH018,2026-06-18,3054.3300000000004,9543.88,2497.460357142857,480.850141993766,1.1580939553187508,False,Normal
ATH018,2026-06-19,2934.1400000000003,9302.01,2510.0107142857146,490.89242269435334,0.8639963994277486,False,Normal
ATH018,2026-06-20,2473.9500000000003,9000.210000000001,2524.2439285714286,497.3966660772234,-0.10111432585199497,False,Normal
ATH018,2026-06-21,2357.06,9410.31,2536.1703571428575,491.81463040219415,-0.36418265352615764,False,Normal
ATH018,2026-06-22,2932.92,9435.79,2523.139642857143,491.5443249707805,0.8336590136956952,False,Normal
ATH018,2026-06-23,2919.7000000000003,9500.83,2527.3021428571433,494.603394855562,0.7933586004953487,False,Normal
ATH018,2026-06-24,2962.39,9921.93,2538.2092857142857,499.9316398152463,0.8484774327195486,False,Normal
ATH018,2026-06-25,2758.73,9868.19,2550.9235714285714,506.217226979167,0.4105084092287928,False,Normal
ATH018,2026-06-27,3005.0099999999998,10240.25,2540.9975000000004,499.01360720425384,0.9298594132525769,False,Normal
ATH018,2026-06-28,2600.11,10388.53,2549.352142857143,504.9315650906259,0.10052423071183324,False,Normal
ATH019,2026-01-01,593.47,593.47,,,,False,Normal
ATH019,2026-01-02,1055.47,1055.47,,,,False,Normal
ATH019,2026-01-03,1726.76,1726.76,,,,False,Normal
ATH019,2026-01-04,1850.12,1850.12,,,,False,Normal
ATH019,2026-01-05,2700.43,2700.43,,,,False,Normal
ATH019,2026-01-06,3005.8,3005.8,,,,False,Normal
ATH019,2026-01-07,3600.45,3600.45,,,,False,Normal
ATH019,2026-01-08,3792.0899999999997,4385.5599999999995,2076.0714285714284,1079.4099982155153,1.5897745752452725,False,Normal
ATH019,2026-01-09,3840.9100000000003,4896.38,2290.57375,1169.0891103631247,1.326106142172908,False,Normal
ATH019,2026-01-10,3553.7299999999996,5280.49,2462.8333333333335,1209.5385301531323,0.9019114641420759,False,Normal
ATH019,2026-01-11,3905.69,5755.8099999999995,2571.923,1191.4005591464377,1.119495026051993,False,Normal
ATH019,2026-01-12,3774.08,6474.51,2693.1745454545453,1199.6720689952201,0.9010007671936232,False,Normal
ATH019,2026-01-13,4257.860000000001,7263.66,2783.25,1185.638465622483,1.2437265176158079,False,Normal
ATH019,2026-01-15,3384.27,7769.83,2896.6815384615384,1206.5906394316598,0.4041042965227464,False,Normal
ATH019,2026-01-17,2638.67,7919.16,2931.5092857142854,1166.5561595533056,-0.25102887959240516,False,Normal
ATH019,2026-01-18,2519.8,8275.61,2911.9866666666667,1126.6616430706542,-0.3480962266522035,False,Normal
ATH019,2026-01-19,2263.77,8738.28,2887.475,1092.8655801515572,-0.5707060514372732,False,Normal
ATH019,2026-01-20,1878.3899999999999,9142.05,2850.7864705882353,1068.9203885225804,-0.9096996193816113,False,Normal
ATH019,2026-01-21,2513.7200000000003,9777.380000000001,2796.7644444444445,1062.0312618763226,-0.2665123472395541,False,Normal
ATH019,2026-01-22,2428.8100000000004,10198.64,2781.867368421053,1034.1495282858282,-0.3413987617499268,False,Normal
ATH019,2026-01-24,3185.51,11104.67,2764.2145,1009.658396465046,0.41726538547593334,False,Normal
ATH019,2026-01-25,3502.5,11778.11,2784.2761904761905,988.3782037230292,0.7266690087037528,False,Normal
ATH019,2026-01-26,3690.29,12428.57,2816.9227272727276,976.6372673724769,0.8942596211559284,False,Normal
ATH019,2026-01-27,3774.36,12916.41,2854.8952173913044,971.4055855346442,0.9465302612014928,False,Normal
ATH019,2026-01-28,3690.0,13467.380000000001,2893.2062499999997,968.4147444364153,0.822781514405491,False,Normal
ATH019,2026-01-29,4185.9,13791.070000000002,2925.078,961.3252303764492,1.3115457289166013,False,Normal
ATH019,2026-02-01,3324.54,13252.529999999999,2973.571153846154,973.8180455478401,0.36040495219658975,False,Normal
ATH019,2026-02-03,2620.04,12530.650000000001,2986.57,957.2929900104131,-0.38288173404049813,False,Normal
ATH019,2026-02-04,2698.2,12565.13,2973.479642857143,941.9483908779957,-0.2922449313815945,False,Normal
ATH019,2026-02-07,2276.8100000000004,11380.86,3048.6485714285714,821.2304567096335,-0.9398562426934852,False,Normal
ATH019,2026-02-09,2370.82,10998.96,3092.2678571428573,739.8454664988776,-0.9751331728190723,False,Normal
ATH019,2026-02-11,1446.34,10348.26,3115.27,705.0107965708621,-2.3672403431516136,True,⚠️ Anomaly
ATH019,2026-02-12,1819.4299999999998,10215.18,3100.8492857142855,735.3252254762467,-1.742656502616718,False,Normal
ATH019,2026-02-13,2359.56,10755.31,3069.3849999999998,771.073465316253,-0.9205672765679567,False,Normal
ATH019,2026-02-14,2189.6,10931.79,3046.305,782.6322881882747,-1.0946456119044066,False,Normal
ATH019,2026-02-15,3039.6,11425.34,2995.9175,791.0058442338066,0.055223991476715514,False,Normal
ATH019,2026-02-16,2816.24,11551.43,2969.0428571428574,775.5865460834196,-0.1970158687183089,False,Normal
ATH019,2026-02-17,3618.9300000000003,11950.35,2932.4474999999998,756.8729399782345,0.90699833980026,False,Normal
ATH019,2026-02-18,3904.45,11738.990000000002,2934.776071428572,758.9525904157713,1.2776475643099376,False,Normal
ATH019,2026-02-19,3861.59,11647.960000000001,2934.7317857142857,758.8938721394231,1.2213278408386372,False,Normal
ATH019,2026-02-20,3950.65,12277.150000000001,2937.8571428571427,762.6494940804484,1.3279925640860943,False,Normal
ATH019,2026-02-21,4149.15,11895.43,2926.8853571428567,744.9607486179048,1.6407101248284028,False,Normal
ATH019,2026-02-22,3615.32,11538.16,2954.2025,775.7417422466634,0.8522391718734971,False,Normal
ATH019,2026-02-23,3558.6100000000006,11419.75,2989.082857142857,782.9521875892509,0.7274098621663556,False,Normal
ATH019,2026-02-24,2925.93,11101.92,3026.183214285714,784.5021068312176,-0.12779215430110125,False,Normal
ATH019,2026-02-25,2900.37,10949.36,3049.831785714286,770.5239598123094,-0.19397422210036572,False,Normal
ATH019,2026-02-28,1655.72,10271.279999999999,3086.3310714285717,736.4291997718364,-1.9426321931175594,False,Normal
ATH019,2026-03-01,1760.62,9974.24,3055.6882142857144,777.8252711676727,-1.6649860351561423,False,Normal
ATH019,2026-03-02,1637.98,10383.650000000001,3031.8242857142855,807.4561761364839,-1.7262166380144013,False,Normal
ATH019,2026-03-03,1831.3500000000001,10313.23,2976.5553571428572,848.4683396458288,-1.3497325753143523,False,Normal
ATH019,2026-03-04,1758.07,10009.23,2916.871428571428,868.6387152649501,-1.3340430356226678,False,Normal
ATH019,2026-03-05,2165.38,10416.54,2847.8635714285715,881.5748320003255,-0.7741640830194656,False,Normal
ATH019,2026-03-08,2214.94,10630.48,2790.4000000000005,871.3257977060865,-0.660441824992439,False,Normal
ATH019,2026-03-09,2259.1400000000003,10271.970000000001,2737.719285714286,859.431342406467,-0.5568557511228652,False,Normal
ATH019,2026-03-10,2273.7799999999997,10649.990000000002,2668.906428571428,815.180624457228,-0.48471027980395814,False,Normal
ATH019,2026-03-11,2074.4500000000003,10637.34,2631.3792857142857,808.0351719789346,-0.6892389156159214,False,Normal
ATH019,2026-03-13,2087.57,10144.550000000001,2611.8939285714287,814.8681622762065,-0.64344633014844,False,Normal
ATH019,2026-03-14,2412.6800000000003,10143.85,2590.085714285714,820.6235972380487,-0.21618402746740822,False,Normal
ATH019,2026-03-19,1230.13,7632.79,2594.9382142857144,819.1028332857193,-1.6662232858003583,False,Normal
ATH019,2026-03-20,1238.12,7432.02,2554.199285714286,858.100770862622,-1.5337118091518231,False,Normal
ATH019,2026-03-22,1455.99,7134.5199999999995,2546.7628571428572,868.8916154966757,-1.255361241481597,False,Normal
ATH019,2026-03-23,2202.52,7349.0,2533.782857142857,882.7632574619695,-0.3752567342860081,False,Normal
ATH019,2026-03-24,2804.4700000000003,7780.9400000000005,2528.174285714286,884.4085041989762,0.31240734680175897,False,Normal
ATH019,2026-03-25,3267.7,7845.76,2550.1339285714284,883.3232978731377,0.8123481777921222,False,Normal
ATH019,2026-03-26,3356.29,8418.94,2558.2803571428567,889.0379140916657,0.8976103608274947,False,Normal
ATH019,2026-03-27,3415.16,8906.230000000001,2577.5678571428575,900.6242103051808,0.930012910238467,False,Normal
ATH019,2026-03-28,3937.22,9189.210000000001,2570.290357142857,892.686118991781,1.531254506792357,False,Normal
ATH019,2026-03-30,3293.61,9004.63,2571.460714285714,894.5196524637762,0.807303991282103,False,Normal
ATH019,2026-03-31,2820.2,8769.789999999999,2551.175714285714,870.2917896397078,0.3091196411558233,False,Normal
ATH019,2026-04-01,2779.3100000000004,8867.0,2510.8025000000002,828.1665708710615,0.3242191962875117,False,Normal
ATH019,2026-04-02,2551.48,8805.039999999999,2461.879642857143,765.9202580603771,0.11698392384836713,False,Normal
ATH019,2026-04-04,1960.62,9223.529999999999,2423.8853571428567,732.2289019682609,-0.6326783276344062,False,Normal
ATH019,2026-04-05,2375.01,8928.210000000001,2366.8142857142857,702.168947336162,0.011671997625082739,False,Normal
ATH019,2026-04-06,2208.56,8954.05,2347.1385714285716,693.5878344212376,-0.19979959934592587,False,Normal
ATH019,2026-04-07,2931.34,9427.349999999999,2322.4310714285716,685.4243449314698,0.888367816337642,False,Normal
ATH019,2026-04-08,2936.95,9729.5,2367.9889285714285,681.8528215707507,0.8344338447084281,False,Normal
ATH019,2026-04-09,3017.39,10155.29,2410.0007142857144,679.278709481628,0.8941680009046613,False,Normal
ATH019,2026-04-10,3491.0499999999997,10208.52,2459.2653571428573,671.1868393430213,1.5372539841023782,False,Normal
ATH019,2026-04-13,2955.06,10659.75,2518.5403571428574,686.7853461436445,0.635598364624749,False,Normal
ATH019,2026-04-14,2513.68,11069.689999999999,2561.2900000000004,674.8460552792216,-0.07054942327595241,False,Normal
ATH019,2026-04-15,2651.1800000000003,11635.14,2573.7292857142857,670.4739544085303,0.11551636536580913,False,Normal
ATH019,2026-04-16,2766.08,11691.240000000002,2589.309285714286,666.886796379008,0.2650685472339908,False,Normal
ATH019,2026-04-20,2308.82,10766.050000000001,2607.414285714286,664.4681514951061,-0.4493733597952363,False,Normal
ATH019,2026-04-22,1874.3400000000001,10241.78,2608.6657142857143,663.8492359599855,-1.1061633794363164,False,Normal
ATH019,2026-04-24,1835.86,9683.519999999999,2601.5189285714287,670.8536435922757,-1.141320369777663,False,Normal
ATH019,2026-04-25,2596.3199999999997,9921.92,2592.5292857142854,679.6249458882048,0.0055776561891209405,False,Normal
ATH019,2026-04-26,2932.97,10258.57,2599.0878571428575,678.7105421003872,0.4919359905975325,False,Normal
ATH019,2026-04-27,2600.8399999999997,10073.28,2659.9035714285715,625.7253047358508,-0.0943921733411523,False,Normal
ATH019,2026-04-28,3100.89,10444.79,2708.572142857143,560.6565788652345,0.6997471748871761,False,Normal
ATH019,2026-04-29,3090.58,10553.050000000001,2767.3185714285714,508.2790812777482,0.6359919982518085,False,Normal
ATH019,2026-04-30,3541.64,10658.76,2799.035,499.35960077401825,1.4871146941982214,False,Normal
ATH019,2026-05-01,3350.3599999999997,10969.69,2825.3625,518.7144043128825,1.0121128228460128,False,Normal
ATH019,2026-05-02,3420.1499999999996,11381.45,2828.3146428571426,521.5525606301532,1.1347568813156366,False,Normal
ATH019,2026-05-03,3814.4900000000002,11698.05,2830.595357142857,524.0803744654722,1.8773735686260935,False,Normal
ATH019,2026-05-04,3707.83,11572.550000000001,2844.8571428571427,545.5701787349357,1.581781576008998,False,Normal
ATH019,2026-05-05,3807.06,11320.51,2836.664642857143,530.0611565308598,1.8307233895309234,False,Normal
ATH019,2026-05-06,3679.59,11295.69,2855.0021428571426,554.7606457934503,1.4863849182443087,False,Normal
ATH019,2026-05-07,3375.4,11016.77,2885.6946428571428,576.1256363334396,0.8499975114098802,False,Normal
ATH019,2026-05-08,3636.59,11115.23,2906.9835714285714,583.0209876739056,1.2514239521331112,False,Normal
ATH019,2026-05-09,3301.7400000000002,11610.63,2945.7375,594.4669016025438,0.5988600863064042,False,Normal
ATH019,2026-05-10,3179.6,12219.48,2993.6346428571424,565.4758630830322,0.3288652430343453,False,Normal
ATH019,2026-05-11,3663.4,12280.89,3022.37,553.1849259147092,1.1587987487909877,False,Normal
ATH019,2026-05-12,3753.65,12560.480000000001,3074.328571428571,542.1291194343167,1.2530620551802587,False,Normal
ATH019,2026-05-13,4085.47,12729.98,3103.6967857142854,556.1870726190501,1.7651852454293944,False,Normal
ATH019,2026-05-15,3579.9700000000003,12402.779999999999,3144.715357142857,585.0372928061471,0.7439776031531812,False,Normal
ATH019,2026-05-16,3511.23,12829.439999999999,3164.8075,590.1407408132371,0.5870167504833107,False,Normal
ATH019,2026-05-19,1445.28,12106.88,3165.528214285714,590.5660929177227,-2.9128800906715413,True,⚠️ Anomaly
ATH019,2026-05-20,1346.42,12202.06,3111.6074999999996,673.5833695911874,-2.620592460694703,True,⚠️ Anomaly
ATH019,2026-05-21,1830.56,12686.2,3069.9196428571427,744.3615721641504,-1.6649968096201408,False,Normal
ATH019,2026-05-22,1954.26,12521.18,3040.6117857142854,776.903179896783,-1.3983103864481734,False,Normal
ATH019,2026-05-23,2240.34,12473.46,3011.618214285714,802.2624447059608,-0.961378934506148,False,Normal
ATH019,2026-05-24,2703.63,12600.1,3009.1725,804.5853104026593,-0.37975152671764484,False,Normal
ATH019,2026-05-27,2583.7,11695.18,3038.7900000000004,776.0203082012375,-0.5864408381977378,False,Normal
ATH019,2026-05-28,2786.6600000000003,11931.220000000001,3065.4985714285717,745.348429362699,-0.3741049963263341,False,Normal
ATH019,2026-05-29,2990.7200000000003,12161.54,3072.296428571429,741.7702575356828,-0.1099753296154562,False,Normal
ATH019,2026-05-30,2696.7700000000004,11750.08,3074.3589285714284,741.4487283956681,-0.5092583129631192,False,Normal
ATH019,2026-05-31,2806.98,11592.59,3077.785,739.3984645918221,-0.3662504224288526,False,Normal
ATH019,2026-06-01,3099.24,11530.9,3067.2882142857147,741.1424817184665,0.0431115291626508,False,Normal
ATH019,2026-06-04,2252.3,10808.12,3067.5975,741.1543684491776,-1.100037366987342,False,Normal
ATH019,2026-06-05,2195.08,10720.03,3021.5496428571428,750.6043718008424,-1.1010722477865207,False,Normal
ATH019,2026-06-06,2166.77,10615.11,2980.289642857143,763.5020649732317,-1.065510730328758,False,Normal
ATH019,2026-06-07,1957.8,10370.79,2935.526071428572,773.4359892896383,-1.2641331473682311,False,Normal
ATH019,2026-06-08,1837.4,9704.9,2869.215714285714,774.8772926342683,-1.331585947986628,False,Normal
ATH019,2026-06-10,2693.13,9136.150000000001,2802.414642857143,780.5070318637481,-0.1400174993890645,False,Normal
ATH019,2026-06-11,2958.55,9828.07,2762.6314285714284,755.3875200467169,0.2593616736168149,False,Normal
ATH019,2026-06-12,2856.53,9996.59,2736.88,734.9850465044756,0.16279242764059623,False,Normal
ATH019,2026-06-13,2789.8900000000003,9893.77,2718.3489285714286,724.75984826822,0.09871003698606622,False,Normal
ATH019,2026-06-14,2979.3199999999997,10447.730000000001,2688.1096428571427,702.3458700905144,0.41462528583720076,False,Normal
ATH019,2026-06-15,3565.85,11206.12,2676.5946428571433,694.5121139624629,1.2804029465653342,False,Normal
ATH019,2026-06-16,3931.95,11502.04,2690.3892857142855,708.5667219160655,1.752214259975909,False,Normal
ATH019,2026-06-17,3723.6099999999997,11513.34,2699.9803571428574,723.8771908041688,1.414092964747201,False,Normal
ATH019,2026-06-18,3122.8799999999997,11120.390000000001,2698.9075000000003,722.2782053445482,0.5869933453104152,False,Normal
ATH019,2026-06-19,3303.58,11345.91,2664.5292857142854,675.212497382634,0.9464438480669486,False,Normal
ATH019,2026-06-20,3520.93,11174.36,2654.658214285714,663.2481128230671,1.3061051648184314,False,Normal
ATH019,2026-06-21,3609.1400000000003,11353.24,2655.004642857143,663.7144583410693,1.4375690406499273,False,Normal
ATH019,2026-06-22,3440.89,11943.38,2732.2853571428573,643.3037339620362,1.1015086738155946,False,Normal
ATH019,2026-06-23,3654.15,12522.74,2807.0878571428575,596.2381422400836,1.4206775495353352,False,Normal
ATH019,2026-06-25,3480.48,11814.21,2872.2160714285715,585.1127893443851,1.0395669683668753,False,Normal
ATH019,2026-06-26,3158.84,11514.029999999999,2926.723928571428,567.2477097832721,0.40919701820789445,False,Normal
ATH019,2026-06-27,3198.3199999999997,11675.91,2959.5275,552.449559545185,0.43224308151605767,False,Normal
ATH019,2026-06-28,2720.45,11266.710000000001,2977.1949999999997,551.8726476716803,-0.4652250860469216,False,Normal
ATH019,2026-06-30,2425.56,11849.06,2982.078928571428,548.858212901276,-1.0139575494910744,False,Normal
ATH020,2026-01-01,420.32,420.32,,,,False,Normal
ATH020,2026-01-02,1067.67,1067.67,,,,False,Normal
ATH020,2026-01-03,1593.58,1593.58,,,,False,Normal
ATH020,2026-01-04,2066.55,2066.55,,,,False,Normal
ATH020,2026-01-05,2510.0299999999997,2510.0299999999997,,,,False,Normal
ATH020,2026-01-06,3314.46,3314.46,,,,False,Normal
ATH020,2026-01-07,4110.139999999999,4110.139999999999,,,,False,Normal
ATH020,2026-01-09,3151.31,4218.98,2154.6785714285716,1278.5005891724434,0.7795314581877,False,Normal
ATH020,2026-01-10,3128.47,4722.05,2279.2574999999997,1234.9955157784407,0.6876239542171338,False,Normal
ATH020,2026-01-12,2621.2,5131.23,2373.6144444444444,1189.407953638186,0.20815865136788056,False,Normal
ATH020,2026-01-13,2300.2299999999996,5614.69,2398.373,1124.1144162806559,-0.08730694898898732,False,Normal
ATH020,2026-01-14,2003.77,6113.91,2389.450909090909,1066.839041078405,-0.36151743069043196,False,Normal
ATH020,2026-01-15,2498.46,6608.599999999999,2357.3108333333334,1023.2661319916048,0.13793984013908966,False,Normal
ATH020,2026-01-17,2607.0,7329.05,2368.1684615384615,980.4845693061342,0.2435852087203717,False,Normal
ATH020,2026-01-18,2910.32,7632.37,2385.227857142857,944.179174237753,0.5561361203301866,False,Normal
ATH020,2026-01-19,3111.91,8243.14,2420.2339999999995,919.8798981295639,0.7519198988981263,False,Normal
ATH020,2026-01-21,2641.4799999999996,8755.39,2463.46375,905.35521891226,0.19662586163017592,False,Normal
ATH020,2026-01-22,2479.2699999999995,9087.869999999999,2473.9352941176467,877.669028108814,0.006078266079239455,False,Normal
ATH020,2026-01-23,2622.16,9230.76,2474.2316666666666,851.4649536654975,0.17373390730471297,False,Normal
ATH020,2026-01-24,2531.05,9860.1,2482.017368421052,828.1708328320921,0.05920593872072422,False,Normal
ATH020,2026-01-25,2675.99,10308.36,2484.469,806.1568575126906,0.2375728720970221,False,Normal
ATH020,2026-01-28,2035.3200000000002,10790.71,2493.5890476190475,786.8552062540142,-0.5824058149157216,False,Normal
ATH020,2026-01-29,2409.86,11077.41,2472.758636363636,774.0827721048183,-0.0812556985251169,False,Normal
ATH020,2026-01-30,2899.37,11062.46,2470.023913043478,756.3990988272785,0.567618453832349,False,Normal
ATH020,2026-01-31,2614.09,10880.61,2487.9133333333334,744.9461152772503,0.16937690401903355,False,Normal
ATH020,2026-02-01,2736.1299999999997,10977.94,2492.9604,729.6977732394874,0.33324700844357824,False,Normal
ATH020,2026-02-02,3117.1399999999994,10915.47,2502.313076923077,716.543629771526,0.8580453408998465,False,Normal
ATH020,2026-02-03,3946.2999999999997,10940.2,2525.084444444444,712.522092226098,1.9946266523685197,False,Normal
ATH020,2026-02-04,4173.33,10853.9,2575.842142857143,749.0140940787236,2.1327874465536514,True,⚠️ Anomaly
ATH020,2026-02-05,4042.29,11429.880000000001,2709.878214285714,681.7800797642591,1.9543131652878412,False,Normal
ATH020,2026-02-08,3240.69,11563.130000000001,2816.1146428571424,647.2938088945396,0.655923710853894,False,Normal
ATH020,2026-02-10,2636.52,11276.49,2874.9399999999996,605.5756940423009,-0.39370800767863284,False,Normal
ATH020,2026-02-11,2367.76,11217.89,2895.296071428572,586.6805309936212,-0.8991879627147664,False,Normal
ATH020,2026-02-12,2467.4700000000003,11398.89,2890.215,590.7428062256934,-0.7156159931949981,False,Normal
ATH020,2026-02-13,2877.36,11808.779999999999,2859.965357142857,589.8992090272528,0.02948748293090084,False,Normal
ATH020,2026-02-15,2761.73,11414.539999999999,2815.9375,536.7452788567401,-0.10099297028836694,False,Normal
ATH020,2026-02-16,3278.2200000000003,11320.26,2802.0239285714283,532.7643366952829,0.8938212238123863,False,Normal
ATH020,2026-02-17,3277.28,11925.32,2807.372142857143,536.8983766202501,0.8752268168529488,False,Normal
ATH020,2026-02-19,2866.13,11785.75,2830.8035714285716,542.7569144122696,0.06508701710356316,False,Normal
ATH020,2026-02-20,2867.9199999999996,12054.539999999999,2851.014285714286,532.7114165073323,0.03173522053751774,False,Normal
ATH020,2026-02-22,2769.8500000000004,11508.4,2881.8767857142857,506.1800416266304,-0.2213180617597696,False,Normal
ATH020,2026-02-25,2067.36,11445.11,2891.569285714286,501.13957005363756,-1.6446701377543778,False,Normal
ATH020,2026-02-26,1817.92,11193.81,2872.2964285714284,522.4140658676811,-2.0182772583280415,True,⚠️ Anomaly
ATH020,2026-02-28,1792.24,10603.349999999999,2833.2821428571433,558.9801882552766,-1.8623954206794129,False,Normal
ATH020,2026-03-01,1848.83,10621.1,2786.1510714285714,589.4230315306735,-1.590234892916283,False,Normal
ATH020,2026-03-02,2583.62,10974.88,2757.842142857143,615.1039891749538,-0.2832401446312015,False,Normal
ATH020,2026-03-03,3091.87,10653.97,2761.5689285714284,613.6681090775447,0.5382405677314311,False,Normal
ATH020,2026-03-04,3269.33,10541.11,2778.344285714286,616.1311546910707,0.7968850634275996,False,Normal
ATH020,2026-03-05,3506.5899999999997,10658.109999999999,2804.7114285714283,620.9348199748043,1.1303578875751428,False,Normal
ATH020,2026-03-06,4385.87,11537.39,2834.3757142857144,634.2550758898687,2.4461677086896265,True,⚠️ Anomaly
ATH020,2026-03-07,4552.679999999999,12090.199999999999,2918.3239285714285,678.5842163370528,2.4084793487397977,True,⚠️ Anomaly
ATH020,2026-03-08,4578.93,11959.34,2994.8532142857143,737.3993907874684,2.148193781422373,True,⚠️ Anomaly
ATH020,2026-03-09,4619.62,12734.82,3054.8375,795.3777875563048,1.967344983077276,False,Normal
ATH020,2026-03-11,3940.5299999999997,12113.880000000001,3126.4635714285714,843.0881275459844,0.9655769094281628,False,Normal
ATH020,2026-03-13,2880.62,11540.65,3169.477857142857,853.1004977329895,-0.3385976891473649,False,Normal
ATH020,2026-03-14,2698.2200000000003,11911.06,3161.030714285714,854.8071927154033,-0.541421174540585,False,Normal
ATH020,2026-03-15,2296.89,11494.5,3116.4564285714287,844.8249374441505,-0.9701020794330051,False,Normal
ATH020,2026-03-17,1977.98,10829.52,3049.440714285715,832.2135619113042,-1.2874828809866345,False,Normal
ATH020,2026-03-18,1996.35,11273.57,2975.715357142857,832.4379747130184,-1.1765024985561137,False,Normal
ATH020,2026-03-19,2185.23,10757.29,2931.274642857143,850.7812551282764,-0.8768936061533917,False,Normal
ATH020,2026-03-20,2292.76,10965.49,2915.1571428571433,860.7878547343713,-0.7230552097522418,False,Normal
ATH020,2026-03-21,2479.87,11523.01,2912.4785714285713,862.6689509617458,-0.5014769233855908,False,Normal
ATH020,2026-03-22,3009.86,11734.509999999998,2912.921428571429,862.4351927932058,0.11240099225845854,False,Normal
ATH020,2026-03-23,3666.9,12391.55,2917.6535714285715,862.5963377274718,0.868594492929722,False,Normal
ATH020,2026-03-24,3810.25,12991.47,2949.9810714285713,873.4298525474337,0.9849319050206263,False,Normal
ATH020,2026-03-25,3675.99,12882.199999999999,2968.9821428571427,886.5238981314609,0.7975056945819822,False,Normal
ATH020,2026-03-26,4105.15,13044.52,2983.221785714286,894.8225531978437,1.2537996614817746,False,Normal
ATH020,2026-03-27,4002.45,13561.7,3027.4725,919.1236719656351,1.0607685665574427,False,Normal
ATH020,2026-03-28,3833.54,13564.310000000001,3067.9914285714285,936.6694136603224,0.817309245144406,False,Normal
ATH020,2026-03-29,3491.02,13376.699999999999,3105.9803571428574,945.6568715173679,0.4071663353318857,False,Normal
ATH020,2026-03-30,3355.25,13163.18,3156.8253571428572,925.80983750757,0.21432548544886285,False,Normal
ATH020,2026-03-31,3142.59,13042.19,3211.7299999999996,888.2909583389139,-0.07783485731892377,False,Normal
ATH020,2026-04-01,3456.48,13069.35,3259.956785714286,843.9182810932342,0.2328699575403587,False,Normal
ATH020,2026-04-02,3423.54,12961.470000000001,3317.3728571428574,797.7836284350169,0.1330776153747437,False,Normal
ATH020,2026-04-03,3459.44,12635.27,3347.37,784.858288393044,0.14279010830026093,False,Normal
ATH020,2026-04-04,3616.51,12628.14,3360.4975,783.4993334021834,0.32675522375790556,False,Normal
ATH020,2026-04-05,3613.17,12410.94,3372.896785714285,784.7492793764627,0.3061783178400985,False,Normal
ATH020,2026-04-06,3501.93,12045.49,3376.7032142857142,785.679708155813,0.15938655970665733,False,Normal
ATH020,2026-04-07,3875.61,12806.43,3345.1339285714284,760.9998076329108,0.6970777996365295,False,Normal
ATH020,2026-04-08,3446.05,12574.869999999999,3320.952857142857,731.3894479781314,0.17104039879569571,False,Normal
ATH020,2026-04-09,3261.29,12975.21,3280.4928571428572,689.3483407718242,-0.027856536394005003,False,Normal
ATH020,2026-04-10,3637.04,13391.69,3231.9810714285713,637.4614839219654,0.6354249453305225,False,Normal
ATH020,2026-04-11,3603.1099999999997,13533.03,3221.1421428571434,627.4694774654726,0.608743326744327,False,Normal
ATH020,2026-04-12,3908.46,14022.51,3246.945357142857,627.8029317152298,1.0536979192655391,False,Normal
ATH020,2026-04-14,2980.0,13808.45,3290.168214285714,630.2814816034563,-0.4921106257106524,False,Normal
ATH020,2026-04-15,3305.0000000000005,13883.52,3314.5649999999996,603.0421386081044,-0.015861246482835087,False,Normal
ATH020,2026-04-16,3275.38,14065.36,3361.9585714285713,543.2943058629161,-0.15935851065300266,False,Normal
ATH020,2026-04-17,2503.9900000000002,13602.92,3407.638214285714,473.5108595184246,-1.90840019002891,False,Normal
ATH020,2026-04-18,2626.69,13679.85,3419.0225,446.0695767903947,-1.776253170415861,False,Normal
ATH020,2026-04-19,2591.05,13603.699999999999,3430.9485714285715,418.4516838671052,-2.0071578244510357,True,⚠️ Anomaly
ATH020,2026-04-20,3188.92,13544.53,3434.9192857142853,409.5248653412916,-0.6006943815469501,False,Normal
ATH020,2026-04-21,3245.2599999999998,13243.46,3441.3142857142852,404.0022816898201,-0.48528014469187974,False,Normal
ATH020,2026-04-22,3453.98,13661.51,3426.2557142857145,403.13957007310626,0.06877093635154187,False,Normal
ATH020,2026-04-24,3404.7,13005.17,3413.531785714286,396.1324470057535,-0.022295032333359444,False,Normal
ATH020,2026-04-25,3293.78,13140.09,3403.8428571428567,392.7787944590676,-0.2802158840943395,False,Normal
ATH020,2026-04-26,3380.4100000000003,13493.09,3374.865357142857,368.2893662495014,0.015055126118919333,False,Normal
ATH020,2026-04-27,3396.2799999999997,13585.56,3352.649642857143,347.1870956328029,0.12566814173589444,False,Normal
ATH020,2026-04-28,3494.21,13595.08,3337.033214285714,334.3522967930181,0.4700933333548675,False,Normal
ATH020,2026-04-29,2927.37,13132.4,3337.147142857143,334.40724918884786,-1.225383552094387,False,Normal
ATH020,2026-04-30,3623.94,13243.869999999999,3321.8657142857146,343.20993467910165,0.8801443524550719,False,Normal
ATH020,2026-05-02,3350.8500000000004,12874.43,3339.0567857142855,345.9419117483451,0.03409015758198675,False,Normal
ATH020,2026-05-03,2963.44,12843.36,3335.2842857142855,345.1891134761251,-1.0772190408026987,False,Normal
ATH020,2026-05-04,3149.02,13232.65,3318.852142857143,351.7215766752748,-0.4828596086214515,False,Normal
ATH020,2026-05-05,3124.9500000000003,12844.42,3307.7657142857142,352.0182226178439,-0.5193359392765907,False,Normal
ATH020,2026-05-06,3489.36,13175.710000000001,3290.21,348.2880485715484,0.5717968239702286,False,Normal
ATH020,2026-05-08,3518.52,12572.27,3285.788214285714,344.8044721615695,0.6749674221314392,False,Normal
ATH020,2026-05-09,2940.49,12211.810000000001,3286.3807142857145,345.20366138919707,-1.0019902827616392,False,Normal
ATH020,2026-05-10,3340.3,12275.199999999999,3252.983571428572,331.03033487732563,0.2637716830506979,False,Normal
ATH020,2026-05-11,3289.0099999999998,13023.23,3249.2067857142856,329.34499238306915,0.12085568387637138,False,Normal
ATH020,2026-05-12,3442.13,13306.55,3250.196785714286,329.42431251270835,0.5826322071426041,False,Normal
ATH020,2026-05-13,3732.08,13602.79,3243.235714285714,322.9427251757113,1.513718215662881,False,Normal
ATH020,2026-05-15,3193.77,13262.050000000001,3247.8417857142854,329.1261882402883,-0.16428891910238602,False,Normal
ATH020,2026-05-16,3766.38,13351.5,3222.317142857143,302.64356349486013,1.797701728264566,False,Normal
ATH020,2026-05-21,1477.8,11626.61,3250.402142857143,315.5369162338202,-5.617732986727942,True,⚠️ Anomaly
ATH020,2026-05-22,1845.4099999999999,11702.76,3185.145,459.7952566934305,-2.9137642907292354,True,⚠️ Anomaly
ATH020,2026-05-23,1641.9,11699.619999999999,3134.074642857143,524.2926008229045,-2.8460722896243373,True,⚠️ Anomaly
ATH020,2026-05-25,2112.31,10802.85,3103.285714285714,584.5184603961756,-1.6953711155915412,False,Normal
ATH020,2026-05-26,2553.96,10847.72,3084.9150000000004,607.6764882518281,-0.8737461630734782,False,Normal
ATH020,2026-05-27,2884.79,11017.55,3083.590357142857,608.832237760867,-0.3265273170717688,False,Normal
ATH020,2026-05-28,2519.49,10522.16,3072.7285714285717,609.5959373449871,-0.9075496366300077,False,Normal
ATH020,2026-05-29,2431.65,10989.35,3046.808214285714,617.3686151968099,-0.9964196415938774,False,Normal
ATH020,2026-05-30,2055.21,10403.980000000001,3010.296428571429,622.6047988965352,-1.534017132961652,False,Normal
ATH020,2026-05-31,2333.82,10316.56,2962.100357142857,642.8463226843232,-0.9773414500052771,False,Normal
ATH020,2026-06-02,1606.4099999999999,9329.179999999998,2927.816071428572,650.0598528758966,-2.032745239661559,True,⚠️ Anomaly
ATH020,2026-06-03,1795.01,9323.199999999999,2864.4589285714287,689.5644922613831,-1.5509048690489249,False,Normal
ATH020,2026-06-04,2066.52,9795.89,2807.2707142857143,709.924140172365,-1.0434223494722477,False,Normal
ATH020,2026-06-05,1971.6999999999998,9442.53,2756.281785714286,710.029246779229,-1.104999250767818,False,Normal
ATH020,2026-06-06,2308.19,9771.679999999998,2722.1507142857145,724.3260137940174,-0.5715115934016914,False,Normal
ATH020,2026-06-07,2188.64,9164.900000000001,2675.159642857143,706.1059557438288,-0.6890179000751122,False,Normal
ATH020,2026-06-08,3067.2799999999997,9295.51,2633.652142857143,699.0394264425757,0.6203195996391742,False,Normal
ATH020,2026-06-10,2749.44,8340.56,2637.3607142857145,701.1261634812886,0.15985608803668142,False,Normal
ATH020,2026-06-12,2292.79,8541.55,2623.09,694.3600163379874,-0.47568983269224274,False,Normal
ATH020,2026-06-15,1233.76,8276.76,2593.37,689.8784194280857,-1.9707965370581189,False,Normal
ATH020,2026-06-17,1565.46,8994.7,2512.8128571428574,712.6945968846494,-1.3292550010677122,False,Normal
ATH020,2026-06-18,1884.01,8746.77,2443.0607142857143,706.1635354134485,-0.791673155366764,False,Normal
ATH020,2026-06-19,1753.35,8449.49,2405.3292857142856,706.8251041829062,-0.9224053897575941,False,Normal
ATH020,2026-06-20,2304.34,8480.09,2348.6525,692.5585997595638,-0.0639837553318723,False,Normal
ATH020,2026-06-22,2496.59,8661.04,2313.4857142857145,667.5903010547979,0.2742764318549557,False,Normal
ATH020,2026-06-23,3075.7,8798.5,2279.7164285714284,631.313531223031,1.2608371784563661,False,Normal
ATH020,2026-06-25,2377.45,8604.73,2256.2742857142853,585.9426044982047,0.20680475076477534,False,Normal
ATH020,2026-06-26,2691.6,8709.44,2227.12,557.1708288673616,0.8336401978262447,False,Normal
ATH020,2026-06-27,2575.24,9000.119999999999,2188.735,478.69525104608687,0.8074134831197406,False,Normal
ATH020,2026-06-28,2711.5099999999998,8857.78,2227.9292857142855,463.00032137360927,1.0444500618294346,False,Normal
ATH020,2026-06-29,2506.75,9304.380000000001,2258.861428571429,465.42334410182156,0.5326088056604658,False,Normal
ATH020,2026-06-30,2334.01,9526.1,2289.7489285714287,451.4505138570277,0.09804191172676086,False,Normal
ATH021,2026-01-01,531.1,531.1,,,,False,Normal
ATH021,2026-01-02,1175.9,1175.9,,,,False,Normal
ATH021,2026-01-03,1781.4099999999999,1781.4099999999999,,,,False,Normal
ATH021,2026-01-04,2582.19,2582.19,,,,False,Normal
ATH021,2026-01-06,3409.69,3409.69,,,,False,Normal
ATH021,2026-01-07,3870.71,3870.71,,,,False,Normal
ATH021,2026-01-08,3984.81,4515.91,,,,False,Normal
ATH021,2026-01-10,3208.61,4990.02,2476.5442857142857,1357.7018663150016,0.5391947469827424,False,Normal
ATH021,2026-01-12,2971.0299999999997,5553.22,2568.0525,1283.3581133968135,0.3140023784424384,False,Normal
ATH021,2026-01-13,2468.98,5878.67,2612.827777777778,1207.9633565714832,-0.11908289849623892,False,Normal
ATH021,2026-01-14,2582.9,6453.610000000001,2598.443,1139.7868578237678,-0.013636760148013002,False,Normal
ATH021,2026-01-15,2656.96,7172.87,2597.03,1081.306910825969,0.055423672409733886,False,Normal
ATH021,2026-01-16,3230.7000000000003,7746.610000000001,2602.0241666666666,1031.1308293013094,0.6096955065918476,False,Normal
ATH021,2026-01-17,2890.4300000000003,7880.45,2650.383846153846,1002.5122360062783,0.23944461246919962,False,Normal
ATH021,2026-01-18,3330.07,8320.09,2667.5299999999997,965.3168347072534,0.6863446033249027,False,Normal
ATH021,2026-01-19,3279.5299999999997,8832.75,2711.699333333333,945.8016625855148,0.6003697065983178,False,Normal
ATH021,2026-01-21,2890.02,9343.630000000001,2747.1887500000003,924.6927661364072,0.1544634663865531,False,Normal
ATH021,2026-01-22,2540.6200000000003,9713.49,2755.590588235294,895.9998394633686,-0.23992257449961563,False,Normal
ATH021,2026-01-23,2443.44,10190.05,2743.647777777778,870.7230395721881,-0.3447798715941628,False,Normal
ATH021,2026-01-24,3041.13,10921.58,2727.8473684210526,848.9888659775235,0.3690067610229903,False,Normal
ATH021,2026-01-25,2992.61,11312.7,2743.5115,829.3090468594291,0.3003687237506082,False,Normal
ATH021,2026-01-26,2805.1000000000004,11637.85,2755.3733333333334,810.1361523431314,0.06138062907431552,False,Normal
ATH021,2026-01-28,2642.45,11986.08,2757.6336363636365,790.6830094686098,-0.14567612429290408,False,Normal
ATH021,2026-01-30,2199.42,11213.57,2752.625652173913,772.8772242543743,-0.715774297408767,False,Normal
ATH021,2026-01-31,2023.0900000000001,11163.26,2729.5754166666666,764.2770797351668,-0.924383885634087,False,Normal
ATH021,2026-02-02,1762.76,10818.42,2701.316,761.4105395634693,-1.2326543319693095,False,Normal
ATH021,2026-02-03,2308.38,10536.539999999999,2665.2176923076922,768.3986287354121,-0.4643913705246401,False,Normal
ATH021,2026-02-05,2322.2400000000002,9792.41,2652.0014814814817,756.599894582557,-0.43584658660760534,False,Normal
ATH021,2026-02-06,2278.9100000000003,10152.470000000001,2640.2242857142855,745.0674188158764,-0.48494173357964865,False,Normal
ATH021,2026-02-07,2344.16,10298.81,2702.6460714285713,625.4310727001094,-0.5731823810430721,False,Normal
ATH021,2026-02-08,2978.96,10933.61,2744.369642857143,554.7853584978352,0.42284886136513367,False,Normal
ATH021,2026-02-09,2986.33,10833.720000000001,2787.1392857142855,523.0525083118547,0.3808235523592075,False,Normal
ATH021,2026-02-11,3061.54,10554.16,2801.5728571428567,522.7635100746882,0.49729397298598993,False,Normal
ATH021,2026-02-12,2838.04,9973.49,2789.138928571429,511.78891573497367,0.09554929762076762,False,Normal
ATH021,2026-02-13,2953.99,9875.76,2752.257857142857,466.1331276009999,0.43277795743756087,False,Normal
ATH021,2026-02-15,2598.97,10202.51,2715.4428571428575,401.39220386657723,-0.2901721957249905,False,Normal
ATH021,2026-02-17,2774.17,10328.36,2693.6700000000005,390.0238561934388,0.20639763112355422,False,Normal
ATH021,2026-02-19,2572.59,10005.460000000001,2686.639285714286,386.5981759640498,-0.2950073042374918,False,Normal
ATH021,2026-02-22,1700.31,8910.21,2690.339642857143,384.9299273266757,-2.5719736829320157,True,⚠️ Anomaly
ATH021,2026-02-23,2117.64,9002.39,2658.8185714285714,427.8028949109393,-1.2650184883420086,False,Normal
ATH021,2026-02-25,1866.1200000000001,9041.15,2639.557142857143,439.86093233149813,-1.758367442995022,False,Normal
ATH021,2026-02-26,1678.42,9411.29,2590.8221428571424,447.4681285762539,-2.0390326921387834,True,⚠️ Anomaly
ATH021,2026-02-27,2355.68,9685.160000000002,2547.5360714285716,475.1763125124023,-0.4037576503217724,False,Normal
ATH021,2026-03-02,2061.39,9301.02,2512.7364285714284,450.79925868530177,-1.0012137772535885,False,Normal
ATH021,2026-03-03,2576.5699999999997,9270.58,2469.2314285714283,432.4643111262298,0.24820214909535254,False,Normal
ATH021,2026-03-05,2176.8399999999997,9265.890000000001,2458.036785714286,425.163796628265,-0.6613845956412562,False,Normal
ATH021,2026-03-06,2176.5,9582.75,2445.0446428571427,428.09484152966985,-0.6273017490647121,False,Normal
ATH021,2026-03-10,1703.55,8533.42,2435.5110714285715,431.093741591723,-1.6979162553507718,False,Normal
ATH021,2026-03-11,2363.52,8572.56,2387.740357142857,435.5849430489764,-0.05560421114036055,False,Normal
ATH021,2026-03-13,2075.2,8703.960000000001,2365.272857142857,419.14418149417816,-0.6920598446787367,False,Normal
ATH021,2026-03-14,2570.52,9199.28,2339.205,413.43534716468855,0.5594949768720613,False,Normal
ATH021,2026-03-15,3314.81,9043.34,2336.6360714285715,411.7011477177884,2.375931993373854,True,⚠️ Anomaly
ATH021,2026-03-16,3794.1,9522.630000000001,2376.4714285714285,450.1030981133302,3.1495641273538415,True,⚠️ Anomaly
ATH021,2026-03-17,3883.5,9642.75,2439.7217857142855,517.9296709232054,2.7875951028489863,True,⚠️ Anomaly
ATH021,2026-03-18,3760.89,10180.11,2515.4625,567.9192952225796,2.192965638739022,True,⚠️ Anomaly
ATH021,2026-03-19,4506.929999999999,10368.31,2567.337857142857,612.8630388917925,3.1648052171075665,True,⚠️ Anomaly
ATH021,2026-03-20,3875.2899999999995,10482.67,2645.3624999999997,711.6156599968676,1.728359238195255,False,Normal
ATH021,2026-03-21,3735.88,10838.58,2702.376071428571,744.3648492921815,1.3884373094110918,False,Normal
ATH021,2026-03-22,3626.94,10969.97,2752.0803571428573,765.7185187128929,1.1425342622347787,False,Normal
ATH021,2026-03-23,3682.01,11087.0,2775.2225,782.4387403289741,1.1589245946829578,False,Normal
ATH021,2026-03-24,3029.49,11193.109999999999,2800.068214285714,800.2335967057945,0.28669351881589716,False,Normal
ATH021,2026-03-25,2595.95,10909.94,2798.9235714285714,799.8685777755603,-0.2537586511937279,False,Normal
ATH021,2026-03-26,2640.2,11330.09,2790.2774999999997,800.7380409145003,-0.18742396680517465,False,Normal
ATH021,2026-03-29,1678.84,10797.09,2779.070714285714,800.5577447094525,-1.3743302360843719,False,Normal
ATH021,2026-03-31,1951.4899999999998,10568.029999999999,2746.2089285714283,826.6831811313665,-0.9613343378823881,False,Normal
ATH021,2026-04-01,2483.7799999999997,11204.14,2716.8275,840.1622870860524,-0.277383909730443,False,Normal
ATH021,2026-04-02,2250.04,11403.29,2713.655714285714,840.8943001327616,-0.5513364928416304,False,Normal
ATH021,2026-04-03,2730.01,11206.34,2733.2889285714286,822.5764419024431,-0.003986168828084797,False,Normal
ATH021,2026-04-04,3311.7799999999997,11788.11,2755.1592857142855,813.6943295490089,0.6840661094372158,False,Normal
ATH021,2026-04-05,3828.0499999999997,12448.64,2806.79,800.9590034822372,1.275046532419244,False,Normal
ATH021,2026-04-06,4471.5,13092.09,2883.5625,791.7672320576193,2.0055610231220595,True,⚠️ Anomaly
ATH021,2026-04-07,4063.45,12927.93,2959.1274999999996,839.0730793080199,1.3161219531804433,False,Normal
ATH021,2026-04-08,3958.4,12799.019999999999,3030.6296428571427,845.0207549565116,1.0979261180284317,False,Normal
ATH021,2026-04-11,2841.0899999999997,12058.68,3079.980714285714,857.7752219072237,-0.27850036721106464,False,Normal
ATH021,2026-04-12,2967.8599999999997,12101.69,3103.7039285714286,840.8915556115467,-0.16154749998962126,False,Normal
ATH021,2026-04-13,3009.01,12307.0,3131.966785714286,821.6524176634825,-0.14964574200844624,False,Normal
ATH021,2026-04-14,2825.8,11870.23,3178.590357142857,773.206920393441,-0.4562690113577126,False,Normal
ATH021,2026-04-15,2681.95,11720.08,3195.100357142857,759.9807632384237,-0.6752149290677109,False,Normal
ATH021,2026-04-17,3140.22,11317.95,3216.77,735.1091870675457,-0.10413419033078465,False,Normal
ATH021,2026-04-18,3194.73,11517.53,3237.1164285714285,724.3653272128992,-0.058515264299737316,False,Normal
ATH021,2026-04-19,2765.5800000000004,11240.33,3232.827857142857,724.2437635183576,-0.6451527519864008,False,Normal
ATH021,2026-04-20,2478.99,11103.98,3196.0950000000003,720.7968185048153,-0.9948781426193405,False,Normal
ATH021,2026-04-21,2968.3100000000004,11809.050000000001,3145.933928571429,720.058116658283,-0.24667998938163962,False,Normal
ATH021,2026-04-22,3125.27,12249.4,3117.6275,710.5033126809144,0.010756459348743612,False,Normal
ATH021,2026-04-23,3576.1,11909.94,3068.2825000000003,656.3570281407923,0.7736909612112357,False,Normal
ATH021,2026-04-24,3687.08,12479.19,3057.597142857143,645.0708649779374,0.9758352009346857,False,Normal
ATH021,2026-04-25,3571.35,12918.95,3055.8542857142857,643.2337097442273,0.8014127780876001,False,Normal
ATH021,2026-04-27,3632.03,13591.529999999999,3053.8689285714286,641.4891794032073,0.9012795382869102,False,Normal
ATH021,2026-04-28,3167.5600000000004,13025.12,3052.0839285714287,639.7437485103445,0.18050363399010919,False,Normal
ATH021,2026-05-02,1632.33,11239.5,3057.015,640.0951643918082,-2.2257393576057964,True,⚠️ Anomaly
ATH021,2026-05-04,1183.3,10303.33,3022.6,689.7791530251886,-2.6665056372511655,True,⚠️ Anomaly
ATH021,2026-05-05,1042.59,10004.26,2970.5678571428575,769.9798376309603,-2.503932912158809,True,⚠️ Anomaly
ATH021,2026-05-07,1683.87,10114.48,2947.8446428571433,817.4382245386521,-1.5462631975284844,False,Normal
ATH021,2026-05-08,1972.06,10402.67,2938.2867857142855,830.9720596321425,-1.1627668758706737,False,Normal
ATH021,2026-05-10,1895.1799999999998,9506.289999999999,2920.0110714285715,846.8144875260425,-1.2102191052760591,False,Normal
ATH021,2026-05-11,1900.53,9194.849999999999,2907.3375,859.7691142377828,-1.171020781425223,False,Normal
ATH021,2026-05-12,1995.01,9173.470000000001,2877.7132142857145,880.1540827186581,-1.0028962333040399,False,Normal
ATH021,2026-05-13,2484.87,9276.119999999999,2830.6857142857143,891.211186691828,-0.388028920024423,False,Normal
ATH021,2026-05-14,2438.28,9870.81,2782.715,871.4689371336706,-0.39523497089049847,False,Normal
ATH021,2026-05-15,2455.9,9718.349999999999,2710.1,807.9321421175594,-0.3146303838509894,False,Normal
ATH021,2026-05-16,3119.71,9826.67,2652.6875,764.1295047870572,0.6111823939191393,False,Normal
ATH021,2026-05-17,3256.38,9997.09,2622.734285714286,726.5657097016676,0.8721106788068662,False,Normal
ATH021,2026-05-19,2960.96,9166.119999999999,2637.566071428571,735.3735987985445,0.4397682063916777,False,Normal
ATH021,2026-05-20,2769.38,8920.23,2637.3196428571428,735.2599630540482,0.1796104286629704,False,Normal
ATH021,2026-05-21,2741.14,9035.849999999999,2628.761428571429,732.161441662387,0.15348878680829348,False,Normal
ATH021,2026-05-22,3119.59,9150.859999999999,2625.737857142857,731.4921062046293,0.6751298321174114,False,Normal
ATH021,2026-05-23,2863.81,9119.13,2641.3678571428572,737.389508601282,0.3016616594926639,False,Normal
ATH021,2026-05-25,2906.69,8873.740000000002,2631.496071428571,732.2964170604363,0.3757958145911796,False,Normal
ATH021,2026-05-28,2006.23,8869.52,2621.2089285714287,726.0880284676211,-0.846975717075678,False,Normal
ATH021,2026-05-29,1818.7199999999998,9366.27,2594.089285714286,734.6267899236642,-1.0554601279853344,False,Normal
ATH021,2026-05-31,1570.8200000000002,9057.619999999999,2570.508214285714,748.916398993827,-1.3348462066377504,False,Normal
ATH021,2026-06-01,1119.28,8809.72,2520.5978571428573,767.7535026506088,-1.8252184487663257,False,Normal
ATH021,2026-06-02,1622.87,9107.31,2448.9553571428573,802.0662229123656,-1.0299465724205124,False,Normal
ATH021,2026-06-03,2014.22,9498.66,2379.197142857143,785.1653337277666,-0.4648411324075193,False,Normal
ATH021,2026-06-04,2158.28,9343.93,2319.452142857143,744.5552975725786,-0.2164676597998845,False,Normal
ATH021,2026-06-05,2213.9,9608.11,2268.985357142857,703.3045037508073,-0.07832362347899122,False,Normal
ATH021,2026-06-06,2681.1,10075.31,2218.337857142857,650.5986995999682,0.7112866089982659,False,Normal
ATH021,2026-06-07,3328.76,10491.2,2200.964285714286,630.4965301013535,1.788742142806748,False,Normal
ATH021,2026-06-08,3710.9900000000002,10620.18,2261.5510714285715,654.8676878538985,2.213330960520379,True,⚠️ Anomaly
ATH021,2026-06-10,3297.36,10311.150000000001,2351.825714285714,674.6482516888951,1.4015218795087105,False,Normal
ATH021,2026-06-11,3431.06,10336.710000000001,2432.3532142857143,646.5699542059483,1.5446229432989909,False,Normal
ATH021,2026-06-12,3586.66,10738.87,2494.752857142857,655.9016170345782,1.6647422639294684,False,Normal
ATH021,2026-06-13,3429.78,10385.38,2552.417142857143,678.8207578061929,1.2924808899160818,False,Normal
ATH021,2026-06-14,2886.92,10121.74,2607.2242857142855,685.7068170842181,0.40789402601398156,False,Normal
ATH021,2026-06-15,3107.43,10844.39,2642.4525,673.2810148465346,0.6906143047951313,False,Normal
ATH021,2026-06-16,3821.54,11180.28,2682.181785714286,666.4478642722106,1.7095984177696204,False,Normal
ATH021,2026-06-17,3719.36,11261.13,2729.9199999999996,698.8752701517135,1.4157604972704365,False,Normal
ATH021,2026-06-18,3589.49,11185.060000000001,2775.672857142857,720.6695426238082,1.1292514734204022,False,Normal
ATH021,2026-06-19,3547.16,11166.44,2816.1582142857146,733.7623438752398,0.9962378034468556,False,Normal
ATH021,2026-06-21,3078.99,10865.49,2831.4242857142854,744.6771169237317,0.33244705478316666,False,Normal
ATH021,2026-06-22,2556.3900000000003,10494.09,2825.088928571429,741.6764249911805,-0.3622859235071732,False,Normal
ATH021,2026-06-23,2131.54,10783.349999999999,2810.64,742.8712661169648,-0.9141556969213505,False,Normal
ATH021,2026-06-24,2246.7599999999998,11277.699999999999,2787.8599999999997,753.88138407302,-0.7177521708741248,False,Normal
ATH021,2026-06-25,2582.88,11761.71,2770.203571428571,760.773979192508,-0.24622762680106108,False,Normal
ATH021,2026-06-26,2578.65,11926.369999999999,2751.035357142857,758.4026037201468,-0.22730058717792526,False,Normal
ATH021,2026-06-27,3098.04,12445.76,2740.8510714285717,758.7466808095776,0.47076176753789567,False,Normal
ATH021,2026-06-28,3652.4700000000003,12947.14,2747.685,761.153605476339,1.1887022454998097,False,Normal
ATH021,2026-06-29,4089.7,13464.51,2806.4792857142857,765.3290450611984,1.6766915127115074,False,Normal
ATH021,2026-06-30,4303.78,13464.26,2887.585714285714,777.0186778031951,1.8226000560477933,False,Normal
ATH022,2026-01-01,340.65,340.65,,,,False,Normal
ATH022,2026-01-02,593.93,593.93,,,,False,Normal
ATH022,2026-01-04,1209.32,1209.32,,,,False,Normal
ATH022,2026-01-08,1285.99,1626.6399999999999,,,,False,Normal
ATH022,2026-01-09,1172.97,1766.8999999999999,,,,False,Normal
ATH022,2026-01-10,1726.6,2320.5299999999997,,,,False,Normal
ATH022,2026-01-11,1779.56,2988.88,,,,False,Normal
ATH022,2026-01-12,2335.61,3544.93,1158.4314285714286,534.6520303720471,2.201765830028572,True,⚠️ Anomaly
ATH022,2026-01-14,2825.37,4034.69,1305.5787500000001,646.7111827091529,2.350030880297147,True,⚠️ Anomaly
ATH022,2026-01-16,2770.2200000000003,4537.12,1474.4444444444443,789.0478689235385,1.642201451381299,False,Normal
ATH022,2026-01-17,2790.84,5111.37,1604.0220000000002,849.3071147810889,1.3973955702771963,False,Normal
ATH022,2026-01-19,2016.5699999999997,5561.5,1711.9145454545455,881.6116677467879,0.34556649564778197,False,Normal
ATH022,2026-01-20,2413.7599999999998,5958.69,1737.3025,845.1719402381441,0.8003785594318173,False,Normal
ATH022,2026-01-22,2536.83,6571.52,1789.3376923076924,830.6557072292733,0.8998822270006852,False,Normal
ATH022,2026-01-23,2670.55,7207.67,1842.73,822.6926362303799,1.006232417240434,False,Normal
ATH022,2026-01-24,2659.53,7770.9,1897.9180000000001,821.0751436135428,0.9275789261481646,False,Normal
ATH022,2026-01-26,3049.4,8610.9,1945.51875,815.765530716394,1.353184473277005,False,Normal
ATH022,2026-01-27,3331.55,9290.24,2010.4529411764704,834.0029674165187,1.584043595091606,False,Normal
ATH022,2026-01-28,3760.61,9719.3,2083.847222222222,866.9524603480832,1.9340884932774218,False,Normal
ATH022,2026-01-29,3789.2200000000003,10020.09,2172.097894736842,926.1890146279775,1.7459957737813463,False,Normal
ATH022,2026-01-31,3070.16,10247.13,2252.954,971.3040432130946,0.8413493238395927,False,Normal
ATH022,2026-02-02,2677.94,10079.52,2291.868571428571,963.3593246566189,0.40075537620299745,False,Normal
ATH022,2026-02-04,1880.35,10390.33,2309.4172727272726,943.7387618715649,-0.4546462326887716,False,Normal
ATH022,2026-02-05,1848.42,10582.52,2290.7621739130436,926.3710795844793,-0.47749998209298017,False,Normal
ATH022,2026-02-06,2011.46,10605.300000000001,2272.3312499999997,910.496952693191,-0.286515236792786,False,Normal
ATH022,2026-02-08,1831.0900000000001,9683.27,2261.8964,892.8521662014751,-0.4825058574173712,False,Normal
ATH022,2026-02-10,1933.0100000000002,9676.92,2245.326923076923,878.8832844958163,-0.3553565400394293,False,Normal
ATH022,2026-02-11,1770.1200000000001,9335.08,2233.7596296296297,863.9093812230783,-0.5366762298300691,False,Normal
ATH022,2026-02-12,1730.44,9904.91,2217.2010714285716,852.2760245685462,-0.5711307808699513,False,Normal
ATH022,2026-02-14,2273.8,9534.63,2266.8364285714283,775.9968282066444,0.008973711200166788,False,Normal
ATH022,2026-02-15,2357.56,9918.339999999998,2326.8317857142856,703.4114559406498,0.04368455194495299,False,Normal
ATH022,2026-02-16,2840.27,9950.92,2367.840357142857,668.4501480427588,0.7067537410836552,False,Normal
ATH022,2026-02-18,2562.87,9973.949999999999,2423.350357142857,639.177790738963,0.21827986653892067,False,Normal
ATH022,2026-02-19,2370.3799999999997,9738.46,2472.9896428571433,590.5999382516311,-0.17373798439752924,False,Normal
ATH022,2026-02-20,2829.29,9561.22,2495.9817857142853,572.727493497391,0.5819664990244319,False,Normal
ATH022,2026-02-21,2560.92,9436.02,2533.472142857143,558.268903309727,0.04916601476480436,False,Normal
ATH022,2026-02-22,2645.94,9904.75,2541.5189285714287,556.9335183035049,0.18749288379455442,False,Normal
ATH022,2026-02-24,2546.73,8768.91,2535.1107142857145,554.5737764895136,0.020951740249667634,False,Normal
ATH022,2026-02-25,2839.81,9053.150000000001,2527.128928571429,552.6696410812551,0.565764876856335,False,Normal
ATH022,2026-02-27,2547.31,8955.460000000001,2528.877857142857,553.6117454488674,0.03329434934982853,False,Normal
ATH022,2026-02-28,2565.69,8931.550000000001,2547.832857142857,544.4311089150739,0.03279963720796245,False,Normal
ATH022,2026-03-02,2970.0,9356.81,2553.2589285714284,543.8021234980896,0.7663468997653438,False,Normal
ATH022,2026-03-03,2914.79,9685.1,2568.7292857142857,549.4496287830586,0.6298315553550967,False,Normal
ATH022,2026-03-04,2730.9399999999996,9903.74,2577.452142857143,553.0528821701585,0.2775283559513806,False,Normal
ATH022,2026-03-05,3295.5899999999997,9858.88,2580.0024999999996,553.6097659411095,1.2925846761094189,False,Normal
ATH022,2026-03-06,3480.0099999999998,10424.009999999998,2588.7950000000005,563.2126333908985,1.582377502142162,False,Normal
ATH022,2026-03-08,3767.42,10867.880000000001,2594.097142857143,571.1074599268745,2.0544694991255956,True,⚠️ Anomaly
ATH022,2026-03-09,3154.15,11127.65,2594.340357142857,571.6238518497729,0.979332197293029,False,Normal
ATH022,2026-03-10,3400.4300000000003,11152.52,2571.6592857142855,533.8053037837097,1.552571149839157,False,Normal
ATH022,2026-03-11,3524.26,11657.88,2583.4546428571425,548.6704821487565,1.714700148362975,False,Normal
ATH022,2026-03-12,3758.04,11886.48,2613.680357142857,576.6656280111525,1.9844422612873531,False,Normal
ATH022,2026-03-13,3523.35,12379.96,2680.7407142857146,597.04626887474,1.4112964599918876,False,Normal
ATH022,2026-03-14,3753.4700000000003,11903.68,2740.559642857143,594.4675424182183,1.7038951412258219,False,Normal
ATH022,2026-03-16,3137.33,11424.71,2802.7742857142853,606.3734750955639,0.5517321057504848,False,Normal
ATH022,2026-03-17,3077.87,11939.82,2849.425714285714,578.4531280952452,0.39492272514199506,False,Normal
ATH022,2026-03-18,2674.42,11769.43,2890.3135714285713,551.0923407212142,-0.3917557103879024,False,Normal
ATH022,2026-03-19,2661.36,12177.460000000001,2922.61,507.8110421538044,-0.5144630154002703,False,Normal
ATH022,2026-03-22,2665.08,11539.11,2955.8571428571427,454.54809857424317,-0.639705993203377,False,Normal
ATH022,2026-03-24,2264.51,11657.6,2969.8314285714287,438.53539229368874,-1.6083569102196251,False,Normal
ATH022,2026-03-25,2322.17,11251.789999999999,2966.508214285714,443.6695311791116,-1.4522931348774353,False,Normal
ATH022,2026-03-28,2130.88,10845.71,2948.004642857143,459.6456193512086,-1.7777274675444907,False,Normal
ATH022,2026-03-29,1860.53,11302.68,2932.5764285714286,479.85722143628294,-2.2340946028959126,True,⚠️ Anomaly
ATH022,2026-03-30,2163.22,10732.33,2914.3675000000003,510.6653114474688,-1.4709193735342834,False,Normal
ATH022,2026-03-31,2276.8100000000004,11019.619999999999,2890.5792857142856,529.9257249976503,-1.1582175704283966,False,Normal
ATH022,2026-04-01,2128.23,10649.08,2880.4325,539.1120644350709,-1.3952618567128967,False,Normal
ATH022,2026-04-03,2561.67,9789.7,2861.942857142857,556.0635016351939,-0.5399974216251499,False,Normal
ATH022,2026-04-04,2290.57,10112.68,2862.4764285714286,555.7569197464223,-1.0290585834403552,False,Normal
ATH022,2026-04-05,2239.23,9774.49,2842.8607142857145,566.181649132401,-1.0661431984076122,False,Normal
ATH022,2026-04-07,1678.25,9297.44,2831.8578571428575,575.0618282144206,-2.006058828013041,True,⚠️ Anomaly
ATH022,2026-04-08,1952.38,9077.2,2800.1635714285717,613.4490788201501,-1.381995019145058,False,Normal
ATH022,2026-04-09,2748.08,9074.47,2763.82,632.8519363022295,-0.02487153644811371,False,Normal
ATH022,2026-04-10,2992.91,9259.26,2757.8660714285716,632.1628278838202,0.37180915771059064,False,Normal
ATH022,2026-04-11,3097.61,9456.82,2767.222142857143,633.6863148181681,0.5213744551792313,False,Normal
ATH022,2026-04-12,3042.6900000000005,9807.529999999999,2760.1514285714284,628.6569757277944,0.44943201513270103,False,Normal
ATH022,2026-04-13,3819.5200000000004,10196.910000000002,2744.532857142857,615.4029207784484,1.7468021463033483,False,Normal
ATH022,2026-04-14,3955.59,10175.16,2746.3935714285717,618.6802767134085,1.9544770927481254,False,Normal
ATH022,2026-04-15,3686.2,10088.98,2775.0164285714286,655.6764639341133,1.38968473256062,False,Normal
ATH022,2026-04-16,3004.8700000000003,9417.98,2785.2225,667.8825207498305,0.3288714604379864,False,Normal
ATH022,2026-04-17,2859.5600000000004,9950.939999999999,2766.6728571428575,653.657650795419,0.14210365738718259,False,Normal
ATH022,2026-04-18,2902.0,10421.06,2734.5842857142857,624.5956626812352,0.2680385476374266,False,Normal
ATH022,2026-04-19,3018.97,10161.42,2712.3932142857147,606.3039598532489,0.5056486614213925,False,Normal
ATH022,2026-04-22,2075.69,9842.5,2686.1610714285716,574.656168364658,-1.0623240557320297,False,Normal
ATH022,2026-04-23,2528.1400000000003,10409.32,2648.2453571428573,578.7941138358084,-0.20750963818012896,False,Normal
ATH022,2026-04-26,1561.95,9862.840000000002,2628.6121428571428,572.9755312425178,-1.8616190128469323,False,Normal
ATH022,2026-04-27,2194.28,10192.480000000001,2588.8810714285714,607.2279468897942,-0.649840102797817,False,Normal
ATH022,2026-04-28,2929.58,10312.2,2572.199642857143,611.5633062805163,0.58437181150782,False,Normal
ATH022,2026-04-29,3037.5,10751.77,2581.6460714285718,615.0837544133757,0.7411249692429126,False,Normal
ATH022,2026-05-01,3273.6,11121.25,2609.252857142857,617.664190813873,1.0755798259597298,False,Normal
ATH022,2026-05-02,3448.46,10973.130000000001,2643.2324999999996,627.3800823390401,1.2834763529595932,False,Normal
ATH022,2026-05-03,3482.83,11106.44,2690.2889285714286,636.8685358169489,1.244434332765289,False,Normal
ATH022,2026-05-04,3212.4,11468.34,2748.2282142857143,632.3638172471285,0.7340264781988418,False,Normal
ATH022,2026-05-07,2322.53,10326.220000000001,2785.6989285714285,627.4810087333573,-0.7381401542436928,False,Normal
ATH022,2026-05-11,1052.0300000000002,8700.85,2787.3317857142856,626.1658193946508,-2.771313495508103,True,⚠️ Anomaly
ATH022,2026-05-12,1594.54,8750.0,2748.8960714285713,697.1303802033827,-1.6558682625361936,False,Normal
ATH022,2026-05-13,2056.4300000000003,9048.24,2714.3557142857144,729.9373395554227,-0.9013454698542095,False,Normal
ATH022,2026-05-14,2019.81,9341.16,2705.993571428571,736.2855734484099,-0.9319530304183676,False,Normal
ATH022,2026-05-16,2557.7799999999997,8876.05,2698.1571428571433,742.5781970538068,-0.18904021612012387,False,Normal
ATH022,2026-05-17,3073.06,8923.650000000001,2729.568928571429,715.9627494000222,0.47976109332003253,False,Normal
ATH022,2026-05-18,3300.6,9759.310000000001,2769.593214285714,702.0968818135061,0.7563155448614198,False,Normal
ATH022,2026-05-22,2658.55,9471.57,2789.326071428571,709.1983852174972,-0.18439984375946444,False,Normal
ATH022,2026-05-24,2123.8199999999997,9485.52,2777.384642857143,708.4580718375078,-0.9225170392398958,False,Normal
ATH022,2026-05-26,1652.93,8482.66,2742.6064285714288,716.0173403042706,-1.521857596505096,False,Normal
ATH022,2026-05-28,2135.91,8367.16,2692.972142857143,742.1377349919229,-0.7506182701560188,False,Normal
ATH022,2026-05-29,1923.57,8121.540000000001,2632.843214285714,715.1980240933718,-0.9917158470688334,False,Normal
ATH022,2026-05-31,1849.15,7851.84,2560.2710714285713,678.1418828017632,-1.048631694138332,False,Normal
ATH022,2026-06-01,2486.36,8127.15,2494.662142857143,653.5972681295027,-0.01270223004588485,False,Normal
ATH022,2026-06-02,2697.85,8703.41,2476.1439285714287,645.9064399989697,0.34324796549315234,False,Normal
ATH022,2026-06-03,3275.35,9280.91,2470.368571428571,643.0678857817496,1.2517829709266977,False,Normal
ATH022,2026-06-05,2759.46,9361.39,2483.7025,656.08805423383,0.4203056254728273,False,Normal
ATH022,2026-06-06,3166.4199999999996,9768.35,2474.434285714286,650.0517686075788,1.0645086248560758,False,Normal
ATH022,2026-06-07,3115.98,10162.01,2513.3889285714286,657.9056381812372,0.9159232516906506,False,Normal
ATH022,2026-06-08,2910.45,9985.57,2534.383214285714,667.7001018036052,0.5632270905732176,False,Normal
ATH022,2026-06-09,2821.02,9929.890000000001,2582.5439285714283,643.1429668970808,0.37079791539838747,False,Normal
ATH022,2026-06-10,2498.3900000000003,9722.869999999999,2604.9275000000002,640.028382684445,-0.1664574617037357,False,Normal
ATH022,2026-06-11,3031.13,9848.32,2589.527857142857,637.1083909314316,0.693135028737473,False,Normal
ATH022,2026-06-13,2735.19,9945.759999999998,2589.300357142857,636.943619549684,0.22904639968022003,False,Normal
ATH022,2026-06-14,2759.46,9848.41,2570.0714285714284,623.5052778398748,0.3037481448187666,False,Normal
ATH022,2026-06-15,2582.68,9267.65,2545.464285714286,600.7352186028725,0.06195027881379503,False,Normal
ATH022,2026-06-16,2604.7000000000003,9776.5,2513.316071428571,572.1184800069614,0.15972902775368736,False,Normal
ATH022,2026-06-17,2465.64,9892.310000000001,2491.6125,555.913376289834,-0.04672040844446086,False,Normal
ATH022,2026-06-18,2633.52,10592.93,2496.7235714285716,554.9583116089074,0.24649856702719702,False,Normal
ATH022,2026-06-19,3057.26,10247.029999999999,2553.2053571428573,477.5583739419608,1.0554827856885245,False,Normal
ATH022,2026-06-22,2231.31,10210.800000000001,2605.445357142857,447.8877727030561,-0.835332822070372,False,Normal
ATH022,2026-06-23,2588.1000000000004,10711.67,2611.691071428572,441.11644930444095,-0.05348037114863938,False,Normal
ATH022,2026-06-26,1842.8600000000001,10166.32,2631.9871428571428,425.678533349401,-1.8538100492124643,False,Normal
ATH022,2026-06-27,2200.28,10523.74,2606.4542857142856,450.98331942075964,-0.9006414832281896,False,Normal
ATH022,2026-06-28,2277.34,10156.699999999999,2575.2835714285716,447.68839404718767,-0.6655155134469877,False,Normal
ATH022,2026-06-30,1715.48,9729.3,2538.7385714285715,427.6015653205095,-1.9252936335990645,False,Normal
ATH023,2026-01-01,137.37,137.37,,,,False,Normal
ATH023,2026-01-03,545.8,545.8,,,,False,Normal
ATH023,2026-01-04,1023.22,1023.22,,,,False,Normal
ATH023,2026-01-05,1692.6100000000001,1692.6100000000001,,,,False,Normal
ATH023,2026-01-06,2148.37,2148.37,,,,False,Normal
ATH023,2026-01-07,2587.78,2587.78,,,,False,Normal
ATH023,2026-01-08,2932.67,3070.04,,,,False,Normal
ATH023,2026-01-09,3082.61,3219.98,1581.1171428571429,1052.1254927956438,1.4271043401421457,False,Normal
ATH023,2026-01-10,3492.06,4037.86,1768.80375,1109.342084016307,1.553403837129349,False,Normal
ATH023,2026-01-11,3506.5800000000004,4529.8,1960.2766666666669,1186.071994990186,1.3037179360651947,False,Normal
ATH023,2026-01-12,3171.04,4863.65,2114.907,1220.4772662642176,0.8653442626037088,False,Normal
ATH023,2026-01-13,3057.3900000000003,5205.76,2210.9190909090908,1200.837132724122,0.7049006780550449,False,Normal
ATH023,2026-01-14,2763.56,5351.34,2281.4583333333335,1170.7379870121808,0.4117929647922584,False,Normal
ATH023,2026-01-16,2703.4300000000003,5923.41,2318.543076923077,1128.843256645083,0.3409569227713734,False,Normal
ATH023,2026-01-17,2766.04,6803.9,2346.035,1089.424754303142,0.38552915044477687,False,Normal
ATH023,2026-01-18,3094.5099999999998,7624.31,2374.0353333333333,1055.382319310107,0.6826669856830969,False,Normal
ATH023,2026-01-19,3418.54,8282.19,2419.065,1035.3835608121271,0.9653185909345889,False,Normal
ATH023,2026-01-21,3393.0099999999998,8744.35,2477.8576470588237,1031.3969672459375,0.8872940119116689,False,Normal
ATH023,2026-01-23,2905.95,8829.36,2528.6994444444445,1023.5880117707756,0.36855702803994705,False,Normal
ATH023,2026-01-24,2467.01,9270.91,2548.5547368421053,998.5066256073973,-0.0816666957943328,False,Normal
ATH023,2026-01-25,2228.92,9853.23,2544.4775,972.0460172065441,-0.32463226474282136,False,Normal
ATH023,2026-01-26,2091.06,10373.25,2529.4509523809525,949.9323799034578,-0.46149700931923854,False,Normal
ATH023,2026-01-27,2554.53,10836.72,2509.524090909091,931.7388096899621,0.048303138844120096,False,Normal
ATH023,2026-01-28,2834.1200000000003,11578.47,2511.4808695652173,910.3650332891597,0.35440633002904787,False,Normal
ATH023,2026-01-29,3388.4400000000005,11995.42,2524.9241666666667,892.7869783213376,0.9672137411288851,False,Normal
ATH023,2026-01-30,3977.07,12669.06,2559.4648,890.8893204223891,1.591224821651116,False,Normal
ATH023,2026-01-31,4178.92,12904.03,2613.988076923077,916.0943788061105,1.7082649553165061,False,Normal
ATH023,2026-02-01,4124.02,12954.03,2671.9485185185185,947.446579588867,1.532615677510378,False,Normal
ATH023,2026-02-02,3773.57,12454.21,2723.8082142857143,969.38770580752,1.0829122129621116,False,Normal
ATH023,2026-02-03,3484.98,12173.33,2853.6725,845.7379597532513,0.7464575672873751,False,Normal
ATH023,2026-02-04,3006.98,11997.67,2958.6432142857147,722.0369505936787,0.06694503054800925,False,Normal
ATH023,2026-02-05,2950.7299999999996,12013.48,3029.491785714286,614.3962869718864,-0.12819378532131387,False,Normal
ATH023,2026-02-06,2729.3199999999997,12315.77,3074.4246428571428,556.259169369166,-0.6204026142140077,False,Normal
ATH023,2026-02-07,2726.34,12138.31,3095.1728571428575,530.6851424956307,-0.6950125933587714,False,Normal
ATH023,2026-02-09,2458.71,11741.880000000001,3100.121428571429,526.4073181251005,-1.2184698169773505,False,Normal
ATH023,2026-02-10,2730.62,11846.56,3083.194285714286,539.450055858869,-0.6535809606191355,False,Normal
ATH023,2026-02-11,3001.79,12235.9,3070.6232142857148,543.549895110348,-0.12663642271836098,False,Normal
ATH023,2026-02-12,3039.84,12772.02,3053.113571428571,537.3322230221104,-0.024702727400036675,False,Normal
ATH023,2026-02-13,3152.0299999999997,12764.37,3036.444285714286,529.9323488160469,0.21811409426873224,False,Normal
ATH023,2026-02-15,2919.97,11471.83,3035.7653571428573,529.7656746600474,-0.2185784445494016,False,Normal
ATH023,2026-02-16,2851.6899999999996,11175.029999999999,3030.8575000000005,530.1942897943686,-0.33792800761677294,False,Normal
ATH023,2026-02-17,3175.1099999999997,11945.24,3034.005,528.8084874753101,0.26683573229634994,False,Normal
ATH023,2026-02-18,3367.27,12210.16,3050.850714285714,525.3895291215664,0.6022565509505463,False,Normal
ATH023,2026-02-19,3174.58,12553.59,3072.3232142857146,525.6042856528973,0.19455089790081068,False,Normal
ATH023,2026-02-20,3260.45,13118.869999999999,3075.1828571428573,525.947173194736,0.3522542800863119,False,Normal
ATH023,2026-02-21,3873.27,13290.14,3069.5367857142855,522.9647952888484,1.5368782402298984,False,Normal
ATH023,2026-02-22,4042.76,13285.67,3086.6889285714287,541.5137716954628,1.7655526440909208,False,Normal
ATH023,2026-02-23,3827.28,12911.25,3127.289285714286,569.361367205518,1.2294313499374534,False,Normal
ATH023,2026-02-24,3523.17,12913.880000000001,3175.870357142857,568.9688133579388,0.6104018967356946,False,Normal
ATH023,2026-02-25,3561.48,12937.52,3222.093571428571,541.078020438445,0.6272412032120953,False,Normal
ATH023,2026-02-26,3702.06,12867.21,3274.608571428572,496.7819983670768,0.8604406560150359,False,Normal
ATH023,2026-02-27,3482.4,12624.2,3315.591785714286,482.30026233129945,0.34585967977585536,False,Normal
ATH023,2026-02-28,3406.3599999999997,12517.58,3338.7446428571425,473.8168902409922,0.1427035602476449,False,Normal
ATH023,2026-03-01,3607.7200000000003,12769.37,3339.384642857143,473.89859702559755,0.5662294820601956,False,Normal
ATH023,2026-03-02,3921.9700000000003,13059.65,3326.1935714285714,460.44044509911134,1.2939272275335976,False,Normal
ATH023,2026-03-03,3950.39,13379.289999999999,3317.0167857142856,445.12150275538323,1.4229220793985882,False,Normal
ATH023,2026-03-05,2921.63,12838.11,3310.815714285714,434.5464156466162,-0.8956136796263652,False,Normal
ATH023,2026-03-06,2869.29,12764.17,3280.389285714286,430.75422046838,-0.954370882930126,False,Normal
ATH023,2026-03-08,2236.44,12806.89,3258.400357142857,435.61090594008414,-2.3460394200585557,True,⚠️ Anomaly
ATH023,2026-03-10,2001.2800000000002,12649.95,3230.8810714285714,474.6703075027282,-2.5904318260343344,True,⚠️ Anomaly
ATH023,2026-03-11,2554.4300000000003,12668.18,3196.972142857143,526.5070314352818,-1.2203866320750625,False,Normal
ATH023,2026-03-12,2695.72,12493.99,3190.7260714285717,533.2545138031194,-0.9282735703411804,False,Normal
ATH023,2026-03-14,2770.91,12383.05,3189.6324999999997,534.2725503490523,-0.7837245236096053,False,Normal
ATH023,2026-03-16,2668.23,12194.070000000002,3200.7825,521.5600909424415,-1.0210760164522852,False,Normal
ATH023,2026-03-17,2139.91,11614.75,3198.554285714286,523.7717003048282,-2.021194129232582,True,⚠️ Anomaly
ATH023,2026-03-18,2144.22,11445.13,3167.772857142857,559.8470386656026,-1.8282723430715988,False,Normal
ATH023,2026-03-19,2505.88,11825.289999999999,3135.786428571428,592.0842354748881,-1.063879750262569,False,Normal
ATH023,2026-03-20,3015.31,11684.43,3112.7096428571426,603.90176480078,-0.16128391823672458,False,Normal
ATH023,2026-03-21,3115.62,11625.400000000001,3116.1146428571424,603.0429537276824,-0.0008202448168656448,False,Normal
ATH023,2026-03-23,2868.6,11235.39,3125.5407142857143,600.8153022101222,-0.4276534125221979,False,Normal
ATH023,2026-03-25,2244.67,10128.32,3114.593928571429,602.6681371745776,-1.4434543240493798,False,Normal
ATH023,2026-03-26,2076.74,10199.970000000001,3074.5010714285713,622.2585522906126,-1.6034509574126168,False,Normal
ATH023,2026-03-27,1851.53,10053.56,3035.2925,649.7013754175406,-1.822010149261631,False,Normal
ATH023,2026-03-28,1452.84,9671.880000000001,2984.9739285714286,685.2067436012193,-2.2360170019913133,True,⚠️ Anomaly
ATH023,2026-03-29,1903.1100000000001,9342.939999999999,2898.5299999999997,720.7469527279783,-1.3810949824101268,False,Normal
ATH023,2026-03-30,1802.78,9116.2,2822.1139285714285,708.2569010440967,-1.4392149615044327,False,Normal
ATH023,2026-03-31,1928.72,8747.62,2749.8103571428574,705.1728411478,-1.1643817079035261,False,Normal
ATH023,2026-04-01,2163.4900000000002,9106.810000000001,2692.8657142857146,704.7869318344774,-0.7511145430971765,False,Normal
ATH023,2026-04-02,2413.31,9691.650000000001,2642.9375,690.343807150681,-0.33262773942705826,False,Normal
ATH023,2026-04-03,2664.9700000000003,9849.24,2596.910714285714,659.3819986698467,0.10321677851621697,False,Normal
ATH023,2026-04-04,3264.94,10604.31,2567.716785714286,636.4211726466915,1.0955374274965817,False,Normal
ATH023,2026-04-05,3172.69,10279.19,2562.6660714285717,630.0483532434126,0.968217638267125,False,Normal
ATH023,2026-04-06,3468.83,10808.44,2547.1292857142857,608.3121016808094,1.5151773435691809,False,Normal
ATH023,2026-04-07,3630.61,10376.95,2530.945714285714,575.5251819276068,1.9107144574129318,False,Normal
ATH023,2026-04-09,2940.08,9936.01,2519.525,548.8701084585132,0.766219536314552,False,Normal
ATH023,2026-04-10,2964.63,10496.44,2520.183928571428,549.3815583830631,0.8089934302430233,False,Normal
ATH023,2026-04-11,2322.8999999999996,10156.300000000001,2523.588928571429,551.9150242989933,-0.3636228762323172,False,Normal
ATH023,2026-04-12,2528.27,10719.69,2526.6767857142854,550.4890015388248,0.0028941800494849674,False,Normal
ATH023,2026-04-13,2506.97,10647.18,2545.4978571428574,540.7837947341716,-0.07124447425758451,False,Normal
ATH023,2026-04-14,2337.4900000000002,10574.53,2543.802857142857,540.8291374386611,-0.3814751145249755,False,Normal
ATH023,2026-04-15,2913.06,10592.640000000001,2531.0089285714284,541.3391904810348,0.7057517322717395,False,Normal
ATH023,2026-04-17,2528.09,10009.220000000001,2536.0857142857144,544.3306473733056,-0.014689076068558644,False,Normal
ATH023,2026-04-18,3111.7400000000002,10152.42,2531.0807142857143,543.714537969578,1.0679487951208233,False,Normal
ATH023,2026-04-19,2914.27,10518.34,2565.788928571429,548.8138273710174,0.6349713765374674,False,Normal
ATH023,2026-04-21,2758.33,10655.150000000001,2593.2907142857143,546.1938879591347,0.3021624543089606,False,Normal
ATH023,2026-04-22,2652.1200000000003,11000.09,2602.3067857142855,546.7808428602045,0.09110270583940441,False,Normal
ATH023,2026-04-24,2488.13,10645.82,2589.335714285714,540.8967030529448,-0.187107286316381,False,Normal
ATH023,2026-04-25,2531.61,11231.189999999999,2566.925357142857,531.196230160668,-0.06648269535379678,False,Normal
ATH023,2026-04-26,2630.66,11245.890000000001,2554.89,527.9154861023376,0.1435267613750429,False,Normal
ATH023,2026-04-27,3269.78,11651.9,2568.675357142857,524.54361705082,1.3365993219000836,False,Normal
ATH023,2026-04-28,2950.77,11677.2,2611.2839285714285,531.5127175813028,0.6387167422323098,False,Normal
ATH023,2026-04-29,3165.11,12001.71,2650.5425,513.611970926208,1.0018604104418927,False,Normal
ATH023,2026-04-30,3618.36,11649.48,2711.695,465.3992619922843,1.9481444730246074,False,Normal
ATH023,2026-05-01,3995.4100000000003,11976.26,2772.9539285714286,467.9055822558827,2.612612710313957,True,⚠️ Anomaly
ATH023,2026-05-02,3997.19,11963.44,2851.262142857143,482.76681628540763,2.3736674073004105,True,⚠️ Anomaly
ATH023,2026-05-03,4226.5,12299.7,2925.1360714285715,494.4875092557138,2.6317427724922684,True,⚠️ Anomaly
ATH023,2026-05-05,3856.76,11903.349999999999,2998.8149999999996,529.2701537967152,1.620996373677108,False,Normal
ATH023,2026-05-06,3883.87,12614.16,3050.366785714286,540.3108596604939,1.5426364274992521,False,Normal
ATH023,2026-05-08,2985.0699999999997,11996.699999999999,3093.8989285714283,556.9561081738318,-0.19539947039679822,False,Normal
ATH023,2026-05-09,2593.11,12233.65,3083.903571428571,556.2837725292401,-0.8822719548281865,False,Normal
ATH023,2026-05-10,2138.77,11910.2,3063.2042857142856,563.5927268833102,-1.6402523340328454,False,Normal
ATH023,2026-05-11,2584.12,11847.599999999999,3015.702142857143,583.8270417674574,-0.7392294497880509,False,Normal
ATH023,2026-05-12,2590.25,12156.109999999999,2978.3275,576.4546071276579,-0.6732143263347338,False,Normal
ATH023,2026-05-15,2276.6800000000003,11745.289999999999,2965.8335714285713,581.0867278879393,-1.1859736909383896,False,Normal
ATH023,2026-05-16,2375.19,11497.1,2941.2639285714286,595.5046634910168,-0.9505784979968804,False,Normal
ATH023,2026-05-17,2752.24,11748.17,2943.131428571429,593.5725113226542,-0.32159748797340154,False,Normal
ATH023,2026-05-19,2355.2400000000002,11753.02,2951.130357142857,589.268310260822,-1.011237744787436,False,Normal
ATH023,2026-05-20,3160.34,12088.76,2945.7114285714283,594.1812761408768,0.36121732549795915,False,Normal
ATH023,2026-05-21,3663.29,12591.710000000001,2975.0989285714286,583.2329473580804,1.1799591819116677,False,Normal
ATH023,2026-05-22,3181.16,12438.32,3001.8928571428573,597.3396151384532,0.30010924826338775,False,Normal
ATH023,2026-05-23,3117.15,12082.64,3025.216785714286,590.8691034466118,0.15558981464669006,False,Normal
ATH023,2026-05-24,3286.45,12403.96,3025.41,590.899328205806,0.4417672986574823,False,Normal
ATH023,2026-05-25,3665.5299999999997,12143.92,3038.702142857143,592.4905733355873,1.0579541436650348,False,Normal
ATH023,2026-05-26,3673.87,12476.119999999999,3071.102142857143,601.3296529288515,1.0023917067901116,False,Normal
ATH023,2026-05-27,3328.59,12252.24,3107.593214285714,605.946666508074,0.3647132626173814,False,Normal
ATH023,2026-05-29,3306.64,11749.550000000001,3137.609642857143,594.8390410826801,0.28416150499335197,False,Normal
ATH023,2026-06-01,2478.48,11035.02,3165.289285714286,583.5201996054784,-1.1770103008921404,False,Normal
ATH023,2026-06-02,2151.02,10770.380000000001,3159.8542857142857,589.363707546998,-1.711734660271455,False,Normal
ATH023,2026-06-03,2132.33,10500.699999999999,3119.8985714285714,618.8220815430632,-1.5958845052297113,False,Normal
ATH023,2026-06-04,2606.35,10974.72,3090.6685714285713,645.8461277798704,-0.7498977706864044,False,Normal
ATH023,2026-06-05,2578.35,11342.83,3070.712857142857,652.0633194137409,-0.7550844258277436,False,Normal
ATH023,2026-06-06,3033.86,11448.05,3033.5696428571428,649.327627567231,0.0004471658536157245,False,Normal
ATH023,2026-06-07,3476.84,11651.09,2999.2285714285717,621.4008811739876,0.7686043632076871,False,Normal
ATH023,2026-06-09,2762.57,10942.7,2980.644642857143,597.78201170216,-0.36480629826278005,False,Normal
ATH023,2026-06-10,2874.06,11495.320000000002,2928.361428571429,546.6101602890454,-0.09934215006672126,False,Normal
ATH023,2026-06-13,1736.87,10809.73,2893.265,515.4526056921374,-2.2434555325357617,True,⚠️ Anomaly
ATH023,2026-06-14,1691.04,10589.89,2816.5864285714283,522.2809564763807,-2.155059292540622,True,⚠️ Anomaly
ATH023,2026-06-16,1894.42,10481.88,2770.371071428571,562.5225500950836,-1.5571839231698508,False,Normal
ATH023,2026-06-17,1817.4399999999998,10152.42,2745.4178571428574,585.6964184459582,-1.584400771316107,False,Normal
ATH023,2026-06-18,2653.31,10485.34,2733.9417857142857,600.9721022800601,-0.13416893298103616,False,Normal
ATH023,2026-06-19,3399.7799999999997,10899.59,2736.412857142858,600.4752923763783,1.1047367831436818,False,Normal
ATH023,2026-06-20,3215.57,10908.15,2765.3246428571433,612.5445713154394,0.735040972081354,False,Normal
ATH023,2026-06-25,1623.48,9283.18,2798.8564285714283,610.4994202151778,-1.9252703436755974,False,Normal
ATH023,2026-06-27,946.26,8932.56,2772.0096428571424,645.3535678960515,-2.8290687983787826,True,⚠️ Anomaly
ATH023,2026-06-29,1397.04,8661.34,2707.5103571428576,731.8540545839578,-1.7906170621515924,False,Normal
ATH024,2026-01-01,363.4,363.4,,,,False,Normal
ATH024,2026-01-02,953.63,953.63,,,,False,Normal
ATH024,2026-01-03,1693.96,1693.96,,,,False,Normal
ATH024,2026-01-05,2046.66,2046.66,,,,False,Normal
ATH024,2026-01-07,2732.08,2732.08,,,,False,Normal
ATH024,2026-01-08,3268.58,3631.98,,,,False,Normal
ATH024,2026-01-09,2898.37,3852.0,,,,False,Normal
ATH024,2026-01-10,2766.7999999999997,4460.76,1993.8114285714287,1066.2413958141087,0.7249658233709544,False,Normal
ATH024,2026-01-13,2986.54,5033.2,2090.435,1024.28000496516,0.8748633143829457,False,Normal
ATH024,2026-01-14,2920.16,5652.24,2190.0022222222224,1003.607753641553,0.7275330178831595,False,Normal
ATH024,2026-01-16,2580.0,6432.0,2263.018,973.9749898545763,0.3254518887054055,False,Normal
ATH024,2026-01-17,2414.3500000000004,6875.11,2291.8345454545456,928.9235054552514,0.13188971301292648,False,Normal
ATH024,2026-01-18,2503.7000000000003,6964.46,2302.0441666666666,886.3996630953816,0.22749989844212565,False,Normal
ATH024,2026-01-21,1663.0500000000002,7315.29,2317.556153846154,850.5040163783125,-0.7695509265590851,False,Normal
ATH024,2026-01-23,1621.48,8053.48,2270.805714285714,835.6510514628633,-0.7770297340606775,False,Normal
ATH024,2026-01-24,1735.2799999999997,8610.39,2227.5173333333337,822.5214049274399,-0.5984492687783092,False,Normal
ATH024,2026-01-26,2176.6099999999997,9141.07,2196.7525,804.1034118693938,-0.025049638768691134,False,Normal
ATH024,2026-01-27,2712.58,9677.039999999999,2195.5676470588237,778.5851073062711,0.6640408968647273,False,Normal
ATH024,2026-01-28,2665.3,9980.59,2224.2905555555553,765.1054515437895,0.576403479487173,False,Normal
ATH024,2026-01-29,3258.95,10210.84,2247.501578947368,750.4006719839975,1.347877818896997,False,Normal
ATH024,2026-01-30,2883.21,9983.060000000001,2298.0739999999996,764.6016350561423,0.7652821720124044,False,Normal
ATH024,2026-01-31,2666.1400000000003,9582.57,2325.937619047619,756.1011069354729,0.4499429743347998,False,Normal
ATH024,2026-02-01,3134.87,10051.3,2341.401363636364,741.4353690312007,1.0701791005740997,False,Normal
ATH024,2026-02-02,3202.96,10297.369999999999,2375.9,743.0426828068001,1.1130719932209403,False,Normal
ATH024,2026-02-04,2948.1,10196.61,2410.3608333333336,746.0621402369426,0.720769943500799,False,Normal
ATH024,2026-02-05,3139.7099999999996,10081.97,2431.8704000000002,738.2297905602743,0.9588336979232299,False,Normal
ATH024,2026-02-06,3155.3399999999997,10240.029999999999,2459.0950000000003,736.5151354167813,0.9453234109113132,False,Normal
ATH024,2026-02-07,3561.55,10377.32,2484.881851851852,734.5371842398816,1.4657775960822361,False,Normal
ATH024,2026-02-08,3553.91,10838.41,2523.3342857142857,748.9741265690296,1.3759830650047569,False,Normal
ATH024,2026-02-09,3442.26,11325.529999999999,2637.281071428572,643.4629220739873,1.2510105881110416,False,Normal
ATH024,2026-02-11,3235.68,10512.13,2726.160714285714,569.9682891044515,0.8939432165864089,False,Normal
ATH024,2026-02-12,3172.9700000000003,11234.68,2781.222142857143,540.2539268567388,0.7251180188954715,False,Normal
ATH024,2026-02-13,3147.11,10807.14,2821.4474999999998,525.2577803793804,0.6200050949550573,False,Normal
ATH024,2026-02-14,3119.23,11082.199999999999,2836.27,528.488501560328,0.535413730222283,False,Normal
ATH024,2026-02-15,2782.49,11117.2,2830.9360714285717,524.7038107304969,-0.09233032129331198,False,Normal
ATH024,2026-02-18,2449.91,11298.99,2826.7975,524.6092200770152,-0.7184156998702222,False,Normal
ATH024,2026-02-19,2289.76,11861.390000000001,2815.48,529.3482574652351,-0.9931458025712429,False,Normal
ATH024,2026-02-20,2730.51,11916.17,2790.595,537.3266894371438,-0.11182210223530743,False,Normal
ATH024,2026-02-22,2609.24,12080.51,2783.821785714286,536.82805716165,-0.32520987564872356,False,Normal
ATH024,2026-02-24,3230.73,11635.35,2784.8660714285716,536.4451835745107,0.8311453662431835,False,Normal
ATH024,2026-02-25,3279.41,11913.099999999999,2814.0225,537.7453790605042,0.8654421183740882,False,Normal
ATH024,2026-02-26,3094.47,11696.91,2841.7264285714286,541.1369293284909,0.46706029052980436,False,Normal
ATH024,2026-02-27,2456.9700000000003,11489.929999999998,2892.848571428571,490.94812623100495,-0.8878301965928631,False,Normal
ATH024,2026-02-28,3077.12,11770.240000000002,2922.6875,432.75575395643983,0.3568583400407998,False,Normal
ATH024,2026-03-02,2691.31,11038.18,2970.6103571428575,365.4576871234818,-0.7642481386593104,False,Normal
ATH024,2026-03-03,2670.5699999999997,11638.93,2988.9925000000003,335.7805998038433,-0.9483052331969656,False,Normal
ATH024,2026-03-05,2159.5,10716.7,2987.492142857143,337.152481761888,-2.4558387900045404,True,⚠️ Anomaly
ATH024,2026-03-06,2558.7799999999997,10893.37,2969.427857142857,367.26036716685564,-1.1181382306800607,False,Normal
ATH024,2026-03-07,2857.84,11066.529999999999,2944.4217857142858,370.63833211100246,-0.23360181128905805,False,Normal
ATH024,2026-03-09,3284.5,10880.42,2943.5157142857142,370.8244774515943,0.9195301455222741,False,Normal
ATH024,2026-03-10,2826.7400000000002,11023.41,2965.6,372.10454377270855,-0.37317469599301395,False,Normal
ATH024,2026-03-12,2779.4700000000003,10323.199999999999,2954.595357142857,371.4689198153136,-0.47144013348391445,False,Normal
ATH024,2026-03-13,2665.3,10411.56,2939.470714285714,369.5986830777452,-0.7418065237749835,False,Normal
ATH024,2026-03-14,2305.64,10252.94,2929.3707142857143,373.20061492077957,-1.6713014109532365,False,Normal
ATH024,2026-03-18,1572.61,9768.03,2899.5825,388.7528399479442,-3.4134091475130774,True,⚠️ Anomaly
ATH024,2026-03-19,1624.3600000000001,9657.8,2843.0564285714286,458.9220628273768,-2.655562953463495,True,⚠️ Anomaly
ATH024,2026-03-20,1708.4900000000002,9389.54,2773.871071428571,491.4610946535525,-2.1677831328227395,True,⚠️ Anomaly
ATH024,2026-03-21,1892.09,10132.69,2707.9632142857145,506.48997736457375,-1.610837826507365,False,Normal
ATH024,2026-03-22,2046.96,9566.31,2652.6,507.97351790116784,-1.1922668774198464,False,Normal
ATH024,2026-03-23,2539.16,10058.51,2610.145714285714,507.11065439721705,-0.13998071953367264,False,Normal
ATH024,2026-03-24,3003.65,9901.51,2587.509642857143,495.05980384328143,0.8405860340755775,False,Normal
ATH024,2026-03-26,2953.21,9516.54,2582.386071428572,489.7678536578186,0.7571422374946397,False,Normal
ATH024,2026-03-28,2072.7799999999997,9128.35,2576.4567857142856,483.99890821772675,-1.0406568633987643,False,Normal
ATH024,2026-03-29,2096.2400000000002,9306.68,2551.11,491.3373743614906,-0.9257793600397664,False,Normal
ATH024,2026-03-30,2199.97,9567.17,2538.4789285714287,498.5286968547523,-0.6790159337007121,False,Normal
ATH024,2026-04-02,1851.8899999999999,9208.93,2535.272142857143,500.4728325357415,-1.36547300558685,False,Normal
ATH024,2026-04-03,2568.23,9370.52,2503.8928571428573,515.1085962156302,0.12490015373420489,False,Normal
ATH024,2026-04-04,2706.73,8977.240000000002,2502.4282142857146,514.8562029239666,0.3968132937974071,False,Normal
ATH024,2026-04-05,2682.89,9131.730000000001,2483.7139285714284,496.6027551894688,0.40107725812471556,False,Normal
ATH024,2026-04-07,2832.79,8972.470000000001,2462.409642857143,473.4591554715852,0.7822857639619255,False,Normal
ATH024,2026-04-08,3391.46,9531.140000000001,2453.0639285714287,462.9875675743768,2.026827796575385,True,⚠️ Anomaly
ATH024,2026-04-09,2928.59,9358.050000000001,2486.4385714285713,495.7984890891337,0.8917966438012677,False,Normal
ATH024,2026-04-10,2925.88,9631.1,2481.1339285714284,490.0053387943408,0.9076351545941731,False,Normal
ATH024,2026-04-11,2883.02,9554.619999999999,2489.5114285714285,495.703810987481,0.7938380999021803,False,Normal
ATH024,2026-04-12,3225.12,10051.21,2497.0989285714286,500.1835243657639,1.455507900528525,False,Normal
ATH024,2026-04-13,3776.02,10602.109999999999,2535.156785714286,513.8973271647388,2.4146130923306663,True,⚠️ Anomaly
ATH024,2026-04-14,3493.73,11065.65,2578.629642857143,564.9224482042223,1.6198689927295002,False,Normal
ATH024,2026-04-15,3473.81,11432.34,2601.3399999999997,588.8380903100608,1.4816806425355213,False,Normal
ATH024,2026-04-16,3710.15,11443.84,2608.101071428571,597.9884299967015,1.8429268415402422,False,Normal
ATH024,2026-04-17,3512.08,11434.689999999999,2639.651428571429,632.2731285092859,1.379828640646964,False,Normal
ATH024,2026-04-18,3563.6400000000003,11226.17,2665.816071428572,653.0891052661402,1.374734199869337,False,Normal
ATH024,2026-04-19,3828.92,11833.17,2697.899642857143,674.7688446203172,1.6761597192283915,False,Normal
ATH024,2026-04-23,2282.67,10773.3,2752.3025000000002,702.7965161944101,-0.6682339612936965,False,Normal
ATH024,2026-04-27,787.6,9928.6,2777.6617857142855,670.7318595940338,-2.967000534190798,True,⚠️ Anomaly
ATH024,2026-04-28,1380.1599999999999,10521.16,2747.7775,739.1694054546529,-1.8502084771200693,False,Normal
ATH024,2026-04-29,2001.71,11142.710000000001,2736.051428571428,758.6156291791782,-0.9680019766610729,False,Normal
ATH024,2026-04-30,1927.3899999999999,10848.8,2739.9664285714284,754.3698485059701,-1.0771592080207562,False,Normal
ATH024,2026-05-04,2219.21,10060.849999999999,2735.6960714285715,758.7637699200284,-0.6806941658310961,False,Normal
ATH024,2026-05-05,2442.9300000000003,10131.3,2724.269285714286,764.2227185352425,-0.3681378201547298,False,Normal
ATH024,2026-05-06,2241.96,9993.21,2704.243571428571,763.9771958697422,-0.6051012699433901,False,Normal
ATH024,2026-05-07,2309.9,10230.109999999999,2678.841785714286,767.2100973684459,-0.4808875521578344,False,Normal
ATH024,2026-05-08,2748.73,9955.31,2687.3103571428574,761.5604129654873,0.08064973153997974,False,Normal
ATH024,2026-05-09,3015.3199999999997,9738.83,2710.613571428571,752.7359524561754,0.4047985586143088,False,Normal
ATH024,2026-05-10,3192.87,9419.79,2739.7332142857144,748.006105912163,0.6057928967861881,False,Normal
ATH024,2026-05-11,2916.13,9200.960000000001,2787.625357142857,731.8090116836147,0.17559860674782177,False,Normal
ATH024,2026-05-12,2753.46,9391.03,2800.050357142857,730.8988900458379,-0.0637439155776187,False,Normal
ATH024,2026-05-13,2685.14,9204.54,2801.719285714286,730.7312432175631,-0.15953784212231426,False,Normal
ATH024,2026-05-14,2709.3199999999997,9229.28,2801.7996428571428,730.7178153958644,-0.1265599947184023,False,Normal
ATH024,2026-05-15,2593.09,9036.32,2797.39,730.8964008870405,-0.27951977838727127,False,Normal
ATH024,2026-05-16,2802.61,8977.8,2768.8767857142857,722.3857861438157,0.046696951868040605,False,Normal
ATH024,2026-05-17,3253.01,8843.880000000001,2764.3774999999996,721.7462323991772,0.6770142718663364,False,Normal
ATH024,2026-05-18,3048.31,8971.25,2776.0607142857148,727.0853172258375,0.37443925666528455,False,Normal
ATH024,2026-05-19,3083.99,9660.54,2781.963928571429,728.6551849930993,0.4144979376375827,False,Normal
ATH024,2026-05-20,3356.7200000000003,10285.53,2776.9235714285714,725.9593224305403,0.7986624190323056,False,Normal
ATH024,2026-05-22,2819.22,10088.43,2761.9485714285715,708.7063992400585,0.08081121975593851,False,Normal
ATH024,2026-05-23,2881.54,10626.86,2737.858928571429,694.2268756353104,0.2069655849855766,False,Normal
ATH024,2026-05-25,2601.81,10785.460000000001,2716.7064285714287,679.8466074442372,-0.16900345947648612,False,Normal
ATH024,2026-05-26,2498.49,10778.87,2677.1228571428574,651.5385513386165,-0.2741708173305294,False,Normal
ATH024,2026-05-27,2242.0699999999997,10525.89,2640.923214285714,631.2724286007647,-0.6318242270928656,False,Normal
ATH024,2026-05-28,2730.81,10618.34,2593.7242857142855,608.7306972492388,0.22519927926287248,False,Normal
ATH024,2026-06-01,2035.75,10602.0,2554.5060714285714,559.5947870944237,-0.9270209147624505,False,Normal
ATH024,2026-06-02,1846.6599999999999,10182.6,2545.6875,565.9468083016736,-1.2351469957003254,False,Normal
ATH024,2026-06-03,1884.43,10168.36,2583.5110714285715,471.62825449664246,-1.4822713965147911,False,Normal
ATH024,2026-06-05,1790.12,9659.730000000001,2601.5207142857143,431.9325865861778,-1.8785355388411435,False,Normal
ATH024,2026-06-07,2186.11,9611.58,2593.963928571429,444.48367001074,-0.9175903550327816,False,Normal
ATH024,2026-06-09,1996.64,9425.779999999999,2603.2039285714286,432.6451047729469,-1.4019895796342237,False,Normal
ATH024,2026-06-10,2038.28,9521.5,2595.255,441.9069581014968,-1.26038974899344,False,Normal
ATH024,2026-06-11,2414.09,9408.9,2580.8032142857146,453.5366308702496,-0.3675848937842658,False,Normal
ATH024,2026-06-12,2479.3900000000003,9546.03,2586.950714285714,449.92584748656907,-0.23906320316243823,False,Normal
ATH024,2026-06-13,2968.9700000000003,9559.5,2593.003928571429,447.19224849456396,0.8407258236121722,False,Normal
ATH024,2026-06-14,3222.5699999999997,9581.14,2600.869642857143,451.94444204178444,1.3756123525585422,False,Normal
ATH024,2026-06-15,3936.25,10167.45,2608.2714285714283,460.59784982623376,2.8831627675412905,True,⚠️ Anomaly
ATH024,2026-06-16,3922.3999999999996,10264.189999999999,2634.820714285714,513.8848274404922,2.505579493614037,True,⚠️ Anomaly
ATH024,2026-06-17,4267.85,10432.63,2670.7589285714284,566.7535091779104,2.817964151197213,True,⚠️ Anomaly
ATH024,2026-06-18,4330.41,10871.0,2724.844285714286,642.1783438591594,2.5001866376201587,True,⚠️ Anomaly
ATH024,2026-06-19,4278.37,11005.18,2783.6039285714287,710.0913096910913,2.1050336076903045,True,⚠️ Anomaly
ATH024,2026-06-21,3734.0099999999993,11061.56,2839.641428571428,763.8858482091285,1.1708144266913039,False,Normal
ATH024,2026-06-23,2663.87,10429.57,2880.3885714285716,780.4960723070759,-0.2774114811219515,False,Normal
ATH024,2026-06-24,2397.64,10588.2,2875.433571428571,781.4479565819029,-0.6114208469089447,False,Normal
ATH024,2026-06-25,2169.54,10309.73,2844.8846428571424,782.858878520034,-0.8626646019955176,False,Normal
ATH024,2026-06-26,2154.2,10702.08,2813.5,791.963459393686,-0.8324879035514458,False,Normal
ATH024,2026-06-27,2766.77,11314.65,2780.2932142857144,799.6573706099175,-0.016911260725828024,False,Normal
ATH024,2026-06-30,2367.75,10950.66,2759.2235714285716,791.6388669327852,-0.49451029728408985,False,Normal
ATH025,2026-01-01,463.08,463.08,,,,False,Normal
ATH025,2026-01-02,991.25,991.25,,,,False,Normal
ATH025,2026-01-03,1552.6499999999999,1552.6499999999999,,,,False,Normal
ATH025,2026-01-04,2005.56,2005.56,,,,False,Normal
ATH025,2026-01-05,2372.45,2372.45,,,,False,Normal
ATH025,2026-01-06,2975.45,2975.45,,,,False,Normal
ATH025,2026-01-07,3691.97,3691.97,,,,False,Normal
ATH025,2026-01-08,3875.4399999999996,4338.5199999999995,2007.4871428571428,1120.4496396345276,1.6671457520858792,False,Normal
ATH025,2026-01-09,3525.5299999999997,4516.78,2240.98125,1229.7233290278577,1.0445835414177949,False,Normal
ATH025,2026-01-11,2686.4799999999996,4692.04,2383.7088888888884,1227.4089142727091,0.2466750139993204,False,Normal
ATH025,2026-01-12,2924.12,5296.57,2413.986,1161.166293662444,0.4393289770675156,False,Normal
ATH025,2026-01-16,1076.4099999999999,5593.19,2460.3618181818183,1112.2654031373822,-1.244264016733854,False,Normal
ATH025,2026-01-17,1894.0599999999997,6410.84,2345.0325,1133.2598067531878,-0.39794272885407045,False,Normal
ATH025,2026-01-21,1844.1799999999998,7140.75,2310.3423076923073,1092.1991408251658,-0.4268107255057148,False,Normal
ATH025,2026-01-22,2289.5199999999995,7586.089999999999,2277.0449999999996,1056.7210863344433,0.011805385698579385,False,Normal
ATH025,2026-01-23,2432.9399999999996,8026.129999999999,2277.876666666666,1018.2870124637653,0.15227861244950452,False,Normal
ATH025,2026-01-24,2187.0299999999997,8597.869999999999,2287.568125,984.5222192868899,-0.10211869577999154,False,Normal
ATH025,2026-01-25,2893.5599999999995,9304.4,2281.6541176470587,953.5713573001419,0.6416991006162741,False,Normal
ATH025,2026-01-27,3091.9799999999996,9502.82,2315.6488888888885,936.2754918787579,0.8291695316656237,False,Normal
ATH025,2026-01-28,2630.5899999999997,9771.34,2356.5084210526315,927.1632366121653,0.2956130788240228,False,Normal
ATH025,2026-01-30,2542.9799999999996,9577.859999999999,2370.2124999999996,904.5130905390914,0.1910060802956762,False,Normal
ATH025,2026-01-31,2462.5599999999995,9507.78,2378.4395238095235,882.4160564862595,0.09532972068237276,False,Normal
ATH025,2026-02-01,2238.2799999999997,9537.12,2382.2631818181817,861.3366285543613,-0.16716249726873747,False,Normal
ATH025,2026-02-02,2744.8499999999995,9676.8,2376.0030434782607,842.0685122063447,0.43802487704391757,False,Normal
ATH025,2026-02-03,3155.9699999999993,9683.339999999998,2391.3716666666664,826.9936583252285,0.9245516282213646,False,Normal
ATH025,2026-02-04,3070.9999999999995,9150.37,2421.9556,823.8970389207216,0.787773677218487,False,Normal
ATH025,2026-02-06,2679.24,8731.57,2446.918846153846,817.2247748536599,0.2842806055258853,False,Normal
ATH025,2026-02-08,2227.8999999999996,9078.54,2455.523333333333,802.6011182399385,-0.2836070473369129,False,Normal
ATH025,2026-02-09,2074.16,8826.84,2447.3939285714287,788.7717683717457,-0.4731836806759605,False,Normal
ATH025,2026-02-10,1885.7499999999998,9247.97,2504.9324999999994,691.4141955903774,-0.8955304995890324,False,Normal
ATH025,2026-02-11,2291.7,9837.47,2536.878928571428,637.4434790766377,-0.3846284990264227,False,Normal
ATH025,2026-02-12,2858.74,10404.51,2563.273571428571,609.8853039056652,0.48446228607130126,False,Normal
ATH025,2026-02-13,3001.0399999999995,10656.199999999999,2593.7442857142855,602.2544449503329,0.6762851112195662,False,Normal
ATH025,2026-02-17,2425.3799999999997,10559.08,2616.193928571428,605.4073700889909,-0.3151826984586922,False,Normal
ATH025,2026-02-19,1760.6999999999998,9875.689999999999,2596.548571428571,602.234326559664,-1.3879125359782405,False,Normal
ATH025,2026-02-20,1616.1699999999996,9839.43,2527.5746428571424,582.3965309311245,-1.5649211395541907,False,Normal
ATH025,2026-02-21,1977.6099999999997,9629.13,2446.8864285714276,543.9783274428432,-0.8626748620251523,False,Normal
ATH025,2026-02-22,2537.79,9482.779999999999,2391.6035714285713,507.74776224110195,0.287911517179691,False,Normal
ATH025,2026-02-23,2673.74,9618.73,2386.293214285714,505.32128021431464,0.5688396609625765,False,Normal
ATH025,2026-02-25,2440.5099999999998,9639.09,2377.351071428571,497.607913770428,0.12692508865638225,False,Normal
ATH025,2026-02-26,2606.3999999999996,10296.84,2426.0689285714284,427.33686590097597,0.4219880984252789,False,Normal
ATH025,2026-02-27,2758.6,10055.05,2451.5096428571424,415.5325398274161,0.739028421866557,False,Normal
ATH025,2026-02-28,3049.0,10215.57,2484.1674999999996,401.7373874728593,1.4059744440344366,False,Normal
ATH025,2026-03-01,2912.3699999999994,10156.869999999999,2511.2917857142857,413.57326461922565,0.9697875771901843,False,Normal
ATH025,2026-03-02,3221.43,10095.31,2528.4142857142856,420.08255414795633,1.6497131514812413,False,Normal
ATH025,2026-03-03,3968.43,10232.77,2565.357142857142,434.1951417564082,3.2314338006342975,True,⚠️ Anomaly
ATH025,2026-03-04,3837.36,10405.449999999999,2603.745357142857,505.88464347108567,2.4385295319359734,True,⚠️ Anomaly
ATH025,2026-03-05,4072.0499999999997,11297.89,2630.3660714285716,550.1989481952011,2.6202956826808466,True,⚠️ Anomaly
ATH025,2026-03-07,3375.63,11403.279999999999,2681.8467857142855,613.9626885578124,1.1300087565832369,False,Normal
ATH025,2026-03-08,3383.45,11312.42,2711.584285714285,627.0136502231329,1.0715328351250732,False,Normal
ATH025,2026-03-09,3638.45,11659.6,2744.473214285714,637.5313654451226,1.402247535052826,False,Normal
ATH025,2026-03-11,2979.0999999999995,11092.85,2794.4792857142857,651.1242259065726,0.2835414609687773,False,Normal
ATH025,2026-03-12,2362.81,10801.96,2802.8453571428568,651.9672919566968,-0.6749347130930666,False,Normal
ATH025,2026-03-13,3103.09,10993.93,2774.5182142857134,653.28578595721,0.502952601720632,False,Normal
ATH025,2026-03-15,2793.4699999999993,11627.08,2775.6642857142856,653.853075049221,0.027231980646987643,False,Normal
ATH025,2026-03-16,2649.7,12183.32,2779.7439285714286,653.5854718756815,-0.19897004166604917,False,Normal
ATH025,2026-03-19,2366.99,11408.25,2794.808214285714,645.2023153964878,-0.6630760678885853,False,Normal
ATH025,2026-03-22,1462.2599999999998,10551.55,2805.266428571428,635.3871624404915,-2.1136820319331058,True,⚠️ Anomaly
ATH025,2026-03-23,1339.1299999999997,10848.710000000001,2790.1417857142856,662.5457501187343,-2.1900552308338725,True,⚠️ Anomaly
ATH025,2026-03-25,1643.6799999999998,10665.96,2756.121428571428,711.7190908076763,-1.5630344091360575,False,Normal
ATH025,2026-03-26,1446.06,10247.91,2712.7264285714286,741.6437590979878,-1.707917599295909,False,Normal
ATH025,2026-03-27,1920.35,10166.22,2657.191428571429,776.6480893711184,-0.9487455627014771,False,Normal
ATH025,2026-03-28,2427.97,10022.0,2639.154642857143,788.0122792824152,-0.267996639658272,False,Normal
ATH025,2026-03-29,2348.8399999999997,9988.02,2662.9857142857145,770.3540587357097,-0.40779393672733383,False,Normal
ATH025,2026-03-30,2446.1399999999994,10073.42,2689.1525,745.5228818339262,-0.3259624968213042,False,Normal
ATH025,2026-04-01,2557.7999999999997,9386.4,2705.8857142857146,734.1318947771578,-0.20171540746185068,False,Normal
ATH025,2026-04-03,1997.3199999999997,8647.47,2706.600357142857,733.9719229844536,-0.9663589776824208,False,Normal
ATH025,2026-04-04,1820.4999999999998,8466.869999999999,2682.4425,746.1247320240514,-1.155225745783502,False,Normal
ATH025,2026-04-05,1847.3999999999999,8451.97,2660.2992857142854,762.5891969537606,-1.0659727268121468,False,Normal
ATH025,2026-04-06,1906.2699999999998,8341.24,2633.1921428571427,777.9119116957912,-0.9344530298713458,False,Normal
ATH025,2026-04-07,2705.7299999999996,9140.699999999999,2602.7517857142852,789.4140087622121,0.13044893191999776,False,Normal
ATH025,2026-04-08,2448.35,8855.65,2590.4921428571424,784.8795510676314,-0.18110058118318137,False,Normal
ATH025,2026-04-12,2223.6099999999997,7882.110000000001,2573.9199999999996,782.7273966027968,-0.4475504518181167,False,Normal
ATH025,2026-04-13,2352.62,8044.16,2538.2835714285716,774.8301592736987,-0.23961841083032553,False,Normal
ATH025,2026-04-14,1960.2199999999998,8451.22,2480.576071428571,722.7948775020845,-0.7199221904101979,False,Normal
ATH025,2026-04-16,2203.8199999999997,8416.33,2413.535357142857,677.9527665535741,-0.3093362362233014,False,Normal
ATH025,2026-04-18,3055.2999999999997,9267.81,2346.812857142857,595.6134554225774,1.1895082899940255,False,Normal
ATH025,2026-04-19,2978.58,9398.429999999998,2335.3725,577.9343840791316,1.1129420877507974,False,Normal
ATH025,2026-04-21,2337.66,9449.75,2320.912857142857,555.3649210227856,0.03015520466489076,False,Normal
ATH025,2026-04-23,2498.04,9468.31,2274.4560714285712,491.8431359491463,0.45458381388196495,False,Normal
ATH025,2026-04-24,2950.3,9446.279999999999,2257.275357142857,474.4104666299167,1.460812295690275,False,Normal
ATH025,2026-04-25,2689.16,9529.0,2278.2571428571428,491.9192141734406,0.8353055650271494,False,Normal
ATH025,2026-04-27,2747.7599999999998,9266.939999999999,2263.4739285714286,472.03085893583045,1.0259627358269954,False,Normal
ATH025,2026-04-28,2790.5699999999997,9794.179999999998,2261.8414285714284,470.20551456124906,1.1244627190770622,False,Normal
ATH025,2026-04-29,3014.33,9601.73,2266.8725,475.23592596009365,1.5728135420106375,False,Normal
ATH025,2026-04-30,3043.6099999999997,10193.82,2289.9917857142855,495.5965789874865,1.5206283623373085,False,Normal
ATH025,2026-05-01,2762.8999999999996,10211.859999999999,2346.468571428571,487.81911130401454,0.8536595203460646,False,Normal
ATH025,2026-05-03,2360.93,9652.96,2397.3175,451.8033439256583,-0.08053835919812855,False,Normal
ATH025,2026-05-04,2066.17,9426.84,2422.933571428571,427.1520895003904,-0.8352143889682297,False,Normal
ATH025,2026-05-05,2036.1799999999998,9124.63,2445.0803571428573,388.99944455336947,-1.0511592313771483,False,Normal
ATH025,2026-05-06,2571.4799999999996,9724.859999999999,2449.2171428571423,383.79362330271977,0.3185640659965358,False,Normal
ATH025,2026-05-07,2271.47,10016.939999999999,2454.3424999999993,384.45704609685305,-0.47566432155838273,False,Normal
ATH025,2026-05-08,2678.84,10595.859999999999,2451.579285714285,385.5199822743349,0.5894914005365278,False,Normal
ATH025,2026-05-09,3197.06,11114.08,2459.89,387.8992172946177,1.9004163121064093,False,Normal
ATH025,2026-05-12,2753.8599999999997,9918.27,2482.720714285714,411.94278429510507,0.658196468177601,False,Normal
ATH025,2026-05-13,2611.81,10535.28,2509.7400000000002,403.65352955042727,0.252865372225733,False,Normal
ATH025,2026-05-14,2919.8599999999997,10732.98,2538.0010714285713,380.6563474310515,1.0031592304935746,False,Normal
ATH025,2026-05-17,2279.91,9739.37,2576.3032142857146,362.0972227746805,-0.8185459474516574,False,Normal
ATH025,2026-05-18,2849.22,10308.68,2589.6474999999996,342.86414739309157,0.7570709914513225,False,Normal
ATH025,2026-05-19,2813.9399999999996,10394.55,2594.7721428571426,345.72385883188264,0.6339390572677633,False,Normal
ATH025,2026-05-20,2626.1499999999996,10823.77,2607.828928571428,346.89075624103214,0.052815104176028686,False,Normal
ATH025,2026-05-21,2393.6299999999997,10628.57,2622.2053571428573,338.6203326624958,-0.6750195871158146,False,Normal
ATH025,2026-05-22,2878.81,10661.49,2623.6699999999996,337.4979322734998,0.7559750019245786,False,Normal
ATH025,2026-05-23,3106.6299999999997,10298.970000000001,2656.4767857142856,314.4793226206635,1.4314238867421671,False,Normal
ATH025,2026-05-24,3485.3799999999997,11134.91,2688.72,312.62661743032197,2.5482794988739528,True,⚠️ Anomaly
ATH025,2026-05-25,3313.73,10874.65,2704.0800000000004,340.61687407364695,1.7898408634569976,False,Normal
ATH025,2026-05-26,3551.38,11155.36,2716.0496428571428,356.1547379636283,2.3454141363357746,True,⚠️ Anomaly
ATH025,2026-05-27,3591.13,11400.57,2759.3967857142857,381.3637380366475,2.1809446765119245,True,⚠️ Anomaly
ATH025,2026-05-28,3654.5199999999995,11239.48,2798.4357142857143,408.5944211329265,2.0951932807613605,True,⚠️ Anomaly
ATH025,2026-05-29,3722.59,11621.179999999998,2823.5864285714283,438.84274300764633,2.0485779604492804,True,⚠️ Anomaly
ATH025,2026-05-31,3062.74,11836.72,2860.4946428571425,469.50464969481595,0.430763267785142,False,Normal
ATH025,2026-06-01,3160.99,11969.470000000001,2871.7439285714286,470.47593786890235,0.6147946114710108,False,Normal
ATH025,2026-06-02,2827.12,11946.300000000001,2884.973214285714,473.3082587337569,-0.12223157576098338,False,Normal
ATH025,2026-06-05,1905.7199999999998,10848.060000000001,2878.2871428571425,472.7351943417277,-2.0573190963947985,True,⚠️ Anomaly
ATH025,2026-06-06,2091.0299999999997,10515.15,2837.648214285714,505.75333605061047,-1.4762497072505727,False,Normal
ATH025,2026-06-07,2146.2699999999995,10974.3,2813.652857142857,525.0031216405043,-1.2711978836572475,False,Normal
ATH025,2026-06-08,2028.34,11352.279999999999,2805.9864285714284,533.3597117033241,-1.4580149409634944,False,Normal
ATH025,2026-06-09,2062.6099999999997,11255.05,2804.6353571428567,535.3473854768545,-1.386063287638748,False,Normal
ATH025,2026-06-10,2417.6699999999996,10993.1,2805.5792857142856,533.9637687592841,-0.7264711735322984,False,Normal
ATH025,2026-06-11,2826.2999999999997,10801.6,2800.0860714285714,537.2423929960684,0.0487934848648852,False,Normal
ATH025,2026-06-12,2490.8799999999997,10998.0,2819.901428571429,527.1605125907286,-0.6241389874868557,False,Normal
ATH025,2026-06-13,2537.2499999999995,11229.68,2813.188571428571,530.2112293312862,-0.5204313982119748,False,Normal
ATH025,2026-06-14,2678.49,11372.88,2789.623928571428,527.1721632715809,-0.21081145082043357,False,Normal
ATH025,2026-06-15,2494.68,10997.74,2786.9321428571425,527.5538250324306,-0.5539759717203773,False,Normal
ATH025,2026-06-16,2521.1299999999997,10962.24,2782.748928571428,529.4548420735285,-0.4941288808443761,False,Normal
ATH025,2026-06-17,2833.46,11200.41,2768.508571428571,530.9904290391835,0.12232127929114901,False,Normal
ATH025,2026-06-18,2886.9399999999996,11294.91,2788.2782142857145,522.3600008441281,0.1888769920262821,False,Normal
ATH025,2026-06-20,3248.2999999999997,11371.349999999999,2789.625357142857,522.5715841623432,0.8777259551767933,False,Normal
ATH025,2026-06-21,2910.31,10797.810000000001,2805.138214285714,529.7183632211832,0.1985428352431336,False,Normal
ATH025,2026-06-23,2546.49,9957.35,2815.286785714285,528.8835971704469,-0.5082343017487425,False,Normal
ATH025,2026-06-25,1816.9499999999996,9457.34,2820.746071428571,525.145657510859,-1.9114621954344448,False,Normal
ATH025,2026-06-27,1565.7799999999997,9442.36,2782.8224999999998,558.1042837945379,-2.1806722065011876,True,⚠️ Anomaly
ATH025,2026-06-28,1848.3099999999995,9583.38,2727.7921428571426,599.4293025645436,-1.4671991160499611,False,Normal
ATH025,2026-06-29,2346.3399999999997,9585.499999999998,2669.325357142857,602.6286078904778,-0.5359608769213238,False,Normal
ATH025,2026-06-30,2132.4799999999996,9262.71,2634.775714285714,591.9519710398715,-0.848541332505981,False,Normal
ATH026,2026-01-01,456.78,456.78,,,,False,Normal
ATH026,2026-01-02,768.75,768.75,,,,False,Normal
ATH026,2026-01-03,1262.88,1262.88,,,,False,Normal
ATH026,2026-01-04,1424.72,1424.72,,,,False,Normal
ATH026,2026-01-05,1866.55,1866.55,,,,False,Normal
ATH026,2026-01-07,2456.06,2456.06,,,,False,Normal
ATH026,2026-01-08,2433.36,2890.14,,,,False,Normal
ATH026,2026-01-09,2479.25,3248.0,1524.1571428571428,774.6411046997675,1.232948847341413,False,Normal
ATH026,2026-01-11,1930.83,3355.5499999999997,1643.54375,792.6979353166989,0.36241579194377893,False,Normal
ATH026,2026-01-12,1999.3,3865.85,1675.4644444444446,747.6591076003675,0.43313262991594464,False,Normal
ATH026,2026-01-14,1917.53,4373.59,1707.848,712.2995351332971,0.2943733494937083,False,Normal
ATH026,2026-01-15,1780.73,4670.87,1726.9099999999999,678.6976670506538,0.07929893178192313,False,Normal
ATH026,2026-01-16,2132.91,5380.91,1731.3949999999998,647.299315498985,0.6202926380209183,False,Normal
ATH026,2026-01-17,2558.0299999999997,5806.03,1762.2807692307692,629.6674808905298,1.2637610404205941,False,Normal
ATH026,2026-01-20,2548.38,6414.23,1819.1200000000001,641.2584203675673,1.1372326301493094,False,Normal
ATH026,2026-01-23,1518.01,6898.92,1867.7373333333333,645.9835343486116,-0.5413873802309632,False,Normal
ATH026,2026-01-24,1608.4099999999999,7414.44,1845.879375,630.1741058519066,-0.3768313753212297,False,Normal
ATH026,2026-01-25,2069.77,7875.8,1831.9105882352942,612.8756807203092,0.388103850825262,False,Normal
ATH026,2026-01-27,2176.67,8590.9,1845.125,597.2140973795106,0.5551526687912622,False,Normal
ATH026,2026-01-29,2695.54,8652.99,1862.5747368421053,585.3506186643696,1.4230193607013224,False,Normal
ATH026,2026-01-31,2195.26,8346.82,1904.223,599.4109307882374,0.4855383594978503,False,Normal
ATH026,2026-02-01,2147.16,8598.24,1918.0819047619048,587.6752885873206,0.3898038588431428,False,Normal
ATH026,2026-02-02,2471.58,8480.83,1928.4945454545452,575.5881613886233,0.9435313145344149,False,Normal
ATH026,2026-02-04,2197.37,8332.21,1952.106956521739,573.6428496138024,0.42755356166886954,False,Normal
ATH026,2026-02-05,2456.82,8676.449999999999,1962.32625,563.2630924996619,0.8779090208192487,False,Normal
ATH026,2026-02-06,2870.3500000000004,8732.12,1982.106,560.2025402923482,1.585576530117946,False,Normal
ATH026,2026-02-07,2530.44,8892.140000000001,2016.2692307692307,575.8637820312931,0.8928687395777717,False,Normal
ATH026,2026-02-09,1931.53,8413.060000000001,2035.3125925925926,573.2853171488039,-0.1810313110908691,False,Normal
ATH026,2026-02-10,2421.56,8903.09,2031.6060714285716,562.9105441880342,0.6927458236439935,False,Normal
ATH026,2026-02-11,2391.03,8805.710000000001,2101.776785714286,474.9097565585181,0.6090698502002092,False,Normal
ATH026,2026-02-13,1520.8899999999999,8120.1,2159.715357142857,399.1785500665098,-1.6003499111773873,False,Normal
ATH026,2026-02-15,1881.54,8215.65,2168.93,380.2378207853021,-0.7558164503637634,False,Normal
ATH026,2026-02-16,2187.87,8660.75,2185.245,356.1612763747469,0.007370256605993346,False,Normal
ATH026,2026-02-17,2162.86,8517.57,2196.720714285714,350.64628639475677,-0.09656658461682302,False,Normal
ATH026,2026-02-19,2205.2999999999997,8970.37,2186.2492857142856,346.97345134781074,0.05490539466841631,False,Normal
ATH026,2026-02-20,2752.6,9354.69,2178.1042857142857,343.6183944051088,1.6719003512030055,False,Normal
ATH026,2026-02-21,3395.6099999999997,9482.18,2187.866785714286,356.1457895098325,3.3911483719853726,True,⚠️ Anomaly
ATH026,2026-02-22,3560.16,9706.04,2240.180357142857,419.02104255021317,3.150151206783282,True,⚠️ Anomaly
ATH026,2026-02-23,3749.27,10340.25,2295.925357142857,484.4980560713371,2.9996913808941135,True,⚠️ Anomaly
ATH026,2026-02-24,3738.16,10079.06,2361.344642857143,550.6606259184548,2.5002974469918686,True,⚠️ Anomaly
ATH026,2026-02-25,4259.33,10600.23,2431.252857142857,596.5580007060074,3.0643745297082123,True,⚠️ Anomaly
ATH026,2026-02-26,3966.2400000000002,10241.07,2507.1964285714284,685.840083731943,2.1273815952682513,True,⚠️ Anomaly
ATH026,2026-02-27,3547.2,10691.039999999999,2557.4896428571424,739.2581225219524,1.338788613869397,False,Normal
ATH026,2026-02-28,3301.91,10588.83,2593.1617857142855,762.5343463305305,0.9294639876831176,False,Normal
ATH026,2026-03-01,3221.11,10779.990000000002,2656.8725,743.6671427291911,0.7587231808162178,False,Normal
ATH026,2026-03-02,2893.29,10761.960000000001,2714.468928571428,721.580228332949,0.24781869625460545,False,Normal
ATH026,2026-03-05,2294.95,10079.2,2743.8803571428575,711.0353970273159,-0.6313755391359386,False,Normal
ATH026,2026-03-06,2576.5,10397.19,2748.1046428571426,707.8851469693843,-0.24241876467082368,False,Normal
ATH026,2026-03-07,2615.1299999999997,10673.52,2743.8532142857143,708.5696682025643,-0.18166627794306822,False,Normal
ATH026,2026-03-08,2418.46,11081.27,2758.8485714285716,700.931532751445,-0.48562313938482154,False,Normal
ATH026,2026-03-09,2269.99,11100.42,2768.537857142857,694.0036325892603,-0.7183649101126796,False,Normal
ATH026,2026-03-11,2779.47,10709.51,2761.3382142857145,698.2311714242957,0.025968169936181725,False,Normal
ATH026,2026-03-13,1779.33,10655.63,2782.1275,689.4278338385355,-1.454535849556164,False,Normal
ATH026,2026-03-14,1469.21,10781.86,2757.9314285714286,712.7613279805165,-1.8080686731739408,False,Normal
ATH026,2026-03-15,1543.1000000000001,10742.83,2707.8907142857142,752.6453625266041,-1.547595683544176,False,Normal
ATH026,2026-03-16,1907.56,10820.109999999999,2672.628571428572,783.7530566953881,-0.9761602393672347,False,Normal
ATH026,2026-03-17,2435.6,10883.130000000001,2671.7725,784.6051462979461,-0.3010080944719115,False,Normal
ATH026,2026-03-18,2364.18,11321.19,2672.2739285714283,784.4437868033402,-0.3927546291454884,False,Normal
ATH026,2026-03-20,2517.81,10420.84,2671.3149999999996,784.8166440711551,-0.1955934563310334,False,Normal
ATH026,2026-03-21,2977.2799999999997,10363.53,2706.9192857142853,752.6470553932053,0.3592131429312109,False,Normal
ATH026,2026-03-22,2657.84,9840.51,2746.052857142857,736.4544355112039,-0.11978046826702157,False,Normal
ATH026,2026-03-23,2486.19,9557.03,2762.8375000000005,728.5750625637786,-0.3797103609702303,False,Normal
ATH026,2026-03-25,1827.3500000000001,8889.210000000001,2774.3849999999998,721.2389282518831,-1.3130669503591468,False,Normal
ATH026,2026-03-26,2345.29,9247.44,2760.886785714286,735.6762290525556,-0.5649180567510171,False,Normal
ATH026,2026-03-27,2300.9900000000002,9174.630000000001,2746.3399999999997,739.8611942890462,-0.6019372328723754,False,Normal
ATH026,2026-03-29,2043.88,8663.28,2707.246428571428,733.1728695260033,-0.9047885650764667,False,Normal
ATH026,2026-03-31,2091.38,8755.12,2653.093571428572,723.7794039940837,-0.7760839398424819,False,Normal
ATH026,2026-04-03,1022.42,7620.549999999999,2593.883214285714,698.1426153574741,-2.2509200551825193,True,⚠️ Anomaly
ATH026,2026-04-04,1766.15,7927.93,2496.8925000000004,721.5366759068478,-1.0127586363944456,False,Normal
ATH026,2026-04-05,1420.74,7665.56,2407.850357142857,645.8531620324198,-1.5283820149405833,False,Normal
ATH026,2026-04-06,1921.42,8008.32,2316.9396428571426,595.5640227889935,-0.6641093614166717,False,Normal
ATH026,2026-04-08,1674.01,7649.660000000001,2258.8760714285713,548.5773617703871,-1.0661505781811194,False,Normal
ATH026,2026-04-09,2109.24,8084.89,2200.736785714286,519.4300969620716,-0.17614841005442752,False,Normal
ATH026,2026-04-11,1350.54,7809.26,2161.0271428571427,479.5006699401125,-1.6902732230976214,False,Normal
ATH026,2026-04-12,1955.53,8077.99,2105.9289285714285,480.87658551733483,-0.3127599327998616,False,Normal
ATH026,2026-04-13,2072.06,8172.820000000001,2093.8067857142855,480.2128470218622,-0.045285722464845954,False,Normal
ATH026,2026-04-14,2902.63,8475.35,2075.7910714285713,470.8035115302149,1.7562293150363737,False,Normal
ATH026,2026-04-15,3284.7300000000005,8570.210000000001,2086.0589285714286,485.89492385158417,2.4669347477988968,True,⚠️ Anomaly
ATH026,2026-04-16,3257.5099999999998,8978.220000000001,2116.997142857143,533.1268940037204,2.1392896700028374,True,⚠️ Anomaly
ATH026,2026-04-17,3775.35,9074.6,2152.2657142857142,574.6686659312265,2.824382782527642,True,⚠️ Anomaly
ATH026,2026-04-19,3313.67,8733.82,2187.8328571428574,641.8199475672589,1.754132365509194,False,Normal
ATH026,2026-04-20,3257.74,8944.37,2242.6307142857145,670.5095619332479,1.513937076135752,False,Normal
ATH026,2026-04-22,2494.44,9237.3,2306.506785714286,679.2361164766809,0.2766831882564747,False,Normal
ATH026,2026-04-25,2226.53,9000.14,2340.4832142857144,663.2404119453474,-0.17181283322510246,False,Normal
ATH026,2026-04-26,2230.33,8920.27,2351.875,658.2496705404925,-0.18464878212578334,False,Normal
ATH026,2026-04-27,2042.7700000000002,9293.99,2344.5439285714283,658.4257161359816,-0.4583264614000953,False,Normal
ATH026,2026-04-28,2143.38,8996.369999999999,2333.065,660.8678896751635,-0.28702408297252247,False,Normal
ATH026,2026-04-30,1709.0600000000002,9162.24,2319.6925,660.7794091583007,-0.9241094554956278,False,Normal
ATH026,2026-05-01,2215.0,9534.779999999999,2274.3989285714283,657.4925168161084,-0.09034160397606682,False,Normal
ATH026,2026-05-02,2151.85,9385.84,2258.5832142857143,653.2398007768021,-0.16339055605428865,False,Normal
ATH026,2026-05-03,2184.04,9683.570000000002,2246.6425,651.9797565400047,-0.09601908551919702,False,Normal
ATH026,2026-05-04,2510.0299999999997,9882.6,2259.3814285714284,646.9490879088033,0.38743167911213416,False,Normal
ATH026,2026-05-05,2603.23,10076.41,2265.265,648.5065312072958,0.5211435563660797,False,Normal
ATH026,2026-05-06,2958.75,10281.11,2276.059285714286,651.6310325064311,1.0476645221450167,False,Normal
ATH026,2026-05-07,3548.7200000000003,10601.72,2308.7332142857144,662.405494637781,1.8719451993560832,False,Normal
ATH026,2026-05-08,3613.65,11172.59,2360.781071428571,700.8344615308098,1.7876816813985266,False,Normal
ATH026,2026-05-09,3409.12,11444.420000000002,2453.3250000000003,688.5365327540991,1.3881543745789129,False,Normal
ATH026,2026-05-10,3564.5200000000004,11292.56,2512.0025,697.7518997286924,1.508440894835617,False,Normal
ATH026,2026-05-11,3285.2700000000004,11095.81,2588.566071428572,691.1601105513299,1.0080210329494803,False,Normal
ATH026,2026-05-12,3256.06,10429.84,2637.2750000000005,690.4599344317915,0.8961924785820101,False,Normal
ATH026,2026-05-13,3465.7799999999997,10462.16,2693.776785714286,673.2307302027169,1.1467141644785817,False,Normal
ATH026,2026-05-14,3188.24,10532.45,2742.224642857143,678.3982739129082,0.6574535553728659,False,Normal
ATH026,2026-05-15,2745.3399999999997,10142.580000000002,2807.8567857142853,625.6133361516232,-0.09992879323648886,False,Normal
ATH026,2026-05-16,2848.92,10636.420000000002,2836.0642857142857,603.1630847974951,0.02131382806696557,False,Normal
ATH026,2026-05-17,2641.5499999999997,10620.44,2863.809285714286,584.2900987170041,-0.3803920110957343,False,Normal
ATH026,2026-05-18,2347.43,10185.5,2854.4849999999997,585.7290671588794,-0.8656818116599647,False,Normal
ATH026,2026-05-19,2721.0099999999998,10723.68,2821.0099999999998,587.0118453786188,-0.17035431360929465,False,Normal
ATH026,2026-05-21,2225.94,10671.960000000001,2801.8492857142855,580.9610972309281,-0.9913043893287841,False,Normal
ATH026,2026-05-22,2740.25,11314.240000000002,2746.513214285714,558.1436197627592,-0.01122151013457143,False,Normal
ATH026,2026-05-23,2382.98,10792.87,2726.0339285714285,546.9709615106125,-0.6271885579153775,False,Normal
ATH026,2026-05-24,2491.1400000000003,10881.25,2694.7924999999996,540.4192879513207,-0.37684165709929957,False,Normal
ATH026,2026-05-25,3167.05,11309.78,2694.674642857143,540.4649579518912,0.8740166225261636,False,Normal
ATH026,2026-05-26,3026.26,11606.56,2728.264642857143,539.5179952889486,0.5523362700501965,False,Normal
ATH026,2026-05-27,3486.69,12066.99,2756.690714285715,533.2426373156219,1.368981462902421,False,Normal
ATH026,2026-05-28,3698.2599999999998,12661.16,2808.259285714286,531.4600244882934,1.6746334122545434,False,Normal
ATH026,2026-05-29,3844.85,12944.09,2863.7907142857143,540.5701912550685,1.814860126557315,False,Normal
ATH026,2026-05-30,4266.25,12907.27,2940.0689285714284,521.9619543204892,2.5407619472094414,True,⚠️ Anomaly
ATH026,2026-05-31,4243.25,12940.46,3013.327857142857,559.0585510073989,2.1999880703745207,True,⚠️ Anomaly
ATH026,2026-06-01,3884.95,12684.7,3088.020714285714,579.0511475836862,1.3762675180591215,False,Normal
ATH026,2026-06-02,4045.91,13049.240000000002,3148.7675000000004,569.8504219050508,1.5743473471525875,False,Normal
ATH026,2026-06-03,3818.01,12926.25,3203.620357142857,579.9210755846599,1.0594366521991518,False,Normal
ATH026,2026-06-04,3474.85,12587.29,3247.0053571428575,578.7800412968339,0.39366361415405077,False,Normal
ATH026,2026-06-05,3449.9700000000003,12780.41,3265.4375,577.4766398650322,0.3195497224669195,False,Normal
ATH026,2026-06-07,3113.1600000000003,12489.1,3261.910714285714,575.9821009817197,-0.258255793074436,False,Normal
ATH026,2026-06-09,2237.74,12030.92,3244.036071428571,572.4170794701824,-1.757977019763244,False,Normal
ATH026,2026-06-10,2342.81,11803.279999999999,3202.2010714285716,601.9483749572034,-1.4276823514801773,False,Normal
ATH026,2026-06-11,2777.04,12176.09,3158.5685714285714,618.7562671928827,-0.6166055871392716,False,Normal
ATH026,2026-06-12,2510.11,12545.179999999998,3140.4174999999996,622.345844988937,-1.0127929752808167,False,Normal
ATH026,2026-06-14,2037.5200000000002,11885.07,3113.7764285714284,633.0855924942564,-1.7000172509551974,False,Normal
ATH026,2026-06-15,2638.75,12359.96,3062.7671428571425,660.6140741419998,-0.64185302653119,False,Normal
ATH026,2026-06-16,2929.13,12239.039999999999,3043.1425000000004,664.8965204457911,-0.1714740512156067,False,Normal
ATH026,2026-06-17,2978.8,12626.31,3049.7064285714287,662.75143307172,-0.10698796718219288,False,Normal
ATH026,2026-06-18,2704.08,12654.23,3054.3450000000003,661.7478413430728,-0.5293028221884458,False,Normal
ATH026,2026-06-19,2727.23,12532.16,3056.5782142857142,660.4073312178758,-0.49870466107387673,False,Normal
ATH026,2026-06-21,3258.78,12652.710000000001,3070.1425000000004,649.1061975866235,0.2906111522295642,False,Normal
ATH026,2026-06-22,3173.8,12366.710000000001,3089.3485714285716,646.3433114794134,0.13066032721546683,False,Normal
ATH026,2026-06-23,3129.19,12341.970000000001,3123.2007142857146,623.8791980167182,0.009600072791856285,False,Normal
ATH026,2026-06-25,2634.0,11589.97,3137.0914285714284,619.3504308710051,-0.8122888166299017,False,Normal
ATH026,2026-06-26,2324.89,11012.2,3146.0564285714286,609.7731928816949,-1.3466751870326108,False,Normal
ATH026,2026-06-27,3069.2,11198.539999999999,3140.118928571429,617.1512218809696,-0.11491337302271012,False,Normal
ATH026,2026-06-28,2656.5,11065.960000000001,3136.624285714286,617.2701038259042,-0.7778187907342764,False,Normal
ATH026,2026-06-29,2287.53,10769.289999999999,3123.4185714285713,623.6410529315572,-1.3403360274300409,False,Normal
ATH026,2026-06-30,2658.0699999999997,10954.13,3080.5914285714284,638.761747003462,-0.661469523736428,False,Normal
ATH027,2026-01-02,167.56,167.56,,,,False,Normal
ATH027,2026-01-04,748.24,748.24,,,,False,Normal
ATH027,2026-01-05,891.9199999999998,891.9199999999998,,,,False,Normal
ATH027,2026-01-09,1170.07,1337.6299999999999,,,,False,Normal
ATH027,2026-01-10,1767.26,1934.82,,,,False,Normal
ATH027,2026-01-11,1332.09,2080.33,,,,False,Normal
ATH027,2026-01-13,1393.7399999999998,2285.66,,,,False,Normal
ATH027,2026-01-14,1917.6399999999999,2809.56,1067.2685714285712,519.4984730304337,1.636908427489471,False,Normal
ATH027,2026-01-15,2035.27,2927.19,1173.5649999999998,567.2001538383832,1.5192256105161996,False,Normal
ATH027,2026-01-18,1226.73,3307.06,1269.31,603.328648354278,-0.070575133662469,False,Normal
ATH027,2026-01-20,1264.9599999999998,3550.62,1265.052,568.9830513156296,-0.00016169198676018812,False,Normal
ATH027,2026-01-21,1500.7599999999998,4310.32,1265.0436363636363,539.7847183696983,0.43668587793350866,False,Normal
ATH027,2026-01-23,1723.7999999999997,4650.99,1284.6866666666665,519.143301486967,0.8458422406214118,False,Normal
ATH027,2026-01-24,2490.89,5418.08,1318.4646153846152,511.74502229488246,2.2910342720242403,True,⚠️ Anomaly
ATH027,2026-01-25,2856.3,6163.36,1402.2092857142857,583.028731268079,2.4940292584262327,True,⚠️ Anomaly
ATH027,2026-01-26,3363.39,6670.45,1499.1486666666667,675.7225588198868,2.7588857423809126,True,⚠️ Anomaly
ATH027,2026-01-27,3792.79,7343.41,1615.66375,802.1054455026472,2.7142643928014762,True,⚠️ Anomaly
ATH027,2026-01-28,3373.79,7684.11,1743.73,939.1372203850192,1.7356994958965872,False,Normal
ATH027,2026-01-31,2863.09,8113.61,1834.2888888888888,988.7942354372759,1.0404602638648506,False,Normal
ATH027,2026-02-01,2276.9700000000003,7692.09,1888.4363157894738,989.4966024825762,0.39265792650093306,False,Normal
ATH027,2026-02-02,2336.05,8114.58,1907.863,967.0158649006094,0.44279211494013027,False,Normal
ATH027,2026-02-03,2085.24,8536.73,1928.252857142857,947.1506588613179,0.16574674935651276,False,Normal
ATH027,2026-02-05,2282.56,9074.75,1935.3886363636361,924.9301685110403,0.3753487295102969,False,Normal
ATH027,2026-02-06,3034.21,9380.69,1950.483043478261,906.5594238880958,1.1954284826402208,False,Normal
ATH027,2026-02-07,3035.67,9382.02,1995.6383333333333,913.8125549950968,1.1381236348544665,False,Normal
ATH027,2026-02-08,3286.64,9646.64,2037.2395999999999,918.4367856875073,1.3603553553930723,False,Normal
ATH027,2026-02-10,2876.21,10019.2,2085.2934615384615,932.6433390956794,0.8480375137064039,False,Normal
ATH027,2026-02-11,3037.83,9656.92,2114.5866666666666,927.1123581272702,0.9958268005382301,False,Normal
ATH027,2026-02-15,1303.5900000000001,9723.5,2147.559642857143,926.3609929798871,-0.9110591327278251,False,Normal
ATH027,2026-02-16,1698.56,10118.470000000001,2188.132142857143,858.8472292614401,-0.5700340248849001,False,Normal
ATH027,2026-02-17,1860.5200000000002,10614.759999999998,2222.072142857143,817.6261675405758,-0.44219737235745954,False,Normal
ATH027,2026-02-19,2318.5,10474.66,2256.665,778.8345384421328,0.07939427047455518,False,Normal
ATH027,2026-02-20,2781.26,10596.75,2297.680357142857,749.1669210207558,0.645489849175743,False,Normal
ATH027,2026-02-21,3119.8,10168.2,2333.8946428571426,747.0822571076444,1.051966299113458,False,Normal
ATH027,2026-02-22,3294.1600000000003,10161.359999999999,2397.7414285714285,734.5811711833775,1.2203124808991244,False,Normal
ATH027,2026-02-23,3639.82,10394.9,2465.613571428571,726.1266655507213,1.6170820936328891,False,Normal
ATH027,2026-02-25,3697.92,10179.189999999999,2527.12,750.5202834922803,1.5599844877637377,False,Normal
ATH027,2026-02-26,3801.4700000000003,10902.34,2586.5003571428574,775.5214794383438,1.5666486036428813,False,Normal
ATH027,2026-02-27,3841.81,11405.439999999999,2678.4553571428573,760.8261067953364,1.5290677231848553,False,Normal
ATH027,2026-02-28,3693.84,10998.949999999999,2770.4857142857145,739.0534066725387,1.249374236527141,False,Normal
ATH027,2026-03-01,3460.65,11345.039999999999,2848.81,715.334851572376,0.8553197130757937,False,Normal
ATH027,2026-03-02,3553.3599999999997,11612.21,2910.8403571428576,688.9866392914226,0.9325574782087664,False,Normal
ATH027,2026-03-03,4210.98,11847.68,2948.785714285714,694.238919587371,1.8180978480210894,False,Normal
ATH027,2026-03-04,3841.81,12276.460000000001,2997.167142857143,733.6405100484336,1.1513034593565383,False,Normal
ATH027,2026-03-05,3741.86,12361.64,3014.253571428572,747.9179651847055,0.9728425608706149,False,Normal
ATH027,2026-03-07,3500.11,11463.39,3012.434642857143,746.0139542358985,0.6537080900079898,False,Normal
ATH027,2026-03-09,2903.28,11795.02,3016.9460714285715,748.6574109912635,-0.15182654944679058,False,Normal
ATH027,2026-03-10,2867.99,11839.46,3018.381428571429,748.3899857779346,-0.2009532882980797,False,Normal
ATH027,2026-03-11,3266.0600000000004,12504.69,3039.4892857142863,734.9178820739514,0.3082939193782133,False,Normal
ATH027,2026-03-13,2987.58,12849.41,3072.7039285714286,722.8655279758783,-0.11775900949349077,False,Normal
ATH027,2026-03-14,2776.62,13090.37,3104.9303571428572,696.8584347679763,-0.4711292003693268,False,Normal
ATH027,2026-03-16,2523.41,12619.869999999999,3122.5753571428572,681.3464965703979,-0.8793842195693312,False,Normal
ATH027,2026-03-17,2406.25,12385.19,3104.3325000000004,690.5758344369806,-1.0108701538465215,False,Normal
ATH027,2026-03-18,2133.7200000000003,12939.51,3081.8532142857143,703.0257428986318,-1.3486465095523876,False,Normal
ATH027,2026-03-19,2577.21,12763.4,3040.6775000000002,724.0361902589043,-0.6401164834512917,False,Normal
ATH027,2026-03-20,2317.0499999999997,12385.2,3029.9989285714287,728.7413452092085,-0.978329188069814,False,Normal
ATH027,2026-03-22,2221.11,11453.24,3004.256785714286,741.0804681956855,-1.0567634950911868,False,Normal
ATH027,2026-03-25,995.4300000000001,10237.02,3037.0253571428575,680.941412106863,-2.998195323186573,True,⚠️ Anomaly
ATH027,2026-03-27,943.6100000000001,9487.0,3011.9135714285717,742.3276161442972,-2.7862409082548867,True,⚠️ Anomaly
ATH027,2026-03-28,1599.0600000000002,9951.88,2979.1667857142857,811.9593237761743,-1.6997240444211308,False,Normal
ATH027,2026-03-30,1876.92,9036.17,2953.4725000000003,844.3764544615588,-1.274967455939419,False,Normal
ATH027,2026-03-31,2269.11,8770.74,2921.1746428571428,868.168208033793,-0.7510809965431968,False,Normal
ATH027,2026-04-01,2533.49,8928.699999999999,2890.7928571428574,875.8112386592808,-0.407967883227701,False,Normal
ATH027,2026-04-02,2811.84,8583.85,2863.6260714285713,874.632602581683,-0.05920894244704857,False,Normal
ATH027,2026-04-03,2835.56,9083.800000000001,2834.0553571428572,861.3133799481142,0.0017469168506744188,False,Normal
ATH027,2026-04-04,2888.46,9340.23,2803.256785714286,844.5340732904409,0.10088783505649308,False,Normal
ATH027,2026-04-05,3348.8300000000004,9800.6,2770.6492857142853,821.8876110106559,0.7034790481568883,False,Normal
ATH027,2026-04-06,3736.26,9869.15,2753.042857142857,803.1582949915636,1.2241884930883655,False,Normal
ATH027,2026-04-07,3825.54,9728.29,2754.5578571428573,805.0364630267653,1.3303523406014162,False,Normal
ATH027,2026-04-09,3336.95,9277.94,2767.5896428571427,819.7095590308394,0.6945879194284672,False,Normal
ATH027,2026-04-10,3623.1000000000004,9719.32,2759.860714285714,813.0191810453292,1.0617698891241252,False,Normal
ATH027,2026-04-11,3560.35,10123.96,2738.8650000000002,781.1221040486131,1.0516729660346094,False,Normal
ATH027,2026-04-12,3633.46,10657.44,2728.812857142857,768.1053572306005,1.177764396955703,False,Normal
ATH027,2026-04-13,3062.92,10408.66,2724.941428571429,763.066910112733,0.4429212785267277,False,Normal
ATH027,2026-04-14,2975.2000000000003,10297.24,2709.3275,750.9953123719407,0.3540268436034171,False,Normal
ATH027,2026-04-15,3382.0600000000004,10149.78,2711.8960714285713,751.8057959652591,0.8914056424784431,False,Normal
ATH027,2026-04-16,3403.29,10104.02,2730.255714285714,761.9672155843688,0.8832850967191833,False,Normal
ATH027,2026-04-17,3077.98,10480.25,2735.156785714286,765.9720369862339,0.44756622661392975,False,Normal
ATH027,2026-04-18,3148.91,11196.779999999999,2738.3853571428567,767.2648336375804,0.5350494703515313,False,Normal
ATH027,2026-04-19,2809.06,11245.39,2751.6814285714286,771.1677622484073,0.07440478484380508,False,Normal
ATH027,2026-04-20,3102.79,11778.89,2761.883214285714,769.9245438884758,0.4427794754958046,False,Normal
ATH027,2026-04-22,2851.73,12006.08,2786.759642857143,769.2607734532814,0.08445816995347284,False,Normal
ATH027,2026-04-23,2957.07,12509.15,2812.402857142857,758.5787393484828,0.1907081432065875,False,Normal
ATH027,2026-04-24,3318.79,12855.429999999998,2825.969285714286,757.6128582590648,0.6504914864013497,False,Normal
ATH027,2026-04-25,3345.7,12943.42,2861.7457142857143,756.3415919064731,0.6398620555751876,False,Normal
ATH027,2026-04-26,3714.33,13505.68,2901.909642857143,750.9019262858941,1.0819260527952632,False,Normal
ATH027,2026-04-28,3687.99,13197.77,2999.0132142857146,666.2609122450308,1.0340945612323422,False,Normal
ATH027,2026-04-29,3819.1000000000004,13291.69,3097.026785714286,543.1873504912726,1.3293262695323318,False,Normal
ATH027,2026-04-30,3494.37,13191.68,3176.3139285714283,474.06367933978885,0.6709142363986135,False,Normal
ATH027,2026-05-02,2183.67,12238.63,3234.0799999999995,403.0983427752417,-2.6058405320353395,True,⚠️ Anomaly
ATH027,2026-05-03,2300.34,12457.19,3231.0285714285715,410.9211310171336,-2.2648836995188883,True,⚠️ Anomaly
ATH027,2026-05-05,2200.54,11572.769999999999,3222.701785714286,427.60298815826394,-2.3904458435074467,True,⚠️ Anomaly
ATH027,2026-05-06,1984.65,12037.539999999999,3200.8696428571425,463.4595287095927,-2.624219737683363,True,⚠️ Anomaly
ATH027,2026-05-09,1945.3500000000001,10623.630000000001,3170.48,513.4970183403626,-2.385856112582028,True,⚠️ Anomaly
ATH027,2026-05-10,1810.97,10634.699999999999,3136.7975,561.3799138012,-2.361729494421334,True,⚠️ Anomaly
ATH027,2026-05-11,2209.17,10793.130000000001,3081.8739285714287,612.7465798707101,-1.4242493670965404,False,Normal
ATH027,2026-05-12,2294.1099999999997,10891.68,3027.3349999999996,620.2592404524622,-1.182126685392276,False,Normal
ATH027,2026-05-13,2406.97,11062.45,2972.641071428571,614.7630962100534,-0.9201448084894346,False,Normal
ATH027,2026-05-14,2860.7799999999997,11118.53,2939.4275000000002,619.4556675293707,-0.12696227369050833,False,Normal
ATH027,2026-05-15,3458.59,11255.55,2912.2017857142855,604.8754504306892,0.9033069764968475,False,Normal
ATH027,2026-05-16,3279.86,10754.58,2908.5675,601.1310491412548,0.6176565002430161,False,Normal
ATH027,2026-05-18,2890.6099999999997,10580.949999999999,2895.9389285714283,588.9288472921687,-0.009048510012593956,False,Normal
ATH027,2026-05-19,3085.4799999999996,11268.119999999999,2889.785,588.018939903456,0.33280390599685433,False,Normal
ATH027,2026-05-22,1924.33,9861.09,2893.7235714285716,588.9807849045429,-1.6458831871496162,False,Normal
ATH027,2026-05-24,2527.29,9373.91,2841.6617857142855,608.325426329456,-0.5167822552004074,False,Normal
ATH027,2026-05-25,2236.34,9636.46,2810.3760714285713,600.851628307313,-0.9553707510882758,False,Normal
ATH027,2026-05-26,1684.06,9264.19,2780.3175,607.9784167747142,-1.8031191071149772,False,Normal
ATH027,2026-05-30,1321.84,8255.82,2728.0014285714283,637.3993535698137,-2.206091707963135,True,⚠️ Anomaly
ATH027,2026-05-31,871.22,7944.789999999999,2674.886428571429,690.1752340835823,-2.6133456251387304,True,⚠️ Anomaly
ATH027,2026-06-01,992.4200000000001,8328.539999999999,2595.1874999999995,763.8471689324447,-2.0982829618129406,True,⚠️ Anomaly
ATH027,2026-06-02,1303.9699999999998,8367.619999999999,2528.7835714285716,819.5091473161971,-1.4945697377993918,False,Normal
ATH027,2026-06-03,1892.8899999999999,8491.769999999999,2469.7442857142855,846.6100752103171,-0.6813695024489073,False,Normal
ATH027,2026-06-04,2561.64,9160.519999999999,2418.819285714286,836.4714471137121,0.17074188817624836,False,Normal
ATH027,2026-06-05,2966.37,9565.25,2390.817142857143,817.195192861521,0.704302793470284,False,Normal
ATH027,2026-06-06,3002.0099999999998,9312.48,2364.1042857142857,783.874758682451,0.8137852472222936,False,Normal
ATH027,2026-06-08,2585.67,8705.04,2339.605,750.9957464716551,0.3276516560261068,False,Normal
ATH027,2026-06-10,1651.22,7736.02,2295.5539285714285,695.092935941019,-0.9269752219523382,False,Normal
ATH027,2026-06-11,1621.6,7921.339999999999,2229.727142857143,663.9344210524116,-0.9159445926800909,False,Normal
ATH027,2026-06-12,2063.42,8170.079999999999,2209.6532142857145,673.8022329319639,-0.21702690661828083,False,Normal
ATH027,2026-06-13,2280.62,8313.24,2201.1917857142857,674.1087532881145,0.11782700328142227,False,Normal
ATH027,2026-06-16,2298.9300000000003,7426.19,2204.051785714286,674.2757401563249,0.1407112975230545,False,Normal
ATH027,2026-06-17,2539.68,7767.849999999999,2215.2760714285714,673.1030149287826,0.48195286809962046,False,Normal
ATH027,2026-06-18,2555.58,8422.88,2236.502142857143,673.6465055224776,0.47365770404372737,False,Normal
ATH027,2026-06-19,2382.59,8628.34,2263.095357142857,670.91758863284,0.17810629037262646,False,Normal
ATH027,2026-06-21,2771.6000000000004,8557.55,2269.2889285714286,671.2017422136665,0.7483756966600198,False,Normal
ATH027,2026-06-23,2738.78,8480.91,2286.342142857143,677.8882136041208,0.6674225160773721,False,Normal
ATH027,2026-06-24,2962.95,9046.74,2298.1925,682.9563318160191,0.9733528617157298,False,Normal
ATH027,2026-06-25,2942.78,9681.6,2301.841428571429,686.3380418904605,0.9338526095146348,False,Normal
ATH027,2026-06-26,2676.7500000000005,10089.130000000001,2283.4196428571427,660.5791612274911,0.595432584358201,False,Normal
ATH027,2026-06-29,2057.42,9360.0,2261.88,636.2702364736402,-0.3213414494023256,False,Normal
ATH028,2026-01-01,701.29,701.29,,,,False,Normal
ATH028,2026-01-02,1073.92,1073.92,,,,False,Normal
ATH028,2026-01-04,1621.9699999999998,1621.9699999999998,,,,False,Normal
ATH028,2026-01-06,1812.28,1812.28,,,,False,Normal
ATH028,2026-01-07,2411.81,2411.81,,,,False,Normal
ATH028,2026-01-08,2121.35,2822.64,,,,False,Normal
ATH028,2026-01-09,2238.0099999999998,3311.93,,,,False,Normal
ATH028,2026-01-11,2169.3900000000003,3791.36,1711.5185714285712,629.9244169059377,0.7268672499161115,False,Normal
ATH028,2026-01-12,2707.88,4329.85,1768.7525,605.2471856959412,1.551642902593835,False,Normal
ATH028,2026-01-13,2994.48,4806.76,1873.1000000000001,646.9383611481081,1.733364517154169,False,Normal
ATH028,2026-01-14,2773.54,5185.35,1985.238,705.531930056244,1.1173158384726225,False,Normal
ATH028,2026-01-16,1998.13,5310.0599999999995,2056.901818181818,710.2749503511747,-0.08274516530923652,False,Normal
ATH028,2026-01-17,2599.28,5911.21,2052.0041666666666,677.4330784587887,0.8078670066989161,False,Normal
ATH028,2026-01-18,2282.1099999999997,6073.47,2094.102307692308,666.1170365277892,0.2822442333673122,False,Normal
ATH028,2026-01-19,1856.02,6185.87,2107.5314285714285,641.9540476348172,-0.39179039293869145,False,Normal
ATH028,2026-01-20,2043.3,6850.0599999999995,2090.764,622.0017104569959,-0.07630847182900431,False,Normal
ATH028,2026-01-21,2352.81,7538.16,2087.7975,601.0278872453979,0.44093211916437414,False,Normal
ATH028,2026-01-22,2991.98,8177.33,2103.386470588235,585.4815417558137,1.5177139944445417,False,Normal
ATH028,2026-01-23,3261.86,8571.92,2152.7527777777777,605.385149702291,1.832068762782909,False,Normal
ATH028,2026-01-24,3160.41,9071.619999999999,2211.126842105263,640.9942704376679,1.4809542014261228,False,Normal
ATH028,2026-01-26,3306.77,9492.64,2258.591,659.0187032478867,1.590514798493864,False,Normal
ATH028,2026-01-28,2558.82,10096.98,2308.5042857142857,681.8419366508003,0.36711692377747,False,Normal
ATH028,2026-01-29,2516.5,9992.539999999999,2319.8822727272727,667.5462673241444,0.29453797721147984,False,Normal
ATH028,2026-01-30,2535.14,10033.14,2328.4308695652176,653.4856235596995,0.31631779335677807,False,Normal
ATH028,2026-01-31,2468.96,10466.66,2337.0437500000003,640.5128525324367,0.20595410299486425,False,Normal
ATH028,2026-02-01,3208.12,10657.77,2342.3204,627.5816762613451,1.3795807506009037,False,Normal
ATH028,2026-02-03,3558.59,11238.949999999999,2375.6203846153844,637.9149812661918,1.854431468338539,False,Normal
ATH028,2026-02-04,3478.31,11163.48,2419.434074074074,665.6684012402019,1.5906957938113662,False,Normal
ATH028,2026-02-05,3510.62,11381.810000000001,2457.2510714285713,683.1883219865582,1.541842702329086,False,Normal
ATH028,2026-02-06,3726.93,11522.06,2557.5842857142857,619.0335165785602,1.8889861097485745,False,Normal
ATH028,2026-02-07,3778.74,12007.39,2652.3346428571426,585.6684499212848,1.9232816063324711,False,Normal
ATH028,2026-02-08,3521.23,12009.609999999999,2729.3621428571428,586.9636409798094,1.3490918378198085,False,Normal
ATH028,2026-02-09,3918.43,11868.32,2790.3960714285713,576.834325071151,1.9555596460600508,False,Normal
ATH028,2026-02-10,3599.89,11844.359999999999,2844.203928571428,609.5531690256225,1.2397377453332648,False,Normal
ATH028,2026-02-13,2608.43,12132.36,2897.0089285714284,608.6553519170988,-0.4741253447661037,False,Normal
ATH028,2026-02-14,2636.99,12045.1,2910.238214285714,597.7288474938465,-0.4571440970791147,False,Normal
ATH028,2026-02-15,2883.67,12611.17,2926.938214285714,582.6044181855173,-0.07426688321463441,False,Normal
ATH028,2026-02-16,3049.1800000000003,13061.48,2933.2164285714284,581.1016201129394,0.19955816231597134,False,Normal
ATH028,2026-02-17,3305.6499999999996,13106.710000000001,2935.1699999999996,581.4070726869168,0.6372127505911863,False,Normal
ATH028,2026-02-18,3745.97,12858.93,2954.1739285714284,584.6157955085273,1.3543870649951026,False,Normal
ATH028,2026-02-19,4237.59,12711.38,3016.5967857142855,571.928441017616,2.134870600443014,True,⚠️ Anomaly
ATH028,2026-02-21,3141.2200000000003,12025.91,3075.1078571428566,610.1781670794383,0.10834891581516819,False,Normal
ATH028,2026-02-22,2897.05,12510.070000000002,3105.790357142857,590.095260737037,-0.35374010101714287,False,Normal
ATH028,2026-02-23,2803.1400000000003,12557.85,3142.97,539.0209478372867,-0.6304578724880714,False,Normal
ATH028,2026-02-24,2415.77,12879.9,3170.1071428571427,499.2686188954361,-1.5108843502441853,False,Normal
ATH028,2026-02-25,2374.83,12674.94,3172.3557142857144,495.5795517964091,-1.6092788965864133,False,Normal
ATH028,2026-02-26,2377.8900000000003,12572.77,3150.3146428571426,517.1533445377047,-1.4936085225314177,False,Normal
ATH028,2026-02-28,2636.55,12193.5,3118.7442857142855,536.703757216755,-0.8984365755418864,False,Normal
ATH028,2026-03-02,2154.15,11924.9,3100.035,544.2748887553321,-1.7378810221487244,False,Normal
ATH028,2026-03-04,1957.5800000000002,11154.210000000001,3058.87,570.992010160095,-1.9287310162032207,False,Normal
ATH028,2026-03-05,2097.71,11159.859999999999,3037.3971428571426,601.0096432322866,-1.5635142521231713,False,Normal
ATH028,2026-03-08,2241.36,10174.470000000001,3022.440357142857,619.3830354622136,-1.2610619155236904,False,Normal
ATH028,2026-03-09,2314.16,10320.63,3011.9482142857146,630.3349141883549,-1.1070118417670318,False,Normal
ATH028,2026-03-12,1730.15,10443.34,3006.4196428571427,635.9278196140867,-2.006941045025594,True,⚠️ Anomaly
ATH028,2026-03-13,2141.07,10062.96,2953.6349999999998,678.4808801067055,-1.1976240212873892,False,Normal
ATH028,2026-03-15,1740.4899999999998,9031.29,2903.0092857142854,684.5276444052686,-1.6982795292720512,False,Normal
ATH028,2026-03-17,1677.4099999999999,8239.44,2840.944285714286,708.7869389494958,-1.6415853929796989,False,Normal
ATH028,2026-03-18,2333.26,8454.970000000001,2775.4725000000003,729.0164330242796,-0.6065878352913238,False,Normal
ATH028,2026-03-20,1856.45,8473.119999999999,2725.6985714285715,708.9498232138295,-1.2261073251814516,False,Normal
ATH028,2026-03-21,2301.9300000000003,8709.78,2657.0453571428575,696.1585451843571,-0.5101070145577475,False,Normal
ATH028,2026-03-22,2655.34,8789.58,2613.4989285714287,677.9977903511422,0.061712695858347176,False,Normal
ATH028,2026-03-24,2626.67,8450.34,2568.3885714285716,628.1458380304053,0.09278327586181885,False,Normal
ATH028,2026-03-25,2480.34,8560.48,2533.6307142857145,595.0066516772828,-0.0895632244370571,False,Normal
ATH028,2026-03-26,2784.27,8369.73,2529.056071428571,594.9026599701416,0.4290011555575127,False,Normal
ATH028,2026-03-28,2203.69,8276.92,2534.316071428572,596.5411861931539,-0.5542384651401395,False,Normal
ATH028,2026-03-29,2076.91,8714.1,2510.031071428572,595.6325477285673,-0.7271615244671746,False,Normal
ATH028,2026-03-30,2464.61,8631.24,2475.307142857143,591.3625454068364,-0.01808897594247122,False,Normal
ATH028,2026-03-31,2426.83,9045.07,2445.2700000000004,568.5440649654229,-0.03243372173997098,False,Normal
ATH028,2026-04-01,2751.04,9353.94,2398.1578571428577,508.2255107605583,0.6943416561853714,False,Normal
ATH028,2026-04-02,3291.83,9563.85,2345.0667857142857,366.96998820726594,2.579947256479674,True,⚠️ Anomaly
ATH028,2026-04-04,3527.11,10173.800000000001,2350.445714285714,379.946330200469,3.0969223603066496,True,⚠️ Anomaly
ATH028,2026-04-05,3932.6400000000003,10405.38,2372.9478571428567,429.0076261720253,3.6355813922797995,True,⚠️ Anomaly
ATH028,2026-04-06,3750.42,10067.5,2413.2871428571425,515.3673535907077,2.5945237854642538,True,⚠️ Anomaly
ATH028,2026-04-07,3880.4,10611.310000000001,2460.9532142857142,573.9917194463601,2.472939482617282,True,⚠️ Anomaly
ATH028,2026-04-08,3158.92,10723.560000000001,2514.723571428571,633.1009009348745,1.0175256860638962,False,Normal
ATH028,2026-04-09,3041.18,10874.880000000001,2542.6175000000003,643.9614633030799,0.774211701182733,False,Normal
ATH028,2026-04-10,3374.46,10797.240000000002,2557.0685714285714,650.6528289382061,1.2562635436555645,False,Normal
ATH028,2026-04-12,2415.0699999999997,11079.96,2600.651071428572,663.4094600222078,-0.2797383555886583,False,Normal
ATH028,2026-04-13,2662.73,11533.1,2616.9900000000002,652.5293252726198,0.07009646651648967,False,Normal
ATH028,2026-04-14,2250.95,11184.85,2637.1692857142853,644.5639001849953,-0.5991947200323152,False,Normal
ATH028,2026-04-15,2698.83,11089.130000000001,2637.511785714286,644.3483024015845,0.09516315020489954,False,Normal
ATH028,2026-04-16,2353.8599999999997,11471.14,2651.25,641.2922921437325,-0.46373549728139635,False,Normal
ATH028,2026-04-17,2440.38,11381.17,2673.525357142857,618.5415626053253,-0.37692755222597824,False,Normal
ATH028,2026-04-19,2385.41,10810.029999999999,2684.215,611.5456277244475,-0.48860622405534876,False,Normal
ATH028,2026-04-20,2402.01,11279.769999999999,2707.2478571428574,586.3095719230337,-0.5206086882424742,False,Normal
ATH028,2026-04-21,2846.43,11404.61,2733.1264285714283,554.2877714302765,0.20441290114736715,False,Normal
ATH028,2026-04-22,2850.76,11459.550000000001,2751.4539285714286,549.0356063967089,0.18087364511804982,False,Normal
ATH028,2026-04-24,2466.7599999999998,11573.43,2786.965,520.4130578720171,-0.6152900953510413,False,Normal
ATH028,2026-04-25,2788.3199999999997,11520.32,2792.8517857142856,515.6335636724804,-0.00878877178205642,False,Normal
ATH028,2026-04-26,3047.8700000000003,11780.99,2797.6010714285717,514.9320246210085,0.486023235310772,False,Normal
ATH028,2026-04-27,3168.18,11983.34,2812.6439285714287,515.9050222475944,0.6891502429645693,False,Normal
ATH028,2026-04-28,3047.87,12025.650000000001,2837.209642857143,515.8720951042759,0.4083577288674142,False,Normal
ATH028,2026-04-29,2887.2000000000003,11595.71,2846.6239285714287,517.2735530418961,0.07844219212437713,False,Normal
ATH028,2026-05-02,2640.1899999999996,10633.4,2871.035,501.7022594940964,-0.4601235008045975,False,Normal
ATH028,2026-05-04,1883.7600000000002,10116.68,2891.1521428571427,479.4812999123205,-2.1010040288147995,True,⚠️ Anomaly
ATH028,2026-05-07,1661.8200000000002,9371.63,2870.4075,510.20016994512764,-2.3688496617513555,True,⚠️ Anomaly
ATH028,2026-05-08,2058.34,9434.869999999999,2843.085714285714,553.481742797883,-1.41783486898552,False,Normal
ATH028,2026-05-10,2342.4,9718.02,2818.3464285714285,572.8890910969448,-0.8307828443025604,False,Normal
ATH028,2026-05-11,2187.29,9641.24,2784.4382142857144,571.9232149773485,-1.0441055698523534,False,Normal
ATH028,2026-05-12,2312.1,9634.02,2736.5875,563.4717018733388,-0.7533430668988937,False,Normal
ATH028,2026-05-13,2739.33,9501.119999999999,2678.7110714285714,517.4140356321808,0.11715748780831554,False,Normal
ATH028,2026-05-14,2590.65,9608.420000000002,2642.600714285714,473.2460984240067,-0.10977526166347448,False,Normal
ATH028,2026-05-15,2658.51,9653.0,2596.5382142857147,406.3438234363121,0.1525107117175083,False,Normal
ATH028,2026-05-16,2975.51,9970.0,2578.6664285714282,391.4236686309986,1.0138466404357445,False,Normal
ATH028,2026-05-17,2958.98,10291.59,2576.3210714285715,388.73723309596335,0.9843639764677897,False,Normal
ATH028,2026-05-20,2612.51,9262.869999999999,2561.4824999999996,364.30482552517117,0.1400681419095694,False,Normal
ATH028,2026-05-21,2896.04,10035.71,2568.5339285714285,363.2752813392928,0.901536901220335,False,Normal
ATH028,2026-05-22,2986.87,10173.11,2576.866428571429,368.1588013969396,1.1136595672108225,False,Normal
ATH028,2026-05-24,2595.61,9839.33,2603.1492857142853,370.29236257942944,-0.02036035974862412,False,Normal
ATH028,2026-05-25,3008.58,9662.25,2599.4628571428575,369.8180353739258,1.1062660652649918,False,Normal
ATH028,2026-05-26,3494.9700000000003,9692.5,2622.8457142857146,374.38404176607224,2.3294910798020023,True,⚠️ Anomaly
ATH028,2026-05-27,3687.7999999999997,10063.470000000001,2660.509642857143,406.976162742498,2.524202769568212,True,⚠️ Anomaly
ATH028,2026-05-28,3543.77,10692.28,2707.0235714285714,446.84347698888155,1.8725716535238774,False,Normal
ATH028,2026-05-29,3610.77,11314.49,2747.800714285714,469.50009290362016,1.8380598827515842,False,Normal
ATH028,2026-05-30,4036.78,11248.14,2775.098571428571,496.8695526453918,2.5392609022913337,True,⚠️ Anomaly
ATH028,2026-05-31,3910.89,11807.88,2817.4564285714287,551.1476451726571,1.9839213339758226,False,Normal
ATH028,2026-06-02,3398.5,11663.380000000001,2869.0325000000003,583.7219994434504,0.9070542150284218,False,Normal
ATH028,2026-06-03,2999.96,12039.6,2890.824642857143,591.9294019871838,0.1843722524619923,False,Normal
ATH028,2026-06-04,2459.0200000000004,11489.480000000001,2889.1135714285715,591.5277321022508,-0.7270894466774139,False,Normal
ATH028,2026-06-05,2433.0200000000004,11689.17,2863.786428571428,594.3118639433424,-0.7248154625641026,False,Normal
ATH028,2026-06-06,2456.92,12139.08,2841.8275,598.6017498002233,-0.6430109837274255,False,Normal
ATH028,2026-06-08,2619.9700000000003,11709.09,2826.460357142857,602.9013931689436,-0.3424944103338545,False,Normal
ATH028,2026-06-09,2536.45,11887.73,2825.738214285714,603.1448277281434,-0.47963308476899635,False,Normal
ATH028,2026-06-10,2508.75,11809.02,2849.0485714285714,577.4564188956684,-0.5893060675978989,False,Normal
ATH028,2026-06-12,2584.8,11615.46,2879.2960714285714,533.4716364520328,-0.5520369806109661,False,Normal
ATH028,2026-06-13,2489.57,11653.14,2898.098214285714,512.3238318720895,-0.7974023242153415,False,Normal
ATH028,2026-06-15,2176.93,11303.400000000001,2903.3542857142857,507.14032667883527,-1.4323930626292316,False,Normal
ATH028,2026-06-16,2429.0,11858.92,2902.9842857142858,507.68558890414926,-0.9336177667311603,False,Normal
ATH028,2026-06-17,2356.1899999999996,11552.7,2907.1592857142855,503.10644446153793,-1.0951346216683318,False,Normal
ATH028,2026-06-18,3078.0699999999997,11501.74,2893.4757142857147,512.9541280294313,0.35986509441579867,False,Normal
ATH028,2026-06-19,2864.9599999999996,11493.55,2910.8835714285715,510.5617462147787,-0.0899471450202483,False,Normal
ATH028,2026-06-20,3044.0,12027.269999999999,2918.256785714286,508.2676957845886,0.2473956447135803,False,Normal
ATH028,2026-06-21,3626.5,11924.14,2920.702857142857,508.7180423877201,1.3874034023727804,False,Normal
ATH028,2026-06-22,3375.7799999999997,11670.6,2944.542857142857,525.9281055630747,0.8199545494824756,False,Normal
ATH028,2026-06-23,3027.84,11391.789999999999,2971.8025000000002,527.8581191782581,0.10616015547366432,False,Normal
ATH028,2026-06-24,3167.91,11032.81,2976.5096428571424,527.7451363390269,0.36267573865408526,False,Normal
ATH028,2026-06-25,2934.75,10892.72,2982.975357142857,528.9843268663438,-0.09116594706792089,False,Normal
ATH028,2026-06-26,2795.16,10677.94,2995.0875,523.6419946421206,-0.3818018838168991,False,Normal
ATH028,2026-06-27,2769.5099999999998,10760.0,2987.465357142857,524.9898616621247,-0.4151610784497969,False,Normal
ATH028,2026-06-29,2455.27,10627.95,2961.556071428571,516.8542672197403,-0.9795528518163978,False,Normal
ATH028,2026-06-30,2618.08,10611.369999999999,2917.5371428571425,505.06236131170704,-0.5929112240306658,False,Normal
ATH029,2026-01-01,814.32,814.32,,,,False,Normal
ATH029,2026-01-02,1309.13,1309.13,,,,False,Normal
ATH029,2026-01-03,1978.3400000000001,1978.3400000000001,,,,False,Normal
ATH029,2026-01-05,2555.8500000000004,2555.8500000000004,,,,False,Normal
ATH029,2026-01-06,2925.37,2925.37,,,,False,Normal
ATH029,2026-01-08,2519.86,3334.1800000000003,,,,False,Normal
ATH029,2026-01-09,2530.48,3839.61,,,,False,Normal
ATH029,2026-01-10,2270.21,4248.55,2090.4785714285713,768.4665771397948,0.2338832083503003,False,Normal
ATH029,2026-01-11,2944.77,4923.110000000001,2112.945,714.293931515591,1.164541602971526,False,Normal
ATH029,2026-01-12,3060.75,5616.6,2205.3700000000003,723.4087839181936,1.1824296566693748,False,Normal
ATH029,2026-01-14,3081.06,6006.43,2290.9080000000004,733.7172933585068,1.0769161462491492,False,Normal
ATH029,2026-01-15,3215.33,6549.51,2362.74,735.7072504603987,1.1588712758593278,False,Normal
ATH029,2026-01-16,3243.31,7082.92,2433.789166666667,743.394272172743,1.088952206972647,False,Normal
ATH029,2026-01-18,2902.2,7825.31,2496.06,746.3187391903451,0.544191079056392,False,Normal
ATH029,2026-01-19,2841.28,8457.880000000001,2525.07,725.2091212354383,0.43602595546690986,False,Normal
ATH029,2026-01-20,3112.5000000000005,8729.1,2546.150666666667,703.5821786854818,0.8049512203271785,False,Normal
ATH029,2026-01-21,3503.95,9510.380000000001,2581.5475,694.3147674602155,1.3285076786917882,False,Normal
ATH029,2026-01-22,3387.75,9937.26,2635.8064705882352,708.5139689249355,1.0612966891150037,False,Normal
ATH029,2026-01-23,3043.65,10126.57,2677.581111111111,709.8417225144082,0.5157049484104657,False,Normal
ATH029,2026-01-25,2866.29,10691.6,2696.847894736842,694.9353714441439,0.2438242637024512,False,Normal
ATH029,2026-01-26,2663.84,11121.72,2705.32,677.460745197986,-0.06122863987916762,False,Normal
ATH029,2026-01-27,2807.49,11536.59,2703.344761904762,660.3690945949775,0.157707619795734,False,Normal
ATH029,2026-01-28,2508.65,12019.03,2708.0786363636366,644.8366364569397,-0.30927001520788094,False,Normal
ATH029,2026-01-29,2845.64,11968.58,2699.407826086957,631.3816960801596,0.23160660947395834,False,Normal
ATH029,2026-01-30,3077.84,11895.28,2705.5008333333335,618.2245079110693,0.6022717668129506,False,Normal
ATH029,2026-02-01,2716.4900000000002,11429.75,2720.3944,609.7720361952214,-0.0064030486284055894,False,Normal
ATH029,2026-02-02,2895.0,11460.869999999999,2720.244230769231,597.4526299225607,0.292501464515137,False,Normal
ATH029,2026-02-03,3284.93,11896.15,2726.7166666666667,586.8150543530597,0.9512593945783159,False,Normal
ATH029,2026-02-04,3404.1899999999996,12497.849999999999,2746.652857142857,585.4287155445373,1.1231720026673673,False,Normal
ATH029,2026-02-05,3015.99,12464.71,2839.148214285714,459.97250156981846,0.3844616474044662,False,Normal
ATH029,2026-02-07,3111.95,12067.810000000001,2900.1075000000005,349.53859926337145,0.606063251516264,False,Normal
ATH029,2026-02-08,3508.02,11993.0,2940.593571428572,301.1159355564423,1.8844118213898629,False,Normal
ATH029,2026-02-09,3030.03,11430.15,2974.599642857143,309.69981610013934,0.17898091720188242,False,Normal
ATH029,2026-02-10,2625.62,11830.539999999999,2978.3375000000005,309.7152286479974,-1.1388445493614294,False,Normal
ATH029,2026-02-12,2349.64,11599.02,2982.1146428571433,304.5180565890247,-2.0769692606791015,True,⚠️ Anomaly
ATH029,2026-02-13,2837.64,11553.61,2975.656071428571,316.1472944611509,-0.43655623137249716,False,Normal
ATH029,2026-02-14,2622.9300000000003,11856.37,2995.921428571429,286.00188571916874,-1.3041572353046533,False,Normal
ATH029,2026-02-15,2634.51,11725.310000000001,2984.4271428571424,294.4755500994081,-1.1882723123838914,False,Normal
ATH029,2026-02-17,2230.4500000000003,10948.49,2969.2042857142856,301.3215445755525,-2.451714120724123,True,⚠️ Anomaly
ATH029,2026-02-18,2556.61,10493.369999999999,2938.8253571428572,331.03998586365407,-1.1545896975124954,False,Normal
ATH029,2026-02-19,2298.69,10509.96,2915.2996428571428,334.05470020566565,-1.8458343572999212,False,Normal
ATH029,2026-02-20,2419.49,10929.45,2881.5632142857144,347.1442866745282,-1.3310696215459834,False,Normal
ATH029,2026-02-23,2269.04,10697.94,2864.3235714285715,357.90083647532214,-1.6632639847703106,False,Normal
ATH029,2026-02-24,2557.04,10698.04,2843.886428571429,375.1862653374767,-0.7645440547068353,False,Normal
ATH029,2026-02-25,2865.29,10850.01,2824.0485714285714,375.1422592654317,0.10993543796474331,False,Normal
ATH029,2026-02-26,2906.4900000000002,10570.810000000001,2801.2392857142854,350.9048526197143,0.29994089138396174,False,Normal
ATH029,2026-02-27,2845.62,10697.23,2784.051428571428,332.41177541555373,0.18521778102356315,False,Normal
ATH029,2026-02-28,3709.0699999999997,11560.68,2776.9789285714287,328.7706389109596,2.8350800257470916,True,⚠️ Anomaly
ATH029,2026-03-01,3957.39,11605.32,2807.0782142857142,372.8709345371652,3.0850132825239838,True,⚠️ Anomaly
ATH029,2026-03-02,3816.79,11619.730000000001,2853.2764285714284,430.194793580547,2.2397146265048167,True,⚠️ Anomaly
ATH029,2026-03-03,3563.1099999999997,10976.22,2889.3228571428576,466.932641520659,1.4430071555135238,False,Normal
ATH029,2026-03-04,3408.12,10853.94,2926.9821428571427,477.49623057156464,1.0076265032855518,False,Normal
ATH029,2026-03-05,3396.77,10951.59,2947.070714285714,485.7086929649222,0.925862131412919,False,Normal
ATH029,2026-03-06,3056.6,11159.35,2958.4610714285714,492.5799556931456,0.1992345150003719,False,Normal
ATH029,2026-03-07,2405.5899999999997,10854.32,2970.6078571428566,490.58148984691957,-1.1517308924948724,False,Normal
ATH029,2026-03-08,2855.18,10952.48,2953.128928571429,501.9616932140988,-0.1951322778123855,False,Normal
ATH029,2026-03-09,2893.12,11482.82,2937.780714285714,497.9950827433017,-0.08968103467948335,False,Normal
ATH029,2026-03-10,3364.77,11715.37,2919.528214285714,489.5615732548912,0.9094704528259,False,Normal
ATH029,2026-03-11,3354.39,12184.41,2931.9846428571427,496.4949455822854,0.8507747377920705,False,Normal
ATH029,2026-03-12,3030.73,11632.68,2940.6432142857143,501.83495916968684,0.1795147668933611,False,Normal
ATH029,2026-03-13,3306.09,11627.8,2923.5971428571424,489.81092728503995,0.7808989874173842,False,Normal
ATH029,2026-03-14,3556.78,11788.17,2933.4564285714287,494.78574410744466,1.2597848237382006,False,Normal
ATH029,2026-03-15,3605.2200000000003,11923.189999999999,2966.712142857143,504.525879249296,1.2655601692680625,False,Normal
ATH029,2026-03-17,2689.75,12174.67,3011.554285714286,503.44601950092215,-0.6392031583312509,False,Normal
ATH029,2026-03-19,2446.77,11780.76,3006.2725,506.10692213628084,-1.1055025638423124,False,Normal
ATH029,2026-03-22,1346.53,11764.32,2999.9810714285713,512.1081022404265,-3.2287149220933484,True,⚠️ Anomaly
ATH029,2026-03-23,1895.4499999999998,11549.6,2953.9817857142853,596.9664767500432,-1.7731846375646736,False,Normal
ATH029,2026-03-24,1693.6,11311.230000000001,2942.0175000000004,615.0864307987763,-2.0296619100810833,True,⚠️ Anomaly
ATH029,2026-03-25,2105.0099999999998,11088.23,2911.195714285714,655.4148635981617,-1.2300388029954583,False,Normal
ATH029,2026-03-26,2236.98,11111.25,2904.2785714285715,663.0955971564387,-1.006338413782502,False,Normal
ATH029,2026-03-27,2815.66,11142.0,2897.7603571428567,668.9091064117819,-0.12273768790989625,False,Normal
ATH029,2026-03-28,2942.42,10405.31,2917.2825000000003,657.763989778305,0.03821659499552757,False,Normal
ATH029,2026-03-30,2693.01,10425.82,2931.046071428572,653.9678500045322,-0.363987421441164,False,Normal
ATH029,2026-03-31,3088.71,10836.83,2924.8932142857143,655.4182694706889,0.24994235489740468,False,Normal
ATH029,2026-04-02,2764.46,10478.94,2931.401071428572,656.1330407681803,-0.2544317402963313,False,Normal
ATH029,2026-04-03,2658.81,10744.210000000001,2928.5024999999996,656.7050466822706,-0.41067523595639926,False,Normal
ATH029,2026-04-04,3094.5699999999997,11094.289999999999,2890.993214285714,640.2579027586005,0.3179605981232863,False,Normal
ATH029,2026-04-05,3568.47,10870.28,2860.1782142857146,606.928164643423,1.1670109033915315,False,Normal
ATH029,2026-04-09,2195.99,9644.199999999999,2851.309642857143,594.1111450292916,-1.1030253317749725,False,Normal
ATH029,2026-04-10,2350.25,9788.37,2802.4839285714284,589.6066138903582,-0.7670095923576676,False,Normal
ATH029,2026-04-12,1508.2199999999998,8773.28,2764.702857142857,583.2197956164912,-2.1543899342694544,True,⚠️ Anomaly
ATH029,2026-04-13,1932.2099999999998,9197.27,2697.2546428571427,615.7135241176281,-1.2425334394814853,False,Normal
ATH029,2026-04-14,2281.29,9167.9,2657.0978571428573,627.9536788080559,-0.598464297328735,False,Normal
ATH029,2026-04-15,2759.0299999999997,9645.64,2652.658571428571,630.2327833822477,0.16878117320487343,False,Normal
ATH029,2026-04-18,1581.2199999999998,9405.94,2649.2246428571425,629.3497683028336,-1.6969969588409144,False,Normal
ATH029,2026-04-20,1404.1799999999998,8706.0,2602.371071428571,658.6707238085755,-1.8191047941228864,False,Normal
ATH029,2026-04-22,1124.79,8665.42,2532.35,678.5332604582826,-2.07441562857115,True,⚠️ Anomaly
ATH029,2026-04-23,1607.98,8640.92,2452.7214285714285,708.648555714609,-1.1920456504981964,False,Normal
ATH029,2026-04-24,2045.47,8499.73,2401.9089285714285,716.631410684942,-0.49738111288026193,False,Normal
ATH029,2026-04-25,2055.9,8519.42,2356.886785714286,697.0542545760825,-0.43179821906019733,False,Normal
ATH029,2026-04-26,2605.48,9069.0,2303.2839285714285,657.9790319879846,0.4592791817628771,False,Normal
ATH029,2026-04-28,2719.92,8160.610000000001,2267.5789285714286,610.0962945023308,0.7414256987047532,False,Normal
ATH029,2026-04-30,2201.12,8077.58,2268.6564285714285,610.8956301245652,-0.11055313746090722,False,Normal
ATH029,2026-05-01,2105.91,7946.83,2259.883214285714,610.0062324882176,-0.25241252643871676,False,Normal
ATH029,2026-05-02,2693.49,8118.339999999999,2287.003928571429,584.231182928655,0.6957623682305403,False,Normal
ATH029,2026-05-03,3028.56,8529.09,2315.505357142857,583.8878378813797,1.2212185227978736,False,Normal
ATH029,2026-05-04,3572.34,9072.869999999999,2363.1825,585.7255319473437,2.0643756060623675,True,⚠️ Anomaly
ATH029,2026-05-05,3535.25,9591.56,2415.587142857143,626.0257562554731,1.7885252259268656,False,Normal
ATH029,2026-05-06,3999.38,10055.69,2461.953928571428,659.4911191289233,2.331230894298096,True,⚠️ Anomaly
ATH029,2026-05-08,3754.71,9351.289999999999,2504.2296428571426,718.3210571082071,1.7408376724705794,False,Normal
ATH029,2026-05-10,2849.63,9870.5,2533.2400000000002,752.273697257311,0.42057830966776505,False,Normal
ATH029,2026-05-11,2631.2,9771.859999999999,2538.8335714285713,754.085770611423,0.12248796114603325,False,Normal
ATH029,2026-05-12,2282.77,9593.039999999999,2522.493928571428,746.6497109996399,-0.32106612383265726,False,Normal
ATH029,2026-05-14,2333.27,9629.929999999998,2505.2907142857143,746.4173621791182,-0.23046183409173493,False,Normal
ATH029,2026-05-15,2423.03,10329.119999999999,2493.664285714286,746.4728867762462,-0.09462404725686753,False,Normal
ATH029,2026-05-16,2501.01,10271.08,2469.680714285714,737.1814040274716,0.04249874663566325,False,Normal
ATH029,2026-05-18,1951.74,10319.42,2431.5571428571425,705.1590744666371,-0.6804381596025875,False,Normal
ATH029,2026-05-20,2297.4700000000003,10287.98,2422.8339285714287,709.6773814458548,-0.1766491815140274,False,Normal
ATH029,2026-05-21,2391.9100000000003,10413.86,2420.9489285714285,709.947358832768,-0.040902932041569105,False,Normal
ATH029,2026-05-22,2155.12,10438.77,2452.5092857142854,687.1455019454862,-0.43278939449112264,False,Normal
ATH029,2026-05-23,2336.46,10551.64,2460.4703571428577,682.1674563856872,-0.1817887323442531,False,Normal
ATH029,2026-05-24,2829.9500000000003,10495.55,2462.440714285714,681.7102703952997,0.5390989422840595,False,Normal
ATH029,2026-05-25,2499.65,10654.929999999998,2464.973571428571,682.9836054928087,0.050771977969234036,False,Normal
ATH029,2026-05-26,3241.8500000000004,10841.35,2497.774642857143,660.6577793072038,1.1262644298582678,False,Normal
ATH029,2026-05-28,2675.01,10887.75,2563.405714285714,638.9153302707846,0.17467773964194297,False,Normal
ATH029,2026-05-29,2855.6100000000006,11188.470000000001,2618.7707142857143,573.4482440654017,0.4130089997926208,False,Normal
ATH029,2026-05-30,3040.75,10898.9,2663.3289285714286,539.4634099103871,0.699623115293893,False,Normal
ATH029,2026-05-31,2992.85,10459.84,2698.874642857143,529.9503777642393,0.5547224220937127,False,Normal
ATH029,2026-06-01,3382.5600000000004,10465.150000000001,2732.337142857143,517.2767834202577,1.2570114839555606,False,Normal
ATH029,2026-06-02,3100.23,10406.33,2760.0899999999997,530.8854639324895,0.6407031706621648,False,Normal
ATH029,2026-06-03,3566.79,10408.76,2773.6725,534.6712100501404,1.4833742402655696,False,Normal
ATH029,2026-06-04,3535.0,10935.189999999999,2822.4464285714284,542.7361779683214,1.3128912358412232,False,Normal
ATH029,2026-06-05,3237.2799999999997,10671.04,2873.485357142857,540.046568838913,0.6736356896763409,False,Normal
ATH029,2026-06-06,3445.87,11324.09,2892.906428571429,543.1030607824055,1.0181558738261578,False,Normal
ATH029,2026-06-10,2481.87,11071.99,2907.8103571428574,552.6063663825587,-0.7707843829797415,False,Normal
ATH029,2026-06-13,1471.27,10294.35,2868.8650000000002,542.3696052372269,-2.5768313461974084,True,⚠️ Anomaly
ATH029,2026-06-14,1906.74,10729.820000000002,2795.151428571429,586.8783952891287,-1.5137913334392696,False,Normal
ATH029,2026-06-15,2536.55,10869.95,2720.414285714286,560.4964483544825,-0.3280382708116681,False,Normal
ATH029,2026-06-16,2991.14,11324.54,2676.9085714285716,523.2824031389935,0.6005006602294681,False,Normal
ATH029,2026-06-17,2285.93,11060.45,2681.9625,525.6901742128041,-0.7533572423967025,False,Normal
ATH029,2026-06-18,2513.87,10679.32,2669.631428571429,530.9481965643353,-0.2933646438189856,False,Normal
ATH029,2026-06-19,2975.0099999999998,10678.06,2677.8849999999998,526.4892147641416,0.5643515416229505,False,Normal
ATH029,2026-06-21,2178.72,10078.59,2700.804285714286,524.8975089758952,-0.9946404332017161,False,Normal
ATH029,2026-06-22,1896.81,10267.11,2692.0789285714286,531.6728114820048,-1.4957863396374662,False,Normal
ATH029,2026-06-24,1481.82,9816.41,2670.500357142857,551.6023453303487,-2.1549588525244014,True,⚠️ Anomaly
ATH029,2026-06-26,1362.5700000000002,9185.019999999999,2653.7175,580.6642722021361,-2.2235697317890715,True,⚠️ Anomaly
ATH029,2026-06-27,2131.33,9509.32,2620.3282142857142,626.9429314689772,-0.7799724500281908,False,Normal
ATH029,2026-06-28,2531.6400000000003,9617.38,2611.0217857142857,632.3697396363963,-0.12553065198839014,False,Normal
ATH029,2026-06-30,2976.92,9401.6,2624.468928571428,626.2901373806635,0.5627600538348408,False,Normal
ATH030,2026-01-01,524.64,524.64,,,,False,Normal
ATH030,2026-01-04,1335.53,1335.53,,,,False,Normal
ATH030,2026-01-07,2056.86,2056.86,,,,False,Normal
ATH030,2026-01-08,1725.5300000000002,2250.17,,,,False,Normal
ATH030,2026-01-09,2263.9700000000003,2788.61,,,,False,Normal
ATH030,2026-01-10,2735.5400000000004,3260.1800000000003,,,,False,Normal
ATH030,2026-01-12,2746.84,4082.37,,,,False,Normal
ATH030,2026-01-13,3220.79,4556.32,1912.7014285714286,797.0671557953063,1.6411271771992317,False,Normal
ATH030,2026-01-14,2949.21,5006.07,2076.2125,870.8866624595878,1.0024237798457616,False,Normal
ATH030,2026-01-16,2744.1400000000003,5532.75,2173.2122222222224,865.054129228018,0.6599908126989451,False,Normal
ATH030,2026-01-18,2446.13,5706.31,2230.3050000000003,835.3250762194987,0.2583724661742196,False,Normal
ATH030,2026-01-21,1438.5499999999997,6444.62,2249.9254545454546,795.1262599532686,-1.0204359928863893,False,Normal
ATH030,2026-01-22,2199.0299999999997,7205.1,2182.3108333333334,793.4806509006934,0.021070667126776296,False,Normal
ATH030,2026-01-23,2253.06,7785.8099999999995,2183.5969230769233,759.7140363911566,0.09143318879962348,False,Normal
ATH030,2026-01-24,2862.76,8395.51,2188.558571428571,730.1456900336572,0.923379316996791,False,Normal
ATH030,2026-01-25,3069.63,8775.94,2233.5053333333335,724.8009513935204,1.1535921207872484,False,Normal
ATH030,2026-01-26,3613.75,9320.06,2285.763125,730.7585236151884,1.8172718238443801,False,Normal
ATH030,2026-01-27,4062.29,9768.6,2363.88,777.4128268252974,2.184695108435189,True,⚠️ Anomaly
ATH030,2026-01-28,4023.3100000000004,10467.93,2458.2361111111113,853.8587987148755,1.8329422748169228,False,Normal
ATH030,2026-01-29,3837.62,10518.08,2540.6084210526315,904.1512270464441,1.4345073480509074,False,Normal
ATH030,2026-01-31,3172.42,11043.29,2605.459,926.5935641335332,0.6118766867652173,False,Normal
ATH030,2026-02-01,3604.88,11045.289999999999,2632.4571428571426,911.5666434833101,1.0667600269213466,False,Normal
ATH030,2026-02-03,2982.59,11415.66,2676.658181818182,913.436708332805,0.33492393659129543,False,Normal
ATH030,2026-02-04,2932.2300000000005,11343.3,2689.959565217391,894.7123454368308,0.2707802524668687,False,Normal
ATH030,2026-02-05,2593.4300000000003,11385.98,2700.054166666667,876.4422479989973,-0.1216556674556707,False,Normal
ATH030,2026-02-06,3136.4300000000003,11390.539999999999,2695.7891999999997,858.2537330772292,0.5134155355434381,False,Normal
ATH030,2026-02-07,2797.8100000000004,11105.56,2712.736923076923,845.3421495360051,0.10063744836309474,False,Normal
ATH030,2026-02-12,860.78,9490.86,2715.887777777778,829.0878472538976,-2.237528609208615,True,⚠️ Anomaly
ATH030,2026-02-14,454.38,9287.37,2649.6339285714284,885.9096592239058,-2.4779659028603023,True,⚠️ Anomaly
ATH030,2026-02-15,960.5699999999999,9620.0,2647.124642857143,892.2284682560484,-1.8902721700347518,False,Normal
ATH030,2026-02-16,1548.72,10208.150000000001,2633.7332142857144,915.1623833731026,-1.1855963859512846,False,Normal
ATH030,2026-02-17,1888.42,10547.85,2615.585357142857,931.9105900543374,-0.7802951966673731,False,Normal
ATH030,2026-02-21,1887.9199999999998,8312.53,2621.402857142857,926.6421199261147,-0.7915492306796297,False,Normal
ATH030,2026-02-22,2031.0,8581.37,2607.9725000000003,934.704549595357,-0.6172779411951911,False,Normal
ATH030,2026-02-23,1970.67,8565.07,2582.8103571428574,940.6076863251448,-0.6507924249847726,False,Normal
ATH030,2026-02-25,1795.77,7582.0,2555.09,947.0099243095297,-0.8018078591453249,False,Normal
ATH030,2026-02-26,1950.03,7161.469999999999,2504.1964285714284,948.1997860906363,-0.5844405753941574,False,Normal
ATH030,2026-02-27,2778.21,7989.65,2468.5114285714285,949.6323682574896,0.3261247002319932,False,Normal
ATH030,2026-02-28,2454.3799999999997,7594.49,2469.7282142857143,950.0203658754768,-0.01615566869618712,False,Normal
ATH030,2026-03-01,2148.71,7125.2,2470.022857142857,950.0140552911803,-0.3382190561847785,False,Normal
ATH030,2026-03-02,1694.2099999999998,7198.52,2495.3857142857146,930.7407454655896,-0.8607936401075234,False,Normal
ATH030,2026-03-03,2258.7299999999996,7392.669999999999,2477.3564285714288,941.5210177241942,-0.23220557423124127,False,Normal
ATH030,2026-03-04,2599.52,7249.29,2477.558928571428,941.4715983455911,0.12954301716896072,False,Normal
ATH030,2026-03-05,3185.42,7753.459999999999,2468.1575000000003,938.793090616785,0.764026181241662,False,Normal
ATH030,2026-03-06,3345.02,8198.24,2472.292857142857,941.7909279148137,0.9266676042308218,False,Normal
ATH030,2026-03-07,3620.68,8417.36,2462.695357142857,931.0357279633862,1.2437596196122362,False,Normal
ATH030,2026-03-08,3610.46,8750.74,2446.9235714285714,906.3480578968763,1.2837633604813383,False,Normal
ATH030,2026-03-09,4226.81,9440.41,2432.1789285714285,882.8056952036472,2.0328721044494205,True,⚠️ Anomaly
ATH030,2026-03-11,3667.05,9950.76,2446.078571428571,908.4452663620751,1.3440231060489578,False,Normal
ATH030,2026-03-12,3423.4,10316.08,2463.7439285714286,927.6978115159066,1.0344489978481717,False,Normal
ATH030,2026-03-13,3230.58,11111.039999999999,2457.2625000000003,920.0321892220022,0.8405330911888339,False,Normal
ATH030,2026-03-14,3069.28,11032.259999999998,2466.1192857142855,926.4478911968956,0.6510465618379031,False,Normal
ATH030,2026-03-15,3463.71,11253.880000000001,2471.013928571429,929.3591301669854,1.0681512014093038,False,Normal
ATH030,2026-03-16,3332.87,11224.56,2502.095357142857,947.9712617986709,0.8763711267795602,False,Normal
ATH030,2026-03-17,3969.8999999999996,11521.89,2509.1110714285714,953.5501843009057,1.5319476128489284,False,Normal
ATH030,2026-03-18,3914.7999999999997,11977.14,2550.9714285714285,991.6588771672194,1.3753001186501699,False,Normal
ATH030,2026-03-19,4086.5,12645.35,2660.0435714285713,966.5063214761915,1.4758893934524229,False,Normal
ATH030,2026-03-21,3481.2299999999996,12625.57,2789.7621428571433,901.0344550873166,0.7674155557967516,False,Normal
ATH030,2026-03-23,2564.06,11817.95,2879.785714285714,835.01094462301,-0.37810967187772354,False,Normal
ATH030,2026-03-24,2667.09,12558.01,2916.047857142857,796.2108617759825,-0.3126782980422369,False,Normal
ATH030,2026-03-28,1275.07,11446.26,2943.8574999999996,772.2262993575421,-2.16100837460257,True,⚠️ Anomaly
ATH030,2026-03-29,2034.6799999999998,11862.269999999999,2921.9700000000003,810.9764875844519,-1.0941007705942911,False,Normal
ATH030,2026-03-31,1323.51,11622.789999999999,2922.1014285714286,810.8270316471542,-1.9715566528707988,False,Normal
ATH030,2026-04-01,1912.8899999999999,11706.58,2898.9885714285715,847.3533503043211,-1.1637395085231221,False,Normal
ATH030,2026-04-03,2622.87,10688.62,2903.171428571429,841.977768408513,-0.332908348757531,False,Normal
ATH030,2026-04-04,2914.44,10740.02,2927.2014285714286,823.1587567985774,-0.015502998013481803,False,Normal
ATH030,2026-04-05,2538.35,10790.16,2932.0667857142857,822.6479547397133,-0.47859693012773397,False,Normal
ATH030,2026-04-06,3217.81,10779.95,2935.065714285714,820.9934626185725,0.3443928588815656,False,Normal
ATH030,2026-04-07,3386.4399999999996,11346.94,2973.2478571428574,807.8225342714321,0.5114887556705713,False,Normal
ATH030,2026-04-08,3358.7400000000002,11398.27,3033.684642857143,771.0527346786487,0.4215734443615331,False,Normal
ATH030,2026-04-09,3786.8,11329.82,3072.970714285714,758.0187099710249,0.9417040454602658,False,Normal
ATH030,2026-04-11,3118.59,10789.33,3115.3735714285717,763.7394953400847,0.0042114210290986505,False,Normal
ATH030,2026-04-12,3486.76,10813.21,3112.986785714286,763.6168999354732,0.4894773993573202,False,Normal
ATH030,2026-04-13,2967.93,10415.01,3118.0489285714284,765.6790808616747,-0.19605985369547874,False,Normal
ATH030,2026-04-14,2937.4599999999996,10314.5,3094.7364285714284,759.722677127863,-0.20701820981047123,False,Normal
ATH030,2026-04-15,2855.35,10338.82,3070.700714285714,753.4220641693789,-0.28583011372666767,False,Normal
ATH030,2026-04-17,2894.5699999999997,10137.89,3021.7200000000003,719.2851889511167,-0.17677272096400942,False,Normal
ATH030,2026-04-18,3254.8099999999995,10562.91,2994.131428571429,708.3477550464632,0.36800931402891474,False,Normal
ATH030,2026-04-19,2618.92,10678.71,2988.110357142857,705.2736100239134,-0.5234711066678633,False,Normal
ATH030,2026-04-21,2446.75,10094.16,2966.2653571428573,706.955958455803,-0.7348624068147463,False,Normal
ATH030,2026-04-23,2371.3999999999996,10498.380000000001,2944.032142857143,713.3563075498549,-0.8027294870692977,False,Normal
ATH030,2026-04-24,2281.19,10875.45,2905.0210714285713,713.7515724434346,-0.8740170887371466,False,Normal
ATH030,2026-04-25,1748.92,11036.76,2867.4610714285714,718.0612965857194,-1.5577236605664124,False,Normal
ATH030,2026-04-26,2259.96,10903.990000000002,2788.140357142857,714.4310740902816,-0.7393020492780404,False,Normal
ATH030,2026-04-27,2953.94,11597.970000000001,2729.0389285714286,685.6445100041344,0.32801410665012876,False,Normal
ATH030,2026-04-28,2728.39,11499.04,2688.590357142857,634.0637933233309,0.0627691460642156,False,Normal
ATH030,2026-04-29,3366.86,11548.13,2661.7032142857142,614.8791157801827,1.146821818496072,False,Normal
ATH030,2026-04-30,3490.6400000000003,12076.13,2690.374642857143,628.7187235986945,1.2728511607897643,False,Normal
ATH030,2026-05-01,3437.4300000000003,11690.01,2719.787142857143,646.5983670910931,1.1098742181663372,False,Normal
ATH030,2026-05-02,3840.0200000000004,11962.34,2797.0142857142855,594.7058366423755,1.7538178541753966,False,Normal
ATH030,2026-05-03,3695.9,12061.54,2861.4907142857146,606.737826992165,1.375238609814022,False,Normal
ATH030,2026-05-06,2668.09,10857.48,2946.218928571428,546.6862177827641,-0.5087542351066687,False,Normal
ATH030,2026-05-07,2856.51,11145.84,2973.1903571428566,511.30172880369264,-0.2282025476734779,False,Normal
ATH030,2026-05-08,2946.89,11560.08,2981.534642857143,507.26338242013037,-0.06829714909019259,False,Normal
ATH030,2026-05-09,2700.31,11544.060000000001,2982.6935714285714,507.14147013917125,-0.5568141989080068,False,Normal
ATH030,2026-05-10,2647.71,11222.49,2988.4778571428574,502.7906993626749,-0.6777529050851702,False,Normal
ATH030,2026-05-12,3122.29,10999.92,2968.117142857143,504.69943444080366,0.30547459858693393,False,Normal
ATH030,2026-05-13,3104.35,11106.480000000001,2958.6832142857143,499.0273614264533,0.2919014005522702,False,Normal
ATH030,2026-05-14,3185.14,11903.69,2949.5978571428573,493.7620681271126,0.4770357183381396,False,Normal
ATH030,2026-05-15,3148.37,11813.880000000001,2928.11,468.4201480152899,0.47021888561635944,False,Normal
ATH030,2026-05-16,3015.96,11305.21,2929.1735714285714,468.9022211444294,0.18508427697274007,False,Normal
ATH030,2026-05-18,3153.03,11756.6,2912.359285714286,456.44292994389417,0.5272744925971297,False,Normal
ATH030,2026-05-19,3453.36,12006.53,2918.9700000000003,458.6128298991946,1.1652312477116296,False,Normal
ATH030,2026-05-20,3319.92,12459.220000000001,2937.3950000000004,469.61449847089847,0.814551086573202,False,Normal
ATH030,2026-05-21,2934.42,12466.71,2953.986785714286,474.7867330750722,-0.041211736451767886,False,Normal
ATH030,2026-05-22,3070.46,12603.15,2955.41,474.6617400259302,0.242383133710577,False,Normal
ATH030,2026-05-23,3031.17,12587.46,2948.826071428571,471.62383457926865,0.1745966224223744,False,Normal
ATH030,2026-05-24,3624.4300000000003,12553.88,2963.549285714286,467.35889047987666,1.4140754091724514,False,Normal
ATH030,2026-05-25,3740.61,12543.27,3005.6092857142858,472.09562644720734,1.5568894798221706,False,Normal
ATH030,2026-05-26,3825.48,13103.619999999999,3054.509642857143,474.8744609034951,1.6235245746339164,False,Normal
ATH030,2026-05-27,3641.51,12733.87,3109.662857142857,471.39881723210675,1.1282318143689214,False,Normal
ATH030,2026-05-28,4033.91,13009.98,3177.2553571428575,399.2200814410415,2.145820520262723,True,⚠️ Anomaly
ATH030,2026-05-29,3829.5,12995.22,3240.610714285714,388.88288971177394,1.5143100951310806,False,Normal
ATH030,2026-05-31,3356.0099999999998,12213.99,3271.880714285714,400.0203273902394,0.21031252652371715,False,Normal
ATH030,2026-06-01,3034.5299999999997,12575.88,3294.2957142857144,385.7684279790068,-0.673372146203346,False,Normal
ATH030,2026-06-02,2313.55,12714.68,3282.4267857142854,388.5554829732073,-2.4935352302854876,True,⚠️ Anomaly
ATH030,2026-06-03,2671.8,12737.58,3240.3878571428572,426.97127543558196,-1.3316770702263343,False,Normal
ATH030,2026-06-04,2281.44,12434.91,3213.0439285714283,438.25207968777426,-2.1257262013112057,True,⚠️ Anomaly
ATH030,2026-06-05,2534.13,12582.460000000001,3157.380357142857,454.35272074459294,-1.3717324199610266,False,Normal
ATH030,2026-06-06,2758.56,12324.029999999999,3115.8885714285716,456.39555419260057,-0.7829361354334703,False,Normal
ATH030,2026-06-07,2791.6099999999997,12357.890000000001,3119.119642857143,453.41846354670145,-0.7223121006041922,False,Normal
ATH030,2026-06-08,2617.3,12545.470000000001,3116.8017857142854,454.9738493099915,-1.0978692214328896,False,Normal
ATH030,2026-06-09,3195.29,12787.68,3105.030714285714,463.7122706060091,0.19464502329500402,False,Normal
ATH030,2026-06-10,2952.9,12586.13,3122.7085714285713,457.09965620374925,-0.37149135669636146,False,Normal
ATH030,2026-06-11,3087.98,12337.75,3133.6082142857144,448.9191723837695,-0.10164015504935492,False,Normal
ATH030,2026-06-12,3109.01,12543.1,3132.382857142857,448.9980293601639,-0.05205558958947759,False,Normal
ATH030,2026-06-13,3646.4800000000005,12954.550000000001,3132.5492857142854,448.9881172141077,1.1446421287818591,False,Normal
ATH030,2026-06-14,3802.32,13574.37,3149.0257142857145,459.3351336074086,1.422260650047843,False,Normal
ATH030,2026-06-16,3543.27,12877.59,3172.3810714285714,475.6366654117331,0.7797736287852619,False,Normal
ATH030,2026-06-17,3746.54,13012.75,3191.2135714285714,479.63631639919925,1.1578073002070859,False,Normal
ATH030,2026-06-18,3924.8100000000004,13328.140000000001,3212.410357142857,490.86944198803354,1.4513016739683513,False,Normal
ATH030,2026-06-19,3838.42,13311.060000000001,3229.2478571428574,507.2527431417849,1.2009242948280514,False,Normal
ATH030,2026-06-20,3809.3100000000004,13732.69,3247.7657142857142,519.9897463264576,1.0799141515412498,False,Normal
ATH030,2026-06-21,3697.8,13647.74,3279.011785714286,526.7061044450251,0.7951079563184088,False,Normal
ATH030,2026-06-22,4479.4800000000005,13746.05,3301.416785714286,530.8328822886849,2.2192732469897063,True,⚠️ Anomaly
ATH030,2026-06-24,3639.05,13010.289999999999,3353.1421428571425,572.4554351236809,0.4994412483499022,False,Normal
ATH030,2026-06-26,2979.29,12460.85,3353.664285714286,572.7186513750023,-0.6536792276896791,False,Normal
ATH030,2026-06-27,2840.85,13055.2,3326.4742857142855,571.7390131508672,-0.849381054194638,False,Normal
ATH030,2026-06-29,1658.51,12370.03,3291.308928571429,570.1886580470307,-2.863611728377718,True,⚠️ Anomaly
ATH030,2026-06-30,1882.88,12455.6,3220.4874999999997,643.5163963356146,-2.07859117128446,True,⚠️ Anomaly
