Athlete_ID,Age,Position,Date,Session_Type,Duration_Min,Distance_Km,Sprint_Distance_Km,Intensity_Score,Avg_Heart_Rate,Max_Heart_Rate,Sleep_Hours,Recovery_Score,Goals,Assists,Pass_Accuracy,Performance_Score
ATH001,24,Forward,2026-01-01,Training,72.19015950331996,10.486126643389412,0.858316776737985,6.265863043050819,156.43235190406946,177.94708309992836,6.6273471735396665,54.74208448901604,0,0,76.45550297351737,82.8407785489243
ATH001,24,Forward,2026-01-02,Training,56.71348802860967,5.842286446543815,0.8802329746893625,5.796656198292593,150.1175782131952,166.56908909591445,6.6100555479273355,60.283701210657235,0,0,78.39616786048717,78.23349250321361
ATH001,24,Forward,2026-01-03,Training,74.8380333031448,9.541248403387183,1.030970024906032,5.442289071044099,141.54951617640947,183.21939442572412,8.174275751854086,77.38864758882968,1,0,87.29056623369166,90.88834823781599
ATH001,24,Forward,2026-01-04,Training,71.38675565292853,9.83417347488677,1.035382161292258,6.039361229040212,145.58340585083346,171.3899791466016,7.623910515241735,75.37462191149044,1,0,76.96469486066417,88.1690349500231
ATH001,24,Forward,2026-01-06,Training,72.86721454475214,9.987261129833612,1.3720516560397726,6.089616691313699,147.0466604506038,171.6145997211218,8.00317960810282,75.38401487373424,1,0,78.12928147236926,100.0
ATH001,24,Forward,2026-01-07,Training,63.95531033919149,9.815903710957278,1.2345595809984766,5.081249541408598,144.389137809264,171.5318132383345,8.430104640267365,75.51065579194092,0,0,77.14903838264087,79.120653066684
ATH001,24,Forward,2026-01-10,Match,89.3511989811648,11.484387504963449,1.7533170070045478,8.507960459868013,170.89098771187253,194.03525643320506,7.7058129524965775,63.24579732638186,0,0,79.79304565520343,70.54144091034132
ATH001,24,Forward,2026-01-11,Training,79.1462153266652,8.306741001283484,0.9061679543463449,6.95293632653351,166.1485474652537,192.19601434224472,7.331795351650488,63.89095945307468,1,0,75.56480899338605,83.2717463841164
ATH001,24,Forward,2026-01-12,Training,67.08981237076226,9.110695799294211,0.9252874599308878,6.503937304431402,152.72848060289397,177.5202099846625,6.048189766142421,60.47378275416655,0,0,86.51159819612064,89.21577251005563
ATH001,24,Forward,2026-01-13,Training,58.17778724649263,7.80695098568085,0.6532057366941697,5.509463674869312,156.58980681760818,186.83134331142045,7.108229911166124,62.504596684094814,0,0,85.21801619429239,76.58242432921423
ATH001,24,Forward,2026-01-14,Recovery,41.89388480818709,3.122155439491785,0.4352239852966496,2.880141338319806,135.06145702258868,161.42621663021345,8.276428478854186,70.75161946997366,0,1,83.10780315119382,76.02784689179828
ATH001,24,Forward,2026-01-15,Match,97.9536362805682,13.010106314846432,1.1393287952798885,8.570584507306686,167.8888694103335,188.6027609021753,8.779197060030281,78.96763203207196,0,0,76.15190997863607,90.2440328296219
ATH001,24,Forward,2026-01-16,Match,96.8168806462216,12.472000250165225,1.1029080755139706,8.447668556161899,175.16997625024112,191.95074990994334,6.405397325456067,58.30935097957314,0,0,80.56243295083715,96.58366984878505
ATH001,24,Forward,2026-01-17,Training,76.12518516182337,9.734346762397045,0.8000507454113557,5.5369843739338735,142.8674437532977,170.7622782447568,6.898883493206734,67.91286964284423,0,1,79.28522660593198,88.96924947299394
ATH001,24,Forward,2026-01-18,Match,87.3697669039426,12.319494309415019,1.7572857054920574,7.892220809418626,162.81571921426723,182.51257459706045,7.238352595350975,62.006545363794494,1,0,75.14217821301627,84.1053692045306
ATH001,24,Forward,2026-01-19,Match,98.91002302085971,11.702525662930066,1.898051943279254,8.382669471922512,167.8712552630653,205.0,7.61380145962385,72.32163513365767,0,0,80.10838453215793,89.34005340193647
ATH001,24,Forward,2026-01-20,Training,69.17563742605076,11.404504023812995,1.2064677995647288,6.581874139386323,145.1549188733592,167.66772804101987,7.172178841286732,57.30619821869012,0,0,79.9910965156316,83.10558963944126
ATH001,24,Forward,2026-01-21,Training,59.74953831748752,10.816043798232515,1.485785779820289,8.889035957392462,158.20850281106672,184.3272286996833,6.50439218170845,58.23288324587315,0,0,85.02992367388275,88.64818050367273
ATH001,24,Forward,2026-01-22,Training,69.30065626606853,10.71869296325574,1.4943762049170415,5.846670767426288,152.1049331593625,179.36871075212497,8.58621588783154,69.88099498051156,0,0,93.06229478651107,83.41770306828272
ATH001,24,Forward,2026-01-23,Training,97.46406816566765,8.382841957595238,0.9979492393819765,5.20505752552014,154.39240167277902,170.81155340501522,6.703959961972714,62.5446686096895,0,0,88.97898251292976,81.60196456024596
ATH001,24,Forward,2026-01-24,Training,77.38871634688164,8.60127154635767,1.415947529742028,5.899783122841205,148.47213075273842,162.08786885780648,8.252486685509718,71.41936486501544,0,1,94.66790584969752,90.7021532290272
ATH001,24,Forward,2026-01-25,Training,67.52760576215287,9.575035676706905,0.8678317737553877,5.910635243055788,155.2238669275682,188.93916841234244,7.425812520748223,71.50605365962072,1,0,86.48376163073956,93.74257667690632
ATH001,24,Forward,2026-01-27,Training,66.96956726182545,10.45321866139593,1.5461236416101536,7.661937317746775,158.77403452910926,191.60690737203524,7.118903457469483,65.63883073826602,0,0,80.13839946043926,84.9706025834794
ATH001,24,Forward,2026-01-29,Training,73.43828334758778,7.956205146002136,0.871839440926423,4.707954899864785,149.03828376668903,178.78825993046667,7.661707835346939,76.59958711858978,0,0,82.45482734916236,79.07462021582762
ATH001,24,Forward,2026-01-30,Match,87.87251401603744,11.914661745403619,1.6161002594703486,8.007168495008203,160.22438820602937,182.62456776461403,7.28344045477472,65.73383197603249,0,0,87.23524954858287,90.97419019097755
ATH001,24,Forward,2026-02-02,Training,69.27141923309615,10.474662581440018,1.6924110791920333,4.462924065027861,141.68246335065373,160.66728716282688,7.083338177606849,64.8869231735718,0,0,83.93631136202853,75.98400106739189
ATH001,24,Forward,2026-02-03,Training,73.69487821851772,9.375914644585059,0.9387505662826579,6.901711722098941,154.40416797316448,179.82208396027775,7.985153875722618,74.36350702712124,0,0,82.32610346763143,82.4602651574274
ATH001,24,Forward,2026-02-04,Training,97.31960407784317,9.73325927051011,1.3218927637255682,6.38906806437049,149.13579917531908,170.53944330265495,5.1884938481211735,40.426517200705426,0,0,84.05053585466295,86.9431464843977
ATH001,24,Forward,2026-02-05,Match,87.50792664325822,9.553645792892382,1.5662778430129272,8.495151502903903,175.1282028466952,199.68653615194376,6.84600092991151,58.53804896426958,0,1,75.41592478860005,85.41227732779552
ATH001,24,Forward,2026-02-06,Training,89.85379574368154,8.572773535055548,1.2791338293529666,6.505243699718183,152.4663436572269,167.87160282200202,5.868268896012328,54.420644230513346,0,0,77.03264152650573,77.577627413911
ATH001,24,Forward,2026-02-07,Training,76.37833761856675,8.726358424904324,1.1386537954304365,8.051262854732972,169.07380306054011,192.58001816966566,7.97441385585892,73.15924449621929,0,0,90.21178934519409,92.62784462821018
ATH001,24,Forward,2026-02-08,Training,53.89512616292263,9.41012783564436,1.1881138387769714,6.230593165555442,149.94998651311892,182.95666035830374,7.983392639057072,74.68764395890737,1,1,80.31168936069348,86.15311248161166
ATH001,24,Forward,2026-02-10,Training,59.34636599394176,8.971891514621651,0.8646140759006744,7.169672548830039,153.31863636134347,182.8028445510143,6.838376922772061,73.43007239041083,0,0,80.08383995479805,80.22889416119537
ATH001,24,Forward,2026-02-11,Training,68.29169408119373,8.2749333104357,0.9332824574805613,5.065911130767476,155.2190924491868,180.43067376101718,6.4702470428066725,61.06850754167133,2,0,85.68500020026055,98.21733345554387
ATH001,24,Forward,2026-02-12,Training,71.69937963418027,6.622033985740385,0.8054255737428947,4.198078835264415,147.02284434880912,177.1312569030821,6.210857738783113,58.91276363427708,0,0,87.81173893782653,87.00153216770705
ATH001,24,Forward,2026-02-13,Training,45.51903531763825,8.454429013702534,0.9214239108955999,6.313094877439591,149.6457048434249,168.15641682173853,8.618427471565308,84.72956325942006,1,0,96.24597642095434,100.0
ATH001,24,Forward,2026-02-14,Training,70.34316972243103,10.25700751491768,1.3474635636241048,5.831598031696732,143.44134174012092,160.04993629720607,7.606672313021513,64.8490290829689,0,0,79.07724769741182,81.02578113383636
ATH001,24,Forward,2026-02-15,Recovery,38.3523990687117,2.684447407783222,0.44898010786022646,3.332736367193513,136.1830401269598,162.82450454579157,6.448398383056131,59.09044898063145,0,1,71.98356831327177,81.93088806131253
ATH001,24,Forward,2026-02-16,Training,65.84089012148979,6.481736809606571,0.5855297314294647,4.6951178993354805,143.4111321293198,159.26538893029985,7.817962683120771,65.81539893240758,0,0,83.60645599421957,79.77575543949277
ATH001,24,Forward,2026-02-17,Training,70.11047834837682,9.46345988831047,1.337520421863487,5.898031321103615,153.0372088161981,186.6866205401455,4.875519949885439,36.38087006835383,0,1,83.01837570634224,80.40445633599181
ATH001,24,Forward,2026-02-18,Training,80.85652895254499,8.36444506520198,1.2678328820144198,8.080134095075202,164.0494518715161,186.12381452708115,6.710697630962341,58.70787311612108,0,0,79.47409311507842,86.68817767748861
ATH001,24,Forward,2026-02-19,Match,90.3698823391608,9.978870134055333,1.2138415452608868,6.977125278893287,162.12071687671806,182.05944710324525,5.677773256930825,47.9358559420292,1,0,83.4136873486514,90.4967849622429
ATH001,24,Forward,2026-02-20,Recovery,33.171310033761266,3.6746290474554932,0.49903868623880215,4.30062783024485,138.7273274119651,169.52285945972264,7.173849384037518,64.72547301243745,0,0,84.42292335207583,87.53928923149458
ATH001,24,Forward,2026-02-22,Match,94.01017240023461,10.018815048943694,1.5204211367367688,8.038075038823976,161.09141052069648,182.77553588061446,7.967465286843825,75.41340492343116,0,0,72.20669152342889,85.57453094055177
ATH001,24,Forward,2026-02-23,Training,77.04713044297036,7.401679285785924,1.2231682153946137,7.335565398349904,147.38979408283743,174.06960584075634,6.087059857431461,68.3197316349326,0,1,82.77532709185137,96.93250831605707
ATH001,24,Forward,2026-02-25,Training,82.08329542874145,10.194181260960589,1.2046643456198949,8.382024496475033,166.211563738376,191.8121363938542,7.018795102349411,63.891414903859214,0,1,82.33434947373216,93.77453986364304
ATH001,24,Forward,2026-02-26,Training,73.10390521705213,7.250256302537883,0.9306835313471447,6.07311893005258,143.16443022098665,166.78515279230834,7.665326012132602,78.39790108725086,0,0,77.08915469774566,77.75805883432795
ATH001,24,Forward,2026-02-27,Training,73.21155999924564,8.317788584922512,0.9367115121524113,7.304439110110865,168.07141513539193,199.83080531267848,6.858000178500652,51.2254422035931,0,1,77.93460272359776,84.34376873493359
ATH001,24,Forward,2026-02-28,Training,73.62187176620372,11.723266634796511,1.0071901218042658,6.655036623595518,149.394697468573,172.8648341640479,8.45359368972442,57.66907499130207,0,0,88.54904111153478,80.51622919848025
ATH001,24,Forward,2026-03-03,Training,70.5427096080505,10.702229885179884,0.8806305460945462,5.389424154534171,149.76312491000726,170.12712205636643,7.019700941965697,64.62804655227873,0,0,82.59247466582401,80.25968749912552
ATH001,24,Forward,2026-03-04,Training,70.79182166545455,9.530408123622735,1.4963949412794075,6.270783948446408,147.92263481783894,170.75683782292447,8.143396823027823,66.32495704018613,0,1,85.69561364166559,78.58015901416402
ATH001,24,Forward,2026-03-07,Training,96.17624321115262,6.324939796971652,0.6585889588542874,7.8157665082821595,155.49245228721153,191.02121737911773,5.22626353290465,53.506296890512445,0,1,87.83093614103642,86.4915751630655
ATH001,24,Forward,2026-03-09,Training,78.6936212267047,6.830579894152034,0.6321158433242442,4.789831607343374,147.4553101141738,164.72462583562987,7.190735680028647,55.920542683765426,0,0,85.311181931857,76.64840425096187
ATH001,24,Forward,2026-03-10,Training,81.32324895158149,10.475239940292793,1.4649968813704026,8.120533445165877,154.51882951433703,171.8413677139228,6.537663280073889,54.31820326188297,0,0,83.12060058686247,78.45548624218152
ATH001,24,Forward,2026-03-11,Training,63.92120104666915,7.295499399148554,0.9555383760983712,5.148315394383666,151.1581013493412,188.64598928993206,6.825901725361468,63.629632113481385,0,0,83.0742207792938,83.55658337347222
ATH001,24,Forward,2026-03-12,Training,56.769840204165874,9.746761941828927,1.4559917508628264,4.81044277392173,143.6877141910456,179.31251800485865,6.535729647991009,73.42355083804513,0,0,85.79444643433312,87.47890303131538
ATH001,24,Forward,2026-03-13,Training,66.27435389010158,8.421159507659981,0.8140058137611237,6.252481364448495,155.61824867444435,187.00566074260453,7.207645101998362,70.28837791508163,0,0,85.7119717582596,81.43432602932423
ATH001,24,Forward,2026-03-14,Training,82.59529960552157,8.681247536466776,0.7210222127847249,7.31848473463854,153.50562570578992,184.82454282578735,7.06440036152901,65.7775390276214,2,0,82.5767246616459,95.1416579758945
ATH001,24,Forward,2026-03-15,Training,77.66560525960455,10.08221472043528,0.8658814771497417,6.0212513783365225,146.6544717589216,174.12989413878634,5.363283863317258,42.036241985601535,0,1,88.26127545571933,82.69642508864511
ATH001,24,Forward,2026-03-19,Match,97.32740187532676,7.967463029883114,1.087363434522433,7.894085453500014,160.13700011399624,193.85730697670243,8.521614931157641,70.76795821450351,0,0,73.93329693379434,78.81989384143859
ATH001,24,Forward,2026-03-20,Training,74.58378135135862,10.450272540406079,1.0412949382398697,6.734214732536521,150.41351819152516,174.41917987264546,6.356973641284284,71.2693662356131,0,1,78.01661851872001,87.77051567097573
ATH001,24,Forward,2026-03-21,Training,80.9094151680978,7.851032323908101,0.7838765778073796,5.862260015748684,152.95044417852665,174.21322119998695,6.653627858306176,58.63495428218733,4,0,86.77543902908485,100.0
ATH001,24,Forward,2026-03-22,Match,88.4739463183511,14.563495728461621,1.9254071291756216,7.777827962244132,166.356159281298,187.6794271383917,6.751068596057614,58.95608777116221,0,0,84.00674073992215,82.04122311943959
ATH001,24,Forward,2026-03-23,Training,65.42043306553856,10.755035697205278,0.9388518008453367,6.466873027126203,157.27504331698992,175.91008254198533,4.5,30.974691250743007,0,0,89.94324882272328,71.28475493658122
ATH001,24,Forward,2026-03-24,Training,77.88027285222056,9.679173424780696,1.5298560623081434,6.805554320377259,157.94175054182486,187.86464362900904,7.556546627996568,74.42108046633523,0,0,89.01577354267404,85.01844558467029
ATH001,24,Forward,2026-03-25,Match,92.73356843216662,10.816314309643312,1.6753613782643488,8.42120398532374,164.39865567409575,189.41914418116622,7.835977426288444,56.09161487469183,1,0,85.87290508684646,100.0
ATH001,24,Forward,2026-03-26,Training,77.99260420452906,8.395108254068026,1.1495922952332076,8.077453279763475,164.85982730743254,190.9131022867756,7.467661113539683,62.21709781532823,1,0,79.57200506015772,96.02599765543758
ATH001,24,Forward,2026-03-27,Match,84.38406547608113,11.866002493217314,1.7590599670641691,7.8646468916370464,161.5326893148273,174.3212478710743,7.758911246599764,74.42030168497871,0,0,74.62078373055512,83.3570917456342
ATH001,24,Forward,2026-03-29,Training,77.92560856525438,6.915345352900956,1.1450271207126868,5.935921369263272,154.97781485698033,178.64333818624692,6.067737234139904,53.003397500716716,0,0,85.79960501382146,84.37314883982526
ATH001,24,Forward,2026-03-30,Training,72.52119397882406,8.227643964876103,0.9311008364953877,6.574206213800156,154.03448139083807,185.73825638036683,7.4084528117399335,69.13338822387551,1,0,76.33378733474169,90.59871138282853
ATH001,24,Forward,2026-03-31,Recovery,54.99361413990027,2.5865832076881103,0.23606896873075137,3.843983196913648,137.81506663323648,158.75671282088086,8.720846389619734,84.23939184785965,0,0,73.41534938729171,85.34694582827026
ATH001,24,Forward,2026-04-01,Training,67.16851224837131,5.487322490587899,0.735311361612926,6.047693680750923,156.40376969683382,174.84199602045345,7.434918251983844,70.60590030585944,0,0,80.42006858431621,80.44597868507063
ATH001,24,Forward,2026-04-03,Training,93.04077962120581,8.238181332474484,0.9011047775795356,7.377362290575672,159.39860293842668,179.1406909305816,7.133894209851143,59.69991459559037,0,0,81.48316932709982,83.066502958212
ATH001,24,Forward,2026-04-04,Match,86.6868361129195,10.745961207920594,0.9608082726583025,7.903922310181589,169.42031104401954,199.96811314149616,7.153667332928157,56.20027126497938,1,0,78.52322035557958,93.87445500525357
ATH001,24,Forward,2026-04-06,Match,98.58697032817163,14.17918188171704,1.8060908670563312,8.31855976281544,161.4654194864448,184.24828978551142,7.284094456481671,53.98279131109472,1,0,78.82421057472268,97.18138794304556
ATH001,24,Forward,2026-04-07,Recovery,48.49058935739226,3.5010257700672565,0.34295635526865914,3.52660243471774,133.64833602733583,159.9179058496182,8.0819414919482,77.99107604648165,1,0,74.64540602198595,79.43734493430571
ATH001,24,Forward,2026-04-09,Match,84.19096569302265,11.208572015218067,1.7777702149597379,9.40104226151808,180.0,203.9642362003551,7.895293943738005,69.71711506323783,1,0,72.5416470580945,98.6170206024828
ATH001,24,Forward,2026-04-10,Training,84.32419314908746,8.150113240305998,1.0130998840416725,6.823800127605946,158.66080153860784,181.4371155460912,7.79452883958351,49.35788979621267,0,0,79.82535435158121,73.42685950955519
ATH001,24,Forward,2026-04-12,Training,88.2926454033804,6.571200966120531,0.5691626480251951,5.791921133805858,148.3895469503361,173.85047829669764,5.945306998230286,59.84309545082113,0,0,79.03746050103213,87.23021550410924
ATH001,24,Forward,2026-04-13,Training,85.20266090536191,11.107416580248843,1.7324830821491992,6.178364948782617,153.88346780395153,186.6758988276143,6.827022384257646,63.57157725359209,0,0,82.29031070971482,78.14869827450256
ATH001,24,Forward,2026-04-15,Training,83.79168092658695,8.612301760506709,0.7212075614875457,6.419283419891418,143.524697096688,169.36075265841558,7.507281402639201,66.29918829747265,0,0,88.51519805120684,79.31034855341801
ATH001,24,Forward,2026-04-16,Training,79.84068028024893,9.318627854178766,1.3102821891323078,5.561532089794151,145.25034773528589,181.7345358584866,6.928385839312988,64.68282432579963,0,0,82.90251343086146,83.01571107141632
ATH001,24,Forward,2026-04-17,Training,77.41318856057961,9.894616912526232,0.9836314239494498,7.550654396007612,166.23907790384757,184.70151931407966,8.568013267053685,70.17742562160349,0,1,83.77976991805706,88.53153265017629
ATH001,24,Forward,2026-04-20,Match,93.6438120515174,12.665477557750338,1.3860210097777677,8.05350601882561,168.55563675120374,196.97533858325204,7.749319646406566,70.83396295191872,0,0,82.7229997527358,80.23222809787622
ATH001,24,Forward,2026-04-21,Training,59.66372899876349,7.408771909193817,0.8918859363763249,4.8562592844119425,151.90036478391985,173.06659429778284,5.909219185933251,65.87377941146322,0,0,88.05890253605581,86.52287496575612
ATH001,24,Forward,2026-04-22,Training,71.10202339789653,6.45943899861893,0.8540380423832499,5.110427533236404,157.30566024152625,186.6565686378167,7.71197576796508,75.927183285639,1,0,86.55357153872059,92.03462112460248
ATH001,24,Forward,2026-04-23,Recovery,38.96828328906659,2.0603347360108315,0.2176507970542987,3.303527446193258,134.3294665431858,165.15487093479163,6.544298048786811,50.45120346788758,0,0,84.38103199509283,72.91406220191944
ATH001,24,Forward,2026-04-24,Training,55.95825941285893,9.20220715239956,1.1711161742743084,5.530800389686234,145.17796411836133,172.09665572321654,5.6663056398214975,53.6847787845653,1,0,78.52622046883498,85.39760228656162
ATH001,24,Forward,2026-04-25,Recovery,54.649227165364735,3.180008514517083,0.31508807683444817,3.7687800867828036,139.61864160233125,156.2030099715331,8.674619068868246,75.50158786737785,1,0,77.84256881322456,96.28923267375313
ATH001,24,Forward,2026-04-26,Training,65.06167222481083,6.968395960196098,0.6628427342011247,8.722695629135075,170.50505817947095,197.98785276417993,6.933241107010062,55.97827491369649,0,0,87.78327470076945,95.27215968581204
ATH001,24,Forward,2026-04-27,Training,73.94061541978495,7.510530048246623,0.8902829505689115,9.079709337654318,177.67384005314625,205.0,8.093644222835017,69.89582099601344,0,0,78.79510990187141,80.12994097057873
ATH001,24,Forward,2026-04-28,Training,66.46441650287355,8.555888351945013,1.3007695511968669,5.7409595527913515,150.61468687570186,166.2793129984801,7.397792208993011,73.33070571560988,0,0,89.36601395483976,78.38029030398351
ATH001,24,Forward,2026-04-30,Training,71.87401725673533,8.634527418799726,1.4349399533437615,8.22683384221876,160.95656664311716,189.18910259779537,6.27139376622857,52.44579574610073,0,0,73.51771301857012,76.38725265064785
ATH001,24,Forward,2026-05-01,Match,98.18046587605218,10.921113246215269,1.8492012846836974,7.544612341196452,160.6326578270455,190.313126905345,7.167668378845567,70.17680952585384,0,0,78.83518405831686,85.66431645338815
ATH001,24,Forward,2026-05-04,Training,62.15286794117277,7.634637970261563,1.254571077123116,5.610253898213431,147.46711964994762,161.44988741132784,7.5571921942212885,61.62784790256891,0,0,69.0826564422851,77.84405098912745
ATH001,24,Forward,2026-05-07,Recovery,51.70792619561313,3.3270602124307995,0.38013691240299113,3.5572805509832954,139.18588833718056,167.78345301686952,6.643589245949069,62.66684819790113,0,0,75.78054450186221,83.52355777907621
ATH001,24,Forward,2026-05-09,Match,91.87486520627428,13.245963093290142,1.2681085878207756,8.690659779520171,169.93301020888032,179.77869840726538,7.15756110821984,56.59230120010774,0,0,76.04612040378343,84.49526440775993
ATH001,24,Forward,2026-05-10,Training,75.64786102134951,8.880323057887791,0.7948761325158831,3.6117287948072754,130.62189905463813,159.22147143461535,8.477675749109327,91.08463286335993,0,0,80.71934277441875,91.14850036557422
ATH001,24,Forward,2026-05-11,Recovery,46.18933965761689,2.9182024465202177,0.4152442185862853,3.2640398202173726,133.0718904888636,158.16601077163722,6.444141486763037,52.17324484250442,0,0,87.474611495555,71.62655485188144
ATH001,24,Forward,2026-05-13,Training,72.49247415201563,6.26390984826521,0.9676388375080778,5.32988697394064,151.37253939227406,180.94572979702733,7.07309857348793,63.85101585175479,0,0,87.17860135702378,77.61958690518658
ATH001,24,Forward,2026-05-14,Training,63.07072520349369,6.066387865435636,0.9463088097092124,6.469061002844376,164.11715910014652,188.95333186308693,6.260058836834123,51.559490604311904,1,0,76.69118371583859,81.03890616706275
ATH001,24,Forward,2026-05-19,Training,47.68351789689597,8.006217547019906,1.2463954752207074,4.900863513552987,155.19172214764544,176.5574326096254,7.767885834808376,74.97217938382325,0,0,82.1920248943946,78.54678772017624
ATH001,24,Forward,2026-05-20,Match,102.06693623763312,10.854481023793372,0.9379694138445748,8.281921198649641,165.61492872122238,185.7999723219525,8.268930192362347,64.2590374256021,1,0,74.03249156987636,95.52513201079024
ATH001,24,Forward,2026-05-21,Training,83.6274397279808,7.5690701287610285,1.0310566226594882,7.4960476858058165,153.7133410530074,175.6985661315437,7.353061606042507,57.059174740392876,1,0,78.13889061771914,92.67407093499558
ATH001,24,Forward,2026-05-23,Training,83.94961501272485,7.448015882140092,0.8225892287065123,7.093429173193609,159.35662204145086,178.08776687732467,5.330279069561598,58.509382258811016,1,0,75.38074980566991,88.34249412838093
ATH001,24,Forward,2026-05-24,Training,73.02524314789687,8.84614411935611,1.3816464350724955,6.804126170669809,154.9891484550868,181.68462815801658,6.876177986434807,71.4049465551484,1,0,75.76718903198466,92.11388054680106
ATH001,24,Forward,2026-05-25,Recovery,44.24502599971695,4.05144653138894,0.4019684121117489,3.4398747251975457,138.52880092014283,170.95849934874462,7.119144419062455,71.4735258284222,0,0,92.21328966781142,84.6927609976415
ATH001,24,Forward,2026-05-26,Match,83.19618620422091,12.26918902845096,1.1582905455376535,8.973851652449646,167.59076971973835,192.4730288048755,7.845609064125595,59.02139561891139,1,0,78.51685930117166,93.21916498905924
ATH001,24,Forward,2026-05-27,Match,86.02058468982408,12.982262718195962,1.686141296522338,8.466761600932085,162.7516550839956,179.05251569111016,6.104322636894492,45.93037625890013,2,0,77.07793705281583,96.70706132049102
ATH001,24,Forward,2026-05-28,Training,79.06464603443563,7.576424606228179,0.6083084323387251,8.181092314930488,156.45827231673246,189.03377693729556,6.603327668696798,72.57848705678477,0,0,91.25265971540725,97.61400457315061
ATH001,24,Forward,2026-05-29,Training,87.28875030973755,9.486074469157314,1.1842701031294567,7.092526949201183,154.7992331135644,186.49464543375657,6.515660979731668,62.606336518774825,0,0,86.09220670026356,81.09176203964807
ATH001,24,Forward,2026-05-30,Training,64.36749054801992,6.809005986484641,0.9955425883189233,6.980059580086683,151.75942335887407,187.8839787568792,8.198930325972817,77.10386802383512,0,0,79.76675934357368,90.1939400681067
ATH001,24,Forward,2026-05-31,Training,69.1338069385647,8.690036878554197,0.9288372128791682,5.380382566710988,138.44009857245166,169.63788225536848,6.924549312413937,60.90291638356961,1,0,84.41062769535144,87.38159337058421
ATH001,24,Forward,2026-06-01,Match,100.86125798334872,11.99073400144806,1.6177929904700696,7.838672763782931,164.00858389498998,185.56795696573656,7.4181346153538,64.35453570578414,0,0,76.14174837229977,78.04338493537178
ATH001,24,Forward,2026-06-02,Recovery,38.27774855474297,3.164203691096204,0.4743266322984838,2.854018867191217,139.96463717673836,164.83643341064774,6.427509488766958,46.597375331376554,0,1,87.3042723781663,80.44053907156955
ATH001,24,Forward,2026-06-03,Recovery,45.69864846332327,2.9256645188745845,0.30255525915934856,3.4233154959715577,139.51121637393848,156.98547983492298,7.364202138949966,62.29931776519271,0,1,77.14948105285968,79.42141413756863
ATH001,24,Forward,2026-06-04,Training,82.59554101811791,9.78469732045842,0.8838438662112428,6.050423961774719,164.61845552124743,192.19135452323087,7.7237950465368295,71.37219342875945,0,0,79.79783296550006,77.13381897305352
ATH001,24,Forward,2026-06-05,Recovery,21.62919613204314,4.123954701166644,0.5015001117838548,3.8055918629103673,146.68286328084702,165.47662631330542,6.460315906805739,62.50836609744486,0,0,78.11655617207172,77.39728563988214
ATH001,24,Forward,2026-06-07,Training,69.20707773381561,8.66728999492551,0.8532020871775063,5.546671391741287,156.4034206427955,179.24058021756792,7.560273950836958,71.73170026800464,1,0,81.80848903213983,93.77959241585424
ATH001,24,Forward,2026-06-08,Training,74.06595363584637,7.575318850353693,1.1665179292770167,6.798752908365686,162.33988193194767,183.93102795294166,5.45230839644462,47.33014077540464,1,0,79.3160686260475,91.89282717900481
ATH001,24,Forward,2026-06-10,Training,86.79088156353333,9.555312198358687,1.5436883284838345,7.156360869828548,155.79938678373753,178.7907347910983,6.736716383082203,51.36858403571946,0,0,84.54159439356077,80.8907660130141
ATH001,24,Forward,2026-06-12,Recovery,56.29776444332343,4.5438534771009875,0.43137500369093046,4.304113438050607,139.8889593032809,170.80333927736007,8.168647446408276,96.20519308211183,1,0,77.16776903769794,94.82174024742605
ATH001,24,Forward,2026-06-15,Training,71.35606171351205,8.307567527229113,0.9321243947068183,4.5447235736898985,148.79819102877534,181.580158308142,7.079418743931006,59.70962466586589,1,0,78.97135047263069,82.36343943413178
ATH001,24,Forward,2026-06-16,Training,70.07149609077099,10.083842860923598,1.3702285780818684,7.2635911006198555,163.57310109445893,185.98337921815065,7.463357081302949,64.93701936705335,0,0,74.92576125304119,87.62726238707056
ATH001,24,Forward,2026-06-17,Training,78.3994544585537,9.246732696681397,0.9721538362006533,6.241095026295922,150.07205187466292,183.32724891376665,8.011291400948453,59.07791676114233,0,0,82.75508181771615,85.99932680080877
ATH001,24,Forward,2026-06-20,Match,85.41625576588972,12.488582333154426,2.018748771640203,7.4727460648370405,163.1993448950359,199.59863650440718,6.9806296282556834,53.03909902018826,0,1,83.51762088559047,84.96140893923946
ATH001,24,Forward,2026-06-21,Training,72.33766915445632,7.9706296407006185,1.2909974194198712,6.921684468264445,160.28304107876556,189.7159039640906,7.653830735611748,61.146867505276425,1,1,88.51589269705019,96.07500996938936
ATH001,24,Forward,2026-06-22,Training,97.05820412154148,8.135515764677178,0.8714266062178051,6.480580394112267,145.8515973366277,175.52700154250934,8.045099536498023,66.44217602681006,0,1,87.70184555184146,96.15856765157466
ATH001,24,Forward,2026-06-24,Training,83.81165610673796,8.617905181514983,1.4615051661005531,5.8506686880796055,147.76849509452373,173.1888080732028,8.145690472347372,68.26409540798048,0,1,83.43021389640872,89.62608015282105
ATH001,24,Forward,2026-06-25,Training,107.25041238836351,8.074535888553152,1.0833855822145977,7.974056052488081,162.15709374179002,192.87434102500765,8.551050432189781,83.76679339200999,0,0,82.45260183340956,79.80291724858375
ATH001,24,Forward,2026-06-26,Training,101.05131260997376,8.667957432667203,1.2735262317481615,6.324114187567663,155.7021120056083,194.4474155500809,7.196338143870842,63.57644269955694,0,0,80.89386009569742,80.38202444909227
ATH001,24,Forward,2026-06-27,Training,50.185743282768094,7.678190767056169,0.9712261481268003,5.605667376911581,147.08795887622017,167.57502044267667,7.387257059377262,77.04438896211147,0,0,81.03920322660015,86.70021967228854
ATH001,24,Forward,2026-06-28,Training,71.17135277200059,9.85775573956541,1.2264940063233947,5.703974143196511,149.33040310253875,171.93573198932225,6.512392904829594,49.072075350084944,0,1,70.85204775025358,71.92364008174286
ATH002,27,Goalkeeper,2026-01-01,Training,85.74045976891338,7.217529450811916,0.6517709670194641,8.112220628255425,159.5118543539417,171.25694463940948,6.300666893845361,49.634059641131145,0,0,85.07154454617564,80.83424442155753
ATH002,27,Goalkeeper,2026-01-02,Training,89.11410126287903,6.571915240665134,1.0425217984466355,4.766016470582647,147.3907918241056,168.716167576263,7.425353172685491,61.715415334444984,0,0,82.65135823465914,78.94988692132534
ATH002,27,Goalkeeper,2026-01-03,Training,52.41781145402833,5.417114451414634,0.6006770706444493,6.6598563919974,159.2364383953976,191.96038473631046,7.523880653336102,72.83830435063487,0,0,76.33689576745769,77.35393499625074
ATH002,27,Goalkeeper,2026-01-05,Match,93.44346814639928,8.367624724643386,0.9095441865281808,8.356193103262731,169.1911999853753,183.17725418820308,8.15412121038939,80.92835134756857,0,0,86.67740036344229,87.28230751599139
ATH002,27,Goalkeeper,2026-01-06,Match,85.9277035962367,8.065693180732682,0.663728298576921,7.621357447232984,167.27968841399593,200.65379127873567,6.594048776079528,54.23321975011761,0,0,87.78910979858475,90.62800896416121
ATH002,27,Goalkeeper,2026-01-07,Training,74.68313091649287,5.621124047712294,0.6953503182438984,6.780161158819607,157.80127217523807,182.83422747669843,6.671865262641923,57.44343122853502,0,0,84.45555032558346,76.02526231125299
ATH002,27,Goalkeeper,2026-01-08,Match,90.19094330383716,8.142408272500008,1.3109886897798386,7.117731146933092,161.19115890415222,184.18824196561616,8.155812173827977,74.91015478980023,1,1,72.574743087589,88.40441960724854
ATH002,27,Goalkeeper,2026-01-09,Training,95.7901799938211,6.975428810168047,0.8345383603877178,8.731300146192632,169.89202325187807,188.51161121245235,6.3139313293209725,41.8465291652387,1,0,76.80976464190604,80.84510380816107
ATH002,27,Goalkeeper,2026-01-10,Training,77.8709623693338,6.110959822414403,1.0354798674655128,3.9697124772536703,140.2775836735221,170.67437350041155,8.864622144944942,93.59830419716539,0,0,81.81913438287489,82.00861376761902
ATH002,27,Goalkeeper,2026-01-11,Training,78.190635576712,6.040086172223544,0.9149459694406282,8.269116700263286,166.01530714642698,194.7447384855633,6.767350697560729,58.77497633239602,0,1,81.82442311789013,79.80253807016973
ATH002,27,Goalkeeper,2026-01-12,Match,87.78628704992529,6.035191787108865,0.7502304253825899,8.344282749598124,170.34598054291902,196.68541402769398,7.050595399445342,60.81626701926078,0,0,85.3336267960207,84.69102146885028
ATH002,27,Goalkeeper,2026-01-13,Training,72.66110063576782,6.9338035849868875,0.9457245327759145,7.633770096867065,146.100677407881,182.84305925113085,6.8827270306218145,65.22345265705263,0,0,88.60693457348371,90.6535475050845
ATH002,27,Goalkeeper,2026-01-14,Training,68.62131675308332,7.179900909145416,0.5836424774939086,5.964386661574588,154.41179890368753,182.50886862637728,6.522666564299342,61.32135013256183,0,0,89.13348022884786,85.78974930217674
ATH002,27,Goalkeeper,2026-01-16,Training,65.15710404661559,4.844025006360434,0.4162998007201504,6.475972141919396,145.6930408365559,165.93852131055613,6.822834623324863,47.02109928073334,0,0,83.27976224423763,82.1275672174595
ATH002,27,Goalkeeper,2026-01-17,Training,86.2508416515187,5.664979883032906,0.5716791170146582,4.892440135631026,148.71923674764008,169.9398052193296,6.960567858347351,69.72595230814173,1,0,85.81250818125535,82.78232828636926
ATH002,27,Goalkeeper,2026-01-19,Training,64.743924660343,6.385972204386307,0.7691359229951026,6.835037125262468,161.0287703706282,196.8318374596933,8.215051717645494,74.94805883285238,0,0,79.05018288620772,86.38348174090808
ATH002,27,Goalkeeper,2026-01-20,Training,81.06564190999953,5.902377624712057,0.6163666688626729,6.892415967178767,147.18778998054046,172.01928678698258,7.4017148183629535,58.59987130445558,0,0,78.2428598066706,80.71634028970028
ATH002,27,Goalkeeper,2026-01-21,Training,64.69860071550377,6.123148500134634,0.6388611221482401,7.625587771040344,156.86583142701718,179.00850618574924,7.886950262641454,70.45625638734734,0,1,83.16153946820526,88.54652646245391
ATH002,27,Goalkeeper,2026-01-22,Training,98.78030167680035,5.614762099497734,0.7859245687033521,7.02224368124801,157.57675004229523,183.7606442867288,6.544113294109085,54.18413558640548,0,0,81.163322345914,78.24523767970445
ATH002,27,Goalkeeper,2026-01-24,Training,57.70221526068267,5.064528470353235,0.4290260917557423,6.290547434350924,145.6607964307082,167.9413059765701,8.407220781023671,78.77832629375109,0,0,83.80284615766497,90.26045034860566
ATH002,27,Goalkeeper,2026-01-25,Training,74.09082856157448,7.1436707444396585,0.6593185286720938,4.946241233983936,151.0504067803712,180.91078060468735,8.067658342101613,66.20316914813057,0,0,83.15375786885137,80.06576049621826
ATH002,27,Goalkeeper,2026-01-26,Training,54.07382260040522,4.951560333319697,0.40473800041855307,6.619018406053975,149.04503246088942,172.6734329688493,6.2050855628523385,35.87648320484826,0,0,80.85383342439899,76.19258351444226
ATH002,27,Goalkeeper,2026-01-28,Training,71.84531004950078,5.701710102905755,0.8527644882093943,7.55361239924366,162.5140530895106,187.63175303567454,7.705575112370138,71.09122526140371,0,0,82.61113777157192,92.54990824316344
ATH002,27,Goalkeeper,2026-01-29,Training,76.9771300948382,6.5406854711869515,0.9826323673101277,6.550887701856018,155.5250922006786,166.88411464598678,6.257340230833904,51.700825439505365,0,0,80.92225599858858,87.74309598575647
ATH002,27,Goalkeeper,2026-01-30,Training,73.7092904176931,6.426818813140161,0.5578764958175693,7.037090833061144,150.92172117250396,172.2235527242671,6.762323257708457,56.32504523366864,0,0,75.3312522583778,81.00829239024269
ATH002,27,Goalkeeper,2026-02-01,Training,60.95978819281305,6.975865471050752,0.7404560692108738,7.348562034475748,157.9075291920342,188.8315362915688,7.03164407872173,58.38038405548188,0,0,82.91054795349244,77.90074633501567
ATH002,27,Goalkeeper,2026-02-02,Recovery,61.71630977355819,2.6613899581874936,0.3328183152123539,2.374637281017359,126.5981348387917,152.94588955112582,7.8573755078357825,74.50102425056339,0,0,78.6177989496526,78.05816135980015
ATH002,27,Goalkeeper,2026-02-03,Training,80.37434097302153,6.4233902100272315,0.6639136502253463,6.871094051313922,157.8857836241761,195.03164136389722,5.87314339586647,51.31718902930963,1,0,78.02810693322034,86.24777733963539
ATH002,27,Goalkeeper,2026-02-05,Training,81.86511334085905,6.199927842525674,0.6340085173583784,8.304348109786742,171.7884494734333,203.8401481203776,7.308940354767831,53.05877911398797,0,0,85.71093028273886,81.68177199767008
ATH002,27,Goalkeeper,2026-02-06,Training,66.65194346582157,6.817813663502519,0.6039623977520862,5.415808608977676,151.0653691524665,173.44505073622292,7.04048064683676,79.27124177457785,0,0,80.51784579552402,87.17774770229326
ATH002,27,Goalkeeper,2026-02-08,Match,91.09387913390948,6.868466301761387,1.0157352238238788,7.393531317782087,150.02848814988943,181.07357028891096,6.483833156815996,60.58564812673517,0,0,74.73296842431532,84.58978148688122
ATH002,27,Goalkeeper,2026-02-09,Recovery,45.114184542691476,2.3090882070051304,0.3822495221417868,2.8322424064223486,135.4250467233176,151.18356093113113,8.88504761136654,92.03060687633224,0,0,97.80533226189975,90.26224815232403
ATH002,27,Goalkeeper,2026-02-12,Match,90.54712448451319,4.961880890736814,0.48835432022501896,7.9834651483452355,156.6388236680058,183.82061496375562,7.89819865108757,65.06972365841784,0,0,66.3747168602372,81.86378701572777
ATH002,27,Goalkeeper,2026-02-15,Training,83.16259326540539,4.714623482336519,0.5576010495443524,7.692507512477975,162.75330420446272,191.89472500674435,4.797468455068607,32.46907569845581,0,0,75.86082693209023,81.98385738984092
ATH002,27,Goalkeeper,2026-02-17,Training,84.84666502807647,5.460624958067273,0.8382613672487613,7.6941094030473725,158.86333941036762,177.05057404817882,8.413758687534147,61.708650212612,0,0,92.81298885058868,87.05276015666308
ATH002,27,Goalkeeper,2026-02-18,Match,94.84240112637299,6.883566483272985,0.9932860794195401,8.263185592527451,168.54378782263026,191.23996019091615,7.325180185626524,75.6951030996981,0,1,98.0,99.06455362967681
ATH002,27,Goalkeeper,2026-02-19,Recovery,52.964259752664645,3.1015886260649257,0.4886620536585333,4.2612249218220475,144.76205203328036,166.05853291399882,6.5975284214485725,54.751754740039765,0,1,88.34924228166345,87.42146992155091
ATH002,27,Goalkeeper,2026-02-20,Recovery,25.869804551806812,2.8217968564811775,0.4122643906098264,3.4475868432554573,133.01185482173477,156.24805313574967,7.03556067332774,57.83531682000081,0,0,79.85782479516034,79.17906114184483
ATH002,27,Goalkeeper,2026-02-21,Training,75.59728424617153,6.772348615775336,0.6510462238276583,7.198828420202535,159.41115575635283,192.73170415313973,6.203247479749639,50.67570635392917,1,0,86.16087347148397,86.04584686973003
ATH002,27,Goalkeeper,2026-02-22,Match,95.4178466160024,9.741561035804937,1.5737280991732103,7.380426573279679,160.58881209584735,186.00729318889364,6.52421192530028,48.46396258520218,0,0,75.38924081248064,84.71589499572818
ATH002,27,Goalkeeper,2026-02-23,Training,64.57870764897422,7.250403910864452,0.862428433739675,5.796345450433488,144.19545050285762,176.61032022289925,6.959691639856999,59.16621442226881,1,0,74.8872258784294,88.37114342853397
ATH002,27,Goalkeeper,2026-02-24,Match,90.52867564103222,7.987192482136246,1.3437108439346315,7.883177801288226,153.9568090481741,179.15359102064363,6.417354198769937,51.79438138568254,0,0,76.45460113439017,70.87867055436995
ATH002,27,Goalkeeper,2026-02-25,Training,63.845869677691084,5.0223544866671705,0.5231688132480699,6.416562030209639,158.2416039305655,175.52587528827655,7.17882039705823,66.72662963955044,0,0,81.49969434835424,83.2736021825378
ATH002,27,Goalkeeper,2026-02-26,Training,92.98299086414242,7.491703214148027,1.0106357645788089,7.747756834076215,166.55491970717662,184.81965086971013,6.274247461087162,59.370591210623715,1,0,83.62897186495388,88.82266904025659
ATH002,27,Goalkeeper,2026-02-27,Training,78.32152139190346,7.964585337555103,0.6482020805818143,5.635434272721699,141.1570681235516,169.2425966596586,7.614851697542729,69.44231131098873,0,0,85.3876355553616,77.63018880707554
ATH002,27,Goalkeeper,2026-03-01,Training,64.62730714902983,6.674650180299685,0.7946964491609674,6.359072085722381,154.10273689965138,176.48215147622207,5.654080609335188,61.069749251345065,0,0,90.28872447214292,80.38770739480773
ATH002,27,Goalkeeper,2026-03-02,Match,93.3174360766553,7.799954365232908,0.8141012792640538,7.729740600648161,169.90351433992413,193.09869446662256,8.553479137020034,82.05496645736575,0,1,84.9981106618176,94.04631549921083
ATH002,27,Goalkeeper,2026-03-04,Training,92.00424495577951,6.52290600162559,0.562021961338461,7.181339503185609,166.6477229981988,195.7476969550652,6.9116175623785745,67.26434295177661,0,0,96.18323496771616,87.82621596574566
ATH002,27,Goalkeeper,2026-03-06,Training,83.65875006151373,5.426798200643504,0.6429894094015434,7.330709850496089,168.94683586881712,189.34689634211702,6.605398577682277,62.409681284689206,0,0,82.15233052325446,73.11088840119575
ATH002,27,Goalkeeper,2026-03-07,Training,69.08252613120274,5.2030385739268015,0.4909290813962434,7.943632003468814,166.72781795455276,194.9840443424131,6.165026189191807,51.71302801881643,0,0,82.98946086055935,76.43378668635059
ATH002,27,Goalkeeper,2026-03-08,Training,61.59511029045905,6.87699582318036,0.7691302568769556,4.355197297449762,143.54051409329102,171.82410287755883,7.593995451785627,70.44486936808087,1,0,86.24581854225093,88.60956527156762
ATH002,27,Goalkeeper,2026-03-10,Training,77.10253702690214,6.7223066425618825,0.9473388483994121,9.48525900260341,170.34390558475846,196.39281219761114,7.248189639822712,55.78556759180891,0,0,91.5454294294271,80.9094660344312
ATH002,27,Goalkeeper,2026-03-11,Training,81.41734254966012,8.010660193140694,0.7571888464873795,6.612104946824517,151.12473040720124,168.57370094314922,6.904684654618066,58.66325713334089,0,0,73.73429499547457,76.5901663410978
ATH002,27,Goalkeeper,2026-03-12,Recovery,53.17106636343519,1.6072272554404703,0.20682033426478022,4.9619099410089476,135.37183772035849,166.88739789829526,8.049696966197939,75.57626823927431,0,1,74.21698826869074,79.84346346934106
ATH002,27,Goalkeeper,2026-03-13,Training,76.0282459368403,5.996736424221143,0.8532554061996054,5.604653677636976,146.26366495407365,163.55708270762804,6.981121695032771,64.8391931481681,0,0,81.72579861341933,77.21362302170122
ATH002,27,Goalkeeper,2026-03-14,Training,61.843170166183185,7.542769951992358,1.1610205077937081,7.338236879571141,159.68952589051463,184.37080197240937,8.201211994176765,80.01093081930155,0,0,78.24593627502273,81.457064852362
ATH002,27,Goalkeeper,2026-03-15,Match,91.68237712692323,8.563911197285032,0.7367329417179287,8.174305971213055,162.66732486267398,193.31150172561007,7.546548415038142,64.4267480213991,0,0,80.83630359734408,80.54525588033171
ATH002,27,Goalkeeper,2026-03-17,Recovery,29.987578351665007,2.1731591474367007,0.24671440003849585,3.9337980121762954,132.65445477760596,156.53382329243422,6.544151736379292,74.90574385498567,0,0,80.30292072293324,79.71751975407527
ATH002,27,Goalkeeper,2026-03-18,Match,102.5506779104281,10.048817253614997,0.8640143836205911,8.361120391878885,167.4531243743495,201.1880583072301,7.734055885842251,71.14171488629337,0,0,84.45857677575698,81.8479632517969
ATH002,27,Goalkeeper,2026-03-19,Match,89.78477989435758,8.807369473511127,1.4245089058526035,7.912304219560453,164.78974929370065,193.03819470693617,8.397545084855047,78.63973554548247,0,0,83.86354755323622,86.53342949019954
ATH002,27,Goalkeeper,2026-03-20,Training,60.394555171765134,5.435468970337171,0.5529777429064525,5.869687520747019,148.365584631532,164.93218251646013,7.114056500554643,70.71713018055891,0,0,76.55346291911847,89.09416326304076
ATH002,27,Goalkeeper,2026-03-22,Match,96.63302754022203,8.605027103342492,1.1812437829092308,7.540869495516162,159.98107695022313,177.92750931647402,6.294437141951056,57.04322995625193,0,0,76.3099119746548,84.96054284413408
ATH002,27,Goalkeeper,2026-03-24,Match,85.83738342615746,9.968933378851471,1.18541743579327,7.630345403964541,162.53032266028572,178.1415060321134,7.185809779497177,59.75326947446695,0,1,86.02444567570122,85.85065870528224
ATH002,27,Goalkeeper,2026-03-28,Training,84.08146415984379,5.427397660167726,0.44514609246629677,7.112468794013602,156.45441039571062,188.74319273707692,6.56218822780973,43.71267238216276,0,0,85.8432015497862,86.12065357842334
ATH002,27,Goalkeeper,2026-03-29,Match,95.14874939199338,10.566283576806601,1.4392891104037018,8.842846781132494,169.3036236650036,200.57415450951214,7.230399049787202,59.78561823860172,0,0,77.089428004348,90.64826400933951
ATH002,27,Goalkeeper,2026-03-30,Training,79.41179151589706,6.963694547746502,0.9288471028485755,4.399973492348376,145.8259983690352,170.4291386597932,6.512217504784697,69.64883336180552,0,1,89.02672378620356,95.82801557307384
ATH002,27,Goalkeeper,2026-03-31,Training,75.04434806217417,5.92450987756667,0.8130479175098378,5.757515767461616,143.51509359940735,170.7560532158177,6.742066297483774,73.6452733937622,0,0,85.13847402401437,90.32010430634509
ATH002,27,Goalkeeper,2026-04-01,Match,87.09869411851246,7.378827328178203,0.9705714771014694,10.0,173.43728631449918,200.75522622136853,6.91597590111249,66.44808889933333,0,0,91.43811835128913,88.20750362208253
ATH002,27,Goalkeeper,2026-04-02,Training,69.58008628608452,6.961078101855439,1.097551199175294,5.369384665062474,146.3839623491987,172.65523442110964,6.293999515808299,64.17328644367873,0,1,83.51899142822789,89.08343723551857
ATH002,27,Goalkeeper,2026-04-04,Match,91.08789501423792,8.854816961623282,1.4558812965941004,7.90922274159762,163.9975869912433,187.76243040596125,6.428079488113784,52.224930256132126,0,0,72.70829020681752,78.19681262003017
ATH002,27,Goalkeeper,2026-04-06,Recovery,43.068020433033766,2.275881146701306,0.34558433107225106,2.3084507137439925,122.83470000551824,141.5824335320596,6.661517370924566,64.5348230570421,0,0,79.26327503515488,77.43689357550203
ATH002,27,Goalkeeper,2026-04-07,Match,89.93501088928284,8.47260964777299,0.9084141940258379,7.6439810146916125,156.6217429171956,189.7339137742799,7.353968666687384,64.90664967401014,0,0,75.62189205053802,75.14659095113254
ATH002,27,Goalkeeper,2026-04-08,Training,84.37634666835012,6.01011334704106,0.9256434541963651,4.614233081245758,142.1015689084983,163.28822186007187,8.664966216667999,80.1724966413631,0,0,84.89240036401232,85.39372483515758
ATH002,27,Goalkeeper,2026-04-09,Training,71.65339927019092,6.332777365484743,0.9293207071931074,7.345157971184322,152.04499859308805,157.09646427362148,5.777968882696825,45.118231962602245,1,0,88.21495143050541,95.29527008658371
ATH002,27,Goalkeeper,2026-04-10,Training,71.71208301804835,7.899632855468397,0.9800774422902555,8.404136589573007,159.25847540595367,188.22281577273617,5.212991871287183,46.36818830571345,0,0,74.25084638939079,80.663034847392
ATH002,27,Goalkeeper,2026-04-11,Training,80.30383207674036,6.734374601966248,1.1266163383825223,6.069614523602984,150.46348054840115,168.83430379002604,7.29848728431248,74.37135786205774,0,0,78.92082181291963,88.8405994051226
ATH002,27,Goalkeeper,2026-04-13,Training,77.3292915714403,5.745336597415257,0.9115922171076345,5.817609005714105,145.71272504204848,165.39263950834774,7.581335602711319,77.78100153310841,0,0,69.47783788838758,78.50981003787012
ATH002,27,Goalkeeper,2026-04-14,Training,63.76192350252485,6.651872600743458,0.8123680226000046,5.832220443531114,149.0566775691548,183.6027934038055,6.914808261773299,62.170439465332585,0,0,74.7163497630557,85.23433393681776
ATH002,27,Goalkeeper,2026-04-15,Training,70.61596856385034,5.340094847091012,0.672597058241307,5.900633506159681,154.24483712011678,180.5372161528545,7.55744177570713,96.25681468980623,0,0,69.49532236300847,93.8546708667601
ATH002,27,Goalkeeper,2026-04-17,Training,56.362415359574044,6.6116322417081,0.696168362412115,6.198502636479127,147.7235496494367,170.22638322012517,6.082937594863678,50.28228066970783,0,0,89.54289530117543,76.74845697937424
ATH002,27,Goalkeeper,2026-04-18,Training,84.09506219908343,7.004059079114513,0.602032966571108,6.324436054500785,160.6158910321656,186.4429580614503,6.467544785678625,48.593722767987884,0,1,81.30262574126824,83.64215888310478
ATH002,27,Goalkeeper,2026-04-19,Training,85.42985510996276,5.54662203299321,0.5843113595983265,6.044460473976129,156.04326563504554,186.99081758419808,8.034539889288634,65.63824153573071,0,0,74.32377702488293,76.14487188566396
ATH002,27,Goalkeeper,2026-04-22,Training,59.98346104287129,6.6576719780476,1.1126759080092923,5.404599096990763,147.85364183011407,154.90682600470973,6.931793457654213,52.09542367655462,0,0,84.80002589179648,86.46963996585603
ATH002,27,Goalkeeper,2026-04-25,Training,63.61300175010195,7.250602061956975,1.1644514499514675,8.247363197915558,163.3014027513986,186.68044279710261,7.634534060980379,57.11973527139158,0,0,87.54382275150643,79.64901246268026
ATH002,27,Goalkeeper,2026-04-27,Match,82.57606820491863,8.78030598167617,1.0918640856705588,7.107638019670889,161.54754217610758,176.79875423548964,6.0118690427097325,49.23504718156055,0,0,80.33610366060412,83.01920779584142
ATH002,27,Goalkeeper,2026-04-28,Training,97.91302382752193,6.175760904616371,0.6756994095137957,7.3098893216611165,163.15590488558158,187.41965128400724,7.184035136848986,54.30914665245016,0,1,96.47006005347052,88.67225890640933
ATH002,27,Goalkeeper,2026-04-29,Training,66.84670892481944,8.325112290738613,0.7433813347720898,6.923341948608575,157.82881439236522,175.37825093947546,7.400758775520408,64.07409051621369,0,1,81.60415227465514,88.69693667317732
ATH002,27,Goalkeeper,2026-04-30,Training,76.55400541209718,4.956030018593769,0.6703393756680774,6.198366116464739,151.02062154556617,178.936839282072,5.70742640995547,57.25636924383474,0,0,79.17325208909273,73.28814576342192
ATH002,27,Goalkeeper,2026-05-02,Training,58.234581778644106,5.58205039581549,0.6887797422902163,6.4317223773606615,151.334539972119,179.64498477158452,8.180235574764946,70.69678145833035,0,0,70.78154980182748,79.07112922894932
ATH002,27,Goalkeeper,2026-05-04,Recovery,47.688569343405355,2.5354348287872788,0.29587847351461694,4.8700221735477465,141.65093995707264,169.37199223239944,6.215935369170788,57.832198895739566,0,0,84.68123500481619,74.53305056194539
ATH002,27,Goalkeeper,2026-05-05,Recovery,43.34710976243163,2.684891048899605,0.30049289463201617,3.0894281113052453,122.61008443115693,154.47310478967927,7.462970351220753,76.44416826069052,0,0,79.20869880029151,78.39391063226527
ATH002,27,Goalkeeper,2026-05-06,Training,88.8881557406828,6.223667172405677,0.599713178960855,7.786597369397624,158.322661367354,185.22738093485503,6.800425636055739,56.7773536094625,0,1,78.82400732530978,85.53540985030016
ATH002,27,Goalkeeper,2026-05-07,Recovery,32.38918632880451,2.3990457932461697,0.3936531153832432,3.7474835042390735,138.6112216116722,167.76755814237336,5.957602553107971,68.9986611295088,0,0,77.60180202685606,87.907382449149
ATH002,27,Goalkeeper,2026-05-08,Match,93.17012227176573,9.729914032217001,1.156080689795552,8.050882829155329,164.00709632417224,193.40050336696817,6.907947003253566,62.560440696601205,0,0,79.1604097190017,86.36994550058218
ATH002,27,Goalkeeper,2026-05-09,Training,53.824849088675435,5.731001682352185,0.6368435144463761,8.007633558913684,168.25442467377636,196.75569049184767,6.983434477822903,62.87807865746758,0,0,91.89688536594352,90.91720587527458
ATH002,27,Goalkeeper,2026-05-10,Training,59.482301474896225,6.800068407481741,0.7993304132836648,7.072390311175676,148.08526016939325,171.11831901133706,6.795355432136932,69.2814893329969,1,0,79.14406838568179,95.41551554922935
ATH002,27,Goalkeeper,2026-05-11,Training,94.86488535705953,6.0435790999158705,0.9874104801473707,6.991207665411996,153.97773013237045,178.3404011693184,7.175133012967866,59.129089180002005,0,0,80.90549118676277,81.55174510622241
ATH002,27,Goalkeeper,2026-05-13,Training,54.225584358660896,6.4171822969111725,0.6723379837499255,7.994938227453236,165.1846400169563,184.06760280265118,7.9409850049081765,66.72772612192118,0,0,86.68042178434638,91.32677295673179
ATH002,27,Goalkeeper,2026-05-15,Training,71.77180144302213,5.5396979021374895,0.6114213606830905,6.38933463144267,156.72280539708814,177.07260026054578,7.090155946685424,58.52049563820449,0,0,86.03879212413827,69.7277967098707
ATH002,27,Goalkeeper,2026-05-16,Training,82.30130483369031,6.217661359058925,0.6474804750682986,7.214318935873653,157.4375728213358,175.5113968119379,5.523354073923453,43.075436921571104,0,0,82.9483209395208,74.13320399178286
ATH002,27,Goalkeeper,2026-05-17,Training,82.29895430021962,5.674605918457971,0.6640273893521453,5.497782981073275,151.7932257034869,169.91782216359294,7.564865555958119,76.46406541476564,0,0,84.89070224716771,80.38898600895072
ATH002,27,Goalkeeper,2026-05-18,Training,70.47959484115721,6.944718235922517,0.916721103158899,6.293685196380671,158.33927766518968,180.8811581094127,7.741089943622145,85.795091899232,0,0,78.29414993839782,88.93383074748944
ATH002,27,Goalkeeper,2026-05-20,Recovery,29.93479833553133,2.8745698762072154,0.3738584010380725,4.149631549703985,135.13620739452992,156.07423656377873,6.404606499256258,66.55814457619289,1,0,79.28136479211572,90.62107730654219
ATH002,27,Goalkeeper,2026-05-21,Training,94.47915822583441,4.769016257251932,0.49995048395225716,7.4173151613587756,168.64229588290115,189.23047511880944,7.749331391381609,60.307698413883514,0,0,86.5449708960249,84.69006717391972
ATH002,27,Goalkeeper,2026-05-23,Match,87.06063329549626,6.346340098898752,1.0382444825805965,8.028298817987217,161.08024517909385,173.9253979404256,6.136232823184004,63.685664205843665,0,0,88.04466383917119,78.70541085057619
ATH002,27,Goalkeeper,2026-05-25,Match,100.11096550774714,7.715714606397817,0.6796689409064224,9.370685228978676,171.2266116990402,186.21501614577105,8.05285567689549,65.5775741492223,0,0,86.63152092902006,87.83162325271957
ATH002,27,Goalkeeper,2026-05-26,Recovery,30.136788388813702,3.1813367720607753,0.4490997248848343,3.9470621180501717,138.1041048655599,164.61964442983444,7.68738176645937,66.01588123263822,0,0,88.99019262903674,74.50971975592243
ATH002,27,Goalkeeper,2026-05-27,Training,65.87772661245496,7.814678420734223,1.1736387227467606,6.787133354122986,152.43802424274585,171.9403796393635,8.319898520994945,82.81610946607971,1,0,82.80577898348676,93.76462941195149
ATH002,27,Goalkeeper,2026-05-28,Training,64.89945664754389,5.821792409716366,0.5155015234433162,5.111091828970893,142.52788144340283,165.79964819987038,8.376678210633234,61.129937852644986,2,0,74.75787011285671,86.93430982261921
ATH002,27,Goalkeeper,2026-05-29,Training,61.15979387284849,6.695243283393351,0.6129450206929169,7.637314542364729,156.13425937150637,191.52655511971486,7.73259361873561,74.30137960070786,1,0,86.91836999014608,87.49935674190445
ATH002,27,Goalkeeper,2026-05-30,Training,80.39368695398768,5.429197252786252,0.8496494978162241,8.586047049537115,165.03605179561652,188.59513492177157,9.399217693311904,77.32472026630491,0,0,89.08294526783777,99.9767994989192
ATH002,27,Goalkeeper,2026-05-31,Training,98.6503712486136,5.594830503743352,0.756574445510298,6.480531300922903,148.48622552004065,183.02525938912476,7.616664098804601,78.00274090222075,0,0,73.94723350908932,85.68055457784547
ATH002,27,Goalkeeper,2026-06-01,Recovery,59.37088658341571,3.283663202299414,0.46237150300621055,2.7815415546338755,138.8187230759262,160.3444510589173,5.069375058726596,41.881585049977886,1,0,84.56990015425143,81.0139293874951
ATH002,27,Goalkeeper,2026-06-02,Training,75.9429243566298,6.807145310835605,1.1558358815979373,4.371265905585188,136.3289893099271,148.93924498441868,6.4826017624525205,54.5889970499295,1,0,80.56373889094651,80.73096148672498
ATH002,27,Goalkeeper,2026-06-03,Training,98.43910965031881,6.501135128957744,0.6086941847915143,6.900481386506328,168.6258020819505,190.3721080553745,5.482935788319752,56.46105140153573,0,0,75.29350207644295,77.83796949415873
ATH002,27,Goalkeeper,2026-06-04,Training,75.96949955666375,7.310176137509146,0.9644194403396877,5.818944839385321,151.18865278968494,182.8240553358288,6.592447260747581,53.57306221691141,0,1,82.46885837781788,79.33743262770393
ATH002,27,Goalkeeper,2026-06-05,Training,69.7164385547093,6.539945035554056,1.076221026486514,5.743676575371426,151.99000566140793,185.9246843113777,9.144304770880517,82.12491259577459,0,0,83.17289038931975,84.45774648126806
ATH002,27,Goalkeeper,2026-06-06,Match,94.17987694750023,9.200790499218247,1.2927346362449024,6.680652348868188,155.71480361151896,188.98977914070394,7.02495787000538,57.75890891725714,0,0,87.0656993685845,75.65827231702987
ATH002,27,Goalkeeper,2026-06-07,Training,93.35155861007439,7.133899330872218,0.7096086096525431,6.265665088957936,149.55721836768654,174.09389209634827,7.483259292766846,70.22870304096838,0,0,83.51541307597974,90.19028156810867
ATH002,27,Goalkeeper,2026-06-09,Match,84.39201578683665,8.557544020780115,1.1506307388905066,9.248043362505006,173.37222929459912,201.81469582062562,5.951326025115497,36.999020203900194,0,0,83.75629289285112,80.95362815241657
ATH002,27,Goalkeeper,2026-06-10,Training,94.06352313652314,5.625462074201683,0.5327481812561371,6.388491172857056,150.745031618112,172.4560334822965,6.615587432607961,57.42790896564778,0,0,67.74140286197282,76.0065950733432
ATH002,27,Goalkeeper,2026-06-12,Training,95.34867453373039,6.525111052506606,1.0856557537811538,8.397288694773112,170.5013853895654,205.0,7.636757362205888,61.15704301906207,0,0,86.9258013062104,76.50529071149887
ATH002,27,Goalkeeper,2026-06-13,Recovery,45.956802101336834,2.629409010976884,0.2440882750121614,3.7234122030643935,142.22955096681736,154.5956693157754,8.138231308985233,88.63993446456345,0,0,79.83213662819625,82.84158805578512
ATH002,27,Goalkeeper,2026-06-14,Training,93.36234238636021,5.513576516505854,0.5586529925255859,7.1649271623017405,150.00156712583328,178.7260524575098,8.036169708313476,61.203833683863614,1,0,97.87022074249094,98.31592804229373
ATH002,27,Goalkeeper,2026-06-16,Match,88.86343277024349,9.112587862713971,1.0565128191329898,7.9023686124761525,164.02908419294525,188.66306036181294,7.5502164224929125,60.962224854902644,0,0,92.27224170410736,76.39155309763207
ATH002,27,Goalkeeper,2026-06-20,Training,71.99774600151405,4.31099002537834,0.5464828696613873,5.4300398434074175,153.10059210685475,172.3066032857155,8.56624972841085,75.7299433635493,0,0,74.95672021354616,72.49496929147786
ATH002,27,Goalkeeper,2026-06-21,Training,62.384281060327865,5.219367258038717,0.6775389026729375,6.396568775709716,146.3947421969185,173.4269324099536,8.184206995994334,69.68024142224392,0,0,85.68904838381783,92.64301612475525
ATH002,27,Goalkeeper,2026-06-23,Training,61.661037005837386,5.881336993008418,0.7877282554305552,6.464174421293537,145.94574940093392,159.86129909376643,7.207601232138636,64.13550781586942,0,0,80.63267211069602,82.0314809189887
ATH002,27,Goalkeeper,2026-06-25,Training,70.67872856834175,5.670556311145304,0.7346083855217564,6.7327867429401635,158.29381537213584,168.22880536372713,7.065673923102516,62.53978528146466,0,1,83.3460379406685,90.77659650976139
ATH002,27,Goalkeeper,2026-06-27,Match,92.72171733648347,7.920734968067525,0.7752657916257455,8.695984921233936,163.22584551699825,183.33359174710154,6.140388561290697,63.885315591557834,0,0,89.98803437193042,86.56612064773283
ATH002,27,Goalkeeper,2026-06-28,Training,59.47790849755085,6.007842091084018,0.4881227044115862,7.739584006441562,168.12210622647294,200.21750058883816,7.003380688357385,66.5505720994361,0,0,84.87807843705978,85.5679793974456
ATH002,27,Goalkeeper,2026-06-30,Training,79.03373955631474,5.607716256278322,0.5183283711593853,6.2725237400465925,149.0395951830336,174.04071517084344,8.135546795533761,65.8817742003269,0,0,86.55507101623157,78.98066563032015
ATH003,24,Midfielder,2026-01-01,Recovery,31.458547075912506,2.8684209463812995,0.4271861235582593,4.203063644334192,135.28936282266602,158.58443223509323,8.175286575689244,84.60926878124116,0,0,70.13064850375113,81.22633434050134
ATH003,24,Midfielder,2026-01-02,Training,64.98812345410101,6.632551743018019,0.6491732405478635,7.26402978157286,155.42040354001196,181.07684913413232,7.168183408878542,71.54379835325562,1,0,77.84347085381174,89.97562617880213
ATH003,24,Midfielder,2026-01-03,Training,80.49366731910942,8.528248454861616,0.8730247173305606,5.510042207447986,153.01144551321383,174.4896513906599,6.76039213074697,66.60482196068516,1,0,84.66864284698957,84.73847519646182
ATH003,24,Midfielder,2026-01-05,Training,101.64820555899738,7.256716798529065,0.784347779436217,6.508828138267395,154.1984823712295,181.43857372949788,7.381140389419914,74.14289377557925,0,1,74.45279106454667,90.61407058160736
ATH003,24,Midfielder,2026-01-06,Training,69.8847773198829,10.019650622667841,1.0291015450856646,7.345526099885212,158.74971357414867,184.18695816224175,7.165877291901524,60.916019797657,0,1,84.03334958931113,85.13382295495667
ATH003,24,Midfielder,2026-01-07,Training,76.09321039927347,7.490772014820593,1.1579520669829375,8.306534671459334,176.31305098649491,204.51320645472762,7.855521654066564,75.46951018002677,0,1,88.34420983226934,90.62587430068662
ATH003,24,Midfielder,2026-01-09,Recovery,37.5748588937676,4.591111352603165,0.4790839988695032,4.245620376000071,145.45634542548333,166.07835768255657,6.179673184755117,56.18476145743092,0,0,81.6344930033753,78.76598383174091
ATH003,24,Midfielder,2026-01-10,Training,42.332667108922266,8.59140670464984,1.0799244049536472,7.442545228453472,164.8945270280466,188.80583261256152,7.004296697721816,67.12694711832542,0,0,92.21903565950822,82.690076801939
ATH003,24,Midfielder,2026-01-12,Training,81.99285099808637,8.21330845759127,1.2130259074907126,4.844631118594198,133.97534738962202,159.8457298653783,7.8138581193968095,72.59491903193076,0,0,79.77650342559531,74.54760627411741
ATH003,24,Midfielder,2026-01-13,Training,66.42383187611482,8.976697518094287,1.0659668866012102,7.021279905013815,157.967978459917,183.17138316466975,6.162337209103524,43.94632919339328,0,0,73.06217547138334,76.29479740306917
ATH003,24,Midfielder,2026-01-15,Training,69.55449017803099,11.139693316274702,1.7548371328834642,6.603438129308106,153.55848412629632,187.58376982327587,7.0908508513315,64.77618332948124,1,0,83.35456913867053,89.63834250846837
ATH003,24,Midfielder,2026-01-17,Training,57.94616231825255,7.9117091929482,1.222178148951174,5.982862919551238,156.04659021295907,176.35456925789285,6.416267194267741,44.79946623195829,0,0,84.82925428250924,67.72723956096233
ATH003,24,Midfielder,2026-01-18,Recovery,44.311442457672854,3.1675225286090787,0.3383736289387886,3.3947756778096894,130.76573959682875,152.81079725182676,6.753684019244241,67.76771389311169,0,0,84.91000774913937,77.27016422766052
ATH003,24,Midfielder,2026-01-19,Training,72.56499044387466,10.546000643626126,1.730931923112484,6.720351829273546,155.66529621777985,179.6792849824675,7.290884017766757,57.51462562204682,0,0,75.90472703806013,73.66187926604725
ATH003,24,Midfielder,2026-01-20,Training,76.91355008164955,6.097330581512083,0.9248409718130046,6.534713748752562,158.16017511772964,190.96333626930567,7.247064926620163,56.03185537271001,0,0,78.9789750286762,79.37070361553387
ATH003,24,Midfielder,2026-01-21,Recovery,43.926754863261884,3.8747917225916724,0.359223864444176,3.7884764127142003,137.0601325949529,159.6607382221661,7.34236527732266,70.53244873694042,0,0,83.09500618359527,74.39079599659028
ATH003,24,Midfielder,2026-01-22,Recovery,48.90048237669375,3.813668817003823,0.32878906657713924,4.327323765071973,134.7169665751342,153.06906832287675,5.838282739055385,63.96946924079883,0,0,79.34143075626358,84.76377549580633
ATH003,24,Midfielder,2026-01-23,Training,65.6244395181233,10.060014075952965,1.4350327145578998,5.475007686181237,156.21955406079772,187.7647240844199,6.6833544391772675,59.833943985856436,0,0,73.40108911285174,84.6973311520661
ATH003,24,Midfielder,2026-01-24,Training,61.71411819837058,8.38203906751751,1.130595820606436,6.134494063014734,148.78612636150913,165.48535129053894,6.617445050038409,57.057198040393814,1,0,79.768852706328,83.08429491656034
ATH003,24,Midfielder,2026-01-26,Recovery,50.30180661215413,4.231689210493828,0.5495245922194117,2.935002011914465,133.21908560036107,149.87775404944028,7.241985295364392,63.868270697017536,0,0,73.13845043480859,80.67342578401082
ATH003,24,Midfielder,2026-01-27,Training,77.9160566646528,8.32548548228211,1.2234423039196265,4.967299440110069,144.08821795584151,173.8104029770712,7.367655368177997,68.02991462268851,0,0,86.18992489453721,80.53996873544841
ATH003,24,Midfielder,2026-01-28,Match,89.29437313732579,13.00852838388353,1.4659698504691958,8.840122053025624,166.94557324639135,200.30630041153793,7.7394941920680065,67.72008357424096,0,0,84.2778378903158,94.35307838567375
ATH003,24,Midfielder,2026-01-29,Match,87.28720997104062,9.500149106372886,0.9194033633342635,8.995259265457046,170.45697285019645,205.0,6.511038294348336,45.60521488684656,0,0,76.69504912033739,67.31228075896423
ATH003,24,Midfielder,2026-01-31,Training,70.8428819279172,8.242029644498915,0.6600621806541732,4.888432640897172,142.64866111832734,172.16475501004368,6.031281138435405,56.80653942311259,0,0,89.28984106775343,87.6789870308338
ATH003,24,Midfielder,2026-02-01,Recovery,50.26714009537992,4.120367063806558,0.5701014453113132,2.1976864000529854,126.43892176423314,146.8035092716957,7.441237806853511,83.62856049798464,0,0,79.52667552985318,84.83563954571818
ATH003,24,Midfielder,2026-02-03,Match,90.3552795732135,9.77259094443471,1.403289055662593,8.415581548051453,164.23558513448083,202.34016553476357,7.6134564875190645,60.23886366121009,0,0,78.33168851566823,88.39697717068718
ATH003,24,Midfielder,2026-02-04,Training,77.23699403692855,9.538897623550147,0.9853813333236245,6.549308331520223,152.46049795921297,173.23156493322506,9.336472958227988,94.03442295657634,0,0,90.74815165338595,82.33468914943673
ATH003,24,Midfielder,2026-02-06,Recovery,49.04992791444741,3.883431691986383,0.5285512119915985,4.513113989574265,136.83040644289588,160.3342218331402,9.3514805316216,75.0828100632902,0,0,84.13730025888677,79.65022510139937
ATH003,24,Midfielder,2026-02-07,Training,81.08252947668673,11.00187625863047,1.1541834249318064,5.73970905243602,139.56081545853044,169.0674121855743,5.241425258369311,46.13403754710318,0,0,69.53312908086282,73.41959516583321
ATH003,24,Midfielder,2026-02-09,Training,73.72656581316802,11.5780892538235,1.1728011667322573,8.204651005928135,166.1133665042812,174.88701671466455,6.53310390287257,50.503820119708614,0,0,85.79996095642743,77.18137179325589
ATH003,24,Midfielder,2026-02-10,Training,77.38416011456889,7.844149749031951,1.2233689862232335,6.420932658135444,150.9212776230584,166.43677271920174,7.04500827762377,58.74381144752501,0,0,74.58831703140235,73.76077869614302
ATH003,24,Midfielder,2026-02-11,Training,77.60899890824057,8.92496583425308,1.2769654829473895,6.173376510914433,157.12072667372144,187.2940677450433,5.825395649786619,42.849127320167234,0,0,64.96552804308743,76.5557154644901
ATH003,24,Midfielder,2026-02-12,Training,72.34184084457452,9.535174362986533,1.2317217543593029,6.7047588824017845,151.3766386008301,168.99580913828157,7.273304211079363,72.33684162615614,0,0,90.22026196702595,77.3927421850667
ATH003,24,Midfielder,2026-02-13,Training,76.48987909165564,8.849877141551028,1.31837725286124,7.209784290583688,153.20759373294285,183.9795168673739,6.886689226988635,64.69662536468495,0,0,83.67560702929916,78.3677043102957
ATH003,24,Midfielder,2026-02-15,Training,67.4054367013825,7.848146969836263,1.1621582958495582,5.585718689203358,140.8263881529743,164.9569606784857,6.698650657524955,61.607052396213994,0,0,79.66991837019305,78.43016102498387
ATH003,24,Midfielder,2026-02-16,Match,100.39337336686283,13.22803054415206,2.1121394669094786,7.0530156696089445,156.19649916326313,181.67503832465843,6.326690172113221,52.717998831145835,0,0,86.56193125209914,82.15478982381151
ATH003,24,Midfielder,2026-02-17,Recovery,48.339161045871336,2.4538378238419534,0.3510773442097124,2.8620652878355326,135.1498462152095,156.61047767643214,6.981047579920065,69.5922979812196,0,0,90.10643735447883,84.8051813554663
ATH003,24,Midfielder,2026-02-19,Match,97.27429534605443,10.502176347281079,1.5549238853355343,8.08786850177161,158.05538702287893,192.4081221298603,5.722584731230961,57.45760522655598,0,0,79.76394649628816,80.93625880756836
ATH003,24,Midfielder,2026-02-20,Training,52.319877945804684,8.399626012166731,1.1129307271173483,5.892353654626527,158.77586450838407,189.775994798941,8.627688963203093,74.72600199122259,0,0,80.30918571587965,83.57035366709567
ATH003,24,Midfielder,2026-02-21,Recovery,45.532740574013346,3.6339023277321876,0.48107892661418766,1.600730156085612,127.02158039616387,154.3094380697526,7.3804875704043,64.9710396162413,0,1,66.21561917902562,73.32915804606257
ATH003,24,Midfielder,2026-02-22,Training,74.58573840202426,8.973074268283678,1.3852794903600227,6.250190100315754,149.25200617440734,174.75701555552152,7.111545779189316,66.97386683882948,0,0,79.40335669846966,85.74476516355782
ATH003,24,Midfielder,2026-02-23,Training,86.83651807087125,6.632549601853681,0.6298046909179071,5.788026772741077,148.925005038819,176.68368854312087,6.942661672432512,53.54626724542878,1,0,81.63286937332587,87.37320262426357
ATH003,24,Midfielder,2026-02-24,Training,68.88943964881038,9.0242186905782,1.1018106764616609,6.021241428478311,144.5835570104852,181.18988817793638,6.956075579448103,69.07380175463781,0,0,87.35946777020277,82.23494254836605
ATH003,24,Midfielder,2026-02-26,Training,38.90841192367491,8.878604035385889,0.9360669979160027,7.071179406219208,151.9760344033181,172.92115057711817,5.685579729188739,42.15693281131619,0,0,82.89613720879471,69.97168628283217
ATH003,24,Midfielder,2026-02-27,Training,75.88719344436602,9.112968897881576,1.1972331868192725,6.3403148125117,153.26934625672394,181.61936479599416,8.77098269290576,76.65683550637988,0,1,93.93000396148358,100.0
ATH003,24,Midfielder,2026-02-28,Training,105.13847516244171,8.879300156493978,1.265720369580093,6.459449384417765,146.1510465480337,172.81053558157998,7.107700472741914,52.16193575870222,0,0,90.13343761426209,73.39524240303793
ATH003,24,Midfielder,2026-03-01,Match,86.1027016774611,11.322384873241477,1.493241421144533,9.071965285625526,174.79803871838317,196.5171901809474,6.4164440047341955,45.97221757813072,0,0,64.57321362053747,80.9525221289162
ATH003,24,Midfielder,2026-03-03,Match,93.04767115131398,11.750420128526269,1.6993607528928705,7.545024896704538,165.44736646231195,185.90460538141565,6.886060062068709,42.941513640027054,1,2,76.586857357167,96.7572785129148
ATH003,24,Midfielder,2026-03-05,Training,71.49889641289755,8.913115726036859,0.9324251584122624,8.450851802367929,165.04442786969983,186.9020400530713,5.877283386268273,39.312976009015934,0,0,78.40937451651372,73.85255281302086
ATH003,24,Midfielder,2026-03-07,Training,78.4758443785171,9.55170939627226,1.379635746941845,6.545871444884565,148.72309992304517,169.04854348678498,7.282912359127428,61.53394795614184,0,0,83.11413148251243,84.32770348775954
ATH003,24,Midfielder,2026-03-08,Match,89.84845340022679,11.143756000771868,1.0256716706061288,7.309566001045399,156.02484103011503,174.3037403979918,7.832982408754932,84.0106737377576,0,0,77.52805909775745,82.68055963035559
ATH003,24,Midfielder,2026-03-09,Training,67.97679838932552,8.941456668581914,1.483566241155397,5.259645747849028,146.22172667633924,167.44157679913587,7.758759952258861,70.68985537091233,0,0,79.21251353130629,83.76557694673772
ATH003,24,Midfielder,2026-03-11,Training,79.60122037684373,8.359828238656066,1.1966331197707802,6.103604479823545,151.52225870209972,175.87867010723406,8.198254606775945,67.23858321581527,0,0,78.42679038889685,85.96006548338863
ATH003,24,Midfielder,2026-03-12,Match,95.40681163287653,12.464846557880788,1.172600433906312,7.507784631196084,161.04382771711033,188.57647927804976,8.501193652892022,73.59304500242291,0,0,71.39793780996669,83.85854836738005
ATH003,24,Midfielder,2026-03-13,Training,86.46388562549106,8.468084467611037,0.8159738123169633,4.534071005853022,132.02332352083846,157.30828433034833,6.875835339812263,52.979954077235575,0,2,83.36220687318934,84.08897652106376
ATH003,24,Midfielder,2026-03-15,Training,87.4215469941208,10.909490149455772,1.322805279686902,6.94556458127749,161.5842824214984,183.4304968175861,7.129166312006122,57.69313478546188,0,0,83.33962501552156,76.08062345598685
ATH003,24,Midfielder,2026-03-16,Match,92.67669173946146,14.230508142740714,1.2751113583789024,6.777004383484664,160.10589188596376,187.27309034847215,7.483034828116517,74.03263952287848,0,0,79.56254530678284,80.7672878405025
ATH003,24,Midfielder,2026-03-17,Recovery,53.97762854158172,2.9301758707889176,0.42848792924514423,3.7588414059805393,139.24496856993895,169.28295175652607,5.8782342141422586,49.95995965187415,1,0,76.21479957146053,85.56223228651297
ATH003,24,Midfielder,2026-03-20,Match,94.55663322081178,13.24160110819776,1.2122883564006628,8.998229011394836,168.36350192645318,198.44479454976266,6.996298190703022,54.271923665369975,0,0,77.98992883091918,81.94486695616976
ATH003,24,Midfielder,2026-03-21,Training,77.40551557696475,8.901749765288654,0.7650606851042708,7.108905356254632,147.90562354875595,172.4967888660318,7.307091056122877,48.51558134076686,0,0,79.9894031272046,74.27523141289825
ATH003,24,Midfielder,2026-03-22,Training,86.0471789125418,8.7090574135412,1.1651970728452843,6.178015633540748,143.16230172891633,154.77949361416958,7.304015823645137,61.753222745055496,0,0,89.04065365979467,81.20967043440989
ATH003,24,Midfielder,2026-03-24,Training,72.44998362370602,9.32254614409084,0.8224517253905084,7.678948399236668,150.95542050535917,178.83988798396706,8.447039366701382,70.64773850596397,0,0,79.01456501014472,89.89555887669947
ATH003,24,Midfielder,2026-03-25,Training,78.55892326236366,8.93526995493755,0.9775766136756826,7.767651511187974,167.07926724902921,181.82734176617348,7.772365559461897,76.97848960462578,0,0,75.65561285353661,87.99790650679572
ATH003,24,Midfielder,2026-03-26,Training,79.59698588453783,7.130933162995622,0.6382793527235849,5.695240653381261,151.5003105127417,178.43942340749092,8.255435173868205,85.22876952563823,0,1,85.26532211404208,93.12170459790315
ATH003,24,Midfielder,2026-03-27,Training,80.39880275291272,8.470488944807078,0.7031193756575467,6.699485299442913,149.2242970978273,175.9391168185957,6.339361437416457,58.868366656799736,0,0,84.52419778611088,78.82829136375007
ATH003,24,Midfielder,2026-03-28,Recovery,48.16336788310431,2.9573932770213593,0.4184967223551364,2.829701731489352,129.68501720843068,163.4862569493588,7.585352405792609,71.63998747233909,0,1,70.84352004432245,76.09845130018564
ATH003,24,Midfielder,2026-03-29,Training,58.76989572671133,9.04927548193934,1.4535255387900374,6.285932302272139,154.1819686399344,174.72531957276215,7.055715575443968,66.4088782969506,1,0,78.46532720331324,83.83997836896721
ATH003,24,Midfielder,2026-03-30,Training,72.86498549034722,8.047441635785864,0.7381824780542926,5.587189080703487,150.24340409203825,168.38204733344526,7.587481119065533,79.12693704928972,0,0,74.43272888888615,87.58601402982131
ATH003,24,Midfielder,2026-03-31,Training,92.60485962051979,8.4332897498843,1.1069093653474167,7.472617642707743,162.33986381126752,182.06902100321517,7.768213022233358,63.27378214238633,0,1,91.14115187337424,82.0178898399311
ATH003,24,Midfielder,2026-04-01,Training,87.82973116723096,8.738455742272789,1.2790375406302434,5.72656250813234,148.78578942817114,173.18293510474092,7.048348367298612,66.90420925401476,0,0,80.61358313525392,85.73955524264073
ATH003,24,Midfielder,2026-04-02,Training,63.406119319554996,9.025084174798478,1.3904976221828034,5.494398624310534,151.4625446494639,169.1625893743028,8.566044403079218,68.41638313716763,0,0,80.53431436134079,83.55489822885113
ATH003,24,Midfielder,2026-04-05,Training,77.66682763956629,8.579728155863938,1.3003429594901474,6.57775991999108,158.7600020772746,180.18153362946134,6.830736404815308,65.81427909391996,0,0,78.49326824889737,75.87001080870293
ATH003,24,Midfielder,2026-04-06,Recovery,59.564351263534526,4.09426306211017,0.35336021551194885,3.103523786149694,137.2487845820881,163.0688158090654,8.205143612646797,80.76276606294687,0,0,77.38262571300925,83.08982027245574
ATH003,24,Midfielder,2026-04-07,Training,72.63611222142822,8.751863900996115,1.073923896167067,5.889218054914129,150.3853979469818,173.7201324090885,8.26214645511429,78.79548896107075,1,0,89.86115144848539,86.97910115900906
ATH003,24,Midfielder,2026-04-08,Training,96.97946741590064,7.730141891255669,1.130480578705714,5.766734906513646,149.93960200866658,162.82003801572978,8.397750505221701,73.85741555445286,0,0,82.33518363906698,81.61035315658003
ATH003,24,Midfielder,2026-04-09,Training,74.80067589208909,8.001921087166908,1.1674781146410076,6.394181242502302,161.99622018319198,191.02640928611953,6.584586523856631,48.56524763754856,0,0,84.4875661032437,77.74828864461766
ATH003,24,Midfielder,2026-04-10,Match,98.00379480768453,14.101820891467382,1.7473709763240513,7.841484579019326,164.66502340280113,182.34309926313728,5.284395081689829,22.334700183970654,0,1,92.4914554843512,79.42135305644662
ATH003,24,Midfielder,2026-04-11,Training,73.06691547285992,8.926708966449409,0.9836038281660986,5.125628595704752,144.8900874483935,170.16347073524489,7.661066424451923,76.28348798508198,0,0,94.92957206429885,86.62378440130391
ATH003,24,Midfielder,2026-04-12,Match,87.98859986430229,10.78324435173059,1.2570017242403997,7.860654179275605,163.15217159015117,190.5563226126654,7.602763879479062,46.950796354452805,0,1,85.91383690966138,76.8490361158682
ATH003,24,Midfielder,2026-04-13,Recovery,48.8420840112474,4.087195170415826,0.6127274622746928,2.7614246271636853,126.75529270338724,157.95063357750882,8.507510130409578,76.33373312850559,1,0,77.26796841309182,80.84871949306591
ATH003,24,Midfielder,2026-04-14,Training,82.98442722039395,7.965116596672184,0.6512966993576268,5.056395737830235,138.98131851611103,156.49756264593012,6.83531137357493,65.13617787092652,0,1,82.7578851968992,82.3008332279094
ATH003,24,Midfielder,2026-04-15,Training,82.99523606452227,9.298161334370732,1.0839949402629263,7.077978523639557,156.82457391007708,181.27074154727242,8.500676649632247,79.28136684680382,0,1,85.28593463151515,90.81342663431225
ATH003,24,Midfielder,2026-04-16,Training,74.54528301939803,10.061186896567165,1.389082752523737,8.88837199287044,168.5183635764477,191.87735768564792,7.278808271777074,63.63397942613186,0,0,69.80199558597971,92.9149899412956
ATH003,24,Midfielder,2026-04-17,Training,75.41840259334975,8.461467269378902,0.7906762858521721,8.496850218688852,173.92363778390126,192.64691127352623,7.526066674141219,65.30359785441088,0,1,87.7470377866496,90.77311128863029
ATH003,24,Midfielder,2026-04-18,Match,88.74448551492965,11.606138560504778,1.7155358899298696,6.340197686330036,153.7344120365306,172.21765424144215,6.3185651345615,56.189949024608076,0,1,85.50809969150754,83.0967190074874
ATH003,24,Midfielder,2026-04-19,Training,78.00830899227303,10.061182836650955,1.016502836885067,5.688025847706523,146.17826663247607,163.55827504811282,7.701956117491596,75.34712173420439,0,1,84.30521243203538,86.75618335771188
ATH003,24,Midfielder,2026-04-20,Training,62.6499970710488,8.906019249620725,1.1181737543685413,6.095754400802771,154.8024649656876,179.91875239187573,5.011715961592619,48.404059598536264,1,0,89.25209206501182,86.67731170668468
ATH003,24,Midfielder,2026-04-22,Training,108.06261292463881,9.491271540560714,1.1748623258881041,6.194389385846197,148.91303717823527,169.51342507541023,6.821449314196585,54.63419285885331,0,0,78.87643493391728,78.87604850272004
ATH003,24,Midfielder,2026-04-23,Training,73.36402989041179,6.0024919526310905,1.001795574299765,5.749100529038914,142.5173606504581,163.26989500641366,6.863527927082146,50.96582043272484,0,0,90.5638321857353,78.10767739524597
ATH003,24,Midfielder,2026-04-24,Training,82.91341489336334,8.958677231587314,1.0009317904026778,5.696051585272519,147.93754742043657,167.29933183092368,8.14179787250778,74.82425669181181,0,0,74.02898482590926,85.00698748538535
ATH003,24,Midfielder,2026-04-25,Training,72.61380307778819,10.184246870626094,1.7213544288712015,7.5065957152777,164.38343679462008,182.26541823196095,7.629070299323962,70.61568305560431,0,0,79.1890233198381,80.17502984374485
ATH003,24,Midfielder,2026-04-26,Match,87.96811535440975,12.37001189191405,1.6992218158775474,8.245416964003056,163.7642588539677,187.82608002934828,8.36318179875876,66.45445079956883,1,0,80.27818218092582,78.11694167103202
ATH003,24,Midfielder,2026-04-27,Recovery,65.39207766974178,5.3040105344413355,0.44834304573215666,4.327097401493402,137.57663322069396,165.06993766953934,6.851579616299987,66.74263105114575,0,0,73.80915593885919,74.75022388316204
ATH003,24,Midfielder,2026-04-28,Training,68.58911673644488,8.62834603927974,1.0995160566629265,6.650910963625069,161.19086462415578,178.72360962364743,7.309581278684208,60.537947859030666,0,0,75.91312163975552,76.86440588075945
ATH003,24,Midfielder,2026-04-29,Training,86.61391228830244,10.29963696118269,1.5495506218899058,7.493782214530439,160.82024102815683,188.16588461784235,6.679798444753279,52.42638006315858,1,0,77.36936825564275,94.99929165007666
ATH003,24,Midfielder,2026-05-01,Training,62.843645860525946,8.56584449757559,0.7803369914464426,4.8127762500642985,140.58958853183137,155.45855740342037,6.091957319777115,60.99039943558068,0,0,85.62274312166737,74.96094225389672
ATH003,24,Midfielder,2026-05-03,Training,70.52078104870424,8.227127558384757,1.1233204273280768,5.688078340892007,146.53720685104605,179.48886339366828,7.844403885709191,73.17370236106807,0,0,88.37594374472516,82.25745490140137
ATH003,24,Midfielder,2026-05-04,Training,94.96479398572168,9.310769408814956,0.8846242103437293,6.805243126531353,162.90239520084359,191.8193384539623,7.893902394867956,69.80361036172631,0,0,76.85459455512313,82.2426294096326
ATH003,24,Midfielder,2026-05-05,Training,72.03737524117571,9.164877356760673,0.9109123893510386,7.469548066889097,159.8330270358662,192.2129692464983,7.984414828492946,60.1045570888702,0,1,95.23317740959249,95.02768848460072
ATH003,24,Midfielder,2026-05-06,Training,87.28531561944979,9.186973475744896,1.2001769182168287,6.096562301378642,149.29785864565875,179.03737697874385,7.9726121231776155,74.82098443329193,1,1,73.66420761873405,91.4191715958289
ATH003,24,Midfielder,2026-05-08,Match,86.85094075729077,12.569615650390714,1.0997557605795867,8.004045503529502,158.3269568112471,190.0424263166317,6.834989818170769,67.51109599053196,0,0,75.9493076047159,72.86744593461829
ATH003,24,Midfielder,2026-05-09,Training,91.54163552953806,9.06209848810625,1.2720056164127447,6.615824587226946,143.59284247868607,163.03404036923936,6.235884135216545,55.14154796302788,0,0,83.68577992699059,81.12498752211849
ATH003,24,Midfielder,2026-05-10,Training,70.97751296088697,8.28985173151749,0.8074359607690215,5.831248286422455,149.4134784747394,177.8141088318445,6.508364701404748,58.07839522519342,0,0,86.26846347679297,96.43142068932342
ATH003,24,Midfielder,2026-05-11,Match,89.88120158988649,8.96684718557901,0.9170544211588095,7.9279515349696865,160.91725825131095,193.98316749923418,8.263933349237135,69.6039952126431,0,0,89.36682060070808,86.59329420738973
ATH003,24,Midfielder,2026-05-12,Training,78.41790334348363,8.599753337832103,1.1285518145051159,5.944555207134998,140.14358371421494,177.39665117742334,7.239792499279461,68.29584543438239,0,0,80.88445311430738,73.9725521473284
ATH003,24,Midfielder,2026-05-13,Training,62.61640459383385,10.191715006046653,1.4244053054932873,6.0597407956136,151.43098976999485,179.4819031068791,6.930160884356672,63.8095335812751,0,0,87.4089791988564,81.22942628773048
ATH003,24,Midfielder,2026-05-14,Training,55.63900976817017,9.782606600548613,1.2800123478195302,5.62620537875881,147.90530344561188,168.0283619035925,7.8452529334039784,79.69768207934179,1,0,78.01477393632261,80.76257604763993
ATH003,24,Midfielder,2026-05-16,Match,93.70830115976314,9.76106710753525,1.2307531551970285,8.037211013159022,157.61561534182897,188.2555002503859,6.749411484875162,47.52703652397474,0,0,79.36639616593598,80.73808780434992
ATH003,24,Midfielder,2026-05-17,Recovery,46.81369349072453,3.3853333716897893,0.350736411011165,3.0149944135695916,127.19534902492592,150.87733231082015,7.64857344068774,64.56812944284954,0,2,84.00663108909113,93.72330489445388
ATH003,24,Midfielder,2026-05-18,Training,76.01360143667937,9.77457866995944,1.6342442804666202,5.43074550624492,159.20783956673364,179.79514604438137,7.076055405466716,73.33122509775606,1,0,83.09522858129606,82.84239343854567
ATH003,24,Midfielder,2026-05-19,Training,95.44922493670941,7.1619237476831605,1.1845187675442814,7.389153824787806,163.36675007201538,184.7636839629044,7.151842003404717,57.03704050828476,0,1,88.17261394854089,89.41734070695443
ATH003,24,Midfielder,2026-05-20,Recovery,48.2018868442142,2.6048469539817565,0.33221174791141994,3.641157033590478,137.07733830970864,163.55766664190028,6.204232975588541,76.13391834968682,0,0,79.99547104734799,83.82045559696053
ATH003,24,Midfielder,2026-05-21,Training,74.85104136569286,10.520194636112263,1.1246440861662168,7.2490139550741315,151.59109020094655,173.97415755190164,6.868141563040105,58.69595354715202,0,1,81.69722171558297,81.62991400422587
ATH003,24,Midfielder,2026-05-22,Training,82.06200943513434,8.148491675872982,1.225992524311804,7.166872345075791,158.69081667504506,186.04662136895087,7.5082269711582965,54.67296285420605,1,1,82.30136619499409,88.53335875276201
ATH003,24,Midfielder,2026-05-24,Training,67.09152870133626,9.902476965957003,1.5422651506766174,6.075100910797193,155.9904170329184,181.73129588790596,6.988142800553807,61.2515365752179,0,1,74.66694360909392,85.57237123161238
ATH003,24,Midfielder,2026-05-27,Training,76.4359116542272,7.1042144238522935,0.8509851389859907,5.662531983873468,149.020895282354,175.6589595873203,5.232823966208268,45.359478216105884,0,0,82.09615169377096,74.76831626808494
ATH003,24,Midfielder,2026-05-28,Recovery,43.79508788296054,2.526367097072033,0.24390346300617627,2.9637154185725305,127.03803546178874,153.57451473378487,8.331766659887416,75.3971921338101,0,0,91.32280300652609,71.9250551982806
ATH003,24,Midfielder,2026-05-29,Training,80.52065209735733,7.582197054844192,0.9948064430925617,6.726505352115288,148.38725377934557,171.1736171451568,7.292427914546956,58.045435708963836,0,0,92.38701779060379,85.93840760666332
ATH003,24,Midfielder,2026-05-30,Training,67.90458253437727,8.148695804509718,1.201198527924648,7.5294405559270405,157.24711353215636,180.1545267439585,7.337512805496882,62.227400662709464,0,0,71.74501866885727,86.97858818621572
ATH003,24,Midfielder,2026-06-01,Training,76.28603898311515,8.351870601199312,1.3217562273214463,5.421487258635403,149.5255115604081,169.87970302777896,7.829776804038514,66.54449438158781,0,0,85.8542355498494,79.11361844433522
ATH003,24,Midfielder,2026-06-02,Training,79.01805834029545,8.7852116496359,0.8385575670882639,7.820750127826161,164.92556559567834,195.67315792697244,8.726847656992337,80.17007990249603,0,0,83.84699423508332,97.52944518843637
ATH003,24,Midfielder,2026-06-03,Training,77.158972434557,8.444027901020938,1.2503244787241983,7.337830535229481,154.81482006074526,179.65431258730044,8.410695624781626,72.3290072567276,0,2,85.06165786701473,91.27895369930322
ATH003,24,Midfielder,2026-06-04,Training,84.78918197987991,7.939276649346738,0.8641988594655808,4.972958939179543,142.77535857563757,163.3431735856602,5.635695571219926,65.56916944782654,0,0,83.63452837992166,82.89561574167156
ATH003,24,Midfielder,2026-06-05,Match,97.46053391991214,9.59746500140067,1.2474461025230543,7.871256817475838,165.84822370142751,203.53471270728028,7.437652112652621,67.23670837229214,0,0,79.73897392302064,86.88979002835103
ATH003,24,Midfielder,2026-06-06,Match,81.6018335887648,9.94901278239756,1.5151261138937,8.60632511281011,174.731888875165,202.22684865189706,6.004792960693849,57.37891497608665,0,0,91.44240529933063,87.3752942441076
ATH003,24,Midfielder,2026-06-07,Training,90.87293360262163,8.672307333842598,1.2100640268239686,6.330877314357184,156.77938596696117,186.3662552887959,6.217577418570292,56.50241555069764,0,0,83.54544982533517,73.1042872885201
ATH003,24,Midfielder,2026-06-08,Match,90.26645233561999,9.459994568238988,0.8331294313059217,9.34437870185593,167.7828254829985,191.2209712353699,5.740962909213272,42.1771040843251,1,0,85.92703451633884,89.29987606194815
ATH003,24,Midfielder,2026-06-09,Training,77.10209939170804,8.482262899195423,1.4378350265163253,5.534723660400442,153.86623422010027,175.75968953676696,7.2960221057738535,70.21989278843772,0,0,71.51862585192667,81.27022514902478
ATH003,24,Midfielder,2026-06-11,Training,89.31973207112551,8.193986368898313,0.8658322667387609,6.202942792127257,150.48172427720226,180.10653759713009,6.151548054172089,57.1042957235367,0,0,80.02306419869208,88.24330169956879
ATH003,24,Midfielder,2026-06-13,Training,82.44178536498556,10.001107052666695,1.5874480855506479,2.917937392512489,127.94508548310476,153.9505061179107,8.1460336377551,76.84732304736607,0,0,87.36946333616095,72.30967517306132
ATH003,24,Midfielder,2026-06-15,Training,71.7018563919625,8.624782865555519,0.7757896018458664,5.810084021971075,148.90929990976036,164.92461989812588,8.326906077619025,74.5235102219621,0,0,74.54652079870462,76.15817146033879
ATH003,24,Midfielder,2026-06-16,Training,61.84535610157722,9.114937702747039,1.1247857802093446,6.432128618300518,157.29114905039228,184.96836006812916,7.117173465001791,59.63695772364579,0,0,85.23290156908674,85.12566716023792
ATH003,24,Midfielder,2026-06-17,Training,73.18617256051883,7.27710034554411,0.9876547975227497,6.10001797217109,144.9465821763719,156.87877578320376,6.47052691388904,58.637122881481496,0,2,73.53365901360351,90.7699516586924
ATH003,24,Midfielder,2026-06-19,Training,75.74711827595199,7.493857110416175,0.720673818969555,5.687534816317955,141.25563783793572,169.46182722975402,7.181984245630321,59.48399296521206,0,0,82.03763893710651,79.10294806256401
ATH003,24,Midfielder,2026-06-20,Training,88.4225993310639,9.673845241352764,1.4418963600266927,5.735813213362153,146.2438133117453,164.9673392166258,7.715338583217226,70.30906141482355,1,0,82.20341634209403,83.43343272904565
ATH003,24,Midfielder,2026-06-21,Recovery,43.57923204193009,4.2001054745708775,0.6409516471376895,3.9591244964513077,138.6542532198596,154.91416457191514,6.720565343698157,55.088209130345085,0,0,86.76009594211635,80.21347484018963
ATH003,24,Midfielder,2026-06-22,Training,79.31443132221443,7.372762897866715,0.7044539190195349,5.802383549390943,153.59263049006722,177.26130086231362,5.885204237556891,64.62446032820552,1,0,93.99543817800101,96.38671553301299
ATH003,24,Midfielder,2026-06-23,Training,91.05632595338304,6.798981349849493,0.601144249843962,7.507580682762733,165.4745906927201,184.2567352084775,6.9168849730277255,58.89755854435128,0,0,85.95789998849422,73.1435632047544
ATH003,24,Midfielder,2026-06-26,Training,74.74506264868509,9.052203364980665,0.8353850414766231,8.015444808352248,165.15757167773873,188.39984398315747,4.7427630154519935,27.3630814467764,0,1,93.75902352846805,85.09602001222852
ATH003,24,Midfielder,2026-06-27,Recovery,25.925545689714035,3.536248493933239,0.3777899168660357,4.0216056049993725,141.27134388329986,174.71472395160168,6.012268528181892,47.20068903563228,0,0,81.17921857145595,81.54187844671883
ATH003,24,Midfielder,2026-06-28,Match,80.77164780863752,12.27830389837689,1.0251544570284146,8.507067387190295,166.8694226246403,183.57731721248567,6.664744574400107,60.52577639310857,0,0,80.63736395331445,82.73232116377527
ATH003,24,Midfielder,2026-06-30,Training,71.97508840908031,8.04387323619875,0.7787235675945002,7.172034945655442,158.58582684486512,186.61331773172947,7.663884527003248,58.61783937615992,0,0,72.98277634790567,76.19685444722165
ATH004,20,Goalkeeper,2026-01-01,Training,67.06150268981649,8.203952572176215,0.8345181428973434,7.618632334154212,159.6135689272565,180.74551322027554,7.398097350864675,75.07105626641187,0,1,81.03748370814792,100.0
ATH004,20,Goalkeeper,2026-01-02,Recovery,36.55488408161123,2.333441728383288,0.3096944897580276,3.2524199683030957,139.27682966249944,156.26228968745934,9.022063491055906,85.14494979760073,0,0,86.37711610591721,88.83854804344585
ATH004,20,Goalkeeper,2026-01-03,Training,82.78732327511125,7.300289176692617,0.5973877543270106,7.951254656954613,162.38966024579707,178.68409289912972,7.168018735403034,68.11972703324865,1,0,83.25949320390094,90.49867444761871
ATH004,20,Goalkeeper,2026-01-04,Match,102.0903869135891,10.332159642878276,1.3853994823828046,8.338322276696982,166.7167489919162,191.7000323279148,6.62021863818575,52.11709413153395,0,0,79.7527950954985,78.03924933580404
ATH004,20,Goalkeeper,2026-01-05,Training,77.3205534230899,9.416926819050659,1.225178275084222,8.400268424310966,161.20391436036243,193.50572753645037,6.756308590043878,66.30308689934945,0,0,72.87840351463208,87.6570421291499
ATH004,20,Goalkeeper,2026-01-06,Training,77.6930064953294,7.780151606998891,1.037276805100983,7.001791167777641,152.58828291336235,180.04491409721587,6.850995405452768,60.30013246273923,0,0,84.75396401004575,81.34359285811696
ATH004,20,Goalkeeper,2026-01-07,Recovery,52.76252961430625,2.985989389415009,0.37784893006855125,2.610333795235402,131.58099963637954,154.09466088458814,7.871296620424637,79.55082702174154,0,0,80.61984815251597,85.01704105919725
ATH004,20,Goalkeeper,2026-01-08,Training,63.76264738021189,8.086376766586117,0.9823183823266292,5.316157358948331,147.7659499780767,167.12614300317628,7.528985936720502,81.66889806723721,1,0,81.41484769752626,92.75317132790212
ATH004,20,Goalkeeper,2026-01-09,Recovery,41.2394280032904,3.9067545996673974,0.38956330684898505,4.167378273266586,150.42783424575458,169.38036407318535,6.794216893117229,66.22866470381577,2,0,65.00181825914356,97.0428979913319
ATH004,20,Goalkeeper,2026-01-10,Training,67.70917449864533,9.92701770246163,1.4295001141474988,8.068182429527326,168.10229469055867,183.01192347858566,6.834047939420224,56.458410798789004,1,0,72.28266382739557,87.15614203897557
ATH004,20,Goalkeeper,2026-01-12,Training,63.931044181872565,8.19860206143547,0.9580926005432424,4.9129662384740085,147.94741359680035,177.24694963535825,5.542763542564089,59.93890316719688,0,0,78.15331443865213,92.63565596235385
ATH004,20,Goalkeeper,2026-01-13,Training,77.15546727158308,8.62031628225154,1.4130418833985545,7.845147620452415,159.57771624377222,183.68403247437388,7.5577920238518566,65.28368632275192,0,1,75.27512735866614,83.70495898152409
ATH004,20,Goalkeeper,2026-01-14,Match,84.52981103355124,10.697276843387504,1.1130397879286462,7.439117917014812,153.72827346872475,178.91149243869685,8.161333401149113,85.75387754232165,0,1,79.6006000593441,87.27199816916416
ATH004,20,Goalkeeper,2026-01-18,Recovery,43.701740422660684,2.8237806487223494,0.36412372731157727,3.482256907674703,135.5186451506605,158.45940958960227,5.222786804985496,57.07943785047213,0,0,83.79278668193056,77.78823559765212
ATH004,20,Goalkeeper,2026-01-19,Training,62.56627713629764,8.666323724623696,0.8203649405070412,7.356737421470458,160.949234489342,187.8680927507815,6.904082906448984,62.01730606645058,1,0,79.39675922212487,97.72167345252062
ATH004,20,Goalkeeper,2026-01-20,Training,69.6244639386003,5.536255714686338,0.6026994672296423,5.285193864111356,145.55823119205007,171.1687374966799,7.400068111153441,68.03790442173033,1,0,79.70443970267573,90.78743526059873
ATH004,20,Goalkeeper,2026-01-21,Training,91.94432254251899,6.996252652527118,0.6905591413879975,6.83835744193596,171.4795926900477,198.16082593634886,7.203898372547848,62.97213126235127,1,0,81.8926301379499,84.29698096706441
ATH004,20,Goalkeeper,2026-01-22,Recovery,44.63796558428531,4.338352288815258,0.3974506690913551,2.6368290864896013,124.0411227946378,139.10283963179165,6.638914420586814,72.88129578653323,0,1,77.9420010913345,77.42222459677375
ATH004,20,Goalkeeper,2026-01-23,Recovery,33.76146444857994,3.0316400472003555,0.3633306409652655,3.5750455734280937,128.659909761301,170.66088343266665,6.748427122323783,66.61830610990859,0,0,77.2910205794042,81.07820983619445
ATH004,20,Goalkeeper,2026-01-24,Training,48.78608717937829,9.208065048044233,1.1788673511245054,6.7735287711417635,149.26857709031376,173.44008308234487,7.6320225061315385,67.02436723002249,0,0,93.6534735685378,77.13608251727187
ATH004,20,Goalkeeper,2026-01-25,Recovery,24.947427435706267,3.194157462809277,0.3982046271233783,3.300614143580459,128.52044860833752,154.53152902233808,7.44095026942053,77.67591506185649,0,0,81.59369681588377,86.77334852695174
ATH004,20,Goalkeeper,2026-01-26,Training,59.50752510180095,8.53920217376542,1.1698211922968058,6.8285698496773195,159.33401758976902,185.64780108490487,6.342360531318663,37.71927929135177,0,0,86.10497925165373,71.71003383026705
ATH004,20,Goalkeeper,2026-01-28,Training,71.81714951435757,7.8523643688356515,1.3178495727424235,5.85068962462961,147.1196638241178,162.07284706139833,7.0018789220328825,63.55803713425483,0,0,80.58130697958484,80.25059825047961
ATH004,20,Goalkeeper,2026-01-29,Match,86.48407809383453,11.159185643526058,1.467619218489744,8.692332101732738,165.0538539739256,179.7450290316694,6.0174771248192,52.425530382349834,1,0,75.36624698971336,80.5216051052262
ATH004,20,Goalkeeper,2026-01-30,Match,81.38026208649667,9.614987000156761,1.0329234593357384,9.956362055483996,170.2862870416036,199.0519543171583,6.283873046575827,58.93215014809071,0,0,77.26690450155219,82.8809448436649
ATH004,20,Goalkeeper,2026-01-31,Training,60.13624647463109,6.536713014475301,0.6466998142476744,7.460577903708984,158.86855021529544,179.92574044162708,6.47205298649158,50.22513378742418,0,0,79.68075030461344,81.7357138823826
ATH004,20,Goalkeeper,2026-02-01,Training,64.07225895381012,8.64558316232573,1.1980574983149934,4.882199386184663,144.77504251740794,163.68127298909846,5.613551362953544,48.24071910567623,0,2,73.65463521244737,80.82600225098263
ATH004,20,Goalkeeper,2026-02-02,Training,83.55806838298335,6.518254738131468,0.7464581878123916,6.271264973741248,145.39172187374214,173.097497682401,8.006057064104358,61.519974235735894,0,0,88.48908451779845,82.71503892663048
ATH004,20,Goalkeeper,2026-02-03,Training,88.10166406889574,9.461466728297534,1.048964306619409,6.348032617683961,152.16952933226975,170.58159792775098,4.792441428818099,39.5433936613072,0,0,82.60620092789678,79.3954525435535
ATH004,20,Goalkeeper,2026-02-05,Training,84.57420841658566,8.96396955355932,1.155088438764532,4.626558696045383,137.26412841849793,163.2425264818114,6.143743182040729,56.374439047906854,0,0,85.64539376272826,80.22437059484055
ATH004,20,Goalkeeper,2026-02-07,Training,64.2329408700226,5.409239405209267,0.7055345641124705,6.6029173905232375,150.42009638677547,183.35309926410224,8.321715229114968,87.55301248376796,0,0,79.90088953733124,85.40119743482612
ATH004,20,Goalkeeper,2026-02-08,Training,89.8792416874631,9.354916192922031,1.0438945747166022,6.5007209069359755,157.3869082155208,172.38632777478563,5.7547194681953195,50.50193463720251,0,0,82.15231166783363,75.74884690720987
ATH004,20,Goalkeeper,2026-02-10,Recovery,51.47675548777509,2.529996912368069,0.30824705740358543,4.714103164251171,139.22189013489708,176.85367471164696,7.131399152380467,57.25720896832114,0,0,87.10674459028142,85.64899410153488
ATH004,20,Goalkeeper,2026-02-11,Match,96.87856688834626,11.816277758919867,1.1028022362742291,8.200453304472756,153.43406695787922,180.19177795899225,6.018570630673533,51.95694492621385,0,0,83.39907714276914,82.3831448472353
ATH004,20,Goalkeeper,2026-02-12,Training,62.56362139041485,10.285329655438156,0.891489768619691,6.66548939312256,157.16764155057484,179.80372146311612,7.583991371331635,69.65366130158512,0,1,87.63234169742896,82.34009379950277
ATH004,20,Goalkeeper,2026-02-13,Training,71.58105182547042,6.956914508986276,0.947751496423377,7.1401696361230504,160.63770443937668,178.95321628997814,6.532162249635989,49.44686193909407,1,0,78.71202508755317,76.66192193389311
ATH004,20,Goalkeeper,2026-02-14,Recovery,40.61280688713336,3.1310942624702216,0.40994689706458376,4.269640917733157,143.01286122336273,162.8450037451801,9.060705956592496,88.42811197382629,1,1,96.95310399160412,96.82420515309063
ATH004,20,Goalkeeper,2026-02-15,Recovery,42.45791284786083,4.094210840049828,0.348294495699893,3.581604958408725,128.95695959950035,153.69578280047236,6.726767851945729,60.18586438682328,0,0,70.56801728529439,76.20485764534823
ATH004,20,Goalkeeper,2026-02-16,Training,98.55703061617805,8.372447379971938,0.7809046208967192,5.785503908696902,153.81418544371132,183.71802266614128,7.958676591940965,81.54511960611765,0,0,82.65742948046714,82.7009223415131
ATH004,20,Goalkeeper,2026-02-17,Training,58.859826192831974,9.84221211510706,1.55887927689952,5.638950327834425,153.933884501517,186.03740740462524,6.477261809895222,65.46597135240809,0,0,82.95764948440498,89.14311675602669
ATH004,20,Goalkeeper,2026-02-19,Training,80.76622413729869,9.055910078164242,1.2256383828570654,6.549328165794844,149.75624042715597,174.52060058544652,7.785504967665501,75.53807243440578,0,0,79.95214092274091,86.6299545376641
ATH004,20,Goalkeeper,2026-02-20,Recovery,38.32457013185882,2.456005361812868,0.2577657630895505,4.715860060113512,149.8068640849499,166.78745308306037,8.302991621983084,89.43867116477207,0,0,83.92129946769298,84.8554679601254
ATH004,20,Goalkeeper,2026-02-21,Training,71.00354857135486,8.139849179465184,1.057083585375811,6.764254763607339,157.57776880920406,184.05019317643894,7.732981755311832,67.94504435097443,0,0,86.23738584860241,85.09354757478948
ATH004,20,Goalkeeper,2026-02-22,Training,77.16126560958497,8.80074437778314,0.9426549163889353,5.768675393051391,145.98025581842262,185.00722229075242,6.325318878468362,60.45529303520356,0,0,77.63954857070789,81.94431258498253
ATH004,20,Goalkeeper,2026-02-23,Training,64.52413239732778,7.1831174862488,0.7440499389593392,7.322350470895754,161.24541514764553,178.84995881995263,6.917137337041207,54.12044752956072,0,0,73.35012912093512,83.41445076708148
ATH004,20,Goalkeeper,2026-02-24,Training,75.38705074873148,6.982715892113234,0.7625086691279818,8.316606163555473,169.07338559454934,200.61281534909432,6.585934423324232,54.53293350235437,0,0,87.73481647067489,83.35063534175981
ATH004,20,Goalkeeper,2026-02-25,Recovery,50.46659609212873,2.991186782144823,0.3870713166130486,3.5445543430475626,134.45207673984248,150.85438223813995,8.261493403191162,86.58192119665833,0,1,77.36182174238378,81.6885749412468
ATH004,20,Goalkeeper,2026-02-26,Training,83.69510134467747,7.997892473939392,0.8053290146292705,6.94848545419644,152.1008174169838,167.04517130238918,7.197571226017611,49.502903494790104,0,0,87.34006076095858,78.88870891667737
ATH004,20,Goalkeeper,2026-03-01,Training,95.5332875001246,7.713192301520155,1.2255525507647562,5.156874732355459,145.1561242519092,162.89515859142426,8.532260330986524,86.14585314985713,0,1,77.6374027589442,87.43672162194156
ATH004,20,Goalkeeper,2026-03-02,Match,97.61526598763231,9.55567233420146,0.7761841975108201,8.432360380260718,165.5125762198342,197.0105758509354,6.131256931338147,44.73131781324369,0,0,87.7452229796786,74.45998460677396
ATH004,20,Goalkeeper,2026-03-03,Training,69.2813543827977,6.870674655776975,0.7709288886146605,5.947738747887391,151.12761125675408,181.97104197671345,8.94936915783185,86.67602946406596,0,0,94.95843556396599,79.15675725029382
ATH004,20,Goalkeeper,2026-03-05,Match,89.6172428839038,9.746995374337423,0.9117787330684827,7.417246333719715,151.2965774243078,184.82607456434386,7.115142559659029,58.07548531951273,1,0,64.69405379693079,88.05838402554593
ATH004,20,Goalkeeper,2026-03-06,Training,71.06632248148172,7.429706924443255,0.6238955269046751,7.329323772582862,156.69345614315537,189.40007845981967,8.039460897955403,70.5865443191814,0,0,86.74992523656115,79.66865162417872
ATH004,20,Goalkeeper,2026-03-07,Training,96.20429393275035,7.164164337493209,0.6244495780375513,5.435755288066776,150.42665037905655,171.7972097954875,7.548009478476,73.3704682283691,0,0,85.85380741006705,80.5192666587387
ATH004,20,Goalkeeper,2026-03-08,Training,70.7060647987048,5.539842232735135,0.6244305255017761,6.113677524552824,155.47678674611032,182.07698548312277,6.751475570618942,52.60532362133907,0,0,83.59559551790957,80.2811850984869
ATH004,20,Goalkeeper,2026-03-09,Recovery,46.20826327244109,4.830551081806849,0.7479705160113673,3.051776868574409,135.1016943807983,157.9276090355217,7.767640064951114,75.929067648941,0,0,75.5085137877212,83.50072744794545
ATH004,20,Goalkeeper,2026-03-11,Training,72.79766193411416,9.282385415855261,0.8710352667809924,6.536472176654209,154.78611326020803,180.90113903362453,7.927884364358987,78.33836197091075,0,0,75.75880773426717,87.15727890442301
ATH004,20,Goalkeeper,2026-03-12,Match,90.79284717637503,11.580062067831701,1.608815911060994,9.080069534139385,171.6615957288416,192.13824655751347,6.28463137281407,44.62597825232878,0,0,79.90422719076868,85.20670037475297
ATH004,20,Goalkeeper,2026-03-13,Match,91.51826684252853,11.291831752441686,1.8409244540030973,7.830180742490596,152.2443720842395,183.1151189182388,6.370524233160536,59.04370960550367,0,0,80.88941410347269,88.44348765395141
ATH004,20,Goalkeeper,2026-03-14,Training,88.2159619786746,10.980132814863488,1.3293573577282485,7.2163400805404105,155.65330666961896,180.62165308696467,7.978141284184399,73.16934469528839,0,0,84.7422403935782,91.22180742684034
ATH004,20,Goalkeeper,2026-03-15,Training,70.86814557876004,9.537000986333092,1.3141879336441082,5.9624230589992555,148.558221029906,171.8267703269814,6.996896515274732,63.63277975250018,0,0,82.83417212171875,81.22268359402263
ATH004,20,Goalkeeper,2026-03-17,Training,69.81547422906272,8.548011384141939,0.7078244237503015,8.307590322192308,161.96423228801248,186.10227510862978,6.951427491497258,58.12141046665811,0,0,82.45404124368032,77.23679558268337
ATH004,20,Goalkeeper,2026-03-18,Training,66.34835869836124,9.070357205276853,1.5000454004451842,5.146245325290241,145.81080771655914,168.75456839487956,6.5603027110769006,46.56231135439215,0,0,91.44159783539551,75.89738745368561
ATH004,20,Goalkeeper,2026-03-19,Match,95.12143978324421,8.548776431861027,1.057869867836017,7.344893341299576,164.9823318431469,185.0570583086888,6.715876224558268,55.6564039869348,0,0,80.87284359394768,80.26135325611206
ATH004,20,Goalkeeper,2026-03-20,Recovery,53.78787900841455,3.330533180021745,0.291333354832055,4.134580909976974,138.52547268220036,155.50302203487334,8.231392502589674,81.40330351695115,1,0,84.63671614274794,96.50930345942766
ATH004,20,Goalkeeper,2026-03-21,Training,85.11016675746005,5.856215070321052,0.9817173441449286,7.254958766141964,158.5107319284978,177.68842803799026,8.654796838358614,83.84842834387987,0,0,76.45468621611991,76.59875236143486
ATH004,20,Goalkeeper,2026-03-22,Training,78.12566098885057,9.296779903111762,0.7439456579661107,5.209056749674783,144.42595508539608,172.4515795736264,7.569304459153575,79.63371460707792,1,0,81.08621212903512,87.19143526329347
ATH004,20,Goalkeeper,2026-03-24,Training,79.37473772826549,6.645804911545575,1.1004437565376035,5.819826523652049,157.29835489443212,180.89977336820922,7.593313695854561,70.8878529210756,0,0,72.10614497265217,83.44451756866754
ATH004,20,Goalkeeper,2026-03-25,Training,64.67316252692925,6.967494302614531,0.8589857564887515,6.283895628816681,145.29546991514323,162.25865126539668,7.221671306888647,62.36528588016358,0,0,85.03202288588409,84.65933325736748
ATH004,20,Goalkeeper,2026-03-26,Training,58.399910676340674,9.130007943843276,0.7635359138165319,7.401728697140274,154.92023605121935,177.2820363456045,6.564119117411561,56.075798563862605,0,1,86.41432786611333,80.88805363275075
ATH004,20,Goalkeeper,2026-03-27,Training,67.57052462100081,9.384401667662988,1.2382528170742677,5.3180180039317815,150.19411353007098,174.35850129006548,8.461277632072296,71.05580206703507,0,0,81.08499957909812,80.07987777943232
ATH004,20,Goalkeeper,2026-03-28,Training,50.145841409034404,11.62436703956462,1.2577924620493883,7.493334501607768,161.45136253265153,192.67445096654583,6.28056196682163,51.11075219980283,0,1,83.76831551741381,74.64838971160017
ATH004,20,Goalkeeper,2026-03-29,Training,84.04874552677349,8.33399601585513,1.0056484148722415,5.066676071619316,147.41139681572238,180.33737155296666,7.19721270888155,60.492235129496805,0,0,75.84351493482626,80.25428938647951
ATH004,20,Goalkeeper,2026-03-30,Training,74.20261229628653,9.662181326735425,0.9609254130162773,6.141920553820681,145.80072080801966,175.59080911611431,7.258014855543939,56.415463609895816,1,1,92.71958214356017,96.038233831978
ATH004,20,Goalkeeper,2026-03-31,Match,88.51989919199524,8.84836625035152,1.2621559729989655,8.9832414557591,165.0915094093735,188.25542568322902,7.230884495665183,54.41638924981359,0,0,65.77991171735586,81.51592900412592
ATH004,20,Goalkeeper,2026-04-01,Training,70.5765676105716,9.532975983088976,1.1412372675243911,7.3070464166066875,160.25754431093338,188.26457189786538,7.1099856982876215,58.342011867857636,0,0,83.21335524755179,83.93820926307014
ATH004,20,Goalkeeper,2026-04-02,Training,87.94116893038452,8.85041238150281,0.9143640967157214,6.983778834002778,152.14790608854432,181.32349869418942,6.635047221115903,50.220141979524385,0,0,71.49414655356863,76.83593288855052
ATH004,20,Goalkeeper,2026-04-03,Training,56.046764415388814,8.65811056788369,1.3610454517523944,5.682108157861494,152.0015578003108,170.39091162267215,7.086520003733332,57.642112313819894,0,0,85.92476801302655,79.83291125974934
ATH004,20,Goalkeeper,2026-04-06,Match,92.6078950026969,11.546574119389977,1.3724541936731656,8.930756285184708,167.6180165788684,201.44752707428776,7.080328927302088,62.8923963192814,0,0,83.31033392526504,91.40177071716245
ATH004,20,Goalkeeper,2026-04-07,Training,100.71608465501892,8.37894605489292,0.8191111647714517,6.030235535662863,156.9614465612328,175.0552983044864,6.231888860813742,50.69504728911223,0,0,82.26923941395822,77.00322690194085
ATH004,20,Goalkeeper,2026-04-08,Training,68.96107613637983,10.04373597954667,1.517486132557641,6.191322590325218,147.7478756334975,174.36296115502847,6.905791586304602,53.43094047645608,0,0,70.95840169122658,83.94828581171346
ATH004,20,Goalkeeper,2026-04-09,Training,53.81534895564031,6.639687816767491,0.9273091764030083,8.240941486596991,164.7378963231102,187.0523131800117,7.68669555314327,68.51583764668446,0,0,81.95211277388977,86.00479172553831
ATH004,20,Goalkeeper,2026-04-10,Recovery,38.678638953132136,3.8003995514963247,0.5448609748391882,4.142622028075991,133.72483537939252,171.90471170926622,7.790731410098717,74.61007096915174,0,0,73.36767939365879,78.44038329379653
ATH004,20,Goalkeeper,2026-04-11,Training,46.45882008152006,8.62710796885078,0.9621340179323274,6.692651532648025,154.96009861867435,173.41868813755985,6.9719764142241925,71.9374633644067,0,0,84.4640475125188,80.18905748629518
ATH004,20,Goalkeeper,2026-04-12,Training,66.03686767953366,7.766110311004344,1.3103545108142916,5.793871387813895,145.96141012080273,168.59974062860465,7.444189984123281,58.669014657236396,0,1,80.11351129979936,75.73131462567268
ATH004,20,Goalkeeper,2026-04-13,Training,56.04447056933789,8.905341797806566,1.0460172869315172,5.908698553303462,144.76994162651724,173.08737299811412,6.2570671943807215,63.496895749220066,0,0,83.20419216573328,77.68357591216997
ATH004,20,Goalkeeper,2026-04-14,Training,79.05319318865521,10.033133975355685,1.6666371981946233,5.230708894756896,147.5405421044618,172.030103055511,6.850517196192485,66.43658962973991,0,1,87.18549030819182,72.46354738438873
ATH004,20,Goalkeeper,2026-04-15,Training,66.36012560133673,6.68289144385565,1.0598590816864524,5.575937192658935,147.38084896555887,169.38316740622247,7.322128386362767,76.27506754906442,1,0,89.70754431211084,96.56792784310585
ATH004,20,Goalkeeper,2026-04-16,Training,84.3232404351782,7.528019203597329,1.1512396279762709,5.847049844167919,149.604935843577,167.93590355937027,5.974717775336617,54.52878361074467,0,0,75.32933020519334,73.15618710722877
ATH004,20,Goalkeeper,2026-04-18,Match,90.8109648128703,11.599886428584062,1.671939499702673,8.47985877244739,160.48148837385415,178.7731258059632,8.147173273663693,68.9476135325935,1,0,86.79766975633747,92.07803905886065
ATH004,20,Goalkeeper,2026-04-19,Training,61.043488196584775,7.839467826362611,1.1069653522541865,7.962254604034729,166.4249467207432,192.87094824112668,7.136508093285824,58.04159737442949,0,0,77.01692621033476,79.55600286617417
ATH004,20,Goalkeeper,2026-04-21,Match,100.72291935037624,11.662227312825474,1.3507767281731848,8.715900136880474,172.72730437731204,205.0,7.157186045452103,49.4676684833752,0,1,72.63701105275386,78.65583450196702
ATH004,20,Goalkeeper,2026-04-22,Training,96.40707114242123,7.371049548503106,1.10184557314819,6.647298000389084,152.9767653499774,180.25646269601418,7.361510827029791,70.49732871989131,1,0,71.73637987338091,86.45804831561404
ATH004,20,Goalkeeper,2026-04-23,Training,62.984224149624396,7.041840559479523,0.7816832463357457,5.577811094568372,151.05796131963731,175.50658756714319,6.942352637798939,66.1565593511254,0,0,83.7261856420703,87.02281965001258
ATH004,20,Goalkeeper,2026-04-24,Training,73.97946793154372,8.724450832441741,0.7054460587803304,7.40822212659595,163.54803134586618,187.37519548435034,7.367504499426578,75.52939863332061,0,0,94.8135203804642,89.3686214507188
ATH004,20,Goalkeeper,2026-04-25,Training,74.61543007003544,5.525074516122051,0.7838524455525034,6.533524702388587,148.3602590750805,177.7361299743102,5.92936840722127,49.71919387363759,2,0,87.95774278271779,94.42879831588078
ATH004,20,Goalkeeper,2026-04-27,Training,58.96796529078087,7.682449878398917,0.8105868367244312,7.184450477636428,163.6976179515721,195.88947360554488,5.641092543881294,42.15721946576279,0,0,95.49662550517775,76.61404190118643
ATH004,20,Goalkeeper,2026-04-28,Match,83.79882066668264,11.261662329395735,1.356166971903923,7.871310857964042,153.70603160630293,173.52215251184646,6.986120678227645,52.74631467285039,0,0,86.17099148998085,84.43734708305341
ATH004,20,Goalkeeper,2026-04-29,Training,57.79523970227726,8.402692560699215,0.7900013751051488,5.076041887802393,144.58382879372925,175.59301133997565,6.680410296025462,61.03425894553083,0,0,92.59743916179643,84.32752817377249
ATH004,20,Goalkeeper,2026-04-30,Training,74.91272886000353,7.150829239390512,1.0289612553083993,5.373526875253442,145.12585824639174,163.2138729609169,7.198174673314848,68.93648363062374,0,0,74.94013033659968,77.3329877501706
ATH004,20,Goalkeeper,2026-05-01,Training,71.9038975656287,7.166419811086058,0.7434626422471233,8.371074482308114,165.28613079475562,188.44079038366806,7.499058155572451,63.957604573657036,0,0,86.44453827101864,85.76106081450264
ATH004,20,Goalkeeper,2026-05-03,Training,75.38571776357473,8.215116431213065,0.707335290178055,4.7742288751874264,152.11310891819292,182.21422824128317,7.659129008559673,78.86266817682706,0,1,74.50266458356312,95.06893994087474
ATH004,20,Goalkeeper,2026-05-05,Training,78.08100958394145,9.042217241801312,1.0395638534370433,5.7153246124295,151.33727236624728,180.33703966698863,5.885066925924854,49.23362770067642,0,0,85.3061023613578,75.09892521393084
ATH004,20,Goalkeeper,2026-05-06,Training,77.24388251669598,7.312845315790964,0.6441469903173518,6.455726680155351,152.78928859251974,187.94029761766723,8.490713941487318,65.79052596295068,0,0,70.55171235658253,74.05518797017713
ATH004,20,Goalkeeper,2026-05-07,Training,75.19345076952786,7.180729897453502,0.7014383888759343,6.7306973183344345,151.8464224835361,173.61368065607581,6.451809181093889,48.17711239966593,0,0,87.68084539907122,80.52344302191563
ATH004,20,Goalkeeper,2026-05-08,Match,90.16398032894126,9.392664408508566,0.9667385287695451,8.372538343100397,163.4452778865357,190.7986619398631,5.61384671873864,48.54112653829632,0,1,81.29656246338385,81.58189004628767
ATH004,20,Goalkeeper,2026-05-09,Match,97.81688027581775,9.232895743241444,1.2093240534533236,8.841275392836575,165.57019163442996,170.4848880555044,6.731519684272263,56.247251533507985,0,1,84.59411628520203,84.19189453153353
ATH004,20,Goalkeeper,2026-05-10,Training,75.25311297420704,8.10749134633135,1.2057897062497154,5.368932764497412,141.84029138982015,166.03149227725928,5.573634192460466,47.98953109507285,0,0,88.90292230020012,77.57002916816612
ATH004,20,Goalkeeper,2026-05-11,Match,90.41104893043844,9.234677660334622,1.3283002113407658,8.975232179336272,159.88043374327046,191.37930501923486,5.445333239055136,47.78968930073525,0,1,88.05973298024249,80.28207249034189
ATH004,20,Goalkeeper,2026-05-12,Training,65.09039699894623,10.107291475605617,1.2739054054392238,5.248393343027687,143.25347370492628,184.25490503884635,7.187440208377622,74.1943843231935,0,1,83.39256782757123,87.96574049951367
ATH004,20,Goalkeeper,2026-05-13,Training,76.48166777410248,8.151956244030861,1.1582617065938992,6.020293260442177,145.79159870451466,170.48234545286874,8.820804922147428,89.31588376869149,0,0,83.92598538211614,91.88390657620677
ATH004,20,Goalkeeper,2026-05-14,Training,93.72306635437117,6.6085103181044085,1.0741397695214865,4.548397087117113,148.83760302971592,176.18562851478364,6.348358155623743,51.503989551552024,0,0,73.07584049964554,72.87586549921764
ATH004,20,Goalkeeper,2026-05-15,Match,91.69385312399011,12.148134134868679,1.7351243539924663,8.867963387643634,165.05355257190752,188.26635174216636,7.792128489898047,61.49363469221586,1,0,79.5097323973742,86.64377118128414
ATH004,20,Goalkeeper,2026-05-16,Training,73.07443737819547,8.251173310965362,1.2210858123752417,7.027309693399563,157.54892814031618,192.19641850703113,8.318108282859082,83.55246508006377,0,1,90.66202191499742,94.46478786230959
ATH004,20,Goalkeeper,2026-05-17,Training,78.90654978386486,4.914538777313653,0.7599172431756166,8.74392127550305,177.70706894151255,192.95411532031355,6.59889910444097,53.729620350239706,0,0,83.8628365250845,77.37487794289777
ATH004,20,Goalkeeper,2026-05-18,Training,58.6307280741797,8.789864275100578,1.1853138722025052,5.968122249710671,145.89711213688014,166.71341005406126,7.318660716918216,64.54881627720636,0,0,87.18322995731204,87.5266095021165
ATH004,20,Goalkeeper,2026-05-20,Match,90.4825818507163,8.923267599251673,0.9343465397209313,8.47647834616958,156.3135883252618,185.93097918794786,8.106543153899523,59.53283384757955,1,0,82.8579438088553,82.01987645335664
ATH004,20,Goalkeeper,2026-05-21,Training,98.43728637927089,10.033019175272067,1.3185449740322215,7.186956632098678,161.1094283220657,176.7897288069038,7.699353954050658,66.69559930632933,0,0,77.2706853717021,86.79405516120734
ATH004,20,Goalkeeper,2026-05-22,Match,98.71011375496624,12.74710884176984,1.6546829897600743,8.974423309187278,171.64015903984608,195.70129478310713,7.408633739589208,69.84177467593926,0,0,80.14623991241255,75.24399689486843
ATH004,20,Goalkeeper,2026-05-23,Training,75.63671175519143,7.61558387148441,1.0410740147676247,7.36528975613525,167.57731788774586,184.89167308774978,6.175685970594549,51.570576422387866,0,0,98.0,80.2526363116372
ATH004,20,Goalkeeper,2026-05-24,Training,72.31436338738844,9.244088373550925,1.4646251463488007,5.241980088733663,136.77705994619964,160.88089097230178,4.9692701119640486,46.68513535841289,0,0,89.88444988914762,73.8605496796525
ATH004,20,Goalkeeper,2026-05-25,Match,100.76597401032792,9.81656572763734,0.9136841279687977,7.980908432081072,166.32164284446287,189.5328593688678,5.612828848732876,44.579158580288535,0,1,79.69789446954232,84.39974360342244
ATH004,20,Goalkeeper,2026-05-26,Training,90.7183820332024,8.307558965305235,1.3069595682509731,7.092329547013343,153.97773468799213,174.81267427268,7.46989118258975,69.20525850971445,0,0,72.08849090084928,80.57488623124316
ATH004,20,Goalkeeper,2026-05-27,Training,69.3672220507743,5.433381458401528,0.7969150802210373,8.031642466149037,164.7029929545433,193.82239943506235,7.766966402614057,60.46949949450744,0,0,85.9627597141093,89.76313242874109
ATH004,20,Goalkeeper,2026-05-28,Training,65.69946044380512,8.119509307215255,0.8146249056949195,6.772236725327388,149.69074308215883,186.6236634048616,7.08012231650758,56.78621847150343,0,0,79.66191614620267,83.85136454117507
ATH004,20,Goalkeeper,2026-05-29,Recovery,54.49168829864259,2.787414806559867,0.4026554719132338,2.1760032757050656,133.36145279502472,155.87366974214052,6.448127719213099,67.33038277684483,0,0,79.84624968892352,77.26168529060615
ATH004,20,Goalkeeper,2026-05-30,Training,83.24229493214708,5.756318632140657,0.7728011912336217,6.216848115120125,162.73981862009646,185.1818577308869,6.889402186508093,67.50532514879137,1,0,82.83791004529537,89.8539879329054
ATH004,20,Goalkeeper,2026-05-31,Match,83.28163698801733,11.28616493650321,1.574280555190921,8.294093809658916,172.2125599051917,195.93049929197255,5.281264173872647,31.581419458955967,0,1,92.20080946239962,80.75238470667159
ATH004,20,Goalkeeper,2026-06-01,Training,93.6623824097681,5.4565844565849355,0.7034207885914237,7.606710424287318,155.03602677789607,179.98361692251046,5.943683456061377,49.116747386538535,0,1,75.76533298979356,91.54220886059518
ATH004,20,Goalkeeper,2026-06-03,Match,94.0195779065786,11.334826226246673,1.0824473869581435,8.130754397080128,165.22578427182742,184.62714780870476,6.202761536238086,55.58354371339078,0,0,79.33835901875568,77.47217038540356
ATH004,20,Goalkeeper,2026-06-04,Match,88.78408328986485,10.937405775525503,1.2976034187880285,8.1294070410387,159.10200878266534,182.7635899119211,8.171302706548431,77.71644070796971,0,0,84.62039533338901,89.22869147493316
ATH004,20,Goalkeeper,2026-06-05,Match,92.41849699307754,11.747248242602309,1.4080761686472207,8.329359810223519,165.4774412965669,186.97103543699072,9.30713292158185,95.2980451624236,0,0,82.07128260710675,89.73339980210378
ATH004,20,Goalkeeper,2026-06-06,Training,67.12051115040354,8.28248967420038,1.2936411430382764,7.373989751006882,163.6086028439186,203.165759732017,7.5323015422581285,63.6085495511131,1,1,80.95515569721853,100.0
ATH004,20,Goalkeeper,2026-06-07,Recovery,58.4927690881775,3.2133935829039335,0.2861454114879785,3.268881232441341,134.50144308525634,171.30294486030587,7.064770375728492,77.85791423369245,0,0,75.66101757624844,83.94363024186718
ATH004,20,Goalkeeper,2026-06-08,Training,74.81324293355647,7.013453926490554,0.5877983052693074,5.874083982315398,143.61700905391396,172.8402946208595,8.02574928017304,68.30230911323919,0,0,84.97299201484108,79.72094422985276
ATH004,20,Goalkeeper,2026-06-09,Training,98.75143686601756,9.569037537881563,0.804063536630803,6.573198628162783,156.90504094017086,175.60392171600085,6.224931579738648,50.95114482661302,0,0,77.46397588326037,72.98122445558633
ATH004,20,Goalkeeper,2026-06-10,Training,93.47036640209889,6.015450023335266,0.4940758140807619,6.855338195590137,155.37734608932084,175.73820027840105,7.178943508385987,64.30646156445923,0,0,86.21365856530947,90.6825913757246
ATH004,20,Goalkeeper,2026-06-12,Training,110.31658002322345,11.033681189819202,1.8247881801813512,7.224491060381728,165.3241167732863,188.69568641229932,6.682446827464032,65.85039492590948,0,0,81.89636057171096,81.15700690486513
ATH004,20,Goalkeeper,2026-06-13,Training,67.7843944258592,7.205506622315863,0.8033242977005934,5.2055066451419885,141.7307975639618,175.24753164874883,6.276070673818737,58.23490798132822,0,0,89.8669737796217,85.18733423705511
ATH004,20,Goalkeeper,2026-06-14,Match,86.04062647904375,9.922450077060873,1.0953786534066698,9.366117328673317,174.5149357072041,203.0903204583263,7.948746301946116,63.39716492683079,0,0,91.13626779577702,89.95722263772088
ATH004,20,Goalkeeper,2026-06-16,Training,60.31719377429987,10.556973133571804,1.6459218628324752,6.970482996129107,158.6951040990338,189.10234478198765,7.861266066022103,67.27666872609859,0,0,85.18999357563158,86.14091129919348
ATH004,20,Goalkeeper,2026-06-17,Match,93.05782416597124,10.531194492404534,1.0263644868929274,9.380524447717516,177.31608378532613,202.58045918976572,5.4478081194406185,50.437683939688526,0,0,82.8542674750628,79.76430546949955
ATH004,20,Goalkeeper,2026-06-18,Match,94.87020965442015,10.676540517845837,1.5222473258918343,8.134081526138838,168.7241068430553,192.30354349483005,7.704568233972685,53.77167960458631,0,0,80.34450717738294,73.05637723326242
ATH004,20,Goalkeeper,2026-06-19,Recovery,38.83370077567779,2.5900466531684123,0.21246482329004945,4.504085631524379,126.86854462669584,145.0635177550291,8.02626239251517,63.69544808371275,0,0,85.23858707697005,81.20362664295929
ATH004,20,Goalkeeper,2026-06-20,Training,56.31658695952227,7.078182196754595,1.0465403223331782,6.961272084317831,156.3590790451991,175.4266551346802,7.243259404330322,58.64001600339797,0,0,86.84356633801386,82.6163257845295
ATH004,20,Goalkeeper,2026-06-21,Training,81.79424323705268,7.312070567222314,1.1405284512027047,6.376007026292431,157.96808863292526,190.39117343465932,6.870971531019192,57.751524976505166,0,0,84.85200955256495,75.89196627773072
ATH004,20,Goalkeeper,2026-06-22,Training,62.39934252212176,6.569414053467396,0.8069314387026769,5.883224638480292,145.46494020106167,177.5543190223542,6.6145417086194245,46.07553986710948,0,0,84.04020765523443,76.61161600783838
ATH004,20,Goalkeeper,2026-06-23,Training,79.4182204369441,9.736167202531488,0.7961408930458387,7.337870417667789,153.47428571255654,177.90223916537644,8.657289633371452,61.1780542154228,0,0,83.17241932769993,81.54807209315273
ATH004,20,Goalkeeper,2026-06-28,Training,78.54614029908406,7.434787887263307,1.0057523450281718,6.162184905808597,152.08567430684022,163.42029866574572,6.988676129439395,59.95319577457593,0,0,79.47108078489089,64.19919120257799
ATH004,20,Goalkeeper,2026-06-29,Recovery,45.69793150256488,3.579530385122812,0.5856536948051547,2.454598484775692,137.99133942622527,158.9873391389264,5.0822756589419775,52.35174942912251,0,0,77.34636037238565,82.60944717514994
ATH004,20,Goalkeeper,2026-06-30,Training,103.85805050704768,8.750980950450826,1.0697998742929453,5.322773582548789,148.12896719691173,183.83826159110583,5.639526435209737,44.06754764197727,0,1,81.56135618794637,76.55925446961652
ATH005,19,Goalkeeper,2026-01-01,Recovery,41.42322838968644,3.967078183089546,0.5324903128587888,3.104715518969455,138.6133916717256,159.5381948011314,6.255793318371424,57.69519252296514,0,0,84.63434974792182,70.70651459310842
ATH005,19,Goalkeeper,2026-01-03,Training,48.493333886394815,6.040760275990481,0.9902550745329738,5.232101081510316,150.04154047184886,167.31424154124034,7.151075046400059,53.54206243060037,0,1,72.8932054407976,83.04849582627001
ATH005,19,Goalkeeper,2026-01-04,Training,74.65042741818007,7.1402019830146655,0.7713116781048684,6.265517763373118,158.71935160512228,187.60212614597634,6.187533292748642,63.67430510669051,0,0,76.46010064508702,72.00062141050421
ATH005,19,Goalkeeper,2026-01-05,Training,63.08239652735563,7.04233983380348,0.8870991799427326,5.7881406954942305,157.44803570753803,180.8883686927025,6.498827595735977,72.23560016394471,0,0,77.25451564002037,84.2147069008395
ATH005,19,Goalkeeper,2026-01-07,Training,92.74717125903067,7.120398221892119,0.799236587125285,6.60271497457221,146.8265438664916,168.1234689904272,6.690458041399322,57.97902794196625,0,0,88.83102183756218,77.09500006983427
ATH005,19,Goalkeeper,2026-01-08,Recovery,53.179487455425274,2.488489007300553,0.30454843757047023,2.348506065155898,128.10012203421005,157.49974474002227,8.321317480536468,85.4801941443463,0,0,84.85034288613521,86.21538847506974
ATH005,19,Goalkeeper,2026-01-09,Recovery,51.868123438204805,2.995462865464675,0.4561342863987921,3.051604435183454,137.05856367063438,158.5110663144182,7.605856476912705,70.3227569817931,0,0,83.64020111671233,85.40098233336505
ATH005,19,Goalkeeper,2026-01-11,Training,71.4147633292193,7.195497734158553,0.8855681533419492,7.117281192608465,160.08800008006108,186.43862203510554,7.809106421743006,67.11983660910448,2,0,79.94344904147903,100.0
ATH005,19,Goalkeeper,2026-01-12,Training,73.52268163762884,5.22814217390541,0.6900950009940787,5.8792818769574025,157.08996475734835,193.9734694678071,7.2447885922219015,59.075132540217254,0,0,93.19071860113084,95.53186993551527
ATH005,19,Goalkeeper,2026-01-13,Training,79.74645785413091,7.3778394898155035,1.1974206435800017,6.138240537490941,139.99884065709625,158.87921662847197,6.598525001355149,56.45992325374908,0,0,77.73123523685048,82.44700870612259
ATH005,19,Goalkeeper,2026-01-15,Training,59.256814141391054,7.2112147418823564,1.0129613640804942,6.0563887732253985,144.2016416939856,169.22943858220887,7.893823886637694,71.82497233664724,0,0,88.73005791588622,79.47730509830302
ATH005,19,Goalkeeper,2026-01-16,Training,97.20056796060842,6.494850126257261,0.98313148879507,6.696827221979218,155.4617216035574,173.82145232188276,6.450212071002014,62.00060551938961,0,0,94.58819871267276,91.97625038242093
ATH005,19,Goalkeeper,2026-01-17,Training,83.68030616727536,8.11493481445541,0.9621944357105618,6.009932001670876,148.61432495621213,174.0875630956405,8.698806017728339,70.25577342319923,0,0,91.70276104760786,90.52979879559228
ATH005,19,Goalkeeper,2026-01-19,Training,40.7771059106079,8.634947005148023,1.41433295013117,7.655994016760827,163.09300893539657,194.08662785495468,8.14103886745379,66.50819995766494,0,1,85.2563869872663,89.40518802333743
ATH005,19,Goalkeeper,2026-01-20,Match,98.29992617231109,10.815066873684192,0.9087211106658338,8.71113966291059,164.82660097420958,184.91444042885274,7.908008220520807,75.87315455352086,0,0,81.43293582352096,88.72386999914536
ATH005,19,Goalkeeper,2026-01-21,Training,98.57585294891958,6.698633526254766,0.6001329438565325,6.411927850902988,150.3635899776608,174.79427544050236,7.34651540043364,60.75996773241775,0,0,84.82961179604531,89.14469385170288
ATH005,19,Goalkeeper,2026-01-22,Training,83.35606977238652,6.976295420320494,0.6433882769699825,6.900172878972809,158.82612089797098,188.34694066858427,6.454036966357155,55.50408124298826,0,0,84.83729881097643,75.9915561462948
ATH005,19,Goalkeeper,2026-01-23,Training,64.69480189352431,5.887073930125583,0.487953906130206,7.323701297377111,157.7492367626065,179.86122779916354,7.392849932197374,67.52979113118575,0,0,87.18841559830065,78.17838260150856
ATH005,19,Goalkeeper,2026-01-24,Match,92.99513421906634,7.401453647359369,0.8348452463696235,8.194062702564013,171.10113802544274,200.47535393887904,8.48535424491034,76.38648716036292,0,0,79.01597875974518,91.98155338568226
ATH005,19,Goalkeeper,2026-01-25,Match,90.28736480856303,9.802488904168152,1.5239448112792173,9.228355480256194,159.89136631605717,183.61202160261362,6.813539700785177,46.955883070908094,0,0,87.01981448740787,89.51535733498677
ATH005,19,Goalkeeper,2026-01-26,Training,86.61071082832007,7.875114409097229,1.0409340860368061,5.736345346575668,144.82900034107186,166.60262183806913,6.433793551537969,39.041947218919134,0,0,81.26936123984098,82.20787300578661
ATH005,19,Goalkeeper,2026-01-27,Recovery,47.31844593598715,2.2457256606499683,0.2544294255845414,3.9952183848870306,134.84198782940655,156.41513890363746,5.790801130111211,56.79654641574964,0,1,86.69092726579274,85.7922341008248
ATH005,19,Goalkeeper,2026-01-29,Training,79.9437884161045,6.36567719743778,0.7448651771799903,7.114771709575928,145.16211160323456,168.93941647477513,7.603956284587412,74.7585651094446,0,0,93.14038962512888,88.93056730148172
ATH005,19,Goalkeeper,2026-01-30,Training,68.62654874005294,6.923546021623189,0.7437081001546608,7.2453722920017976,156.53660422671305,181.74595753477968,9.112897654140234,84.13910000212664,0,0,90.12572514007,93.87973720545784
ATH005,19,Goalkeeper,2026-01-31,Training,78.95761472808024,8.53867380632111,1.159473480801626,6.546415898606572,151.7170025262858,170.52261662848673,7.6465444538669285,60.91732571350786,1,0,80.72980246096564,88.46071532967024
ATH005,19,Goalkeeper,2026-02-01,Match,95.89852762273806,8.894415296150385,1.2904965080243171,7.075049383355378,160.3611674950852,188.97263113204764,7.576265221655233,69.40962097306077,0,0,85.7809275188095,92.0355980362705
ATH005,19,Goalkeeper,2026-02-02,Training,84.39258162606603,7.8680041106955,0.9623248528722483,4.616637905368842,145.0845222749233,160.9968268437486,5.699578776919623,46.207841328343186,0,0,83.73496988643971,79.49074130051969
ATH005,19,Goalkeeper,2026-02-03,Training,74.0415968245857,6.926563611572565,0.755872483542586,8.525967065835133,166.92026313673946,187.29853300100055,7.080153378868825,63.380785400005635,1,0,78.76208693901593,99.36355965402966
ATH005,19,Goalkeeper,2026-02-04,Training,66.05088994159034,7.372364753701596,1.2090957971619873,7.065337005166104,158.904580577737,186.36700016728798,6.946207629680499,56.71417495204847,0,0,81.08602957327385,79.72951148665244
ATH005,19,Goalkeeper,2026-02-05,Training,105.43477571433112,5.0330730596612785,0.5971183559904466,7.97566943860955,163.32136454311302,190.8319321260329,6.950897815643313,58.77534388600707,0,0,85.52850759846702,75.24833631412
ATH005,19,Goalkeeper,2026-02-06,Training,80.36885740242981,7.830173004024004,1.3025037616001842,6.5043661984038526,154.8500722113299,175.92081636758314,6.188820201041652,57.3247114376076,0,1,84.17389000696485,89.6515899671025
ATH005,19,Goalkeeper,2026-02-07,Training,57.24426532259895,7.110444638169255,0.9801544869853819,6.265163327258723,150.98341592146988,187.2290724651058,6.083226963795854,53.564002464997024,0,0,92.4166956993702,83.12156090419337
ATH005,19,Goalkeeper,2026-02-08,Training,69.90454129539862,7.70515015993082,1.131592104607354,8.323121521558503,163.2401548711365,186.72606064141303,6.52418999810942,54.06999748191998,0,0,75.47869177663034,82.8709535198309
ATH005,19,Goalkeeper,2026-02-09,Training,72.21073735765063,7.992154853716036,0.9386839343114937,7.440900999913646,159.81996834361303,183.96269900686528,5.897547773109369,56.587639890632474,0,0,72.56417491140247,76.95154108438987
ATH005,19,Goalkeeper,2026-02-10,Training,103.13603874364117,4.465471478152531,0.4421515760648074,7.207523013666104,156.6735285258941,168.9361717037555,6.8896447476000695,73.24715644652565,0,0,84.8015046207424,76.54699678226089
ATH005,19,Goalkeeper,2026-02-11,Training,80.44731791708423,5.934748805965191,0.8737776065698166,7.307091473728845,164.24113387834439,197.50209805013458,7.282025355976309,61.71822121836125,0,0,73.79093675244758,79.37981433655739
ATH005,19,Goalkeeper,2026-02-12,Training,74.54130958611523,8.351641891950374,1.1782366876132775,5.437621032920517,149.75484854341892,173.66643467657835,6.73136872794458,64.74429238218798,1,0,80.5524497866936,88.29050273572605
ATH005,19,Goalkeeper,2026-02-13,Training,76.74187640275207,3.5897992403689245,0.44547203643630545,5.681944679418446,140.76186574518937,167.36109333015676,6.225800576107275,42.07519676978675,0,0,84.77859482754378,79.3804351711024
ATH005,19,Goalkeeper,2026-02-14,Training,75.54490951655858,5.892982909060133,0.9348070931692185,6.378597599931941,142.5844317869094,165.18777209568503,7.071344489026934,61.98757164012986,0,0,72.71908200806396,89.08734972978782
ATH005,19,Goalkeeper,2026-02-15,Training,80.06178852915099,5.816743948275134,0.747291664389818,4.353944893281739,143.4313310411937,166.6641364102308,6.289099457804001,56.19643433219443,0,0,74.26556863822337,74.72546418894026
ATH005,19,Goalkeeper,2026-02-16,Training,67.98076461382476,8.926815341014253,1.5061556180560454,6.7541369950405485,154.1938049603313,172.13832386631356,7.7934509165528905,74.40110716029183,0,0,91.429472433694,88.8261317066974
ATH005,19,Goalkeeper,2026-02-17,Training,74.0363927735527,9.029730302349785,1.1329637194419533,6.331443653616212,155.2112744195324,185.38855339632244,5.955395658054431,51.95247685444039,0,0,76.26401160954101,74.2767195424525
ATH005,19,Goalkeeper,2026-02-20,Training,87.05606724091436,5.270177212712566,0.603179622611938,8.112603858913884,157.32914942262045,192.92785098242183,8.059608374963732,72.76475842039282,0,0,81.70047401527916,84.21295524645397
ATH005,19,Goalkeeper,2026-02-21,Training,74.43101542763134,7.26139220722046,1.0554897731927024,4.388081751135804,135.85229536225523,161.02858947823924,6.736005932772089,65.35034018121502,1,0,83.36567575927,89.90033088551796
ATH005,19,Goalkeeper,2026-02-22,Match,89.321033544635,8.509595814017645,1.074788907938208,7.846262677624019,156.6669796468715,184.01223584575382,7.27618580349577,69.9220701616208,0,0,78.99764716249364,84.0655128057555
ATH005,19,Goalkeeper,2026-02-23,Training,96.80035110607245,6.611818929324869,1.0052409666145548,6.623839993071491,162.8766117884092,186.14547012570836,6.373735051384657,59.07456993456354,1,0,86.81357384468049,90.77599802791978
ATH005,19,Goalkeeper,2026-02-24,Training,81.27457577656483,5.9240387176568055,0.6077399266188587,7.093948740206807,158.3256421147517,188.0920598985649,7.657063286282431,61.523902810285925,0,0,73.60323641825494,72.11778506081428
ATH005,19,Goalkeeper,2026-02-26,Training,66.75356971381842,7.879622807635267,1.0237397561116455,6.389899908771924,160.0293613100673,182.96594103147015,6.660420797639257,47.96605130231096,0,1,78.46853531409853,86.56830880643135
ATH005,19,Goalkeeper,2026-02-27,Training,56.09613848595021,6.913887240201538,0.6445570699835113,7.722411665166329,160.88057953728662,181.58487973292563,7.947868346989551,79.56155587491445,1,0,78.32443870635984,100.0
ATH005,19,Goalkeeper,2026-02-28,Training,65.27781836328518,8.837993276130927,0.9594690552215327,6.323839440795313,160.4918898688095,192.763589481736,6.577584014795672,61.31676630129509,0,0,72.69650622279697,74.04712068062454
ATH005,19,Goalkeeper,2026-03-01,Training,87.79566680962601,5.801854038741407,0.5326647002626475,5.940280840044319,151.7748671276764,187.28602697348853,8.18482181413479,77.82575983459122,0,0,87.50002285406336,83.03247597575674
ATH005,19,Goalkeeper,2026-03-02,Training,65.27080845577196,7.165848736206553,0.8767302287783962,7.88574775928462,157.322144922098,172.32362978361107,8.798917199179932,69.18827624541488,0,1,92.0615379607453,84.89616177961783
ATH005,19,Goalkeeper,2026-03-03,Match,89.25819562376631,9.845535501286578,1.2864273602686707,8.248732226350961,163.43968266023958,182.92898972475498,6.5477575123789995,39.1715303734255,0,0,87.8306888665471,71.55441227802608
ATH005,19,Goalkeeper,2026-03-04,Match,93.40906574312572,8.496037784851621,0.9443345049574802,7.80493237688697,165.0979387693922,192.88721913474967,5.774713331518883,40.872315143225116,2,1,77.80613835250392,100.0
ATH005,19,Goalkeeper,2026-03-05,Training,56.92948215189239,6.679296675590137,0.6878803117888225,7.688867177937035,157.63507407404393,186.0236292339905,7.229661723209974,50.97829048545051,1,0,86.35062185149907,85.27142258310566
ATH005,19,Goalkeeper,2026-03-06,Training,69.67147589443513,4.688935355325986,0.3837625579059008,5.275278016044331,146.72795777076976,169.53947414317167,7.400015270286324,69.48418998935884,0,0,81.46380001757917,78.39067895708529
ATH005,19,Goalkeeper,2026-03-07,Match,86.81945568054002,10.578123525840464,1.1573175408537362,8.589330325414295,166.12815815602488,194.65748085542907,7.0985342487877485,65.08769743925112,0,0,87.10051672895412,86.69700876419215
ATH005,19,Goalkeeper,2026-03-08,Match,88.26681216989796,11.118051268738522,1.0306983090030937,8.286249160539574,172.6003437698469,202.09127620075486,7.18399811248198,46.750662410643365,0,0,89.91164101607859,84.58305130192419
ATH005,19,Goalkeeper,2026-03-09,Training,66.36803505486255,7.993788650579551,1.273843319207196,6.552278982445451,159.01636986281903,180.49870980362553,7.270146463439935,69.91008531392492,0,0,78.34924728100893,79.14547939304707
ATH005,19,Goalkeeper,2026-03-10,Training,88.33904775864333,7.694972713609343,1.2674638692394171,6.125775374957466,152.8328930071281,178.99158080926824,8.676475551416207,76.3892110371557,1,0,80.15947801503077,95.98402388257064
ATH005,19,Goalkeeper,2026-03-11,Match,92.4995992386245,10.070045608909071,0.8657916852981477,8.499080393568438,168.1218957767278,189.98525609864004,6.280116995554786,58.76607629904218,0,0,74.29268554650365,79.21171290120303
ATH005,19,Goalkeeper,2026-03-12,Training,59.739621243850635,6.264226939722843,0.542323316924104,6.8486270994555465,163.4441727351517,183.32738697007233,7.145245602183837,60.341628961968,0,0,82.81819184843883,81.8793172770085
ATH005,19,Goalkeeper,2026-03-13,Training,56.02877375235322,6.360277073608108,0.772052391729892,5.599865237027491,142.42781400152595,163.93247495434585,6.513034299436943,56.28577823778574,0,0,71.79292289655773,73.01537753450651
ATH005,19,Goalkeeper,2026-03-14,Match,89.09226793856425,9.476427837777008,1.0319065865523325,7.455678502477757,161.83522266911166,184.99973574315183,9.5,79.58036433295828,0,0,79.71192818126863,85.7876962325367
ATH005,19,Goalkeeper,2026-03-15,Training,70.33865004477198,5.691828004098398,0.9414062986741859,6.657853531010456,156.50454453774418,174.01710897977688,6.043198600287611,51.0856396936341,1,0,86.52523594368044,91.22896431181577
ATH005,19,Goalkeeper,2026-03-16,Recovery,47.52900653087779,3.1432378479572987,0.3638255607510117,4.407071139065009,141.42121672534486,170.9675615396721,6.757303656853607,64.16763089517562,0,0,80.75521786880248,79.77336283600879
ATH005,19,Goalkeeper,2026-03-17,Training,58.480317215991306,8.31532014831093,1.2995283303142997,8.202484719454922,158.4323472997002,185.98793799557808,7.27176743518363,67.97110410840186,0,0,86.68585962638475,77.3240481043375
ATH005,19,Goalkeeper,2026-03-18,Training,73.75633529715479,9.22621586752288,1.1190719495464443,6.19196846188259,151.9444274798526,178.06347435329303,5.82862686532064,43.39561394624525,1,0,83.01353368083252,78.12770677228504
ATH005,19,Goalkeeper,2026-03-19,Match,94.62206040955344,9.681797228130968,1.3950562144030836,8.687075988502377,175.90731060920078,205.0,6.250310818922075,48.69156400616568,0,0,81.30998096175959,85.77129198884616
ATH005,19,Goalkeeper,2026-03-20,Training,63.8407901531681,8.847856816622588,1.2694509121845736,6.099170992717054,154.60599585143933,180.14700015101903,6.921161257709976,62.293670867520866,0,0,73.9614684802231,76.8236813802079
ATH005,19,Goalkeeper,2026-03-22,Recovery,50.156175729949794,2.7542154824060026,0.3117747640770258,3.100671687408247,133.1276175979466,155.15474461231264,7.954415620416748,75.08481687653409,0,0,83.56675201903685,77.53614843321162
ATH005,19,Goalkeeper,2026-03-24,Training,79.80347396092665,7.801693197247931,0.8809628011915112,6.603040614486021,153.91873037541194,181.12676641845633,7.722546820917442,65.81916795020118,0,0,84.3252571388713,83.05104757258708
ATH005,19,Goalkeeper,2026-03-25,Training,62.33767831924618,7.614026009682758,0.93948261398284,6.809039927673897,157.58244026556397,179.6702836958091,7.44860954217776,48.49857184902597,0,0,80.8879365360587,77.86696570856587
ATH005,19,Goalkeeper,2026-03-26,Training,76.69821330089256,7.586135608514808,0.9588478869559547,6.121333713972049,156.1863196326867,175.45524204288944,8.149627801789538,67.76033742695725,0,0,78.31234173240895,81.55090584681909
ATH005,19,Goalkeeper,2026-03-27,Recovery,38.21658637212974,2.311326362097937,0.3821728313050471,2.885836950793971,133.90929962779353,168.28643398164905,7.077892213691104,76.20116781472981,0,0,74.7289519027411,77.08321101946879
ATH005,19,Goalkeeper,2026-03-28,Training,39.95050746635095,5.702160090967657,0.7996698254129315,5.429307458409475,141.14531001038728,169.9669153868726,4.574832722638824,42.562369292337436,0,0,75.7345615172927,78.12467160001503
ATH005,19,Goalkeeper,2026-03-29,Training,61.928280861013604,7.87672457725202,1.0520784765792055,8.268402335334418,164.8006330629555,186.70692908102194,7.268009231687831,57.54907351671626,0,0,76.83043962467953,76.26808719984699
ATH005,19,Goalkeeper,2026-03-30,Training,58.48079962153422,7.690613365013193,0.7231569260481997,6.646530278021337,159.69724072244242,190.48483423398983,6.332462543534962,57.75217453588772,0,0,85.1210085936761,86.85734964268431
ATH005,19,Goalkeeper,2026-03-31,Training,91.88751964235931,7.2663262331372485,0.8417232144220307,6.732219429675367,152.57828082065038,185.3320325127389,6.717685723288344,77.65874642685854,0,0,89.36623229755476,92.35590872543413
ATH005,19,Goalkeeper,2026-04-02,Training,89.25063827737215,6.735825484146604,0.6023000193174765,4.731510672112048,143.71636428362112,178.30614056864215,5.2077546607164695,57.02906519548389,0,0,77.65361286123039,86.88573296520565
ATH005,19,Goalkeeper,2026-04-04,Training,86.83811008595134,9.028305723143214,1.5342675023086427,6.915583039833964,155.41796265798783,175.17855379292993,7.846069048533141,67.311964606557,1,0,88.98192413821963,80.95578369060247
ATH005,19,Goalkeeper,2026-04-05,Training,89.98051637037821,8.514644882657791,0.8608339727799779,7.2177104605479805,153.73758910027894,183.96078070557107,7.585068497618591,59.98848135411612,1,0,81.68440998058801,79.35705452288242
ATH005,19,Goalkeeper,2026-04-06,Recovery,49.77318323787611,3.8380489323589897,0.47794513915394515,4.2468262330530795,141.42356786264241,161.38057874214837,6.65448194331487,67.16057713798332,0,0,83.21056629044178,86.83689294494121
ATH005,19,Goalkeeper,2026-04-07,Training,71.53869394766912,9.555386128896698,0.8162194854704761,7.1699011356816165,159.15202840682906,180.1746538675534,7.5288117079894326,65.70133926492774,0,0,66.54022139883666,77.19384185918732
ATH005,19,Goalkeeper,2026-04-08,Recovery,40.19819415911543,3.3381442166909587,0.39348677041207925,3.97479159027282,130.4882356869975,161.8745513362014,7.344440330860245,69.48670839626823,0,0,81.96651821339921,83.6474657964154
ATH005,19,Goalkeeper,2026-04-10,Training,71.85332765889288,7.390652336065217,0.6129524719186609,5.161788618214612,144.39358769941435,162.47342887278967,7.535650177110442,76.99986950271548,0,0,75.23260544780578,79.54767329210046
ATH005,19,Goalkeeper,2026-04-12,Match,90.4309868659357,8.257694241658605,1.3463454441360418,7.588067919392179,159.0451465408689,181.96645675672465,7.753855457959481,60.170221903176106,0,0,87.09467977363846,79.54738850644809
ATH005,19,Goalkeeper,2026-04-13,Recovery,32.1482250656251,2.1696153621866614,0.22311375818290663,3.6417486050361636,132.23462065285702,160.45450012368258,8.136331634783458,81.3941416069828,0,0,87.93968027307179,83.46291653984171
ATH005,19,Goalkeeper,2026-04-14,Recovery,48.130561375481804,3.033624406721266,0.2810732943139313,5.636197923943038,141.3283878796414,168.63354413970185,7.826747851741269,75.42445215436568,0,0,79.97888221133715,83.18836727112497
ATH005,19,Goalkeeper,2026-04-15,Match,97.68930857154517,9.127089881097621,0.7890473631704389,8.285834373129646,164.11019677782832,196.40834248823484,7.347327241817507,58.120262162365314,0,0,81.73337587632268,81.60142511197485
ATH005,19,Goalkeeper,2026-04-16,Training,84.30388501684278,6.376401399380694,1.0658717008028855,5.117221508962422,145.9679170512052,169.04295387118154,7.564305042457584,57.02200347002052,0,0,79.63882282009581,80.98453114382464
ATH005,19,Goalkeeper,2026-04-17,Training,67.52698636644973,9.48169938541626,1.1189001688400484,5.339917037730897,143.53031446793318,160.3720871599483,6.836365753945871,59.44920563950812,0,0,82.84349150310372,77.76760140671524
ATH005,19,Goalkeeper,2026-04-18,Training,62.92105720407758,5.01942323241153,0.8379396875636884,5.772288546031904,153.37546541065961,177.99723843048426,7.567250075816251,80.63259172765314,0,0,83.93784845172915,83.84146175209084
ATH005,19,Goalkeeper,2026-04-19,Training,60.80826734908879,4.5045172362376675,0.672296042292791,5.2403666598191325,147.64570776739617,170.52593695691485,8.092427053661078,81.46847342513355,0,0,83.11190885339724,76.90389107179502
ATH005,19,Goalkeeper,2026-04-21,Training,77.9464079785098,6.288230695213715,0.8619085111651319,6.423106294564339,145.02451723169793,153.44223428103822,8.55714862783686,69.14294191661239,0,0,80.28029176901072,89.76665618873618
ATH005,19,Goalkeeper,2026-04-22,Match,85.53812272947404,11.109873099507297,1.7908654865281415,9.01414577691124,156.0410309892665,182.50113590759372,7.458097336051319,65.75918373660335,2,0,86.837020064702,94.21358272523977
ATH005,19,Goalkeeper,2026-04-23,Match,86.86413520824048,10.280247031279467,0.9723265043371706,8.40977318352159,168.2415292115074,190.5595536194205,8.55000348417076,78.08323723094813,0,0,73.90413967155158,86.16765407775313
ATH005,19,Goalkeeper,2026-04-25,Training,66.22565471247181,5.251909369197586,0.526720108094415,7.480349269538795,160.7560197462654,182.1327124826219,8.742983334221588,68.79412253200763,0,0,94.24789619355532,93.34604357678954
ATH005,19,Goalkeeper,2026-04-26,Training,65.50009609853882,6.081320838272689,0.8334048024390142,5.949272982237145,147.66688270836644,160.87231953972162,8.140720865471705,66.57828732689197,0,1,77.48788739999841,88.45562527419752
ATH005,19,Goalkeeper,2026-04-27,Training,81.14573431795483,7.6682713886421805,1.0061840137048998,5.320472413856704,151.09207299551719,180.316785725604,7.208322597335452,53.014369971313236,0,0,81.86224991873269,77.45655847874202
ATH005,19,Goalkeeper,2026-04-28,Training,84.23060031474168,6.89050521351265,0.5837932071287436,5.983273957110979,150.2616773611317,179.5718932084962,6.991336931540347,58.9296749881205,0,0,71.8804242417593,72.94944189661857
ATH005,19,Goalkeeper,2026-04-29,Match,96.63134382061293,8.623844571449249,1.2002963957532782,7.258573431215419,159.6199720589837,191.96898841120117,7.063578699733276,57.677342115806375,0,0,97.79548463998093,85.1048495128985
ATH005,19,Goalkeeper,2026-04-30,Training,66.29298842340827,7.0729542404740675,0.7864069820938671,5.4200432572801995,149.05889024422498,176.39849656210052,7.171295141978017,66.20303441806342,0,1,83.71624955508213,90.898838559187
ATH005,19,Goalkeeper,2026-05-01,Training,69.71376862051886,8.550932650465494,0.9443044479763082,6.686052704410257,157.91421271543285,173.99741667529292,6.5246694941580765,49.45804476110885,0,1,86.70728081771819,88.12009765038351
ATH005,19,Goalkeeper,2026-05-02,Training,72.76889378777986,7.652295631870734,1.226923711730937,7.570161814554281,156.34346707077725,173.82363033158038,7.643181733271384,67.28494079357175,0,0,78.69685473285824,84.51891360620003
ATH005,19,Goalkeeper,2026-05-03,Training,72.98447556424136,7.848589980341812,0.844460538026912,6.05731610456919,148.80678663017136,179.12936684688592,5.519359381666417,40.82888816405328,0,0,87.15399655994224,84.51011761903922
ATH005,19,Goalkeeper,2026-05-04,Training,91.88592287486284,6.237411209027368,0.5318680703550205,6.3764055804326185,158.4815229295388,184.5193435652038,6.935514804813831,67.70855879848118,0,0,89.36393462882859,86.60819098614147
ATH005,19,Goalkeeper,2026-05-05,Training,79.60438865052991,7.582203041711807,1.129376403940301,5.507957974682503,152.43330361575477,170.799071510351,6.899912455510062,67.09976320963973,0,0,83.79775643156685,76.10937889004893
ATH005,19,Goalkeeper,2026-05-06,Recovery,45.271774243069125,3.4606668616061524,0.43055535236747755,4.33260366263329,144.19553622936644,168.24025040033035,6.212177084166934,60.67384233972432,0,0,88.73508389195436,79.61472709817403
ATH005,19,Goalkeeper,2026-05-07,Training,80.41619741480467,6.743087126172181,1.1268861776891834,6.813533877045098,155.10791556914705,179.74712943109876,7.645555975791683,62.658308930649056,1,0,78.35749038703105,86.30959848839366
ATH005,19,Goalkeeper,2026-05-08,Training,73.71444438190882,6.746132817014508,0.6555074893093382,5.791791002446481,146.4499000271034,173.57276113574116,7.686268875892515,68.13637226756309,0,0,87.80698236103322,76.457194196076
ATH005,19,Goalkeeper,2026-05-09,Training,62.095118494633894,8.166420955450326,1.381379080864085,4.949779212403575,154.9979493306217,174.940275361022,7.440674137038822,65.26268410724138,0,0,89.18132058349937,80.48029923182492
ATH005,19,Goalkeeper,2026-05-10,Match,90.99171043650162,10.674555314256681,0.949546357858678,9.587489143309647,169.18312847899628,197.36502582210284,7.978001274867822,67.43097145541692,0,0,78.47681232475668,80.5965269417438
ATH005,19,Goalkeeper,2026-05-11,Training,64.0587410769076,6.646246712259746,0.5793231693572484,8.3351431917235,172.9814464579511,205.0,6.173630448547052,60.27103236102118,0,0,80.18913935753922,84.353153127552
ATH005,19,Goalkeeper,2026-05-13,Match,82.82851983637974,9.16564546236122,1.5249777855751827,7.715933960915782,157.91665381923804,187.97101596038013,8.96159180646897,74.47124095933046,0,0,92.05201909560445,84.8340927623196
ATH005,19,Goalkeeper,2026-05-14,Training,84.18794910187512,6.236453417634882,0.7033856823905055,8.415552372485651,164.62221172331118,180.29302323450264,6.094042853263572,50.443768383864736,0,0,72.9020062716433,76.07293611876176
ATH005,19,Goalkeeper,2026-05-16,Training,86.74464858249296,8.412016634581363,0.7898660280039465,6.907218608180771,154.6982603192611,180.6728958699255,8.271113436162043,70.63533278602954,1,0,73.66030642778179,88.12569026467582
ATH005,19,Goalkeeper,2026-05-17,Training,63.51397476910529,7.291649969343287,1.0266933957728799,7.483588573948192,162.17607444345253,177.89104468313917,7.1712639688126645,62.84755868810151,0,1,79.73535705828533,81.99608327046619
ATH005,19,Goalkeeper,2026-05-19,Training,97.40317113209295,8.28211760806391,0.92738224804676,6.107692970984307,151.84044292874395,182.27307313347262,4.5,36.436525326859034,0,0,85.59565477132755,82.77425136436602
ATH005,19,Goalkeeper,2026-05-22,Training,69.19003900106708,7.214678379901986,1.0398427989178969,7.909880171618031,155.218643975607,173.19123129223158,7.530954583494026,53.64522093425989,1,0,83.64378253751727,87.10806528451587
ATH005,19,Goalkeeper,2026-05-23,Training,90.84479137736005,8.910910909188473,0.9848042303207827,5.163019103951424,147.55740955650126,166.958359757114,6.998778997003687,64.177821184226,0,0,77.30810955950821,80.46804712428396
ATH005,19,Goalkeeper,2026-05-24,Match,97.37082289096463,9.320176176786049,1.1856447956518759,9.151179635920801,166.546646348688,184.65990171754243,5.299700951370627,38.95677143951581,0,0,88.20591649841093,72.80344502732315
ATH005,19,Goalkeeper,2026-05-25,Match,92.46065574165816,8.623982732485757,0.7184640130510802,9.030461481247585,176.10751132297727,201.7004266500548,7.654214013390227,63.168174183508626,0,0,70.34247459690528,89.05969136183812
ATH005,19,Goalkeeper,2026-05-26,Training,65.56925224864337,6.765074654799943,0.8611904201874565,7.366236921508713,161.9905959445764,187.19652792556272,6.893692097469048,45.155934828804405,0,0,77.8459985910804,76.11627165582286
ATH005,19,Goalkeeper,2026-05-27,Training,70.60960463166748,7.841932857083123,1.07613830996398,6.350695332677991,154.73904226321525,181.12844047980064,7.323816139438693,61.74853125185861,0,1,89.04613608708921,94.76688468113437
ATH005,19,Goalkeeper,2026-05-28,Match,87.93388484183349,11.769147152634291,1.427055386461797,9.022310101386791,167.71543968211896,182.1533788714706,9.076204850278087,68.54671246923192,0,0,84.66449885500197,82.5124970068441
ATH005,19,Goalkeeper,2026-05-29,Match,97.19656614387888,9.594351250378907,1.5321905074926985,8.652181701706445,173.53473738254615,201.68581127207773,5.002743199371074,29.497585024284298,0,0,87.8813455218716,82.06486580868577
ATH005,19,Goalkeeper,2026-05-30,Training,75.01601190334115,6.9815501549436725,0.7977300602440011,7.837434107915418,166.89034879920695,192.4640471675811,7.0379810212481075,58.57355475741697,0,1,73.28714838749903,75.85073631927395
ATH005,19,Goalkeeper,2026-05-31,Training,52.64937732265631,7.843913063949193,0.8267529366059158,7.580325540900442,156.65265503235534,180.59019968930238,7.23067793144486,59.55730114087917,0,0,83.41390450115507,79.96815000538895
ATH005,19,Goalkeeper,2026-06-03,Training,65.03813334026782,7.104361684645608,1.1886797393643986,6.440378150316871,146.0145676805585,185.8420499500259,7.133026992408114,65.63449942929921,0,0,90.20737157895164,75.35665369382885
ATH005,19,Goalkeeper,2026-06-04,Training,103.6613617985621,5.651711671727,0.7838098308022914,7.943613807127895,159.021421945021,184.3627685429682,6.09510362274198,45.802232554179184,0,0,84.91691770513212,81.9003626409155
ATH005,19,Goalkeeper,2026-06-05,Training,90.30246883718934,7.081351314861883,1.0119233159893688,3.905372116754658,141.47773927272212,164.30245012942112,8.489219496971824,80.41833534010898,0,0,91.23726392613841,81.8795094053751
ATH005,19,Goalkeeper,2026-06-06,Recovery,41.93827235659591,2.335653516318499,0.35850367454690824,4.088532264335426,139.69366960994816,166.76641750727714,7.921756840790059,89.85787020871776,0,1,78.16659214008283,94.67719606185193
ATH005,19,Goalkeeper,2026-06-08,Training,75.8251385728486,7.5194942608839295,0.6303072366414673,6.233196979601588,150.54273037045766,169.00851571725127,6.4669115708426155,50.10455808709502,1,0,83.55659978030911,83.946819177054
ATH005,19,Goalkeeper,2026-06-09,Training,70.05159756130784,7.65226232667875,1.1168415276553627,5.0449803133481845,149.83872326712634,167.25117761204854,9.072562567767083,80.62613210192475,0,0,87.74451968695314,85.6230041563236
ATH005,19,Goalkeeper,2026-06-10,Training,85.90699572647051,8.292579008405019,1.385073194311812,7.492673054368966,165.13167242958858,185.2925986755419,8.67350319630627,62.94954174362069,0,0,89.06512596294726,81.00922557510543
ATH005,19,Goalkeeper,2026-06-11,Training,97.90792620278863,6.848578125022373,0.6971935358443874,4.961622366668187,146.07065929863805,174.06567403554504,6.794543887611999,67.16916468358173,0,1,78.27177027434817,87.00515272359655
ATH005,19,Goalkeeper,2026-06-12,Match,93.91582011607537,9.270167688294853,1.2554947841889175,7.934088023619118,153.06936803490927,167.91040726406942,5.11247464738226,43.239475369563195,0,0,80.9175904992279,82.26066916654513
ATH005,19,Goalkeeper,2026-06-13,Recovery,45.82736357275252,3.8043288161756688,0.5758312849871321,3.600355281864836,126.5791389470518,156.30392770647893,5.827786796772428,59.845490312684596,0,0,87.10582445969104,78.7922033778535
ATH005,19,Goalkeeper,2026-06-15,Training,75.93738133982525,9.040704531377322,1.109063145963007,6.127528377609903,149.19328833024426,173.98078726260593,6.5480590166417905,55.0076464101904,1,0,84.17574814861291,83.74249027734582
ATH005,19,Goalkeeper,2026-06-16,Training,99.05358076727691,5.407142525311318,0.6486722016235682,5.6950243407498915,154.76514720719987,178.31357783478816,5.670244827530138,69.4544379586004,0,0,76.76271688694182,82.78057181919833
ATH005,19,Goalkeeper,2026-06-17,Training,99.9206442157104,7.9690700472145375,0.7106032363412933,5.613375387848741,154.09796668361935,177.54389351309402,7.640206520843129,72.60356405850845,0,0,72.76797356240444,82.81752417432297
ATH005,19,Goalkeeper,2026-06-18,Training,63.567718312448974,7.478448960361176,0.9014499162841352,5.963845928603144,148.40345151394163,178.54302023430128,6.7185451574892445,63.661309743524825,0,0,97.17028164668126,81.34932802413188
ATH005,19,Goalkeeper,2026-06-19,Match,101.22277348099364,9.7616980307326,1.5631982119926964,9.328247713245874,169.82892608675073,197.38969087049176,6.563203458621027,46.51673420299457,0,0,76.95848757522833,78.89505617238403
ATH005,19,Goalkeeper,2026-06-20,Training,77.71396694789033,6.521805899546285,0.9355356433463082,6.725804193406816,154.06092405875478,176.49383556507306,6.981509441364782,60.84258657136953,0,1,81.57888246269552,74.33905962020505
ATH005,19,Goalkeeper,2026-06-21,Training,91.08532853211534,5.9928197204457145,0.9504129961275147,7.295290760970666,164.0422430793834,186.68806000523074,5.338963851039798,34.23158486951048,0,0,85.3884043519516,82.98711478524831
ATH005,19,Goalkeeper,2026-06-22,Training,52.11843782277468,7.6685808112488125,1.1131178203624263,7.910657533308041,162.1118347084514,185.3452901994681,7.051394057527222,63.224671901969735,0,0,86.92287171749858,80.72868615893317
ATH005,19,Goalkeeper,2026-06-23,Match,92.43619210403078,10.665755114246238,0.9348244821731707,8.897995240005118,168.68046856191543,199.1712565387634,6.830952855858254,57.09953482436316,1,0,79.76258201889094,92.99927585328018
ATH005,19,Goalkeeper,2026-06-24,Training,89.59735180196981,8.255732637815525,0.8807698952223604,5.487425569185679,150.8547082659113,188.36460682720323,7.213463179667304,65.64660930550971,0,0,80.30943449699559,80.43181322249256
ATH005,19,Goalkeeper,2026-06-26,Training,73.20348213571195,5.973584277989958,0.7241623420151634,7.0384650367777315,164.61652015398388,193.8587626892315,6.76212988565542,56.74586555677191,0,0,83.73326295483558,84.0861116287944
ATH005,19,Goalkeeper,2026-06-27,Training,58.273662398932665,7.228706424872005,0.7164900507452835,6.013005082758392,149.5675219519133,172.41326045391165,6.848408192845472,54.86115688162137,0,0,91.99150764293019,74.04971063999822
ATH005,19,Goalkeeper,2026-06-28,Recovery,41.104825140086206,3.707860251341378,0.44387584427318094,4.1315543118973075,139.18710401264138,164.45154095240173,8.302203498095139,94.75379064623434,0,0,81.38393698604261,81.47104725251404
ATH005,19,Goalkeeper,2026-06-29,Match,98.33301581773317,10.909578637869737,1.7194291377103383,8.574188349584484,162.20261043161514,179.44129755715588,5.974914071084114,41.78526226996929,0,0,80.04167489224017,88.65814379812386
ATH005,19,Goalkeeper,2026-06-30,Match,88.68882449799732,9.5001032284334,1.5758202202885834,8.483624387721607,168.88167033492672,195.753733410567,6.460800433635395,44.16529714292471,0,0,87.333741177203,78.72808699346783
ATH006,18,Midfielder,2026-01-01,Training,95.70092891659672,7.762375439766022,1.0622655855957037,8.237632700108882,161.41243399840764,179.8762284730221,6.432848896151839,56.10378411821112,0,0,89.3456647561344,91.50713413290552
ATH006,18,Midfielder,2026-01-02,Training,71.851601637227,8.018158361817708,1.1395294397721139,7.224087674946542,162.16096736519384,186.3315013892555,6.500644103505025,48.01452585552319,0,1,71.40170401633132,89.17881755280446
ATH006,18,Midfielder,2026-01-04,Match,84.24429261259169,8.88773057456264,0.7711374630836118,9.047105345210708,167.76118225767746,199.84479729368647,5.688537779632215,41.123396021922765,0,0,84.43900943536356,87.87942868069803
ATH006,18,Midfielder,2026-01-05,Match,92.29897303145079,10.002881302533815,1.193988843456432,9.673537862196907,178.52765436588984,205.0,6.561444990598762,45.915719457131964,0,2,81.57455542962772,96.12019155861606
ATH006,18,Midfielder,2026-01-08,Training,83.81064325996542,7.891293084674073,1.0016732066522769,7.429348817267553,152.48812527426176,177.33204419983545,8.122499975629443,75.14018112247554,0,0,93.52863715931971,82.97044497973387
ATH006,18,Midfielder,2026-01-09,Training,74.06498873712168,4.829960767926453,0.49811630719459693,4.366576496781228,139.19070600563057,170.03457497651294,6.531395319196569,57.89193096084435,0,0,82.54878440214381,76.2963968145788
ATH006,18,Midfielder,2026-01-10,Training,65.09467326186919,7.157805940786659,0.6256381829737483,6.891830010172796,161.58615272327054,190.50028887415067,8.176191336673456,69.1563293449199,0,0,74.48359690737772,85.66810619549824
ATH006,18,Midfielder,2026-01-12,Recovery,30.454851587766314,3.2999893730023744,0.3937217633501262,2.5814214770683686,128.66047381730414,163.51572852331384,7.632549441229774,84.29465367236763,0,0,82.53004211019739,82.00117218551067
ATH006,18,Midfielder,2026-01-13,Recovery,35.48432741200461,3.4101175466473044,0.5753448811672961,3.929277834289778,145.17306185887085,172.9277899073285,5.89224607624178,51.45488712715854,0,1,88.87397440771777,86.05608104911084
ATH006,18,Midfielder,2026-01-14,Recovery,47.19199409810543,4.117106129610497,0.4890416030866634,3.474408532846147,130.2239600309353,148.61353765374463,6.854993104067128,53.82150538287178,2,0,82.74272228066982,91.00387193112961
ATH006,18,Midfielder,2026-01-16,Training,74.68402997436357,8.060162776367502,1.2933247774588588,6.372379431573246,152.80021296963622,176.92817469377567,6.851646565681164,72.7410675635191,0,0,86.00467614389932,88.93109387771985
ATH006,18,Midfielder,2026-01-17,Training,81.2010603238784,6.684920527943896,1.103566558609136,7.475034206953751,155.67134785509845,182.65533356571132,7.333168163402902,52.8161030861552,1,0,90.82240457392092,89.27338359801284
ATH006,18,Midfielder,2026-01-18,Match,84.14009289600195,8.86580216302523,1.106135627377674,7.940227092361144,161.49369724249274,188.47284366965607,6.764686231161166,67.08382744368004,1,1,79.34999517269623,99.59661723139887
ATH006,18,Midfielder,2026-01-19,Match,99.39821347971078,9.04725479018579,1.1728329726871154,8.0590820394154,161.71598927921508,186.51999889601313,7.17612039810571,61.149412848294624,0,0,78.42742855753008,84.49212559122964
ATH006,18,Midfielder,2026-01-20,Training,78.21757295716932,9.411494043201717,1.0102939784273481,4.819620693508287,146.5279778325391,163.3801957703565,7.259675739618005,70.16062229818019,0,0,74.27700310535465,80.55257340812005
ATH006,18,Midfielder,2026-01-21,Training,62.77954124238578,6.738702447751407,0.5398934989366297,5.297076454176864,149.04956914352908,178.51818392944773,7.5128782310290125,82.69170747650561,0,1,84.91333610337949,80.79493245834576
ATH006,18,Midfielder,2026-01-22,Training,88.78514875654255,5.988107621273753,0.513010222548556,6.556386978331701,156.99519402034974,180.33216736045372,7.0610483709006795,55.136972390580254,0,1,73.31374810859398,79.5032519765869
ATH006,18,Midfielder,2026-01-23,Training,70.35614258749344,7.503475885758751,0.9897129608996995,5.431863797935479,141.85860490348668,152.68521794444553,6.9557489090143,73.87221486539649,0,1,77.85918200849436,84.68389418242329
ATH006,18,Midfielder,2026-01-24,Match,94.79849532110488,9.107182667696817,1.2160808205208726,8.896155084764958,175.56205999926343,192.59747815585553,6.0569184943407866,45.78172419903924,0,0,91.52903352877846,85.2239973148546
ATH006,18,Midfielder,2026-01-25,Training,85.11786537353406,7.01987959255195,0.8489976672203919,5.844783694065029,147.6671275723619,180.26860646930723,6.991445307655274,63.021917742859806,0,0,83.61100877485217,95.26326673232833
ATH006,18,Midfielder,2026-01-27,Training,97.87525132992215,7.370023987795004,1.1976021107654953,6.654930981188195,151.03016082681563,181.55226922544728,5.786013681638724,49.89182218333115,0,0,89.96777820811278,86.30237455213984
ATH006,18,Midfielder,2026-01-28,Recovery,35.103802779824456,1.8351188682009263,0.18818448957681844,3.376546114856283,134.39330764602514,154.88411049623798,5.830664250996314,51.13832112106262,0,0,86.97439192099463,78.08913079995102
ATH006,18,Midfielder,2026-01-29,Training,71.41108668798216,6.357566933316065,1.0548378524940272,7.021055624580556,151.37650484441778,180.7995429230768,5.401711633595654,33.449004126908974,0,0,72.83065087986128,76.28184357573541
ATH006,18,Midfielder,2026-01-30,Training,84.03611905276975,5.381695193667067,0.8176737819742403,5.804580345666172,148.34641194124592,161.86814904851764,7.80297150657476,53.676476166955176,0,1,88.64943136659947,93.63842530348717
ATH006,18,Midfielder,2026-02-01,Match,85.33273202403626,10.746900732070737,1.5047595171582417,7.141826701706025,161.16566055555558,184.400056229817,7.592942996173841,70.84589738282983,0,0,94.05790081473864,80.2996846719592
ATH006,18,Midfielder,2026-02-02,Training,75.1655769328012,7.289345855972642,0.6883403493797889,5.625852661314475,147.69595908510638,168.25691898747743,7.277465706377315,62.131159960662245,0,0,75.07352670062214,82.8112365939266
ATH006,18,Midfielder,2026-02-03,Training,77.7468573114069,5.2586078462347885,0.6448718801290475,5.751987316161598,149.32172500312024,178.30914714378753,7.645848416242391,66.74200159902156,0,0,94.7660227465157,82.74850612811122
ATH006,18,Midfielder,2026-02-04,Training,63.59498666064851,6.793743725597734,0.6049457056514668,6.201561316801955,156.65761406263354,187.82574471796232,7.11328704294784,66.01197876933739,0,0,84.28729728765896,85.72784520417612
ATH006,18,Midfielder,2026-02-05,Training,67.9702216839682,9.709945923537203,0.8457014579497457,8.125708693847223,161.14403833437837,180.24419250573197,6.040339558394666,37.290927376043726,0,0,84.88202016901249,80.8916798323678
ATH006,18,Midfielder,2026-02-06,Training,71.10389396112198,7.18355874455638,0.7510700897517932,6.880874107321891,160.18491143676098,178.59937677012994,6.9469666374237065,58.7742953609952,1,0,72.08949299494927,86.60159393218652
ATH006,18,Midfielder,2026-02-07,Training,72.87773807910061,7.915791259990882,0.7098476102875281,7.524561749302446,160.45656590443892,184.8544695053102,7.196042197546258,51.33515276794609,0,0,81.48042188247798,85.50462352604107
ATH006,18,Midfielder,2026-02-08,Match,90.3776430941995,8.839161841007456,0.809003955717786,7.909365659114295,167.3249645756336,191.4262168164252,6.473252787116465,44.355167598155205,1,0,86.17391811355823,83.00199716332445
ATH006,18,Midfielder,2026-02-09,Recovery,59.46208176618855,2.629492928329569,0.24342967111757768,3.8873551164151134,135.77854450977378,151.67277863048673,6.40506305523338,57.59745319903183,0,0,83.87685707583243,80.93796707256035
ATH006,18,Midfielder,2026-02-10,Training,67.7048186829349,6.565737027948569,0.7655988781018603,6.631108563084835,160.12666691315823,176.75343351497295,6.319786215186188,53.991916784303825,1,0,76.90925486624205,86.39277924750222
ATH006,18,Midfielder,2026-02-12,Training,95.87381364622426,6.822020234462237,0.7466932758657786,6.554665418404613,152.34379544539837,174.28076951441597,5.9079640929176085,63.924626184011046,2,0,85.57931626042826,100.0
ATH006,18,Midfielder,2026-02-13,Training,79.40957596867099,7.1655426473703665,0.7806353097868404,5.58567040302381,150.77985689964538,178.3539558508237,7.672719570994504,76.48577104539197,0,0,89.24803186351292,90.97878864806685
ATH006,18,Midfielder,2026-02-14,Training,63.92147773746545,4.74128706803181,0.4973420717027938,7.5554477657020325,167.6788129828784,187.42614341089595,6.655991344933169,58.74847495470372,0,1,89.35174183509838,84.9601461752891
ATH006,18,Midfielder,2026-02-15,Training,68.35302449500786,6.745488059037042,0.6129075745492336,6.058927482187851,151.11175171020457,174.84623747136183,8.098821742087114,81.49201904204794,0,0,84.57840148534052,85.57983943688988
ATH006,18,Midfielder,2026-02-16,Training,58.17031998677746,6.246276900122878,0.7142860223096968,6.459783863771198,158.44974128538362,175.36285160932718,6.506421573995574,50.20345893533151,0,0,66.53241284635305,77.64079937774126
ATH006,18,Midfielder,2026-02-18,Training,61.380402996566914,8.60780096989023,0.7665479957080702,7.130909318921219,158.66165177127084,168.64514947184324,7.072149162631498,62.303446166760494,0,0,74.24803234996679,83.43771404014582
ATH006,18,Midfielder,2026-02-19,Match,93.91158866021378,8.529632471018726,1.409175747043705,7.925249046943692,163.6239787121054,189.84390827567532,6.484056360952819,64.76947153687308,0,0,69.58861887397498,81.12730105118357
ATH006,18,Midfielder,2026-02-20,Training,81.75719913060871,8.655502120477337,1.4377802945442262,6.718477067913527,154.93576050874884,172.69187251441855,6.494176249630498,78.42537753414715,0,0,79.88861905826106,80.44692495709506
ATH006,18,Midfielder,2026-02-21,Training,67.19113800746337,8.114725455366308,1.329554989832544,6.145424545262699,153.94111083968275,188.08272172183263,6.503339879148679,66.7234768599804,0,0,82.73248526220125,75.99698918427062
ATH006,18,Midfielder,2026-02-23,Training,77.60080035653125,7.927627030212065,0.85020346582732,6.734323293179914,155.47925959297783,169.11488392659757,7.378653323568175,68.01375446667993,1,0,82.91240461281468,88.99517270995835
ATH006,18,Midfielder,2026-02-24,Training,50.61431067754288,7.011375522552206,0.8293062935426136,7.9158752668283014,171.65289474915997,202.83852015737793,6.914121167105054,46.86600269080399,0,0,75.83145133690084,77.73001624343408
ATH006,18,Midfielder,2026-02-27,Training,80.92625530720743,5.231671770599448,0.5562117817715486,7.2728046636373005,165.733173828639,187.5887656867226,7.680099602772525,63.845734601803855,0,0,82.97293998452449,85.06805533284776
ATH006,18,Midfielder,2026-02-28,Training,73.06516737122993,5.615338916948501,0.45521854739605866,6.768064797948641,163.82876347789272,186.61629761275333,6.38945378474178,62.34472480297236,0,0,83.0203491492635,81.21805077170117
ATH006,18,Midfielder,2026-03-01,Training,70.33464908147037,6.3558960927432295,1.0241370533732703,6.551191119979898,158.99760356457793,187.88982203080224,6.168141758745928,58.066756606792765,0,1,74.19817709716988,84.88502195816679
ATH006,18,Midfielder,2026-03-02,Training,70.7197361605473,6.062295598948627,0.5504238043021867,5.777253393707715,148.90840028739487,176.97126540022967,8.588570786700238,62.59316865064019,1,0,92.17738205514145,85.32550051148225
ATH006,18,Midfielder,2026-03-03,Training,79.44069706041574,8.00844143393792,0.7566120384585674,7.89615579848669,159.8633033212568,185.75741017028673,7.507685176736374,62.72804916575883,0,0,88.9306070702305,83.87936579030821
ATH006,18,Midfielder,2026-03-04,Training,87.4797843033398,8.43824227668014,0.759809588850051,5.792791759975668,150.57231411668107,175.51106433701784,7.35356649361966,80.49690535752572,0,1,89.22065523550773,92.26963230773016
ATH006,18,Midfielder,2026-03-06,Recovery,42.34449099851529,3.318596836220366,0.5183580750945553,2.9051645916770075,130.05347562168382,154.52901641223463,8.101215813123947,74.92530531371186,1,0,89.9065861904656,89.7973945457928
ATH006,18,Midfielder,2026-03-07,Training,59.188936555893086,5.467144233734065,0.8725431955231611,7.171255717041391,155.83927459198148,182.8438889783269,6.451833427811754,53.96344929250527,0,0,71.80008818776456,83.1221635529144
ATH006,18,Midfielder,2026-03-08,Match,87.86367881362393,7.280313341529198,0.9384023425173721,9.457562840538275,171.45154243846895,197.71368527469713,7.440160078576497,57.914060304763076,0,0,70.74714542321414,85.65198955134944
ATH006,18,Midfielder,2026-03-09,Training,64.79728436796907,7.612072700077826,0.8952099447591897,8.015121820765398,155.47919501227395,178.78261500129162,6.854205153080985,62.709496589580894,0,0,77.64665870194318,73.91422269052994
ATH006,18,Midfielder,2026-03-10,Match,92.25378940242769,8.253046779851422,0.8485026096715572,8.751874794430002,161.89136946709624,183.75374813077144,7.890860755702871,62.544355126241086,0,0,85.24301512342659,92.29126182722057
ATH006,18,Midfielder,2026-03-11,Training,71.68397514088159,6.321815382400931,1.0618437516106947,6.730140651267175,158.8236607470338,182.91541627922803,6.68730385677862,67.16320865145963,0,0,80.34927824088011,88.62852233500332
ATH006,18,Midfielder,2026-03-12,Match,93.18187146068803,9.069785694849026,0.7972274576392095,8.122079003951631,172.5172648907992,196.56205652092484,5.888134980777085,49.71437505315114,0,0,85.37078898596678,83.07668944810638
ATH006,18,Midfielder,2026-03-13,Training,77.13768315038084,7.866063446612383,1.2294519261729846,6.340090325748907,152.16055294062997,184.04554842010106,5.37638097109043,53.06619056371342,0,1,89.07373049960457,76.15948744436093
ATH006,18,Midfielder,2026-03-14,Recovery,24.97558725513065,4.09779829648951,0.5161027729209776,3.761542009164833,135.58929873050405,154.2558839030467,7.591521212528562,74.94782481564755,0,0,77.12839009171195,79.28625979511277
ATH006,18,Midfielder,2026-03-15,Training,54.483540242996796,8.5576402537384,0.9149867626573224,6.718950012387586,160.1182093525654,180.66314675879875,7.686608814104362,78.08840920318339,0,1,83.20418191391417,96.42044385525499
ATH006,18,Midfielder,2026-03-16,Match,102.15224333821764,10.278656210055996,1.089470801627372,8.72483390944128,175.12840736410723,191.84422163390462,7.587406521384517,63.86392788379915,0,0,88.31151797792788,86.94483817829973
ATH006,18,Midfielder,2026-03-18,Training,52.727480077566554,7.08818814619563,0.7620870442668978,5.123102958210301,147.04678963777533,164.46041963056888,5.6137379523598705,54.165069217636436,0,0,77.98739842102054,76.08944740341762
ATH006,18,Midfielder,2026-03-19,Training,67.6088842886827,7.359744108403696,1.0193911627738867,5.009335453702068,147.66610577520817,170.08907070678748,6.493107727517854,61.38637156895531,0,0,86.69350023964148,85.84019906428412
ATH006,18,Midfielder,2026-03-20,Training,57.0971704476825,5.4961826226532375,0.5936343437337712,5.749286838119368,151.69608900489212,178.6001650394126,8.06885856001102,77.32731408726394,0,0,77.79284523012002,76.34236348531083
ATH006,18,Midfielder,2026-03-21,Match,96.23024857462346,10.324211171435413,0.8352017111489785,8.228871292079518,159.1548528422013,174.17565478137664,6.4168372015185104,39.30197041851436,0,0,82.35799111387928,70.33772420490536
ATH006,18,Midfielder,2026-03-22,Recovery,53.39477236477626,1.9864912655854194,0.19185073300627833,3.36380037176573,133.36102768116174,152.4288893680802,6.349575848851423,54.96476198687026,0,1,85.4404629633714,82.45429683659947
ATH006,18,Midfielder,2026-03-23,Training,75.96967366448688,7.439303839183635,1.1987131985185977,5.447448210653127,145.29700657545902,163.9568195464173,6.297401752077494,42.33513438023373,0,1,82.30676196478858,78.58143355749
ATH006,18,Midfielder,2026-03-24,Training,68.2943060264645,7.834934087408021,0.8943583906311378,6.676431845766969,156.3121399638889,178.36455952623393,7.900159693554036,84.00891834584131,0,1,87.40877280899083,95.75058129319915
ATH006,18,Midfielder,2026-03-25,Training,62.546964864729944,7.98696186640801,0.7218513341974172,7.638416426360377,159.37622921261558,183.19152302327,6.170610485332948,50.141891379167596,0,0,75.11793510973551,84.0087457974701
ATH006,18,Midfielder,2026-03-26,Recovery,34.450864273339995,1.8281812748749235,0.2534628975612854,2.6763704217613506,133.21588003632036,157.29209375250167,8.23173889183051,89.81914048905963,0,0,89.95678113848683,78.8354769746874
ATH006,18,Midfielder,2026-03-27,Training,65.16851657308297,8.462037933573884,0.9018448858653556,6.716701144806568,152.67065126579212,170.65340538308507,6.542846837000704,70.66278939856207,1,0,84.32844240271855,87.00143221891004
ATH006,18,Midfielder,2026-03-28,Match,84.90200518272012,6.648290989424089,1.0543148541566478,8.48802349072604,163.08813184376484,195.73491062263656,7.8343720039805245,73.33876020501759,0,0,96.21089025595228,87.07133061091668
ATH006,18,Midfielder,2026-03-30,Match,94.70355698332835,10.033095677230321,1.2811236619380584,8.095873556486955,160.5166018706378,186.89849609987186,5.068346316010118,38.820805452190974,1,0,89.58465465137502,91.6080026835958
ATH006,18,Midfielder,2026-03-31,Training,83.41766059982109,7.536139860991016,1.125425809668327,6.586004395159997,163.11481425171547,196.47720048936378,6.397296483142612,44.614611267314075,0,0,78.11297087426736,89.06102887070904
ATH006,18,Midfielder,2026-04-01,Match,84.78335277294931,10.387388759935305,1.7204938717401883,8.028809957702222,169.22795604308433,197.69505523109186,6.231180243017931,55.839125029809644,0,0,93.3911611201364,84.99948178463568
ATH006,18,Midfielder,2026-04-02,Training,86.9218616309871,8.129898881517452,0.9313320406559421,5.573525120166038,143.45270773917198,165.2938654739348,7.459357128423541,72.92713372196047,0,0,75.90553406140407,80.06855554970983
ATH006,18,Midfielder,2026-04-03,Training,80.98138809461045,4.579092255157574,0.4880040954736434,6.318162358408098,150.19599810857585,183.4554327085172,6.329958000373033,60.355827128028764,0,0,85.90493591451273,88.51961291459594
ATH006,18,Midfielder,2026-04-05,Match,91.7914212660846,8.79098558190662,1.2611301200005218,7.1907920609378015,158.99724563946324,193.25110346545898,9.444187495611656,90.19944654861733,0,0,72.33951253132679,81.72119256168047
ATH006,18,Midfielder,2026-04-06,Training,88.9150787777217,7.046298409459094,0.7541842741625506,5.864392350803993,137.9361775962746,174.53785605330978,7.169531899531327,47.90480331248351,0,1,85.3295765764949,79.77285990003524
ATH006,18,Midfielder,2026-04-07,Recovery,46.83942622736628,2.6995263285573676,0.28385294022936325,4.2379597228942405,138.87566518656058,163.78246209834808,5.6401163196465784,52.347483171406495,0,0,85.94352266807795,84.51040541464661
ATH006,18,Midfielder,2026-04-10,Training,69.54343168524461,7.133488468046215,0.9860161049225924,5.983106659011764,160.62985754106813,189.4301713436497,7.281358215379183,69.08717934835497,0,0,79.99126645431066,83.93752966955101
ATH006,18,Midfielder,2026-04-11,Training,62.18563597558997,7.3000064448133735,1.0447091324542268,6.525121088551268,156.2933430100431,180.28841290080032,6.735815465416857,59.145668543572,0,2,82.87937095351924,87.73466972525269
ATH006,18,Midfielder,2026-04-12,Training,86.98902071979475,7.465903979036897,1.0792424200855018,7.275241991864059,157.24873952183543,186.67939098731492,7.402454071540043,59.99785937593914,0,1,83.72942054658354,81.22000118847507
ATH006,18,Midfielder,2026-04-13,Training,92.4650566567832,6.215303585194619,0.767908927171586,4.717630566357294,148.94880035875465,169.41580366855203,6.357474730907352,58.11482178954899,0,0,85.7111100205279,84.08332222999522
ATH006,18,Midfielder,2026-04-14,Training,59.394385022148185,5.859154733675025,0.9358157127611187,8.183808077020602,171.33463200785434,193.90435686464667,7.036445770710642,60.65017478360369,0,1,83.88373412062374,84.3493943377367
ATH006,18,Midfielder,2026-04-15,Training,76.97175189741579,6.119618165111827,0.9901656836238851,5.97930766545754,151.74867673446204,180.56443244674875,6.3923873569692065,58.352464126838804,0,0,87.76116011059295,79.67297896325394
ATH006,18,Midfielder,2026-04-16,Recovery,50.277068387508734,2.389753984866663,0.21574938434890245,2.5415500279105636,135.2457245846132,161.66917868410547,7.6805605938568,84.24519100182475,0,0,80.65326423809807,86.11484097125894
ATH006,18,Midfielder,2026-04-17,Training,102.54869521377039,6.0448342739863135,0.60431662650884,7.7851162742330775,166.22057818218855,187.02638761661206,7.376766993125548,59.838683021418156,0,0,63.732027009561286,72.24386908566785
ATH006,18,Midfielder,2026-04-18,Training,60.43764662291038,7.824506618954943,1.0424085432995103,6.113885290621508,162.3804330230207,197.91524637552197,6.404106708650776,67.03146849493453,0,1,82.56589912767059,78.89100218037458
ATH006,18,Midfielder,2026-04-19,Training,76.44048660419305,7.631737920213366,0.6988316489397127,6.29012313238849,158.97480109880388,180.65953992874375,7.236979803184472,64.45345983508177,0,0,88.1058668334626,73.66955392316007
ATH006,18,Midfielder,2026-04-20,Training,78.88383514983938,7.08328171124469,0.8525955280800758,7.629114227585736,155.85312319838093,196.21005053509728,8.347740026552547,73.09160496905893,0,0,81.31789794886538,85.37744089093175
ATH006,18,Midfielder,2026-04-22,Training,65.2796217764453,7.894239433383505,0.6323410201518925,7.391496123716069,159.30088134981966,182.4004523732229,7.694762453719504,59.77140228309839,0,0,77.60678628820104,79.90901193626915
ATH006,18,Midfielder,2026-04-23,Training,87.34909364024789,6.6921066593832945,0.9694700975237571,5.098039532759774,141.65635731223188,168.2036897399994,7.195639525252614,72.17214467957837,0,0,80.67580909926207,76.356627572353
ATH006,18,Midfielder,2026-04-24,Training,80.0108426108084,7.391287573583135,1.0436876394466812,5.5646940448196,155.67124545815778,181.71835387513863,7.597606046761146,64.41608519206511,1,0,69.48382990743553,94.40450059226275
ATH006,18,Midfielder,2026-04-25,Training,84.40757488699491,7.104768998279288,1.0636220686109428,7.839148675157541,154.82008485021157,174.88143080751848,7.066873838624274,67.97450335272038,0,0,85.91370997388817,73.53002956788083
ATH006,18,Midfielder,2026-04-27,Training,64.90369563993323,7.464241360622071,0.7364659767481861,5.269302774142051,143.40362784344387,163.23941902877192,6.167457132216274,53.34512247367615,0,1,90.87349932428549,77.9414837490204
ATH006,18,Midfielder,2026-04-28,Match,94.34633901251817,9.865736753495433,1.5445067622086341,8.237944308678257,156.0911373385927,189.80705580890083,6.801243711999866,61.1101946042837,0,0,84.72758624367967,82.79020901479308
ATH006,18,Midfielder,2026-04-29,Training,69.54469750038082,6.9427237303938,0.6696324243727771,7.345651376767113,159.8145148322982,194.28889010970005,5.949362503748391,50.21628587696237,0,0,77.82378953602067,79.7831164024393
ATH006,18,Midfielder,2026-04-30,Training,91.16301003371338,6.94440783537941,0.6198149279346643,5.52086703331919,144.2082340926287,173.4940583368948,7.058420152323861,65.8173710607858,0,0,83.31297830895863,80.21326818187393
ATH006,18,Midfielder,2026-05-03,Training,61.49977163747357,6.413311625159857,0.807154994170438,6.833963699278217,151.4537327533948,184.62025640714558,7.1421125860998425,64.84013224290656,0,0,83.09389828140218,82.81371264071349
ATH006,18,Midfielder,2026-05-04,Recovery,28.322680517000617,2.6661411287160175,0.34986631911861965,3.4242854553674453,146.28194857168214,172.77009687179535,5.704372969506311,56.297482351770235,0,1,78.1563841116587,71.94068367195047
ATH006,18,Midfielder,2026-05-05,Training,88.38994799794659,6.333022833952834,0.7665873545787152,7.143870310370912,160.14218217749226,175.5497320769953,6.751293034699853,66.23274391993034,1,0,87.61235290029776,84.31879137817505
ATH006,18,Midfielder,2026-05-06,Training,65.46694659777393,6.1565142453685615,0.8916745418496461,6.5484264572150845,152.078232465005,188.00523167975987,8.91078418768603,100.0,0,0,85.90573553496887,98.35018452189074
ATH006,18,Midfielder,2026-05-07,Training,75.74427813548071,6.339446290058014,0.7234649134319664,5.516645142965295,153.98702810473617,177.22288567528946,6.430375859741146,63.188491869175586,0,1,90.22251244379981,86.42744739435173
ATH006,18,Midfielder,2026-05-08,Training,74.04805489029542,6.726883591199663,0.7421249016073429,7.250496000776478,151.13662942574365,181.0791871143987,8.326274632691172,64.79071211200545,0,0,81.31897834326583,84.59696398759235
ATH006,18,Midfielder,2026-05-09,Match,89.42082340707918,9.90461119151142,0.8590318119728142,8.351957767550616,161.97472203939114,188.12424467775497,7.397809266549575,54.02154553503219,0,0,73.50980721682313,73.70766873569401
ATH006,18,Midfielder,2026-05-10,Training,100.64070762858113,8.315952417532447,0.6854727580866967,7.63513074377661,159.358988228243,188.65399097882965,7.8627724576637394,73.93297318886705,0,0,79.21694404206534,85.33882455249781
ATH006,18,Midfielder,2026-05-11,Training,64.62882727246814,7.317975922910921,1.040513437821842,6.274877073473864,158.77250733210406,189.11999415839753,7.528719820131453,70.3644431452148,0,0,76.82027127423947,78.72386681886813
ATH006,18,Midfielder,2026-05-12,Training,65.00193852285906,6.664016837501107,0.659971483620711,6.549817090177434,156.77917766332354,180.23473698141342,5.518393426634411,47.23431408561961,0,0,82.71586980322475,79.93667791945333
ATH006,18,Midfielder,2026-05-13,Training,77.04251035049128,7.732833272504138,0.9266360251276706,5.58576267852287,149.00325300160577,178.1468522301668,8.681880168938179,83.06423906190258,0,0,74.72627860712782,76.96791246119382
ATH006,18,Midfielder,2026-05-14,Training,75.60334945953096,4.468785922192519,0.38867977829731654,3.773100498673662,134.73429634174016,153.71452181237055,8.713511002108927,73.81410742105557,1,0,69.19697627200978,77.15318287572823
ATH006,18,Midfielder,2026-05-15,Match,99.16815672195278,8.190638931661569,0.8987674777873547,8.871406461011729,172.63827909441315,189.29166329837057,7.302864645783982,60.6133078115337,0,0,79.83335249150902,84.67251926206112
ATH006,18,Midfielder,2026-05-16,Match,91.02847219292273,7.233750979755837,1.1624082289518942,9.377870821096625,166.74485970856466,188.3321266628718,5.681672272876121,40.71997597425126,0,0,83.77598937194702,86.17889786281526
ATH006,18,Midfielder,2026-05-17,Match,85.89957103376085,11.241223596540923,1.3465351837141204,7.508682819349274,153.20844460133648,172.18631910651388,7.42897103243856,70.17581767308998,0,0,76.3615003922098,84.44449408328362
ATH006,18,Midfielder,2026-05-18,Training,91.17140502962769,5.2531384875906335,0.7521200208199027,9.338396355664127,170.71613259712188,198.440169950685,5.5444811595985115,33.02777670670967,0,0,89.64780622026946,76.3165860661975
ATH006,18,Midfielder,2026-05-19,Training,61.64050416402367,6.984890460770518,0.8240921910762238,7.001426366753506,147.40218621023797,172.04711154537532,6.402030335559339,53.139525445641,0,0,80.54424336691531,74.58101755835345
ATH006,18,Midfielder,2026-05-21,Training,75.56335801259223,5.554013653210396,0.8222244701526893,6.467768311238662,144.67377617908227,170.75268546789115,7.836641329607717,64.8636572219993,0,0,79.22691006051043,78.25170384651324
ATH006,18,Midfielder,2026-05-22,Match,94.17834259320746,9.567833531222131,1.2139187700118426,9.194957416365272,162.46103160669955,183.6098858922805,7.218713175857481,58.56216906577848,1,0,84.75672831381213,92.8613742489367
ATH006,18,Midfielder,2026-05-23,Match,90.29087065558814,10.608011677705706,1.4842768374283193,8.493624652334212,171.18423807751475,203.40322257018715,8.506401280772982,66.31042951912693,1,1,76.6868225401274,92.97552797210078
ATH006,18,Midfielder,2026-05-24,Match,92.33009374671599,9.459538033077932,1.146705480181618,7.512764966869055,160.74671013211855,190.35903081733443,7.696499885132512,66.85927770929902,0,0,75.45857374521763,83.7201457591592
ATH006,18,Midfielder,2026-05-25,Training,66.56222004086358,7.3663530146918355,0.686714060700265,4.99919143617497,146.83122574606048,172.16870498702306,6.480531684947304,51.04539488370782,0,0,91.72946196121637,75.70570806086167
ATH006,18,Midfielder,2026-05-26,Recovery,45.48108844573006,2.9804197377566832,0.40705647176521087,4.177908985843316,134.63744071033372,160.60055929195423,8.115507680595305,85.8875029424951,1,1,80.1701203435917,99.79737809296904
ATH006,18,Midfielder,2026-05-27,Training,88.48887132735074,8.688000099239868,0.9414008171128899,8.35807690953496,171.3067151525854,192.0756747671749,6.097613440610589,51.09853154459057,1,0,80.0703545217245,90.66824278837142
ATH006,18,Midfielder,2026-05-28,Training,63.3997066118317,4.299024995446295,0.6884871479812047,7.025309314189964,159.54816955428007,191.61801902594667,4.8886035980818425,39.428500483326445,0,1,82.79276521393945,90.71814993225635
ATH006,18,Midfielder,2026-05-29,Training,78.9586939666161,8.214158612575337,0.993526598668755,6.060991266756168,150.96461781874225,173.97260778473665,7.675218582817023,73.39618905700091,0,0,98.0,89.12072717586149
ATH006,18,Midfielder,2026-05-30,Training,94.27084867845937,4.90645320628819,0.8243717224855936,6.9748973243823915,159.62618496630907,189.7453433633703,7.572352003528992,58.73554987391704,0,0,79.26859495151433,90.44047737193777
ATH006,18,Midfielder,2026-05-31,Training,78.9053422593176,6.926409097169813,0.8229130529172014,5.49356669282823,147.57617869656553,155.50942423160424,7.179838967084183,66.61079587630782,0,1,83.5438546248204,92.05520056077184
ATH006,18,Midfielder,2026-06-01,Match,92.78817982636492,9.38225846163953,1.4341937690569557,8.392096007037987,163.35117364717948,187.63604705138698,7.4788951564507125,63.51166481453069,0,1,82.40748064480533,93.12989225289967
ATH006,18,Midfielder,2026-06-02,Match,103.66735767948461,9.33395685913003,1.4267406497254544,8.782806537241832,166.62332281001784,200.42948479322317,7.091584118748897,54.441316351979715,1,2,87.10086039494924,100.0
ATH006,18,Midfielder,2026-06-03,Training,80.6913154332335,7.855455720036717,0.693529152651661,7.334048048475099,162.23605671665158,190.41881833030754,5.698587715309673,44.60056324133801,0,1,81.72570995992086,86.47519908990778
ATH006,18,Midfielder,2026-06-04,Training,75.43902010759611,7.886856492002168,0.9183514667698466,7.27936651437781,156.05509801567754,187.16732500080562,7.205499881212107,61.33154320710047,0,0,85.23850674520482,77.78860099266409
ATH006,18,Midfielder,2026-06-05,Training,87.35451453549331,8.17577678868662,1.2247045238906433,4.803191911907274,139.30312185580183,166.11348184112558,8.285124925055776,79.62663207359314,0,0,82.25872530982389,86.2196782191977
ATH006,18,Midfielder,2026-06-06,Training,71.36137281870529,5.439346528859855,0.4948930726034783,6.04172749270621,152.4125963941768,174.1496471909322,8.508342124098561,73.50493170540837,0,0,77.96128001505411,82.11162738360038
ATH006,18,Midfielder,2026-06-07,Training,80.28301096346883,5.998136345297318,0.6350295340438642,7.593374429030195,161.39945810209275,200.17042213441385,6.989589760616347,58.05293192162187,0,0,69.13371909756616,76.74891393293296
ATH006,18,Midfielder,2026-06-08,Training,50.82838039411055,6.177596867114834,0.7119487403437987,4.559249357384379,143.38792366642352,169.36204285599695,7.702467393305434,69.40518364702919,0,0,82.06628195463334,74.94164738752515
ATH006,18,Midfielder,2026-06-09,Training,76.20745855452219,8.927028597855301,1.2243047836900471,7.632869423720045,153.2831733621462,174.93468373626297,6.944113498561043,61.619706733153365,0,1,83.88361206979211,90.90323189088426
ATH006,18,Midfielder,2026-06-10,Training,88.66116139873965,7.287211097900853,0.6338257865123536,8.44995651938734,163.88333297493176,190.72864263712216,7.978087374909295,66.42409456034622,0,0,82.78251464505587,83.27110952701852
ATH006,18,Midfielder,2026-06-13,Training,66.64952315300755,5.821780375768482,0.5938189793274337,5.920992960138078,147.11414215987222,162.86107965321526,7.9936502027822804,75.61149027556372,0,0,82.85336269995517,79.85008386433242
ATH006,18,Midfielder,2026-06-14,Training,89.08069273580045,5.958395950084843,0.9628856187266854,7.472261517479888,158.1044619895241,185.33029734033582,6.949584933590602,55.34757844031858,1,0,76.16699076310577,79.86784627164627
ATH006,18,Midfielder,2026-06-15,Training,106.56747936264782,9.075586371771063,1.3130027409636802,6.9782608887275295,155.2785623769332,173.56564667287822,6.9320325535431735,69.0538134211173,0,0,85.83782544469203,87.65279021813441
ATH006,18,Midfielder,2026-06-16,Recovery,35.15452894319685,3.445820147573987,0.42233150834137045,2.5963981171822104,128.3712279019515,158.95026504578615,8.894265904266666,90.72589343752298,0,0,87.03936840571502,84.33249879964158
ATH006,18,Midfielder,2026-06-18,Recovery,31.845004470102886,2.1858814181599318,0.25389981623253305,4.9186027895278865,145.18253744861784,177.26735581201524,6.9732060473110575,68.81278832279266,0,0,90.5638406669552,89.39806099477602
ATH006,18,Midfielder,2026-06-19,Training,61.547246623914745,6.519374336263427,1.0401064292189133,7.863363350073559,157.07027181370316,189.7883161015396,6.098240158061524,48.795843285865004,0,0,80.82801575281613,79.23481530347239
ATH006,18,Midfielder,2026-06-20,Training,88.02428549174256,7.850223345724215,1.246957111248891,6.267586387882904,153.34913128106763,185.24539791978174,8.260361785283907,72.72979564967842,0,0,80.49971804901304,81.63281728545846
ATH006,18,Midfielder,2026-06-22,Training,67.59422837256665,4.291661001805051,0.4134671001823025,6.877494765064914,156.67533512178812,184.57367033876292,6.866994976804111,59.99653990273877,0,1,80.17536481106012,88.52516673280579
ATH006,18,Midfielder,2026-06-23,Training,72.90400453585742,6.700237599966329,1.038452598606975,5.3845244975889335,146.50371415713226,172.27871919490667,6.754996111219471,54.902089624319146,0,0,78.43933405071652,78.82715754008186
ATH006,18,Midfielder,2026-06-24,Match,82.05857510075398,8.590030118194454,1.2684470894244244,7.542746288656928,164.69630999010133,187.9595144621603,7.117067544349271,61.361400599966416,0,0,71.96858239294791,77.14372463926438
ATH006,18,Midfielder,2026-06-26,Training,78.50223122201417,4.591977296379703,0.5504368216302075,7.021979047195808,169.84706597901308,194.383312724528,5.507472699118715,37.77887007206272,0,2,79.95998394542728,83.58986019915048
ATH006,18,Midfielder,2026-06-27,Training,79.29160528270843,7.428995134360204,0.672436432697545,7.971115148028447,160.3051622311162,184.67416782665313,6.061179130420953,57.33814662057403,0,1,82.77629459804854,84.92562839719459
ATH006,18,Midfielder,2026-06-30,Training,79.5464626282713,5.649845063028414,0.5964155896570954,6.9248853033934745,160.37249937846593,187.02372634684824,5.9885522960476845,38.324977355782735,0,0,89.0478743800513,71.62449890583763
ATH007,28,Defender,2026-01-02,Match,88.73405149181714,11.698865262731047,1.9762635608741896,9.550562985118516,168.70392276709742,193.09068214138892,7.309183129637632,58.647735417979455,0,0,73.0391363349691,86.42932368194424
ATH007,28,Defender,2026-01-03,Training,76.04091645381847,7.050908884655153,1.1759214177109023,5.5251428644783545,148.82092298894062,166.99276058280998,7.315098873633877,74.05230768651083,0,0,78.2578443210394,81.2953814059077
ATH007,28,Defender,2026-01-04,Training,64.02863299191516,8.410709138711443,1.3202378783527497,6.392135001507054,145.29322992249882,180.3221862296988,8.075452300919807,72.80100590423609,0,0,83.37450107085856,82.64750206339761
ATH007,28,Defender,2026-01-05,Training,86.08410255959426,8.284660047067534,0.9598463407135805,5.3292215313333635,144.37351163881462,169.4138546316117,7.482493106041795,81.52837749580608,0,0,84.607916784403,87.99676515821598
ATH007,28,Defender,2026-01-06,Training,75.67954456627888,9.20040316409847,1.5114743625642135,7.745122521987657,154.458358623475,188.628892170648,6.824956777820961,50.90257903887804,2,0,79.3135064664559,84.93400740617484
ATH007,28,Defender,2026-01-07,Training,77.12055964446431,9.134215829941663,0.9161605661608422,5.150563653364012,144.85409177711884,172.55699532562795,6.02211723363491,57.34264016062294,0,0,90.68924243317304,75.97844151334036
ATH007,28,Defender,2026-01-08,Training,78.69991779287474,7.925471344896392,0.8434501184061399,7.29785463454203,154.86222964503284,184.10719734325778,8.283000117010543,73.18680642102613,0,0,78.98741185834803,87.0090940564855
ATH007,28,Defender,2026-01-09,Training,71.0462608321486,8.090045675652576,1.134878324431946,7.133465809050394,161.53016299919702,182.89349900313877,5.694520525546514,48.46866883553964,1,0,93.15044238723208,90.52049758129274
ATH007,28,Defender,2026-01-10,Training,84.17330545196421,7.082627369820535,1.135070744139317,8.110007150854127,158.43074184322387,179.36251387446094,6.486971109158039,54.681904886922766,0,0,86.74493872752643,81.55694003321146
ATH007,28,Defender,2026-01-11,Training,70.3342879089972,7.774660792685938,0.8952653604235044,5.13393350016346,147.997468042256,167.78915196764834,6.692630043828058,54.82705524685705,1,0,77.3923200333698,76.35119766245472
ATH007,28,Defender,2026-01-12,Match,92.8768493842366,10.28846293898045,1.2057053933812685,8.511447135856832,157.54668090670148,188.8704026596372,6.768346700652165,54.3387423185894,1,0,79.60131660844752,92.33387070686476
ATH007,28,Defender,2026-01-13,Training,65.84235010004231,9.350420755962983,0.9063871840704434,6.615688815913241,154.4719569224943,173.42258187576502,5.625382536561653,53.428562119273295,0,0,82.9529553952579,74.75071851073074
ATH007,28,Defender,2026-01-14,Training,68.56576987871401,6.022456558484815,0.6321175134091638,6.892063611974943,151.37646867977995,177.1667812930638,6.989060694241691,62.933797478199644,1,0,86.68504006284229,84.3572777177842
ATH007,28,Defender,2026-01-15,Training,85.59675553444536,7.353305785145635,0.7531028927974313,8.226873403339546,164.97439325494386,188.04878703056463,7.1430784073383,54.27821471811719,0,0,77.50235274606143,85.40227804510994
ATH007,28,Defender,2026-01-16,Recovery,46.338278137662854,3.466247678244222,0.5373116806192197,3.970768871571834,133.5570424231944,166.7973007744704,6.409033647856693,56.136994557494226,2,1,95.88892955065666,99.20647029668986
ATH007,28,Defender,2026-01-17,Training,74.10010438546487,7.223360934103574,1.1450245727921096,5.976963132672618,159.8275044675562,179.7764970535918,6.754634726871077,64.5563823807709,0,0,88.08559797854642,85.87841007937972
ATH007,28,Defender,2026-01-18,Training,73.29441798460883,8.20031268215957,1.1516084539093259,7.633839518647117,158.407293040359,187.3516453278493,7.366896470002152,66.55515071420288,0,0,83.77618585073621,88.38542352712204
ATH007,28,Defender,2026-01-20,Training,68.63509230924441,9.397869037389267,1.2136869822196836,4.5121031204884705,157.5785523113459,180.68969892104548,7.393468262157205,74.82679658120175,0,0,80.00529893042588,95.01507682022157
ATH007,28,Defender,2026-01-21,Training,60.34270456444069,7.8002200188908875,1.2295235848410107,5.408527661699385,155.55503638724105,178.2237768909428,5.619526391082505,52.60173845348646,0,1,81.12707203193624,81.84594058375087
ATH007,28,Defender,2026-01-22,Training,80.27885692525096,8.531796645634063,0.9673855963630617,7.575279095835473,163.34248410644307,188.95798551950224,6.248654661301632,44.44013671276323,0,0,76.49320488099997,77.40144508670932
ATH007,28,Defender,2026-01-23,Match,95.88002372021354,11.29986742751895,1.139046724745533,8.580414043625598,171.8697690604822,190.27275065643087,6.7155646812360015,56.29848970055513,0,0,80.38807287444064,90.36925147095288
ATH007,28,Defender,2026-01-24,Training,88.11894424428075,7.845891555188565,1.037348226194131,6.35399354309917,149.0009892620716,177.2536683231051,6.60398077891727,64.0491160204401,0,0,88.33753424839178,83.3930804454184
ATH007,28,Defender,2026-01-25,Training,46.705971081602726,7.410658510623406,0.7784854994853583,5.294272683769083,152.04103073396274,178.28564556264598,7.806231124358088,72.14062355522384,0,0,81.11295843322505,76.76356277253396
ATH007,28,Defender,2026-01-26,Training,67.15291571368523,7.999491544423472,0.7385058438186282,6.292444410840804,163.52444929525035,189.32592383693265,7.2246745574942475,56.685724830582046,0,0,79.97830646422803,74.48149241650064
ATH007,28,Defender,2026-01-27,Training,75.91233327816472,8.079461263618198,0.9989810512423555,5.752737022095028,141.030525782497,164.7038299956548,6.965741013246261,68.50729794321414,1,0,79.94292953134592,82.53539083044198
ATH007,28,Defender,2026-01-28,Training,60.470814945039706,8.734312639035563,0.8615544557993293,5.860542562498595,150.87453291278112,181.87156828757924,7.886025558465439,78.83833442652922,1,0,81.97286115694939,86.15287056083653
ATH007,28,Defender,2026-01-29,Recovery,58.57976311424892,3.450813672017964,0.3132978771568449,3.2883118313107533,129.46017287191788,158.820810741635,6.4886432777319625,61.88607440463101,0,0,90.25719365472968,75.78985761334526
ATH007,28,Defender,2026-01-30,Training,57.72061387765433,9.548372227311981,1.047686214427404,4.5559505703707535,137.87645985858595,162.45385088112138,6.137062490963699,52.57755413821152,1,0,90.23291816746452,86.01030231373828
ATH007,28,Defender,2026-02-03,Training,76.2916267380363,10.001657495948468,1.303869528149927,6.852097624321858,153.5099073885134,173.74639169461136,5.493671313149004,47.42874177294419,0,0,84.71462223214566,76.75455589076815
ATH007,28,Defender,2026-02-04,Training,78.393174798571,9.354927280456899,1.4093107924569552,5.112186489205298,143.01822961500608,168.934705400792,7.955395860616459,82.530230495923,0,0,72.19680601663754,81.8364095731972
ATH007,28,Defender,2026-02-05,Training,71.9461350488014,6.634327317043257,0.6022342218692662,6.686783626337398,154.28312948408734,181.3789571742842,6.768973410546866,63.80665690249589,0,0,76.55930929438165,78.0423788148919
ATH007,28,Defender,2026-02-06,Match,86.14384831514022,10.876934921354225,1.8194762424128565,9.23806952402271,172.78567753007616,197.95711759982703,6.824024955560803,60.62024934939943,0,0,66.60441059591967,80.54797974761755
ATH007,28,Defender,2026-02-09,Training,86.00680614237218,8.732196419741348,0.8179583262917476,6.363481344640384,157.3853459197779,171.79077112666926,7.957793246893236,60.80944552929945,1,0,82.6352355612475,91.83955798235696
ATH007,28,Defender,2026-02-10,Training,86.90923633422149,7.974270423501,0.7495504219628565,6.950768444521888,158.87296332902193,184.77439114780628,6.85824084381179,56.827801555894915,0,2,89.96459270398397,93.50097271105443
ATH007,28,Defender,2026-02-11,Training,90.38777947786193,7.140190691823537,0.9666183508591297,5.943892312356864,143.8220350756629,159.15605648337015,6.324951652383857,56.94073857254281,0,0,84.7318585122911,80.37309993233416
ATH007,28,Defender,2026-02-12,Training,85.39885828539,7.6451565478685115,1.0875779076099286,6.2637413633749865,155.6378044510841,186.77610669190494,6.68100141018167,66.66828962007116,2,0,73.34261473398246,90.33180819518145
ATH007,28,Defender,2026-02-13,Training,51.820025035773824,8.41886555699539,1.0806926297981971,5.134649268439687,140.9625463721236,159.8721034340756,5.8910002079492,41.53343072458654,0,0,74.57546531962576,71.57273864875658
ATH007,28,Defender,2026-02-16,Training,59.797898708796126,9.616911716747328,0.934421850341306,5.600768319419429,141.59104513302793,166.165275086171,7.878137495050671,80.45988697857467,0,0,77.56319334066045,76.51654872841851
ATH007,28,Defender,2026-02-17,Training,60.38497033761604,8.12817996757829,1.3734587664972986,6.4451168228036675,154.01834985868103,180.56069167654425,6.3746885221470135,55.19597653072429,0,0,73.13401785997823,79.22634230109851
ATH007,28,Defender,2026-02-18,Training,53.94668288091159,9.101417789007312,1.5365883331251144,9.155760448912666,179.07113622417933,200.78878055865573,7.78184802712377,58.321400129203134,0,0,86.18950562143316,92.19725422697864
ATH007,28,Defender,2026-02-19,Match,91.3349321825131,13.101111562592887,1.5473395841552997,7.4911996115607575,165.4557762302101,196.62181344833778,7.29038370076254,65.85601732576104,0,1,90.68947609221946,82.35434208554194
ATH007,28,Defender,2026-02-20,Training,77.03205655267443,7.037847132776713,0.8157304019159991,5.363840717328429,143.33127742531258,167.94973451391127,8.445168408545245,76.25982078194562,0,0,80.43691579634574,76.73775465942867
ATH007,28,Defender,2026-02-21,Match,95.44499594681285,9.204335834471363,1.0314455664886784,8.27829581182922,162.79478662848823,188.05709133738674,6.839339275513132,51.56272259484479,0,0,79.85451415031083,76.81531226334927
ATH007,28,Defender,2026-02-23,Training,77.70722990063096,8.965423899986952,1.0888812985569176,5.72716167789082,150.6435062926985,165.9992768706997,5.9373590792884645,56.99210964253818,1,0,82.32686707464347,95.34820528716445
ATH007,28,Defender,2026-02-25,Training,83.59261362315677,8.460156322629174,1.113000740903487,6.496759901572344,150.62390389211083,172.13604972940675,7.100953251165639,63.01120898109033,0,0,86.55694411872405,81.56855253609153
ATH007,28,Defender,2026-02-27,Recovery,55.49879535479967,2.682774042573579,0.3722217784616238,2.3923716437204137,129.93526748467147,146.8611874172582,7.201835858569916,69.91334541172063,0,0,86.84988358598153,74.79425555523147
ATH007,28,Defender,2026-02-28,Training,74.7100906850365,6.98136595255362,0.8966842625508739,5.963826781099335,151.1794118733739,181.12568097872045,6.247196720068129,65.12640202193144,0,0,73.74212427820429,79.02679693726525
ATH007,28,Defender,2026-03-01,Training,86.36486026115517,9.32123050025047,1.0516819309461698,6.320153108732342,154.00826895935293,171.65312264860415,7.706751416532275,79.46547159950916,1,0,83.754252039928,90.60129843338392
ATH007,28,Defender,2026-03-02,Training,76.17183203927883,7.487066426466848,0.7944119196175723,7.373416482543746,157.68827899254416,183.57143324229526,7.172885445267047,62.77220945188679,0,0,80.68485073168706,89.78972034092554
ATH007,28,Defender,2026-03-03,Training,76.89176912242189,9.397959292419468,1.2568719993797273,5.322897491357885,141.5287076792083,179.0967032270138,6.974176294163062,67.83918521562923,0,0,81.07144593820523,77.86690849633511
ATH007,28,Defender,2026-03-04,Match,89.43314727372665,11.807801739725509,1.7673222320921929,8.132922792701006,154.5006195204276,177.88837811293178,7.827262561394098,71.54531266120561,0,0,73.80293674474635,83.71534137404014
ATH007,28,Defender,2026-03-06,Training,85.68658550054653,10.55064418895164,1.7553320885721642,7.404847037187103,155.97177690989483,180.72138217810175,6.252357910666938,52.709317237616034,0,1,78.12083068108485,88.85944902117004
ATH007,28,Defender,2026-03-08,Training,79.28728274450954,8.385758581265362,0.9579396206874966,5.856753410306971,145.01250741561157,168.78196587550605,7.63491469521318,57.473805411241806,0,0,80.84213939354127,80.44804181558672
ATH007,28,Defender,2026-03-09,Training,97.06474576405,8.603485057164267,1.0575859727244998,6.8194352729218,151.3658782672489,181.42103041423002,8.794935410180068,63.709722264979604,0,0,93.37252604072319,75.83653690798361
ATH007,28,Defender,2026-03-11,Match,93.21524570173426,10.65572467182146,1.1755329051785466,9.281352197690566,170.5344098193395,205.0,7.884716308965541,63.158827007623245,0,0,84.15616097813061,84.07963933247348
ATH007,28,Defender,2026-03-12,Training,71.04392645233153,6.873752695561782,0.8070982709917635,5.340478853985336,150.07312396024062,189.1057591465276,8.205914491019463,87.99902214514657,0,0,89.28663364310168,84.74534023736115
ATH007,28,Defender,2026-03-13,Training,80.70368248835682,5.507071497935603,0.5852751832953837,6.209747244160041,160.12121798926552,189.34343929471436,8.045867649649729,72.00277172250546,0,0,77.86638676499453,93.57896095413493
ATH007,28,Defender,2026-03-15,Training,79.59923105433998,6.899090209514356,1.0886659937504986,8.641345037874975,162.06321342436894,180.1256940375102,7.378837195013835,61.339455238448664,0,0,83.93320858499375,88.52182363420071
ATH007,28,Defender,2026-03-16,Match,84.4705595550754,9.246617234924242,0.9818779001697825,8.710566691549037,176.05520371027868,205.0,7.219541810907096,52.54459062490783,0,0,79.31985136463837,82.85831768887773
ATH007,28,Defender,2026-03-18,Recovery,44.22892237465848,3.558365449962083,0.29566780410552007,2.8152125212894603,144.56867222116648,163.39854090217077,7.531877718531711,76.07790675182221,0,0,84.76521757618566,81.05699424612583
ATH007,28,Defender,2026-03-20,Match,97.14748914462395,11.049972512034518,1.287109739172073,7.847974055110727,159.61891203077275,177.96899188673746,6.647235351932972,39.39225844221518,0,0,81.11448819886564,80.7094251708265
ATH007,28,Defender,2026-03-21,Training,87.3151143774013,6.9414681650505585,1.0781088559838634,7.675450488837175,162.70215003491288,179.0990232890831,6.755395897902818,56.065573651004286,0,0,77.15633194204524,85.78263257559635
ATH007,28,Defender,2026-03-22,Training,73.60556831689466,9.121120166869272,1.3033657682862045,6.8353612846743825,155.40166575739553,186.03126661534517,8.215942315071285,79.05436606946742,0,0,84.8522226031215,87.24435378439071
ATH007,28,Defender,2026-03-23,Training,79.22239943968584,8.215465454201476,0.7405942730283464,4.990785414503325,148.42793611018922,181.7951251219659,7.788775531320461,83.53204218416334,0,0,77.61220042514474,77.05582641396089
ATH007,28,Defender,2026-03-25,Training,65.36323539913867,8.689567669160246,0.8677666087004182,6.68156313663529,159.90749199875833,186.69719363791666,6.152913238409436,58.826970018622546,0,0,79.3738179656457,82.839557639822
ATH007,28,Defender,2026-03-26,Training,68.58561890372899,10.09450459352275,1.120423639890295,5.5776385642215764,151.28866735871546,180.54023398657756,7.362357279646485,74.07429280860318,0,1,88.07915604368289,85.37256413426476
ATH007,28,Defender,2026-03-27,Match,86.02796241071479,10.558374346186312,1.6170583787376924,8.342351012271873,172.394391739446,200.33174658656873,6.719098640509858,52.65395526890953,1,0,86.03613114765196,91.3687005934131
ATH007,28,Defender,2026-03-28,Training,94.77504198353694,10.969063730713579,1.2123547069638418,6.390502701018456,149.19526523160016,189.32144898777196,8.327856908372414,57.22341266192846,0,0,80.96192385670896,82.62996426039555
ATH007,28,Defender,2026-03-29,Training,72.78247506008903,8.201740214280525,0.6911136188743531,5.891083870495047,144.1676111398178,168.25170513284596,6.645022551968651,66.3315885950084,0,0,89.67994138072454,75.97974442403348
ATH007,28,Defender,2026-04-01,Training,63.891349854368265,4.988702906597605,0.4588128116759352,5.188600770489972,145.09535738178346,167.32795341009802,6.210570498940906,70.9762819808516,0,0,90.17956144152029,81.01455966735686
ATH007,28,Defender,2026-04-02,Training,94.21996149203022,7.802430541393677,1.3136448959700973,5.508969145873296,155.05531021868862,171.3565245650364,6.057004109953784,54.32790657326168,0,0,77.10778252514464,73.87461447865857
ATH007,28,Defender,2026-04-04,Training,86.28594513891635,7.055749633538478,0.957637401223478,4.717251216083067,142.6352103695843,165.1400547011301,7.1968288796674305,62.78390350880814,0,0,72.12594771895759,77.48712777094987
ATH007,28,Defender,2026-04-05,Training,74.2023632235439,7.4712482348640075,1.2522981032102523,6.099545407790197,157.08675513040782,170.12042968076076,8.029273348748548,79.1895142811592,0,0,80.00073607231047,81.19400960519071
ATH007,28,Defender,2026-04-06,Training,72.07591241890309,7.122499744485785,1.1761157216182108,6.279026678027449,149.3831797795564,175.72779452393036,7.4895588179357775,58.19453616595061,0,0,80.12750889289451,76.36851394428729
ATH007,28,Defender,2026-04-07,Training,85.48142797384956,6.425647509217728,0.7379328001460843,6.972129007162078,156.37611734765682,178.75367105098013,6.894480015183542,63.241938722134165,0,0,88.31847888155269,85.41316652634788
ATH007,28,Defender,2026-04-08,Training,53.623000199600995,9.059743051267226,1.150233979027388,7.115246569508878,153.01965191767343,173.25045960139772,7.134569581584355,71.36381332613125,1,0,82.29952609084671,96.02112524764132
ATH007,28,Defender,2026-04-09,Recovery,46.330874048223855,4.621969941128666,0.4590271526975174,3.6667915668906956,133.87510251222133,165.19165183200306,7.382867444332227,78.74577113294558,0,0,68.20745029146289,73.19274344417917
ATH007,28,Defender,2026-04-10,Match,89.96849127664346,12.786825629015814,1.0317512132915934,8.264340566518342,154.97719601663294,187.80686792093076,8.224481772617194,63.70282135523815,0,0,84.72455078962228,89.79606067427639
ATH007,28,Defender,2026-04-11,Match,91.0034626386649,11.359452683154066,1.2253325140195797,8.1523087739144,157.988157498192,184.27628243637713,7.88509889846303,60.032322979972385,0,0,86.3117317597758,82.63292432901737
ATH007,28,Defender,2026-04-12,Match,89.79149647134528,13.26621678230102,1.8118674402435473,8.885470322486029,158.6040747270903,183.2573374080754,7.192972120552301,48.07692353151778,0,0,88.02880900540683,87.37039462289286
ATH007,28,Defender,2026-04-13,Training,78.40190767644822,10.356761538790154,1.6705591676570084,5.418234383357529,143.05638928878807,166.100641332417,7.047887973750937,56.52144626740868,0,0,82.73453154830347,84.77344670942206
ATH007,28,Defender,2026-04-14,Training,54.146327597998315,8.307445469029032,1.10890125690836,6.000984164882415,145.02524621042866,164.12473216508886,7.258770043435026,57.042973183636846,0,0,83.54552016479403,82.42330203720364
ATH007,28,Defender,2026-04-15,Training,81.33062620220562,8.306347317564228,1.154532988256346,5.810930065751362,139.35463263875047,150.65086529316534,7.686834294699861,68.95957440480018,0,0,86.4457260200288,78.13650093413682
ATH007,28,Defender,2026-04-16,Training,64.19955825607715,8.72093815364067,0.9257461658521676,7.169825145426235,153.08070682114612,177.8122987465498,7.493535432972584,67.93193525914695,0,0,77.81427753518919,85.18166436736345
ATH007,28,Defender,2026-04-17,Training,74.03097995350481,8.15570075081941,0.750154328711107,6.232628155868463,153.02760778902245,170.72560999225388,6.385626500259852,59.674744880155146,0,0,90.71830659182356,80.79757740466168
ATH007,28,Defender,2026-04-18,Training,63.823508378283265,6.675138281193675,0.7853904715512016,6.02364638552124,154.32916031277819,180.40733492508062,8.359716730914325,69.12622322132819,0,0,76.53812688914391,89.69167089966145
ATH007,28,Defender,2026-04-21,Training,82.82490843756193,8.140669644055524,1.2313138067834566,5.9748937862224105,152.58907330232756,181.89545309048248,6.5644258880963715,56.12992707431511,0,0,80.37663610754184,79.02918611987033
ATH007,28,Defender,2026-04-22,Recovery,50.32446066351537,3.444546341369922,0.32165862133654316,3.7053318429667583,144.82133762281194,175.80652824199333,5.477318107265365,49.639869891426635,0,0,85.73908608244373,78.51350372300162
ATH007,28,Defender,2026-04-23,Training,60.99106735640909,6.1860355074714475,0.7984847444921697,8.043388149705125,165.44693144242365,188.73440642475884,6.235938489664637,53.10545088197195,0,1,89.28820070983231,96.66719695426417
ATH007,28,Defender,2026-04-24,Training,79.61969250520785,7.978263999374957,1.3118431530825108,6.366193223885016,145.14179207166768,160.47640155426856,8.044920047609358,68.91417750265207,0,0,87.10532337254884,88.18786263285524
ATH007,28,Defender,2026-04-27,Training,78.8233996823935,7.6891836517205014,1.2053869980681198,5.397275960520567,151.82956056565078,166.9129436871925,5.779048578804434,40.4142283956251,0,0,74.86626196709057,68.77212957146689
ATH007,28,Defender,2026-04-28,Training,92.22345438622226,9.486336971985486,1.112040750678577,7.515055945481777,168.34984629713128,199.46082530748004,5.3018071295928335,39.5582375221057,0,1,88.2256108340845,81.94730746677817
ATH007,28,Defender,2026-04-29,Match,92.94568210206536,12.169369612723967,1.9676353921963057,9.482670964295167,176.84449453875007,205.0,8.717590584316316,81.38284134640593,0,1,77.62807776168576,94.2560269077866
ATH007,28,Defender,2026-05-01,Match,93.4597763633643,10.595226053743447,1.4798575730174295,8.083243483504218,161.45590826232632,179.24732012582717,8.106213831913623,63.909478773004615,0,0,91.2264116913701,84.3323810958587
ATH007,28,Defender,2026-05-02,Training,79.61843817321257,7.8582438340949725,1.2379094978193537,7.890456330030163,160.0131363031231,190.18568822601196,9.072383083696185,80.50957533367625,0,0,80.06768841823174,86.56967002421754
ATH007,28,Defender,2026-05-05,Training,74.74513130907593,7.864084747417029,1.2407059017255972,6.581098603911911,161.7714830544531,189.77538039367818,5.502465027444651,35.636713494140956,1,0,86.92051449015348,77.74755865262279
ATH007,28,Defender,2026-05-06,Recovery,58.75260620533691,3.1069683391460945,0.29816679583507466,4.6479514594494535,142.69630742810108,166.34072854678436,7.175268082330276,82.154112486055,1,0,80.95298385984675,94.09399257901562
ATH007,28,Defender,2026-05-07,Training,81.49180586642362,8.082028770711391,1.1920093789054902,6.988096001703838,155.41434887442196,179.53348066447143,7.582728011184701,64.90413288616864,0,0,87.84204103980397,78.49711162985788
ATH007,28,Defender,2026-05-09,Training,56.762793863067245,8.466083456086997,1.0041584332909215,6.3560633388508965,152.54283617003676,171.30736843865014,7.163500567290936,56.1669313194365,0,0,77.64416936097643,73.06397235183915
ATH007,28,Defender,2026-05-10,Training,60.05303186833589,8.777091525201724,1.0265043491738925,6.408467433239862,152.14952116133253,186.31814073761046,6.319169584302184,60.608466903487084,0,0,79.59483140457347,83.72802575851371
ATH007,28,Defender,2026-05-11,Training,56.40908761885316,6.330842037587556,0.7191389996821616,7.3099877460973515,169.80773735298948,195.3127775551606,8.437035790668181,70.7820042052316,1,0,89.1855913516971,93.4095473023396
ATH007,28,Defender,2026-05-12,Match,91.16419746475033,12.0955300160883,1.9900488574718067,8.939954159031991,180.0,205.0,7.264054290977145,54.850094458142976,0,0,75.7896918056491,80.00787693741944
ATH007,28,Defender,2026-05-13,Training,84.57792306308973,7.961892090118805,0.8849592309039744,5.27311540654804,144.5256684313355,176.52292333718458,7.143550455709061,83.11850949948193,0,0,83.3332349414883,87.87028493722181
ATH007,28,Defender,2026-05-14,Training,79.88706937856985,6.0613656726437055,0.6665142923439041,5.995330743595606,157.52424223679083,187.144552921235,9.39458234103745,90.98190270355582,0,0,86.38052070063041,84.56770908701411
ATH007,28,Defender,2026-05-15,Match,94.51171364221862,11.166416057326028,1.3803133783926875,8.757715389037388,166.50358156172115,195.15791363918606,6.246720452259982,57.439039631720924,0,0,77.94375037538147,84.88225195670216
ATH007,28,Defender,2026-05-16,Training,77.25747830233773,8.060342318868903,1.0660457380318453,5.818674179057638,151.22254925693474,177.02567997915526,7.463132665862587,61.07392349552817,0,0,85.1980956157949,88.29929270340276
ATH007,28,Defender,2026-05-17,Training,73.36357560425004,9.269233989407056,1.5127806269519295,6.599054877295421,150.9570077354029,176.69083347593403,9.018104728488805,92.39682775727924,0,0,95.24857777317298,86.80374716507441
ATH007,28,Defender,2026-05-18,Training,71.12298323767011,6.796201226360515,0.7926017491046229,4.9372166033472755,139.99972212254792,165.1607185464367,7.601888727154536,75.89890677647611,1,0,82.49073280271543,95.38004306424223
ATH007,28,Defender,2026-05-20,Training,81.04401046538634,8.740788264902207,1.0088935156190797,6.473204484193529,147.03675539341856,160.73102027562751,6.408174738078521,48.100825158012086,1,0,82.56403956932368,91.86956986725107
ATH007,28,Defender,2026-05-21,Training,81.25279595997529,7.780551857918275,0.9045716661793589,6.74228127294271,156.36257373700462,181.3814282450034,6.974462539074406,63.47570829109147,0,0,80.41736185059419,75.90925263998352
ATH007,28,Defender,2026-05-22,Recovery,43.64792775951111,2.9048271807859747,0.4929879457663654,3.422351621396458,133.17998275550514,154.77423386742626,6.672245465858928,59.06673899911055,0,0,71.54383804723923,76.14389227814063
ATH007,28,Defender,2026-05-24,Training,65.09264451021906,5.2355806189648595,0.8205572133735793,6.715448538908278,148.79530600502196,182.634014798803,8.290049656564882,76.6209036518019,0,0,94.85624578889451,86.01359608952258
ATH007,28,Defender,2026-05-25,Training,73.47974326793064,6.449961441986121,0.6407142795505402,6.038770372672838,145.08514733377416,173.42969496397922,6.987126029061209,53.267042155703294,1,0,72.62711409165628,86.93776610856884
ATH007,28,Defender,2026-05-26,Training,96.00404051367423,6.792955282686835,1.0200868084235137,7.136776039329113,161.9458983010885,183.01998170807514,6.689017498919573,65.35214888962707,0,0,71.81180635312433,78.89981845282466
ATH007,28,Defender,2026-05-27,Training,83.83372137639375,8.14731171513593,1.3511440289881345,6.371162888119762,160.0698240449944,182.67892090022784,7.3703420988734125,63.55550055662871,1,1,95.97072833761877,93.27101381150158
ATH007,28,Defender,2026-05-28,Match,89.10938168447701,11.540225524179863,1.9005878701750405,7.895953588760785,160.89271036779834,186.22460523582214,9.5,95.3755218994985,0,0,90.67320154610569,96.86896726493397
ATH007,28,Defender,2026-05-29,Match,77.78896561480377,12.362038904902727,1.8219806761623973,8.434524794278863,177.32188247797367,205.0,8.26919320764899,67.53812569121716,0,0,90.91620022799702,91.27188860154921
ATH007,28,Defender,2026-05-31,Match,95.01170857958634,10.024024628806504,1.5503417358405418,8.197829229658675,166.82170665477787,193.74331468435915,7.130693266898513,56.813657896602095,0,0,83.39791492066621,85.38652756622186
ATH007,28,Defender,2026-06-01,Training,83.89325756030094,8.44368734293279,0.8539715910451251,5.482496034112951,142.46211815442516,164.06068805670418,6.752275885707312,66.33877704058904,0,0,92.17994381945931,68.6280832117653
ATH007,28,Defender,2026-06-02,Training,65.33697433201354,8.278240931622928,0.8079509825144654,7.923361737630497,175.82555085720995,205.0,7.6742394852470275,56.486515428145495,1,0,88.81424214985876,98.90626731177929
ATH007,28,Defender,2026-06-04,Training,65.43939881352134,8.439797326941349,0.8144100817386486,7.186087126114197,157.57343890884147,191.01525700043993,7.123830720682078,71.88474998919419,0,0,80.22972968149881,87.33421826845333
ATH007,28,Defender,2026-06-05,Training,81.55423634060945,8.898867081962402,1.0556684609844373,5.877748948802275,147.26563031341504,170.9122718452485,8.194295769320236,76.68871479163396,0,0,83.58287137197941,83.74098220023502
ATH007,28,Defender,2026-06-06,Training,95.24216022302598,10.316767857461803,1.5204248871348702,6.328080170442922,149.32164033941842,185.9118528139271,8.239888110149417,69.65072247780382,0,0,86.60545907015762,92.7315546508872
ATH007,28,Defender,2026-06-07,Training,68.81002691504798,8.760964558888688,1.0165170287741527,6.765608394098636,155.1481503136402,188.5734677225455,6.254522581967932,50.72949529406624,0,0,75.38242467231555,79.22618337825001
ATH007,28,Defender,2026-06-09,Training,60.290544125379725,7.25003462861262,0.6419208577825892,6.405854708822232,145.64563028708633,174.8919257278689,6.726082354477766,57.987310788006496,0,0,77.84660519934648,80.53001255432396
ATH007,28,Defender,2026-06-10,Training,90.1046114526489,6.963677841444993,0.9029307737084942,6.639595024774993,152.36289807105857,177.52665233101143,7.711716181778555,72.42210899832082,0,0,85.96710535759469,88.62357919361489
ATH007,28,Defender,2026-06-11,Training,45.909863954065415,7.957667497689127,1.2014793319481982,5.631994364489351,150.3164773709417,176.06776584761403,6.398975643838975,56.804302639346204,0,0,85.24264892381517,78.68857147569513
ATH007,28,Defender,2026-06-12,Match,94.25666182855753,12.360996682931885,1.0163742271823095,7.390771694675077,155.01443719398551,175.78106040025665,6.912777299327827,55.64692581399996,1,1,84.37771786445388,100.0
ATH007,28,Defender,2026-06-14,Match,89.80582250706183,10.066547112359018,1.120788300292356,8.414159753327922,164.30047106644352,184.30066055119053,7.914694696160844,65.56074331687734,0,0,82.4433160555737,81.76729096986685
ATH007,28,Defender,2026-06-15,Training,90.9765883371291,9.03997899578908,1.3824833159912846,6.789602566046488,156.23010036958976,179.12715551763858,6.123462505247977,55.924653003226034,1,0,83.0769236602211,83.87397452899222
ATH007,28,Defender,2026-06-16,Training,86.06413590296799,7.478389973246346,1.171398347115222,7.610436469069682,153.1352331008024,185.43541519182708,8.255249659686763,85.00252250167532,0,0,80.28108315132616,88.69609228091906
ATH007,28,Defender,2026-06-17,Training,72.37585401632778,8.52900604204309,0.7067320652104715,4.794629052907255,150.09681401665543,171.25448463835195,7.119448726285914,61.720870107102584,0,0,85.67223588685636,79.82984873885968
ATH007,28,Defender,2026-06-19,Training,86.86956853382321,6.986968200348218,0.6623360229802188,6.021920096630085,156.03850340426612,175.80801759253183,5.025895963663119,40.313517195434514,0,0,94.64121714395577,74.77240372515476
ATH007,28,Defender,2026-06-20,Recovery,50.068271455821204,3.5616979508283513,0.4829214521739787,3.443849321268306,133.11679426246624,160.39099449513913,8.184482884285813,80.70665172341305,0,1,84.34258037168043,77.34257614584236
ATH007,28,Defender,2026-06-22,Training,77.25312604426432,7.1942131757585495,1.0275795969834545,6.494771361224757,147.3172591808816,185.3608994870684,6.45600775660147,49.29208892825561,0,0,89.7866798419389,89.41149445727177
ATH007,28,Defender,2026-06-24,Training,114.81099588958362,5.582010789510252,0.606746930067164,7.244468173003758,158.0930780292788,181.2342193063068,7.432283728241991,61.735307068258535,0,0,78.85550254509782,76.88790984291539
ATH007,28,Defender,2026-06-25,Training,68.8835003897629,7.779156480811768,0.6950693577342595,7.010733120918594,159.19159576183645,190.02578228524027,6.998360009154279,63.17260857546276,0,0,96.12067131530848,90.16182807515052
ATH007,28,Defender,2026-06-26,Training,75.94799847302784,9.783008478531547,1.0471427758816367,6.275784449394816,153.13432527536534,176.318465797227,8.253262889425196,91.16007504919786,0,0,83.27839132587233,90.24604546269005
ATH007,28,Defender,2026-06-27,Training,79.53639304030303,8.90626641479897,0.9790983534373681,5.783818055165341,150.86779655527684,170.51744775361027,7.514576991754088,77.33293048775982,0,0,78.94422496359651,87.51942910395225
ATH007,28,Defender,2026-06-30,Training,96.22755430350892,8.573753519954249,0.9793882275303735,6.849069198426068,160.37779218122932,188.8045983113548,6.476592843722181,60.66068321350898,0,0,76.09338799735495,76.33900905713294
ATH008,19,Goalkeeper,2026-01-02,Training,63.2492241581228,4.944179564236275,0.405522730407735,8.350418514154525,165.2363697778388,191.60488154669525,7.179933199583903,56.88691241751704,0,0,85.02785992531646,83.82894617212798
ATH008,19,Goalkeeper,2026-01-03,Training,81.11874671102593,7.795247652986854,1.002310657824837,7.257392711899136,156.0897258680548,177.63589565884126,5.483663271526359,55.38288366049835,0,0,86.44237879989174,82.1703478017014
ATH008,19,Goalkeeper,2026-01-05,Recovery,42.06454518046822,2.311524818096869,0.29556063030839735,2.317950085801944,128.3152028472784,161.7985844466775,7.0988187719258855,86.92407170012054,0,0,76.08795212461581,76.10606709534943
ATH008,19,Goalkeeper,2026-01-06,Training,71.97427091529009,6.734311701329517,0.7573425107669067,5.797361631940422,148.6720978523526,183.9950769956943,7.48875952744069,63.68655242904473,0,0,79.13274816743906,82.20642114998792
ATH008,19,Goalkeeper,2026-01-07,Recovery,40.914022920649074,2.3558952310984824,0.3379626002876299,3.8279918593573594,132.15446128408993,149.8235307328479,8.123614791152827,80.0160320238323,0,0,74.59400494613945,77.86757568708659
ATH008,19,Goalkeeper,2026-01-09,Training,72.8443715821391,6.588833353816981,1.0797087967359031,6.417323323140125,148.6358478850175,170.95315627242462,6.4139326848802645,43.93151864314201,0,0,85.89951324445626,72.31672610909561
ATH008,19,Goalkeeper,2026-01-10,Match,88.88637665260237,8.893265562879838,1.4838398050759907,7.886384984594805,157.16375677164643,184.43084230934306,7.337586639139503,53.93513160289059,0,0,68.65147991177056,86.62415636359366
ATH008,19,Goalkeeper,2026-01-12,Training,87.58017870276103,8.184936814663002,0.929512864415019,7.0615484635362336,162.02553247865336,178.57057440034055,7.0141715523945765,53.491260617063794,0,1,86.17505750201542,82.25389438665327
ATH008,19,Goalkeeper,2026-01-13,Training,65.0979978453185,5.701328014501144,0.5164728172594829,5.466310528289782,139.8699337611189,160.67601313441597,6.900414497330751,65.13202249242327,0,0,84.56672359382624,82.11057300808535
ATH008,19,Goalkeeper,2026-01-14,Training,73.36227708845163,6.4440916895251075,0.5947318169309537,7.531306385325691,155.6205592110574,179.66736506260952,8.047321673395038,64.85176276690798,0,0,76.75460698494693,80.76799839745561
ATH008,19,Goalkeeper,2026-01-15,Training,78.95187999220477,7.284069956921882,1.1748019431567966,6.627251814868936,160.95355072755797,183.5118482325944,7.504606394976088,72.27533873450449,0,0,84.57937020822945,92.81258992006795
ATH008,19,Goalkeeper,2026-01-16,Training,70.12974696387941,8.212736348491323,0.8451439159924744,6.022310145109907,148.0328001981925,172.5407189586672,8.827114702562227,79.20699843144838,0,0,84.49810495844756,85.40689842638002
ATH008,19,Goalkeeper,2026-01-17,Training,49.75098747587722,5.503478466818703,0.6297146131592176,7.082667433220605,163.7774006769045,188.3758860188962,9.061410859141096,81.35707089184677,0,0,78.5530123097846,86.39301264892555
ATH008,19,Goalkeeper,2026-01-18,Recovery,47.981792218047175,2.8758698781590186,0.32642366422201097,2.587012837934658,136.2267996893744,159.907697570448,6.499586869996972,71.67417489133317,0,0,87.06439135793211,75.30998334162847
ATH008,19,Goalkeeper,2026-01-19,Training,64.41666332092004,3.937437852580034,0.6647658121991687,6.328852710565131,157.3186418703637,173.19641567623742,6.916343123528665,50.36297144854125,0,0,80.53979021825475,79.80716003442255
ATH008,19,Goalkeeper,2026-01-20,Training,94.94799293825602,5.1466470793718315,0.4356805047309738,6.002624126957133,154.82172476572214,175.75694322687082,8.206355025229335,73.37368884837058,0,1,87.36237228545521,95.92035227139627
ATH008,19,Goalkeeper,2026-01-21,Training,51.680287483433595,5.9468579746839625,0.5533782942867312,6.949455994544031,158.1578521098941,180.67393342714456,6.8942421858420815,74.67888698997619,0,0,78.78309354480928,78.55539794002736
ATH008,19,Goalkeeper,2026-01-22,Training,85.69095271284475,6.19286067104882,0.5052091187348491,5.656952385000161,145.45092005914404,175.17410314217247,8.422280612114228,70.87299554019025,0,0,86.10363712396537,78.53122972214229
ATH008,19,Goalkeeper,2026-01-23,Training,50.95704150153878,7.218113984426614,0.9287106665930648,5.404737216347158,138.55463004483784,149.97181276656008,8.027740135188559,73.88877119674082,0,0,81.42520271192602,90.99581232468071
ATH008,19,Goalkeeper,2026-01-24,Training,64.16613900149234,7.837286830840068,0.7078572783484393,7.335506256753986,156.74842527079946,184.35046075429324,8.03868286622436,65.07874546014156,0,0,80.00289840998923,80.68201610384563
ATH008,19,Goalkeeper,2026-01-25,Training,67.05928992165465,6.153906470540714,0.6131490734836943,6.927092460762236,153.76375596596074,181.99082355400677,6.267783570240241,62.40749092292632,0,0,74.87259772699551,80.68812811959712
ATH008,19,Goalkeeper,2026-01-26,Training,63.461605181648586,7.197360183525222,1.2084328691585564,6.344647880540923,146.20619524922574,182.47600961085547,6.641058720126499,57.79289094078587,0,0,98.0,82.65439599582291
ATH008,19,Goalkeeper,2026-01-27,Training,86.43865642700732,5.210800482561421,0.6773615974800542,5.069354282362365,143.81712150543373,162.70950173105047,7.3787077507416745,68.41143578670966,0,0,84.31620066068656,84.73681370458844
ATH008,19,Goalkeeper,2026-01-28,Training,79.98647821572251,5.014470864512564,0.7904395261835279,5.769344503605759,151.4620806654821,180.13925710697214,7.775223473047312,85.52830687445146,0,0,81.05720052266871,75.24771150241823
ATH008,19,Goalkeeper,2026-01-30,Training,72.54434421992697,6.600172187221231,0.531875556941074,5.766320115699473,137.1344695875268,167.37210365067995,7.2840110192459875,76.24056671616395,1,1,82.17500463786513,100.0
ATH008,19,Goalkeeper,2026-01-31,Training,79.95396534835754,7.1491857903131955,0.7814658011381856,5.787246210292116,149.17021384698995,172.3260240595593,6.513793460580083,58.96598936109927,0,0,88.08835264384237,85.3796480781355
ATH008,19,Goalkeeper,2026-02-01,Match,83.57668325962813,9.29939132106499,1.1632289111060017,8.766736687306972,162.88208104894596,176.43340669905012,6.423509698900646,50.260017982420656,0,0,84.16273406458482,88.80890244968407
ATH008,19,Goalkeeper,2026-02-02,Training,76.43784028357439,7.071162734006125,0.6819724676321671,6.600735450103992,156.4991751262194,190.81112491154283,8.695916550501593,65.75731622677293,0,0,98.0,86.93305876413491
ATH008,19,Goalkeeper,2026-02-03,Training,84.34957466265026,8.420351837669449,1.0080775784881617,5.061180853549271,153.21898299421215,173.18668349731624,6.9792099187137095,62.10315911115542,0,0,85.64092554820408,76.56195299674434
ATH008,19,Goalkeeper,2026-02-07,Training,91.96348746670166,6.545678547432589,0.9325141485663097,7.821166559595089,149.0122167541875,173.5845893600964,7.241673325879597,65.82742837746683,0,0,73.34498137405889,82.11867444837681
ATH008,19,Goalkeeper,2026-02-08,Training,64.39403672605363,5.651223653938821,0.6395709221693364,5.882696329981183,151.94652216672935,188.96388326723388,6.2885600116024625,41.03544449576245,0,0,92.24479547502186,91.29655568426801
ATH008,19,Goalkeeper,2026-02-09,Match,92.33362759577736,9.666917989492198,1.5541666796423805,8.608612460897575,168.06660881361344,193.89037206570939,6.595513027885003,47.39039107935619,0,1,81.30067548678358,88.05931634862038
ATH008,19,Goalkeeper,2026-02-11,Training,69.46130250478305,6.813004694158255,1.1162700185800964,6.429568772954629,156.60415605295358,179.07575543433543,9.419227775937182,85.8843583383819,1,0,84.88219914472465,96.28392731945449
ATH008,19,Goalkeeper,2026-02-13,Training,79.6733093748808,7.54668657231565,0.9127728402286764,6.017125339082703,146.71160743620422,171.94619540980662,7.314168402709899,56.31680001307349,0,0,90.43925888306005,81.81298062654707
ATH008,19,Goalkeeper,2026-02-15,Training,72.43047698077424,7.140464918226114,0.7316536673303915,7.692471543139931,157.93245040776267,178.03022882186588,7.276619465211856,62.991266584854856,0,0,81.1059363020884,76.72543564785137
ATH008,19,Goalkeeper,2026-02-16,Training,61.83128703229217,5.873417796670613,0.49582211011465344,6.530441559428147,153.6720915209854,176.56116674130064,7.483550102126186,58.894256466745304,0,0,83.44620773285273,86.2181429517109
ATH008,19,Goalkeeper,2026-02-17,Training,63.46310023821829,6.768905216534505,0.5862548964695344,6.71688406465425,152.77280681068126,177.11243390021366,7.33887066691034,63.30035327737603,0,1,86.57806395950735,92.56826959678727
ATH008,19,Goalkeeper,2026-02-18,Match,96.2681070959027,10.412791424694582,1.648907962886949,8.401415127096236,156.63420696564853,181.1857013431216,5.754421473229759,45.514693161751744,0,0,85.39134083754212,81.77266334687025
ATH008,19,Goalkeeper,2026-02-19,Training,77.76799103920266,8.04255654652272,1.3663104661270267,6.789927558608774,156.41265540334606,183.7718600937743,6.028941099514402,50.861122180294146,0,0,85.62745512593628,79.75214438106156
ATH008,19,Goalkeeper,2026-02-20,Training,96.61210931544053,6.20122864589661,1.0483764977971366,7.94969698721336,159.9622414126011,188.82683529241677,6.659962554136845,37.93652629259782,0,0,75.04960583859256,75.40070268638281
ATH008,19,Goalkeeper,2026-02-21,Training,81.64007584053164,8.117769243972216,0.7457982876365874,6.193729991192978,153.1091635062264,165.36249363246236,7.45300085828764,73.96177828343309,0,0,77.56949649674971,81.97680959941252
ATH008,19,Goalkeeper,2026-02-22,Training,76.49527730863117,7.300728007658334,1.111289442187327,4.352488427929117,149.7106296812602,182.13344558666444,7.600173770699195,65.67245803602252,0,1,85.64095067464802,89.1971339996657
ATH008,19,Goalkeeper,2026-02-23,Training,86.44502478702961,5.6787845278580065,0.7014545737381982,5.410710244209337,138.89300438086946,156.27737046920655,7.80576218934125,78.25795551061987,0,0,90.67680782314044,86.99404692020325
ATH008,19,Goalkeeper,2026-02-24,Recovery,41.31155988804191,3.9842887432071032,0.4015728310992548,3.3038355488246487,129.38942048017418,162.47314101738607,7.319739015285087,75.18738136884218,0,0,72.67406985096194,72.55899025271064
ATH008,19,Goalkeeper,2026-02-26,Match,98.67096407219293,9.471772928276465,0.9059001201117487,8.626653312524713,166.4123591817338,182.22044996017576,6.780944160777516,58.44746646785145,1,0,83.83844061903699,84.88156282811339
ATH008,19,Goalkeeper,2026-02-28,Training,80.3798401281063,6.7127584694611215,0.9328476317485559,5.391557784572786,142.03333011019856,160.5615288848474,7.3133753480253,70.67010869848357,0,1,76.37846209907823,84.52316980026244
ATH008,19,Goalkeeper,2026-03-01,Training,79.41851862929619,6.073118133977811,0.9315360212778211,8.52981346471667,166.6888092331138,181.21905391745128,7.667362165270278,78.46823559723292,0,0,81.18188584200416,89.46120073801926
ATH008,19,Goalkeeper,2026-03-02,Match,89.67242927549928,8.841784854493362,0.8692761791723524,8.17410006763045,168.00639825898853,184.22357477951488,7.3608849769464175,63.811180120676234,0,0,73.4565251714194,90.14472568374644
ATH008,19,Goalkeeper,2026-03-04,Training,91.49362648117324,6.598756781320795,1.07595531688607,7.872963013923178,163.4202057610292,178.99470111594187,7.090207915844313,51.498255006732386,0,1,85.4053444624684,81.1898161963877
ATH008,19,Goalkeeper,2026-03-06,Training,95.44346204418248,6.200863641067309,0.5535018427615723,5.599949658390972,136.48314269491803,160.32571313878094,5.869876044398764,57.386217026365394,0,1,86.49720629358634,82.12876370436346
ATH008,19,Goalkeeper,2026-03-08,Training,63.49881473698345,5.9897071589220365,0.617621016351468,6.713443998866951,158.75432826766541,184.04825148878507,7.788951809790228,70.38072570011896,0,0,83.21074258951114,88.29117019985296
ATH008,19,Goalkeeper,2026-03-09,Training,62.54423513114892,6.5691334974298385,0.6684966878176517,4.844951264905477,145.8782991394465,166.85715967593046,8.67819709450349,88.02686339369811,0,0,82.20565499594495,86.93019610985141
ATH008,19,Goalkeeper,2026-03-10,Training,81.36035911036087,5.4033378273245045,0.46203420679225854,7.551542511186275,154.73298043836448,179.53927825454375,6.711039341453903,65.11283238937851,0,0,82.99802270104206,81.58533557472127
ATH008,19,Goalkeeper,2026-03-11,Training,69.1324132817032,5.820504104427128,0.5169852584724127,6.793120305694236,158.57773033167152,186.2083194874757,7.360583152979464,71.15552572199528,1,1,85.72989917120842,98.13748043145684
ATH008,19,Goalkeeper,2026-03-12,Training,88.05996099262686,6.5166467556741425,0.588950627361587,7.02637313511987,152.7624957893705,173.48179273648643,7.0893802946810105,57.31884084681073,0,0,80.00050610607353,77.5690035405734
ATH008,19,Goalkeeper,2026-03-13,Training,63.568607407018426,5.551079854500967,0.7848816998115214,7.925149292475449,161.71249792264965,182.41645826656847,7.608272619641203,59.05331679581203,0,0,84.2820255486806,80.12898849133317
ATH008,19,Goalkeeper,2026-03-14,Training,71.80446343711269,5.829153314700926,0.8553155079982477,7.92241070927669,164.4265605481015,190.448735953627,6.475683149722935,49.80422595389392,0,0,80.89147959413539,80.66485483740458
ATH008,19,Goalkeeper,2026-03-15,Recovery,46.352276438919446,2.105097406029865,0.24388881206087953,3.4581405165802557,133.88378119707315,172.81619580117882,7.013013828566596,90.60264460554863,0,0,84.5494914762815,87.18010684914012
ATH008,19,Goalkeeper,2026-03-16,Training,71.28858516573894,5.823318310094428,0.9785642301831609,5.667687335965498,151.48410259028145,177.6846853008259,7.351346456814077,75.51015098409229,0,0,74.72301033424625,86.13413423004397
ATH008,19,Goalkeeper,2026-03-17,Training,74.75886723985276,6.7129421074004,0.8707297004434182,5.956732656840649,156.47528735341555,185.0216329681047,6.561268197383863,61.54319336091374,2,0,81.24655941156729,95.44374177486118
ATH008,19,Goalkeeper,2026-03-18,Training,85.03407511761175,7.411746484091062,0.6322137797128086,6.993134070655636,158.3582472256521,174.83852039358575,6.370332118776535,57.605360074698396,0,0,87.91555490252672,86.98299205843901
ATH008,19,Goalkeeper,2026-03-20,Match,100.18242092816598,9.357692659195628,1.5455255127097727,7.822206460996141,160.95944537106104,172.00045515960502,6.8352688685635075,57.6348072909567,1,0,71.0433908786997,85.8742333254755
ATH008,19,Goalkeeper,2026-03-21,Training,83.17136329880364,6.391103273939514,1.0798249223879983,7.576884930802626,160.25300074408239,187.07914132199113,5.367906403310528,42.54957994751723,0,0,85.8548222566796,75.21637535045338
ATH008,19,Goalkeeper,2026-03-22,Match,89.12859061449862,10.774006534504391,1.0492590719930859,8.80281523511777,168.00942508210508,192.52094860063505,7.871145208634972,62.509578801162185,1,0,88.91222391678966,100.0
ATH008,19,Goalkeeper,2026-03-23,Recovery,53.618458317000226,1.1015335431021458,0.10743517398843602,3.8292413191611825,144.04983750745978,171.65274630768053,8.33056113479237,83.5012199727422,0,0,75.15384329018372,80.28391628693784
ATH008,19,Goalkeeper,2026-03-24,Training,71.68804371219329,9.087624895125428,1.168595659824229,5.821721604194067,149.56710308493894,168.55937911927893,8.147571041133713,80.95975974436959,0,0,81.30062706880457,81.12036226883065
ATH008,19,Goalkeeper,2026-03-25,Match,100.55333870760388,8.736026753703246,1.2027631814585271,8.252604189580383,170.9851291051685,185.4255442427255,8.717917877416582,71.21917752761676,0,0,85.08042620904374,88.93657043734869
ATH008,19,Goalkeeper,2026-03-26,Training,73.32820174984272,6.759704638575146,0.8532232103545663,5.875797189170408,150.82047417151145,177.36437791971085,5.959321196979628,45.51756616432084,0,0,80.9728504936484,88.47509328053289
ATH008,19,Goalkeeper,2026-03-27,Training,68.86280915024867,5.759935615104048,0.8023581897669769,6.3960512339371425,147.75967649959912,169.57962752701448,6.6711013246736135,66.69136423659467,0,0,82.60944103343354,75.0811545729896
ATH008,19,Goalkeeper,2026-03-28,Match,89.0005519908301,9.250766119881055,1.0595402751299097,7.905567324714606,156.9181717109059,180.70779532313765,6.36311195769912,57.366420219718066,0,0,75.71367009797999,75.11510953262622
ATH008,19,Goalkeeper,2026-03-31,Training,67.15861591379807,6.630397486833696,0.5389957387773349,6.301842421357869,151.19534683748404,181.24147466283904,7.086451516098559,64.16522181639505,0,0,77.13871259913344,86.83218181904121
ATH008,19,Goalkeeper,2026-04-01,Training,81.94703167903717,7.523212894562685,0.7896097234361451,6.432502017750179,156.2958106508518,186.16849940394846,7.470702869495735,48.213514539386004,0,0,77.31092389921841,77.75108969092523
ATH008,19,Goalkeeper,2026-04-02,Training,76.15047488232635,5.233756881311589,0.47795572923876317,6.851926409955677,154.5620723582179,177.60718187952816,8.498079337762602,76.77260473969025,0,0,93.26933431252526,89.4625571684683
ATH008,19,Goalkeeper,2026-04-03,Match,88.53160678534435,10.290245751267442,1.3577129350781898,8.210358327555463,162.4473798595631,180.96234273713935,7.2414567731996735,61.96674263667391,1,0,69.13286184993792,94.75348713851196
ATH008,19,Goalkeeper,2026-04-04,Training,77.64956024333641,6.574994827542518,0.8423563873447952,6.23567930833069,152.60456538021265,183.6248136117502,6.3052417018180105,62.91369415400602,0,0,80.81840693633588,76.5944455597646
ATH008,19,Goalkeeper,2026-04-05,Training,89.87918285798754,7.76580067840794,0.8581467149222294,7.22003426150117,155.21835346766397,175.26054436512743,6.446518857656743,59.518062591263856,1,0,77.1261919079048,93.46750342264713
ATH008,19,Goalkeeper,2026-04-06,Training,59.49812449079473,8.229585546771926,1.3988035159309025,5.934104337314407,149.44404027915448,173.38100972498768,7.84897361732258,78.84400167810455,0,0,85.69053390489618,90.31395103022052
ATH008,19,Goalkeeper,2026-04-07,Training,72.92518299722308,8.631478152452326,1.1923306056557195,6.031046303588185,149.13693963594477,172.72243781765525,5.215039978663964,44.70178181175317,1,0,94.43380672856051,88.6049418555835
ATH008,19,Goalkeeper,2026-04-08,Training,69.36497138275942,6.092694786835674,0.836018223037899,6.61636726496976,154.29461857892215,172.5993731686268,7.486742851021314,65.28052957951644,0,0,80.19632718054815,82.09081052363707
ATH008,19,Goalkeeper,2026-04-09,Training,84.44226962979239,6.010434192795508,0.7509166377857492,8.410138403897504,169.98996033747022,198.0900434525061,6.892603989913829,70.29598099917887,0,0,84.10801210639484,81.63800683559359
ATH008,19,Goalkeeper,2026-04-10,Training,61.87576965346573,5.538737649839618,0.5246343106567778,7.990163757159741,172.69142171547404,202.70971225246188,6.225795996009095,41.041935932485714,0,0,77.32917451795758,79.12656610319559
ATH008,19,Goalkeeper,2026-04-12,Match,89.60180127100368,9.822978004338564,1.3305020442122808,7.87226297876949,167.21135685579299,190.32085328957913,7.531623660039316,58.449710376013044,0,0,81.14951801915632,79.85768250151412
ATH008,19,Goalkeeper,2026-04-13,Training,80.28043548597826,5.969097174950203,0.5230599171811358,6.234265535958741,158.47194312068697,182.72340497035236,7.909864310741443,66.16512444083756,0,0,80.5013140889043,84.76187639593722
ATH008,19,Goalkeeper,2026-04-15,Training,75.93950917808125,7.377150558573543,0.6429353088794708,6.1298437517308475,155.60059207214957,181.14610157728748,7.281433093771883,64.56232815964631,0,0,84.23516629783192,84.07295372454311
ATH008,19,Goalkeeper,2026-04-16,Training,73.79185128747523,6.323961406894715,0.9379382530549799,5.792423663358779,150.56094424671738,179.68927917978098,8.262681695537822,80.66831108137754,0,1,78.70827615958403,99.03502499654057
ATH008,19,Goalkeeper,2026-04-17,Training,67.84405181133083,5.54172372376408,0.5447377949432158,7.425472633421596,163.78257542437643,184.339548860456,7.139771897115555,73.18806522250642,1,0,75.95733339192147,93.6132484622401
ATH008,19,Goalkeeper,2026-04-19,Training,83.96289806342611,7.473961012455402,0.9343520831650078,5.356684373672515,146.86947971278374,180.4196381408949,6.8124270041972625,71.68618219237905,1,0,90.9511415970211,87.93815797175864
ATH008,19,Goalkeeper,2026-04-21,Training,79.27696852830374,7.782570898771905,1.0259916396549995,6.892043251232693,159.00125417354516,188.03289229727565,6.966893056305701,63.92648599838734,0,1,79.68734967331376,89.150299147302
ATH008,19,Goalkeeper,2026-04-22,Training,71.52679384174674,7.661376348737447,1.2599682350011525,5.470753752696242,146.03767683757982,171.82222525117413,6.851813965802339,60.30267683872254,0,0,80.50047726928176,76.28745542904245
ATH008,19,Goalkeeper,2026-04-24,Training,78.20462586145545,7.583286101506015,0.952394290242042,6.9791729782230885,160.762830322335,188.27916515058303,7.4531833683194115,57.1547476142024,1,1,71.89783019226601,88.117924371369
ATH008,19,Goalkeeper,2026-04-25,Training,75.98994996235072,7.920287995953195,1.1441652335793033,8.288919351179285,169.4683241811707,197.01491539385609,7.955994103850888,58.36351249097723,0,0,77.57730048639989,74.95735534420284
ATH008,19,Goalkeeper,2026-04-26,Training,77.21171171367902,7.776794522736582,1.0055469208554677,6.487571521580315,149.44541685451566,170.71514691904707,6.861707593874029,65.29350682340991,0,0,77.98056296596985,85.8443024460835
ATH008,19,Goalkeeper,2026-04-27,Training,53.78142015578035,6.611134500554623,0.5342477722013098,3.4008411185850833,142.72345672137104,157.22359152467925,8.504231121966113,86.29916085126804,0,0,80.53676129783605,74.13880620331949
ATH008,19,Goalkeeper,2026-04-28,Training,75.74324636691316,7.821349446316479,0.6571914171351316,7.143478145211208,152.3680305443603,163.08036179257056,4.716613357830868,39.99709313998284,0,0,80.1812166415105,73.71343236301949
ATH008,19,Goalkeeper,2026-04-30,Training,71.81471066553583,5.64749518721459,0.8316343443067469,5.310696668197432,147.46394466048304,182.48058867308612,7.242551906903462,81.78764582964064,0,0,90.39935543867065,82.55191621057403
ATH008,19,Goalkeeper,2026-05-02,Training,82.58281761176144,6.33862986113266,0.9126007658162404,5.946258376882216,153.0529639161337,173.383207768349,7.602679969080691,83.07058619462978,0,0,75.41828633832658,84.56015068304295
ATH008,19,Goalkeeper,2026-05-04,Training,60.63321526949895,6.36808274050549,0.6974218524250332,6.5837467828967124,148.5279476157576,175.07680490207545,7.5399300763473445,69.85804000267872,1,0,87.6314565552732,87.45205578488925
ATH008,19,Goalkeeper,2026-05-05,Match,97.6360486604647,8.20325074322663,1.3233363239039568,8.085351882615932,170.50761001973348,197.24324928624839,7.24875595505682,65.83116016879355,0,0,79.32638124498072,87.667489589534
ATH008,19,Goalkeeper,2026-05-06,Training,64.9277183533562,7.891757038717647,0.8699557183888943,6.618623209202067,150.90686923147322,181.14804006389153,6.956074378183009,57.68989578328455,2,0,73.91663405611641,87.18356367406645
ATH008,19,Goalkeeper,2026-05-07,Training,83.57355840013112,7.919958502941709,0.7730536632855716,7.304004793821838,160.2296066679146,188.19380725233205,6.50008348740864,56.94863866022983,0,0,86.46871977834655,84.1776581249829
ATH008,19,Goalkeeper,2026-05-08,Training,73.4751803561669,8.237119886540968,1.2186584275333987,6.330958555926123,153.62708853665345,179.97364770357825,7.63110833229892,55.91639946718,1,0,75.74619636330716,85.45504288829932
ATH008,19,Goalkeeper,2026-05-09,Recovery,38.2222315980072,2.7408192921421715,0.4096809216619728,3.6684652801001,142.7752855414839,176.98322471359506,7.624831553547754,78.00695040422625,0,0,76.66503302103352,85.86885603524449
ATH008,19,Goalkeeper,2026-05-13,Match,88.96804655263622,8.825562206737127,0.7769650995774636,8.855238275650182,166.29772328850422,193.38446016615353,7.051514858731744,57.671679965081736,0,0,85.27085900008048,87.38540273002174
ATH008,19,Goalkeeper,2026-05-14,Training,85.95589484661109,6.8284820338788075,0.6008563876923007,6.236212268316254,148.00928740696827,166.57540241704424,7.022971291074006,56.703802903356284,0,0,76.32406332216254,80.68651095538993
ATH008,19,Goalkeeper,2026-05-15,Training,86.09191273066318,6.322042135741916,1.0161434224334256,9.220951423435402,169.35897879204882,200.2443630023499,6.040377450979376,45.1032829356168,0,1,82.03083256454184,88.03339069606929
ATH008,19,Goalkeeper,2026-05-16,Training,68.92825103888846,5.3718574236799705,0.4618927802660946,8.53555095178447,162.41920853732185,175.61656979255363,7.28289652954521,67.96000056857226,0,0,87.74083976485517,90.77814074967276
ATH008,19,Goalkeeper,2026-05-17,Training,63.7941530665133,6.008416960111081,0.5165668152391752,7.2892399536629915,156.19622093767794,174.4729432830012,7.91635799830408,70.5375691094097,0,0,87.34577778251392,91.20549711759774
ATH008,19,Goalkeeper,2026-05-18,Training,63.36857476606755,6.791830836795557,0.5637542643682667,7.350913829146805,162.35737954076484,189.9520443296298,7.019399913798853,54.04320700324247,0,0,88.38243139697852,71.45039737658531
ATH008,19,Goalkeeper,2026-05-19,Match,97.7799102056035,8.860158893280326,0.8377365395442954,7.022690423238687,165.09364668642536,196.47817205401333,6.09740178574142,56.65676349346018,0,1,85.94644589025725,82.45272469323537
ATH008,19,Goalkeeper,2026-05-20,Training,71.60533902860425,6.076023307006911,0.9627689939189377,6.013310754253078,150.39177612727374,190.9623548477477,7.462512459699884,77.90259450013838,0,0,75.30636943058218,85.50913875662546
ATH008,19,Goalkeeper,2026-05-21,Match,96.95875118071079,8.966725021788205,0.8112251729153582,7.597392455751765,157.71169029775842,187.01125221083328,8.80836269770908,71.953027467549,0,0,84.57797546501891,94.89301412356745
ATH008,19,Goalkeeper,2026-05-22,Training,64.98634490394983,7.350816062251972,0.9681613263990149,6.370718686582236,151.73347066723645,179.61206584600194,8.51835977247539,80.21084190299689,0,0,74.34641235023926,84.69966162263918
ATH008,19,Goalkeeper,2026-05-23,Training,90.69902914828273,5.939871518281351,0.8874949129098221,4.926017336344686,145.7185221306348,172.8401917529852,7.8292674851989785,73.52704400814729,0,0,75.91446194943107,82.9552570375706
ATH008,19,Goalkeeper,2026-05-24,Training,79.16996165125633,9.407414286350818,0.8664424208789906,5.225247986212969,135.47085062304615,156.61368636948964,7.122155350663122,63.437284308425845,1,0,86.86898212886975,82.99279036009999
ATH008,19,Goalkeeper,2026-05-25,Training,66.27201771627526,7.456427708211561,1.2599132940111244,6.3035462175938655,151.91182535372195,177.59201851900485,5.975232813920096,58.26040527569574,0,0,81.99975492215826,84.902806453964
ATH008,19,Goalkeeper,2026-05-26,Training,49.08760164719652,5.620746358782359,0.6565628718907169,6.830667964839066,151.99125469375957,170.06167880353897,7.6984435861736005,62.30406264800371,0,1,81.75392429204867,89.85434302586529
ATH008,19,Goalkeeper,2026-05-28,Match,94.04471383450476,6.672248706500635,0.9999562940361997,8.821255260647867,162.39611344186935,180.16636685896512,7.498046267630179,54.589478324234946,0,0,79.24721410181904,94.44984558037257
ATH008,19,Goalkeeper,2026-05-29,Training,79.31054040179362,6.653804825742076,1.1229245624228448,6.704565055426535,154.68757517014512,179.72314765501145,6.7864048953135425,47.39955437355496,0,1,82.70299731428759,86.80708397998163
ATH008,19,Goalkeeper,2026-05-30,Training,90.33128859255257,8.05583961794749,0.8072315578723891,5.744985114388545,151.27482694147054,183.02645265001067,7.941352150711605,65.64438638777209,1,0,76.61734358776695,91.61930993724101
ATH008,19,Goalkeeper,2026-05-31,Training,78.21769639316662,6.245080714606241,1.0446118926035253,5.805346435895317,149.85967892325638,176.13436726826328,9.028845366219667,89.82437248595694,0,0,74.42620916666966,81.7409728980485
ATH008,19,Goalkeeper,2026-06-02,Training,78.30903682344442,7.305136717355127,1.0585865035137898,6.421992538147298,148.5318320271029,176.31162678269664,7.083634958637782,64.70999834253682,0,1,86.81087029915633,89.3850772366369
ATH008,19,Goalkeeper,2026-06-03,Training,67.44661435613436,5.753779075030446,0.8062511779173863,5.518946469735303,142.6602125949048,166.925955196853,7.3932655740673745,77.78594490705997,0,1,79.11233432744584,87.90262135676238
ATH008,19,Goalkeeper,2026-06-04,Training,74.30238366210502,8.20056711266742,1.2659436937390762,5.9652118994405745,141.22411953533296,169.16678622538896,7.876308136997439,77.80900289794685,0,0,85.18766554058087,89.57715137041944
ATH008,19,Goalkeeper,2026-06-06,Match,90.30121448580864,6.98100887332776,1.014221774851317,7.56514544546787,158.74399719036114,182.71547170809572,7.827058652955546,68.32709799264155,0,0,86.2160211503908,81.34362050536252
ATH008,19,Goalkeeper,2026-06-07,Recovery,33.422292312829924,3.4361773811704635,0.27813165922953326,2.5347281909466206,130.1802606776765,157.4961033274476,7.1711571207832225,76.56017104230371,0,0,89.05187458054391,75.87698733056357
ATH008,19,Goalkeeper,2026-06-08,Training,70.31320729808046,6.198861131077741,0.552878643506665,6.915380535695023,157.1826465436341,179.11050777366307,7.287517404945004,54.44216416427105,0,0,84.80313366252668,84.70101872454654
ATH008,19,Goalkeeper,2026-06-09,Recovery,40.55240059024424,3.2490025779013427,0.47313601097573454,2.7589627872680116,129.88344710838328,165.55989810369448,6.609825130336338,78.55749704319881,0,0,80.5163170063048,84.35836455264771
ATH008,19,Goalkeeper,2026-06-10,Training,84.93920374330216,8.022892232139611,1.0473861766445385,7.393147825086975,146.00289553010398,175.53495483581668,7.575428239408165,71.95781406135505,0,0,93.75021884070622,86.77444631434606
ATH008,19,Goalkeeper,2026-06-11,Match,94.87154242488805,9.712095813438136,0.7961824989389467,8.575140321080243,163.09338252441896,188.33308541598922,8.669628355087891,77.38907189729953,0,0,90.0348451200281,87.69034270571223
ATH008,19,Goalkeeper,2026-06-12,Training,83.48319990699585,4.531416330984604,0.37877486497183416,6.2011954951513575,146.62615572551033,177.6257082203188,6.750774314078724,54.802723377153136,0,0,86.25035407585978,81.2234317868158
ATH008,19,Goalkeeper,2026-06-13,Training,81.34822966255773,7.6830983035342815,1.1934635392515283,6.19752614160753,156.3267904734145,185.33779739019943,7.671876711147064,60.96133080511271,0,0,82.83474042749415,83.13151893960122
ATH008,19,Goalkeeper,2026-06-14,Match,97.40983870840101,8.210301591689033,0.7603241784977269,7.308118863977054,161.04420418608743,182.83149885130925,8.62685502371615,74.32821526143566,0,0,86.12271199814019,88.59334840730416
ATH008,19,Goalkeeper,2026-06-15,Training,97.55292968785831,6.813480638033643,0.7709846024620012,6.316718323497258,152.0192814810844,176.2562313798734,6.482898650004775,53.06107171034931,1,0,80.28045924657867,92.18106096182298
ATH008,19,Goalkeeper,2026-06-16,Training,53.87006960449797,7.366372304739427,0.6965174708231501,5.65260054079809,147.13406201967692,173.85025656063527,5.955202354235119,46.81085472636523,0,1,71.00908235242272,74.00799571957435
ATH008,19,Goalkeeper,2026-06-17,Match,89.79255568765991,8.234961795448221,1.2947584461600588,8.334111480997523,169.40771623238413,187.89029723127945,5.746994005700463,33.53477162136379,0,0,88.37023115732839,77.15200874553685
ATH008,19,Goalkeeper,2026-06-20,Training,95.02511521130313,6.347880246648224,0.9794694300900044,6.051381146528148,151.64313607951436,177.9395486038371,8.128385617366213,72.12563423035292,0,0,76.23196249715642,85.3769145287533
ATH008,19,Goalkeeper,2026-06-21,Training,70.08806035673166,6.497291216327026,0.9155271617929253,6.375278752465265,148.8400394576083,178.7034603515804,8.3126901485156,75.48981728187198,0,0,93.81810905432468,79.84414472210652
ATH008,19,Goalkeeper,2026-06-22,Training,81.33583200665804,5.594374175793828,0.7165258713928535,6.625521375093437,153.18422472937115,172.6090700332494,6.471821112879719,61.95845500127871,0,0,83.02315088437688,78.19601269683236
ATH008,19,Goalkeeper,2026-06-23,Recovery,50.90703020413008,2.479861413099298,0.32823385001412214,3.3864134226389644,127.37173440800238,148.81877460857572,6.59817600840122,68.59522953515743,0,0,72.28112796120236,76.0871380525476
ATH008,19,Goalkeeper,2026-06-24,Training,83.12750078271671,7.107856014445821,0.9277896861148368,5.720469719787543,147.12758992720958,172.6846768399268,7.285516971407966,58.27285039673048,1,1,75.03413964611111,90.97391350376074
ATH008,19,Goalkeeper,2026-06-25,Training,90.23560736840756,8.406775274548728,1.1017740339454156,5.383192563560485,150.68386044700074,168.37367318447468,6.880821319617017,51.85438966584007,0,0,82.43643691024047,83.61699655555694
ATH008,19,Goalkeeper,2026-06-27,Training,113.59224201625403,7.2552901734828135,1.0928229946579384,5.625425273892097,150.76355065529484,172.65656950806851,7.797884598581169,55.6074716075769,2,0,70.50779274401685,87.19870953614526
ATH008,19,Goalkeeper,2026-06-29,Training,58.947004779547285,6.529719727148494,0.8184552354845449,7.094568886915331,151.49617187020894,185.98192988949987,6.590037115177772,52.254373929971656,0,1,88.77320531770043,83.09690930616954
ATH008,19,Goalkeeper,2026-06-30,Training,91.10791751379828,7.092428595227245,1.1202518203943799,5.400196710355799,147.6783845162959,173.23962884225688,6.935831554884093,72.35596774425733,0,0,75.22126277255632,83.26257559069862
ATH009,22,Goalkeeper,2026-01-01,Training,84.2013941879588,7.368123795426452,0.6108648286694273,6.403714418464748,162.26960565446896,174.19194677500116,7.6759066941682645,74.84928609224657,1,0,90.33850307736753,98.42574244495727
ATH009,22,Goalkeeper,2026-01-03,Training,78.5038301145127,7.39765655669735,1.126956518508887,5.370592745637133,142.7997253941907,178.31214419161628,5.353667363814331,48.77674305390891,0,0,86.98995054199118,72.56218678478538
ATH009,22,Goalkeeper,2026-01-04,Recovery,45.83520824681564,3.7670131139390177,0.4138334537350456,2.6375062513394045,120.0176431411142,142.57212357358492,6.195248014052225,69.6615565173022,0,0,72.44200995637523,74.4460793498354
ATH009,22,Goalkeeper,2026-01-05,Training,91.24138743239374,6.633681106312229,0.661905201878181,8.047319021703641,162.93637233238675,182.02770681729265,7.670511831901804,66.62351886159527,0,0,78.70921223657383,81.09059201081836
ATH009,22,Goalkeeper,2026-01-06,Training,78.37242367615991,6.8269036334420745,0.8203892597662612,5.553514542400965,146.91169461218053,166.68420976729993,6.749115980402347,50.98684919679208,0,0,85.94762744489864,81.25583371518967
ATH009,22,Goalkeeper,2026-01-07,Training,98.32760188530155,8.658353441651272,1.3868375910650956,5.779251917652191,142.45621417538496,166.97925964116743,8.250933539851598,71.56461959227428,0,0,79.52648274830086,85.4485493449753
ATH009,22,Goalkeeper,2026-01-08,Training,64.35734238866596,7.926010443091777,0.8012798340899099,5.2750693623476925,145.78605079718753,169.15259569245129,6.80687847545991,67.80895235860861,0,0,75.15302220515689,73.72711328321968
ATH009,22,Goalkeeper,2026-01-09,Training,76.71994766007118,5.261108702454441,0.8163056852168754,7.425849170710549,160.92205054418974,178.96856489824643,7.320270213848168,62.25968221584724,0,1,73.34534801207896,76.6932395319086
ATH009,22,Goalkeeper,2026-01-10,Recovery,45.328817085751425,2.74612178487848,0.245230466769678,2.628403625572714,133.2325573649756,148.41505646901047,6.9944064067586345,71.51439837346048,0,0,81.09009189592182,82.59570327080415
ATH009,22,Goalkeeper,2026-01-11,Training,91.77377374686628,7.123633867315077,0.9564956230382446,6.3001694438579126,143.47882188986966,160.34959460807687,6.904107426290729,62.29494480237512,0,0,86.71806190390222,82.35505068897905
ATH009,22,Goalkeeper,2026-01-12,Training,75.21214202204253,6.144488407690853,1.0338514118728532,5.137748218764067,143.89637610113837,173.5808011273988,6.5312807377164726,57.86425102970976,1,0,80.80989147086474,90.22091265497082
ATH009,22,Goalkeeper,2026-01-14,Training,51.38265382377503,5.619056490763074,0.4696349725287992,5.2370783897570705,142.72150715722793,162.35607742694194,8.400408581743442,75.2534335853639,0,0,88.62754659341847,89.17017411288964
ATH009,22,Goalkeeper,2026-01-15,Training,74.66440729467534,6.3373555350011115,0.8801123352873079,5.483428862421536,145.8166642324401,166.48058100495342,7.006752535214953,62.36029350534838,0,0,83.60632058967113,79.39374034142801
ATH009,22,Goalkeeper,2026-01-16,Training,87.4747122216558,7.11827866025991,1.1745611308673467,6.0015230243440865,151.15121378028735,175.2446269502317,7.579372168972112,60.10766243620728,0,0,87.11604906169049,86.99299267962921
ATH009,22,Goalkeeper,2026-01-17,Training,60.10538371172356,5.763767264976562,0.8912556933539636,6.885368911169297,164.46990052183423,198.32751499668586,4.913079690431659,42.16165570476097,0,1,73.53419406488231,68.9297051003133
ATH009,22,Goalkeeper,2026-01-18,Training,98.26922464673335,6.078241649186382,0.9589324640065209,6.145446500637339,143.22230461268535,169.3569018911516,7.037303674105559,59.39086259358916,0,0,77.98877764383168,75.99045364633649
ATH009,22,Goalkeeper,2026-01-19,Training,81.59015958659046,5.2623639155745705,0.6514463200010188,5.8558061433024,142.70940159069252,171.08271190307624,6.7922776650155035,53.26295912664314,0,0,78.1433551118385,76.96058311643338
ATH009,22,Goalkeeper,2026-01-20,Training,51.34584510770171,5.515842828381795,0.6528175211664636,6.435390854920045,148.29615278645988,181.01277695327246,6.056631405671473,45.87777800130724,0,0,73.99941869712153,68.23963386775692
ATH009,22,Goalkeeper,2026-01-21,Recovery,44.561191209235844,1.6229277796578245,0.2506788599205537,2.9741824482371584,134.17351142779944,157.65721575990085,7.555843010425822,64.32221367574917,0,1,95.3626773370092,77.299757228232
ATH009,22,Goalkeeper,2026-01-22,Training,77.90060152881021,7.785617818709857,0.9382999592807769,5.177915327885089,147.46711542033466,168.9244222256801,7.540079968442004,70.65922044882447,0,0,74.70050518963072,76.00472699078718
ATH009,22,Goalkeeper,2026-01-23,Training,87.30801458059145,8.733879536476017,0.8859360363196218,6.547517965094177,144.2226235320383,173.88144900482627,7.1935582491188015,72.55805231611923,0,1,78.55189115676623,96.05308788614902
ATH009,22,Goalkeeper,2026-01-24,Training,66.26937706617247,8.003362989474006,1.1303742416324984,5.190382408145959,145.80783705858767,180.33436933156293,6.101473026689007,44.62934056667963,1,0,83.13106929197997,83.47516178889892
ATH009,22,Goalkeeper,2026-01-25,Training,73.41820174706463,8.176883966244574,1.0026064100018544,5.926600913541595,147.21415455400526,176.38648775912026,7.491317625788837,58.41183821683239,0,1,84.85015968732978,92.1834895769506
ATH009,22,Goalkeeper,2026-01-26,Training,69.968932556005,7.862732875440628,1.0552780493206877,6.151242187404242,142.9328886916088,162.17341518279073,7.298290133887106,54.95668776858591,1,0,92.20738986627212,85.52262967504926
ATH009,22,Goalkeeper,2026-01-27,Match,93.73631411417055,6.882552022473018,1.0757523659655461,7.322033912748542,153.18718379816363,180.7984339760857,6.986127102832038,73.18505541552103,1,0,82.03819533434982,85.58462479293912
ATH009,22,Goalkeeper,2026-01-29,Match,86.40719876109306,8.966766987162814,1.3635649647081056,7.652458817404993,161.50785664675016,185.16204241026423,6.9312400575062165,46.61653416279404,0,0,82.16440644691647,82.13855417977044
ATH009,22,Goalkeeper,2026-02-01,Training,67.1650070315062,6.5137024381335245,0.709308296148217,6.00070909151363,149.2077964449451,172.95485157498393,6.6839351823001065,58.04071847720529,0,0,79.56631016974302,77.68945720330007
ATH009,22,Goalkeeper,2026-02-02,Training,94.18006460354582,6.766500035390431,1.0410896595460102,4.8314420456394505,148.62761544321344,178.6688052585459,6.548288461268909,62.892094498003566,0,0,85.8647372437611,72.18631494712795
ATH009,22,Goalkeeper,2026-02-04,Training,81.68292792657965,6.125445582941474,0.8718694761218597,6.232245829954438,156.0952377150299,176.66896492871675,6.940423565726009,54.33843364182786,0,0,89.76397287564383,83.41669283061225
ATH009,22,Goalkeeper,2026-02-05,Training,81.72678613354998,5.278316401891952,0.4852501352098971,5.566378972736821,150.29402256160694,173.98419807647022,7.699817817138913,76.45967649611804,0,0,79.41062535479209,86.51328954756328
ATH009,22,Goalkeeper,2026-02-07,Training,73.3901884470821,5.772526783657058,0.8514390333293775,6.617693534564684,159.77311793448064,179.95456234030812,8.189220962976004,79.91962609034105,1,0,87.94545565911102,96.47590805933511
ATH009,22,Goalkeeper,2026-02-08,Match,88.89914362224164,8.841859774779477,0.7912620019586517,8.219338579538194,166.95658908637938,201.28861729160622,7.1775821201403955,69.82436854361299,0,0,90.5489480135485,81.53681059326165
ATH009,22,Goalkeeper,2026-02-09,Training,94.40600055794397,7.152535911873583,0.754263257675494,6.688558803421538,155.81689811855065,182.82010911519959,6.399768071536651,53.37728781676257,0,0,79.40123738773718,76.73784288602927
ATH009,22,Goalkeeper,2026-02-10,Training,82.00281646037755,7.369715121942048,1.0618518614035404,4.719785674833895,140.74420574064857,168.73009491254592,5.9065430783898325,49.58479508711816,0,1,82.03249269931199,86.97294380893989
ATH009,22,Goalkeeper,2026-02-11,Training,75.26365460620738,7.6846140495201185,1.0653518427155526,6.171561975990359,156.1403837698688,185.2479462910001,7.772023109282301,72.45233862993985,2,0,79.50627292019247,97.82378745016288
ATH009,22,Goalkeeper,2026-02-12,Training,73.28101180435056,7.591643703292195,0.680788447040429,6.899723904398941,164.87684048237364,201.45096462475504,7.76140165604142,76.10630208140401,0,0,75.35919204409244,86.91677506876053
ATH009,22,Goalkeeper,2026-02-13,Training,61.6657308036984,4.898148444599023,0.4803156260982099,6.160879287147539,156.87600756001245,169.92023703537916,7.258444914971037,60.641591208586725,0,0,85.56214773763733,87.79652186486167
ATH009,22,Goalkeeper,2026-02-14,Training,83.85567302496291,7.436310794280245,1.1467937140641775,6.842154063948605,163.4319241216035,190.52991574698044,6.581169018564547,52.31616205646875,0,1,81.35660997212293,88.0869490700759
ATH009,22,Goalkeeper,2026-02-15,Match,91.08087144214498,7.019318480591437,0.8952880267483075,8.885221557461836,171.20902991098052,197.12119059258254,6.590467209841263,45.791641553392296,0,1,87.78275352595361,87.6356338741532
ATH009,22,Goalkeeper,2026-02-18,Match,93.11287961413686,8.955457088971404,1.436082883875755,7.786604241251817,160.43781702301484,177.70897763357618,7.731280252628965,68.98119226032797,1,1,81.54036791513785,100.0
ATH009,22,Goalkeeper,2026-02-21,Training,87.02942430270105,4.54387670196739,0.5903453107498815,7.076208624599657,153.406797080045,164.45267051892898,7.5296274865921955,57.09025056997223,0,0,91.7420918971761,91.91624738282162
ATH009,22,Goalkeeper,2026-02-22,Training,76.18097430673812,4.961546234825377,0.7935222916686174,7.396599743187567,151.88382580962826,182.69439455906902,6.777326372519887,60.20284102940294,0,0,70.4607178129914,81.09891236337482
ATH009,22,Goalkeeper,2026-02-23,Training,95.51866037582332,5.5529153651577055,0.8722429720326274,6.053592833137162,147.58189439876375,177.27045909111632,9.156687759494815,99.67258492131579,1,0,77.06767662759334,98.47818636064136
ATH009,22,Goalkeeper,2026-02-25,Training,71.79275307364375,5.0995289942154365,0.7651618517336818,5.92466618114693,142.6453928559329,162.59049367428779,6.5807940884497995,71.72968376512688,0,0,89.86316642488848,83.3371802540807
ATH009,22,Goalkeeper,2026-02-26,Training,85.33649019916174,7.45688651794514,0.855944858577481,6.069435769125046,154.5490934399657,176.63135401698406,6.783623514898043,67.58766158981943,0,0,83.78163727120904,87.0885154679821
ATH009,22,Goalkeeper,2026-02-28,Training,81.37226872341348,5.85113016746777,0.6219775763797871,5.498323059699962,146.47506543710406,165.20279273863133,7.176064307612262,58.645343573951266,0,0,77.72469978878853,72.14541443901565
ATH009,22,Goalkeeper,2026-03-02,Training,83.69788801598268,7.855685665843869,1.0482995279707668,8.078563907516696,164.51962844090528,193.64893075522934,7.302472857751003,68.72357396997677,0,0,81.27278759575043,83.76448793694264
ATH009,22,Goalkeeper,2026-03-03,Training,72.26795822398927,7.32337648561941,0.9859461769036564,5.275123813461138,142.77100196689284,157.08122234711018,6.90316247149863,72.37172216296906,0,0,79.61129027960905,78.67185764018363
ATH009,22,Goalkeeper,2026-03-04,Match,94.14309245753905,10.365473900650189,1.3944829290910141,8.493676049974674,159.65842389935122,181.0086716235239,7.665139172052751,66.44824441359988,0,0,83.81610511474513,85.30825839528998
ATH009,22,Goalkeeper,2026-03-07,Training,74.7013036924936,7.145286939645883,0.7844671788958923,6.731048998602773,156.44462763635408,166.93263906248038,7.157626959534643,60.570202281440864,1,0,76.46196581728658,94.23915869948229
ATH009,22,Goalkeeper,2026-03-08,Training,56.607274514801645,8.945673475286457,0.8694056824035346,6.188579918494257,141.12811504923081,168.01618632633165,6.205344882023257,46.20489006409484,0,1,79.89875264266345,91.87562766933974
ATH009,22,Goalkeeper,2026-03-09,Training,69.84631127805258,5.582149029897311,0.906692818856943,7.702798452892992,162.71651755360884,185.5876632064019,7.268518720102524,53.84458228566163,0,0,84.21723369937652,82.71676120040765
ATH009,22,Goalkeeper,2026-03-10,Training,66.21368987622841,8.66366404277331,0.8418660299139521,4.933471503877596,148.05593137488162,172.60335835821206,6.705357480874302,64.53621714817005,1,0,77.09156266909616,84.42235475139043
ATH009,22,Goalkeeper,2026-03-11,Training,68.02055447410518,8.882812224724416,0.7600186635170244,4.494580051965378,145.25826311656212,159.93463232507375,6.899516538003702,63.95525830943346,0,0,84.87976540515788,76.2968437254578
ATH009,22,Goalkeeper,2026-03-12,Match,89.17741765174956,7.377827289621292,1.075152141373576,8.636784183194926,163.509577131902,187.57951459567585,7.471058420488777,60.396700514903294,0,0,86.2710092984633,81.04745501337474
ATH009,22,Goalkeeper,2026-03-13,Match,88.84442847466995,8.246819199816308,0.9280074175433616,8.554963001169236,167.0693731360293,184.4298894026776,8.176771870379415,61.118123910537975,0,0,86.4958253564263,82.6896809992486
ATH009,22,Goalkeeper,2026-03-14,Training,79.02789089853418,5.057535983479705,0.6070676764351746,4.83245893331175,145.46445284130166,179.61365510776062,8.717616685355036,74.37306797129176,1,1,74.13040212568053,97.51766671327808
ATH009,22,Goalkeeper,2026-03-15,Training,46.72701143642597,7.972882987091857,1.0006141053896507,6.099750863347053,143.99986952447858,162.70174001085388,6.534233059387026,62.84336346471897,0,0,85.68964109026037,84.26580461724976
ATH009,22,Goalkeeper,2026-03-16,Training,71.35422242517485,6.834536019181078,1.078420184527143,6.787492360228816,154.60532503678814,188.51222857417886,7.774795723160343,66.7164073056039,0,0,88.15885552244916,83.62491203444492
ATH009,22,Goalkeeper,2026-03-18,Match,92.52732844120223,10.017989535883167,1.4014779909327624,7.921292340601713,160.2529967806229,192.15973897826336,7.343647493710344,69.01659513673783,0,0,77.94214687305902,78.85564333005802
ATH009,22,Goalkeeper,2026-03-19,Training,73.45388784303198,7.294294841224872,1.1921913710703183,6.878473816656591,157.49827568903376,184.07700410188102,6.715305816529525,60.69493964946501,0,0,83.79474033601805,85.21372894807898
ATH009,22,Goalkeeper,2026-03-21,Training,93.89520972633298,6.655901539059912,0.5498788968735,5.305124964162542,149.48752249849917,158.80791126347907,8.833083808286649,87.88536401871416,0,0,79.71362445500064,87.36236673361988
ATH009,22,Goalkeeper,2026-03-23,Training,64.55362960991226,7.1784319510953285,1.117002140871625,6.509438292436112,156.21259665160656,175.7509543166783,7.160553793752494,69.6561624346799,0,0,76.21650000636463,75.20877621067487
ATH009,22,Goalkeeper,2026-03-24,Training,72.04668485678788,9.248560651303162,1.3288130058541998,5.642570484640203,145.3465421753056,168.35317017478684,7.651519825831078,54.65100991489277,0,0,84.85171464737397,75.38628984528941
ATH009,22,Goalkeeper,2026-03-25,Recovery,58.39001998401017,2.2706812823395377,0.2197131609245862,2.9255065798605564,128.22160843389182,161.15167963969122,6.1971213815872295,58.46542856463599,0,0,81.2341754812456,80.86708325261439
ATH009,22,Goalkeeper,2026-03-26,Training,77.21910343978925,7.1536783938754,0.9136302186898745,5.409283415464863,144.52530346067724,181.4047104929973,7.3009244769272374,66.82244890461031,0,0,78.42944974667633,76.32799986051144
ATH009,22,Goalkeeper,2026-03-27,Match,100.18722407941357,8.66669521076436,0.7481938080325975,8.479129694608659,174.35761624807213,198.6557587081657,7.630845079341153,59.66462949078628,0,0,93.72820629524679,84.20918199890595
ATH009,22,Goalkeeper,2026-03-29,Training,74.3965880942138,7.690360691426595,1.0820007117877906,6.554561191726157,155.35746785107867,177.82142897454912,6.767071191245452,55.15500559418963,0,0,73.38472655503914,81.35561095671765
ATH009,22,Goalkeeper,2026-04-01,Training,72.81095843081846,6.143191320223724,0.8271058276594442,5.353960677300844,142.76455140161386,163.78658613870482,6.917574403862967,58.53345932603102,1,0,81.2321537224426,81.78317994163653
ATH009,22,Goalkeeper,2026-04-02,Match,86.96326286417529,9.921255183357758,1.5758961141644494,7.658736294793048,151.85988617039,185.60344758548842,6.681680308232441,64.91426980231543,0,0,76.66693966805731,85.37288731346226
ATH009,22,Goalkeeper,2026-04-04,Training,83.074579455661,6.2578693277380895,0.9248230512785661,7.0375160916165935,157.83336694110065,174.7513757916658,7.1608824785481575,65.04998780812538,0,0,75.72349467885059,83.93615869819348
ATH009,22,Goalkeeper,2026-04-05,Training,73.71719031524894,5.557836098458534,0.5662576404339272,6.3004118689432005,149.7857505641035,168.72952745502752,9.374076854722492,88.34701282573785,0,0,82.6934133410659,88.70193515253273
ATH009,22,Goalkeeper,2026-04-06,Training,87.21062085798746,7.9234952531334315,1.3377299435593524,7.409183124193978,163.455261194297,189.98075614920242,7.185634644492926,57.558064038782504,1,0,88.93043004346333,87.2344045728315
ATH009,22,Goalkeeper,2026-04-07,Training,72.70583985220382,6.931923185399313,0.9149625842890491,5.419457231602296,145.1290549464332,172.4072934206529,5.44333874339786,47.86783075561793,0,0,83.50027264278182,77.30137246533216
ATH009,22,Goalkeeper,2026-04-08,Recovery,45.02337393974107,1.8699741773108653,0.15037574798617204,4.12823775045561,134.31629151517464,172.21383006344178,9.316359024967031,100.0,0,0,71.9041485159682,86.36546476420502
ATH009,22,Goalkeeper,2026-04-10,Match,94.22218375806294,8.214837055335064,0.6683998827865368,6.795240366266398,149.8947663306455,180.46723319011053,8.011395015830102,77.35887657705116,1,0,84.04276754187757,96.89467079781518
ATH009,22,Goalkeeper,2026-04-11,Training,76.12726015732477,5.599115193553491,0.46903643934097183,5.3307886672023095,142.1462849992408,160.8918713831643,6.77185255529202,68.37135594606451,0,0,82.96957191239035,88.09859122125184
ATH009,22,Goalkeeper,2026-04-12,Training,70.71874723754507,7.242061953907106,0.6982159741862871,6.362303791302706,152.94932210059935,176.452737670086,7.112654663469162,64.98755298850813,0,1,76.10842912291898,85.97284085756607
ATH009,22,Goalkeeper,2026-04-14,Training,57.80345734676636,7.2348604488441595,1.1666347527189378,6.180894260216125,148.349127101256,170.1439221986419,6.009787182397225,55.065047703003,0,0,85.11962773101733,90.24419526303426
ATH009,22,Goalkeeper,2026-04-15,Training,85.68136080547684,6.992543590031771,0.8645312159330529,7.08890947059568,152.15106309171748,184.11871455843698,6.5578578544895105,55.79930891576906,0,0,81.30011006817372,84.49983901919232
ATH009,22,Goalkeeper,2026-04-16,Training,70.1202981736308,8.204178244167688,0.8643527136027344,7.346650688582754,162.71477828568806,184.2699198585688,7.849896180234957,68.32211357386122,0,0,82.60100355931306,81.86007351156782
ATH009,22,Goalkeeper,2026-04-17,Training,85.16409283394177,5.806297997079,0.7434766795826936,6.9529135911263715,150.77440613678093,169.00619360292893,7.623459811771917,69.0732282751326,0,1,85.99606296342965,83.71650179496886
ATH009,22,Goalkeeper,2026-04-18,Training,95.9131072079391,7.752306679997835,1.2677547146645163,6.384019791509352,159.19114447170512,179.7358764065541,7.227994341521591,67.58750065635391,0,0,88.04152903507253,83.45103658178223
ATH009,22,Goalkeeper,2026-04-19,Match,86.5177678972921,8.717753246234826,0.7955963659312023,8.617285301439079,158.32011663603825,184.6054324908979,7.432961646667584,52.19440598448647,0,0,76.27981649843203,79.13010614465307
ATH009,22,Goalkeeper,2026-04-21,Training,57.279186765742544,7.879684136519254,0.764775654037276,6.2284792432759835,150.66396927892137,174.92518316012092,7.936973894355124,75.83645440841411,1,1,79.54116067238846,90.92404477090469
ATH009,22,Goalkeeper,2026-04-24,Training,62.77502639262987,7.576808324840388,0.6776576886226863,7.029471988089395,141.74383478067037,154.58202218713257,7.477404301905814,69.61530012749496,0,0,81.54152289428178,94.2498701559259
ATH009,22,Goalkeeper,2026-04-25,Training,68.75550263797044,4.631898507337209,0.4963152315600913,5.712136221012173,151.39297416673824,177.3479389372389,7.32580182492953,71.25654263165893,0,0,84.06844955425443,84.67655508023374
ATH009,22,Goalkeeper,2026-04-26,Training,76.76771285975767,7.111723636978216,0.8181312367113741,6.519233929501398,161.92301010424129,189.52382349778503,9.392605288818805,85.85761204688272,1,0,83.32984947702326,94.91802660507189
ATH009,22,Goalkeeper,2026-04-27,Training,67.2009469056369,5.924939441399705,0.528636866339063,6.194650578428792,149.81576620658194,173.32182817735566,7.02527480231767,65.46964415651925,2,0,78.79861990710423,97.43579189894305
ATH009,22,Goalkeeper,2026-04-28,Match,87.83755818175273,9.831449648229263,1.2847744092351758,9.26957212205229,167.131572509798,188.2625544245073,8.592829241507813,71.05971906157612,0,0,79.328772958738,90.07949057235956
ATH009,22,Goalkeeper,2026-04-29,Training,92.08029353765849,9.244009129959048,1.1732668119877927,6.83303568426198,151.49629732922313,174.62786782426417,5.686446198741345,40.05808265498869,0,0,90.7388288668327,75.03184374583968
ATH009,22,Goalkeeper,2026-05-01,Recovery,41.23839057135005,3.335426374516171,0.3435927095589695,2.820076907307729,132.97526867523132,162.67317790677944,7.982629956104643,78.6642330973005,0,0,74.58715751402372,77.59022602214152
ATH009,22,Goalkeeper,2026-05-03,Training,65.44783856180003,7.692689663964743,0.8526549509254886,7.1211013877422085,153.85179946893763,180.7907644947845,7.091367071672261,63.37386853634854,0,1,81.70985615004876,87.37920365874771
ATH009,22,Goalkeeper,2026-05-04,Training,92.52721761299354,7.219447072022458,0.8595547828967735,7.9761902785396455,168.0760769274555,190.87863047105157,6.911641493485611,61.12185392291214,0,0,81.48018099606874,88.82718471980895
ATH009,22,Goalkeeper,2026-05-05,Training,83.17196804168135,7.544732456463526,1.2413441932569682,7.712182155640271,153.9018788846891,182.72024988471915,6.81873218014252,59.94968008030631,0,1,82.7975482102534,83.21659928835575
ATH009,22,Goalkeeper,2026-05-06,Training,78.36145248155339,7.607091704469995,0.7518814911511932,6.109535506675024,158.7917091791767,180.2661835529113,8.474292255731829,84.21647542963598,0,0,82.15513628123857,85.3208287996084
ATH009,22,Goalkeeper,2026-05-07,Training,81.49591864001863,6.106674937676079,0.887894246655346,7.301740173504896,155.94656097921114,175.8818273970909,6.207734738066931,54.72964292397311,0,0,76.10075554737709,85.50126306115448
ATH009,22,Goalkeeper,2026-05-08,Training,66.60412139809858,6.192253321039136,0.7110507570302579,4.968093041810036,142.04462437532231,159.5627041988607,6.021908739442676,63.82788632732672,0,0,81.57971547423404,78.12629119587598
ATH009,22,Goalkeeper,2026-05-09,Training,69.91740301737015,7.06144815993796,0.8812232731622713,6.39307240509024,159.04876126570107,175.2966820862272,8.272068048778761,72.80444740813886,0,0,78.79881892781144,79.85358067761562
ATH009,22,Goalkeeper,2026-05-10,Training,68.58198692202896,5.145450269146935,0.47793642393349983,5.209232171668488,152.78182775586563,165.54045076135327,7.013003460411688,67.25341584912513,0,0,84.87878994398183,76.57118212806677
ATH009,22,Goalkeeper,2026-05-12,Match,83.14363892140298,9.360544106179958,1.340203764880944,8.811413870467643,168.70700005768055,204.86195837842524,6.659157680300738,58.72014715864623,1,0,77.4873712354208,94.33953786949833
ATH009,22,Goalkeeper,2026-05-14,Training,77.32423016081808,7.177796152007143,0.7297428654922219,5.402625418107,145.19115744054204,168.81992955255183,6.234181062906095,47.60147044577585,0,0,81.2085953033328,79.75718410296928
ATH009,22,Goalkeeper,2026-05-15,Training,79.18130965267692,5.573012510679616,0.9140284704262962,5.759985950830704,143.11685673315858,159.62317247160652,9.153449872445321,75.14193978209993,0,0,86.9310887284789,92.61907554410455
ATH009,22,Goalkeeper,2026-05-16,Training,59.59240819882672,6.936939810938069,1.0334894199811078,7.588251482925047,160.34426124352171,185.73134480889138,7.169467859734209,76.66849157589367,0,0,69.0103925486867,85.67400991978212
ATH009,22,Goalkeeper,2026-05-17,Training,81.32005027603229,6.293247883955079,0.7664148409590639,5.383860307175871,151.61527870414744,165.60956761872416,7.4615092360131134,86.6168259592115,0,1,86.64628286745759,93.45551918243919
ATH009,22,Goalkeeper,2026-05-18,Recovery,63.51534367323322,2.8545264383369835,0.26484862624630323,3.346124437613349,146.28094299721235,174.23775281874725,8.465248884651114,85.47446125190089,0,0,77.89779827927923,80.42779387127705
ATH009,22,Goalkeeper,2026-05-19,Training,66.58396496867535,6.347040680126175,0.5133960946166071,7.326988409511133,162.22429318426362,191.3188581990318,6.550126288190429,64.4498228450011,1,0,76.13160195093559,86.52787728607437
ATH009,22,Goalkeeper,2026-05-20,Training,51.00479302863776,7.876429480945654,0.8290940991303094,6.724566275007245,160.24735096403262,178.14494215281405,6.213677479488725,56.271123119571776,0,0,78.7486701675894,80.67010205969234
ATH009,22,Goalkeeper,2026-05-21,Match,90.34733569956163,10.32536170984888,1.5736755963409796,8.183274791973616,168.7878978828272,197.71586193940618,6.460777533800096,57.74288822604036,0,1,82.44532568877283,88.95709630138562
ATH009,22,Goalkeeper,2026-05-22,Training,70.14173831861,7.136658075019274,0.6919511198801308,7.708685903160274,163.52535482679028,190.54245918178682,6.914098769697128,58.93302386656979,0,0,80.20886250516291,76.97471302158729
ATH009,22,Goalkeeper,2026-05-24,Training,66.5771545017104,6.899133166398036,0.9792324183646818,7.4117228856514625,164.31416532464794,190.311150421972,6.073902025828736,45.323067109551744,0,0,75.14263999334166,79.04679785193747
ATH009,22,Goalkeeper,2026-05-25,Training,75.41996167210428,4.927427382638356,0.7878117938198343,6.366352798397762,154.2060782642902,176.65771502598588,6.502528758237186,64.7118655953171,0,1,80.54059888956185,79.18560012357005
ATH009,22,Goalkeeper,2026-05-26,Match,96.06048654866191,8.946832430174869,1.183563825206786,8.349427177966389,167.22740096721495,196.4668556471013,7.610822405589687,52.75425327553352,0,0,81.15261225201188,77.68642021769958
ATH009,22,Goalkeeper,2026-05-27,Recovery,51.946462539021056,2.8311996703550655,0.30471042724858377,3.53393139196073,135.46742973746976,166.67324317459236,6.9299098797142555,68.13462132107247,1,1,83.83914425992717,88.69927323198758
ATH009,22,Goalkeeper,2026-05-28,Training,65.87845904139033,7.751372728423333,1.1271071246687385,7.119044514270962,152.79562863970557,175.75259944004165,7.7129119589584025,62.18228502194059,0,0,77.57129384681409,80.84282556407565
ATH009,22,Goalkeeper,2026-05-29,Training,78.22156021339153,7.794541584541764,1.0342604215851652,7.498088191497788,160.8705762273474,181.9714934212921,8.581435092268359,77.74619589721166,1,1,74.78960608155937,96.12884406303098
ATH009,22,Goalkeeper,2026-05-30,Training,47.401488580641505,7.179675363200634,0.7402381977735873,5.131643542970346,147.68619149427445,168.68534149656156,5.9925912428648385,50.39972300436156,0,0,80.71124862948415,79.59257378217592
ATH009,22,Goalkeeper,2026-06-01,Match,88.52048879542727,8.89358823714608,1.3087589352746336,7.874772120398454,164.6974138542036,197.1364340074944,6.401265003583598,43.8785702224292,2,0,73.487571866589,92.82915385243962
ATH009,22,Goalkeeper,2026-06-02,Recovery,36.178548179282046,3.212183196670109,0.4225182288253451,3.179759260204919,139.50922944495946,169.3242421929076,8.150684993778343,73.82033438174342,0,0,72.5796454472532,75.21111574386487
ATH009,22,Goalkeeper,2026-06-03,Match,88.65426404367297,5.709131093525523,0.5299643749346826,8.403661705624517,162.70990238069658,184.5443362249377,8.167591982638257,64.9525892544132,0,0,85.58427591754575,86.05249412445256
ATH009,22,Goalkeeper,2026-06-04,Recovery,49.1566626214801,2.4372058417044755,0.20262106213250003,3.7957919845528814,141.8152833071048,179.74479052129436,7.6196744824279925,65.36027861547547,0,0,82.17216016082348,84.39798097226434
ATH009,22,Goalkeeper,2026-06-05,Training,65.00437838975641,9.739109462239702,1.6454617683492763,7.8274299567492625,162.68900307748106,179.23345803182033,7.50334568356769,73.03489401083694,1,1,84.04337316683899,100.0
ATH009,22,Goalkeeper,2026-06-06,Training,75.49512628270622,7.639981603175488,1.2789937431242204,7.000947526787925,152.22306180006782,181.52485466345615,7.345552004759664,63.59913826663096,0,0,88.96575768842939,76.40395917450815
ATH009,22,Goalkeeper,2026-06-07,Training,68.0105214639969,7.705980178119273,0.8917934328150586,6.806079636530848,155.42875721721128,190.13878297925794,6.697671177359219,63.263941295368085,1,2,86.34597348418438,100.0
ATH009,22,Goalkeeper,2026-06-08,Match,91.33775406405073,8.806911268949126,1.1916422209115984,8.488355663435689,175.10800384252826,205.0,7.703594118090033,62.32445800219419,0,0,93.13710183891385,87.84324580765563
ATH009,22,Goalkeeper,2026-06-09,Training,88.26099653674544,7.152939830684773,0.8235705273933571,4.462679772743936,142.99008828248188,169.8053311868099,5.222671362918968,41.1782536157974,0,0,88.25402640941584,76.42067132128355
ATH009,22,Goalkeeper,2026-06-10,Match,88.4013323350393,10.48492818338989,0.9491630679027508,7.451741180001788,162.21624297305246,192.93188992368133,7.433701871755538,73.30626782603963,0,0,91.11410095411034,93.31900841692429
ATH009,22,Goalkeeper,2026-06-12,Training,68.46016492047059,7.632735169812547,0.7198736492401704,5.913744897231337,151.7177996556752,176.35128695600906,7.240758739406822,58.020580774948456,0,0,79.96650016874979,74.17599541649948
ATH009,22,Goalkeeper,2026-06-13,Training,43.0231720359881,6.713590834130003,0.9405032278844436,7.376765606181592,156.08682618028075,174.85703822905936,6.88451278313445,60.31161691776416,0,0,71.57555355647062,82.27584458915231
ATH009,22,Goalkeeper,2026-06-17,Match,101.16034434996519,10.138456164380562,1.6453097474967155,8.387193812317747,160.60739675554208,180.28799635449457,6.404197276804763,50.19340109776182,0,0,78.98404611583494,84.87392230991891
ATH009,22,Goalkeeper,2026-06-18,Training,57.58599832440961,7.049601498598416,0.9697571430818961,5.221757697420811,148.0305139288508,169.6361447636185,6.650518268841259,68.30777107011095,0,0,78.4178806173527,87.2964352039228
ATH009,22,Goalkeeper,2026-06-19,Training,70.81302718669171,7.246310407820908,0.6128558974450002,5.558422749400418,143.87910557665938,171.29465758490835,7.598851677834865,69.27158222445937,0,0,72.99543108539497,78.01609516279844
ATH009,22,Goalkeeper,2026-06-20,Training,73.93345003538133,6.165273204537748,1.0130425051126022,7.074965195168292,167.182660803326,189.54744017319084,7.2569488661069155,63.68550301601004,0,0,79.79910161944075,74.62861058162099
ATH009,22,Goalkeeper,2026-06-22,Training,68.83064372227646,7.947224466933749,1.043537498175354,6.636282976053938,149.93406147641804,186.48847399916963,6.8246283525693014,57.55257437355712,0,1,81.55528647583294,83.15187094543407
ATH009,22,Goalkeeper,2026-06-23,Match,91.688915489322,7.252513003930804,1.2276119278158668,8.073031473029634,154.12831501816956,184.85530539051956,6.079176918033104,52.80913896140873,0,1,84.63045631323557,76.70126056004062
ATH009,22,Goalkeeper,2026-06-26,Training,33.9622178470549,6.00822245345377,1.011387996690343,7.068144572673465,160.47741990066385,177.63454230028543,8.372430640005138,65.17575738319016,0,0,84.85119365659297,89.61862154940765
ATH009,22,Goalkeeper,2026-06-28,Training,65.55786723747386,7.94637009971897,0.7990787801319276,3.985188037177764,133.75341391633387,163.8327239687252,7.154780672174817,74.72194227213889,1,0,83.71014111189807,86.40525321083645
ATH009,22,Goalkeeper,2026-06-29,Training,86.08176428078846,5.581847855176689,0.5667527637828919,8.249693613377296,167.96613872091356,196.05058691258853,7.6849403594213435,73.67934241064057,0,1,73.54444152042615,85.74454166461858
ATH009,22,Goalkeeper,2026-06-30,Training,88.07346494724939,8.223086338069349,0.9575730539839741,8.132207222459229,172.67343152105616,198.27544356602482,6.8036394643961495,56.65960409224166,0,0,84.48836770553494,85.51229614491501
ATH010,24,Forward,2026-01-01,Training,65.00240239583584,5.872044932531707,0.6614642415487819,7.316603570357713,153.41956118279103,168.23914552628477,5.801832817787579,29.855336280774086,1,0,79.81833918254793,85.31967886011817
ATH010,24,Forward,2026-01-02,Training,79.84858999839562,6.37053448197224,0.5354326085719284,6.546720120264972,154.69876982147426,177.6052394628282,8.05931880843646,66.44959383862836,1,0,75.96582947609085,88.52738566810861
ATH010,24,Forward,2026-01-03,Training,84.5451924816892,7.3797989184218835,0.9286044759436501,6.529174426768096,154.23301585723542,178.76348456403457,6.183759916335442,56.396955351237,0,0,74.66191323139131,78.68695476379945
ATH010,24,Forward,2026-01-04,Training,63.92109954754896,5.8739171187534955,0.7699434407831528,6.608611358041821,155.6716700536394,184.73456989843913,6.917801143234998,53.068258986660865,0,0,80.55367471243622,81.02439905412629
ATH010,24,Forward,2026-01-06,Recovery,48.22638994441429,2.6560316677111797,0.22239799806469288,4.130181316254395,140.5427636966627,156.7641561891645,7.319258019340841,68.75879688248108,0,0,88.67800419483208,75.85410610136687
ATH010,24,Forward,2026-01-07,Match,88.0794423297188,10.070146032174403,1.546836662790117,7.2871402114514146,159.36563587555543,182.64140603736865,8.594769420443717,73.31227019821979,1,0,84.15132675933893,90.1947900544724
ATH010,24,Forward,2026-01-08,Training,63.268237954142336,5.216110149179391,0.7535964195130772,7.528877441678944,159.4756945084083,190.88345255561285,7.776212715035117,67.33529667734841,0,0,73.15621491774343,84.90736677451153
ATH010,24,Forward,2026-01-09,Training,82.75924077004518,8.031056198822748,1.1228970351946361,8.638367241978552,172.43085048352654,198.58693006262337,7.814541608819458,67.3638576261877,0,0,83.53816590243079,88.46509220370706
ATH010,24,Forward,2026-01-10,Recovery,43.97602419829284,3.27454060000013,0.49973763334888777,2.9669811102653045,126.23552522533058,150.9389509840857,7.55688508869565,66.90902527534588,0,2,86.71887111376479,86.3913973995392
ATH010,24,Forward,2026-01-11,Recovery,46.848464425855866,2.624969935143328,0.30935106341757646,3.3080088018079885,143.45938976578307,177.37629771664314,7.506530180878345,71.88549529077284,1,0,88.08560192781944,94.26417698673893
ATH010,24,Forward,2026-01-12,Training,60.37468520172982,9.091621638130764,1.3344409808031827,5.8000905882326,147.65180809795638,169.20304873466446,8.251652707259973,86.06139289496132,0,0,81.32097611025962,89.0423916173441
ATH010,24,Forward,2026-01-13,Match,93.28162326484427,9.556257020587779,1.0865751956295546,7.8966276484484865,169.26124627975491,196.0795488214758,7.5862164896757855,64.5601303274309,0,0,79.25035650761137,69.9968646884136
ATH010,24,Forward,2026-01-15,Training,106.97537390401722,7.22946086231071,1.0216317513967634,8.374424446933244,162.2057789234974,188.3349914540343,8.75150445973507,73.14356476593345,0,0,75.43065768593745,91.73316558241044
ATH010,24,Forward,2026-01-16,Match,96.40682215876214,9.238987038760055,0.8745153307338749,8.086819201688694,160.43441986134192,189.62587274651403,7.8639249119583035,67.01465531916533,0,0,84.53208615646416,83.9299562802202
ATH010,24,Forward,2026-01-17,Training,48.39259547695718,7.8385820409312785,1.1337864776105886,5.769165100302329,144.33576741464478,174.61569250644433,6.483107996504431,54.82312686700819,1,0,76.86148256223179,83.36499963591983
ATH010,24,Forward,2026-01-18,Training,84.7173512707371,8.068107343601005,1.2933594784544336,6.066715826372145,154.11427421098344,193.07140856416515,6.0710421799390835,48.131528930815996,0,0,81.89154451986565,82.7220614848317
ATH010,24,Forward,2026-01-19,Training,70.67027820986038,7.784791213517995,1.0409397755111722,7.888609786892936,160.2331020387906,195.56488776758366,8.379703779833909,66.26214407962176,0,0,88.7809881535967,87.43138297651959
ATH010,24,Forward,2026-01-20,Training,67.14476374885214,6.339207038659794,0.8797692230143552,6.5370923419364555,152.07319038055826,170.47168004375249,7.010173959961462,67.24506773927358,3,0,81.20544649033998,100.0
ATH010,24,Forward,2026-01-21,Recovery,24.83649223504748,1.6289273942221942,0.18160361727941499,3.5116951693165825,129.96541816090513,148.94310417884125,6.500808389772899,66.20386926509256,1,0,75.57196749905162,86.16047778892586
ATH010,24,Forward,2026-01-23,Training,71.0572018049645,7.624691186228166,0.9224828117150383,7.869936719868268,169.3029268606994,199.40854842735408,7.583142215560108,76.67399195467915,0,0,76.18340534027008,83.66394193470929
ATH010,24,Forward,2026-01-24,Training,69.353530325647,7.228807933393813,0.7784514210554853,5.0873088475073684,139.51039794056987,155.25572743947552,7.045922989358197,55.59805748234359,0,1,89.35527428934522,83.90458903651447
ATH010,24,Forward,2026-01-25,Match,95.84058476215347,10.489291591035467,1.2236905927697996,8.014402904335421,166.99337493192425,191.25134205581574,6.135453728586598,56.05031221694518,0,0,76.79992827188029,77.39004498304928
ATH010,24,Forward,2026-01-26,Training,93.60763485906546,6.743860213360477,0.5891716358692184,5.103270553236805,144.79935715564048,166.68040582259925,7.269596072378681,56.93288845870613,0,0,77.54836327746115,68.13909468916607
ATH010,24,Forward,2026-01-27,Match,90.99446102355287,8.48075278685353,0.7201547075105471,8.709713192196475,160.04600686370887,192.66169093089962,7.559638883863072,65.8230719885593,0,0,80.74046206162936,79.93148565509968
ATH010,24,Forward,2026-01-28,Training,84.90542580937392,7.554393992525417,0.7923866795731195,6.787193277872794,153.49149568147627,179.78547240639264,7.492114800732052,75.03352064274466,1,1,83.91893837568439,100.0
ATH010,24,Forward,2026-01-29,Training,85.93514739645389,8.445298087571325,0.7570375878728253,5.976547570165543,153.79362510028494,181.44255333584707,6.058459420663169,55.72117200370563,0,0,94.19128841218101,85.53232674769758
ATH010,24,Forward,2026-01-31,Training,75.85996967701021,7.762481148395584,1.271824543195213,7.196631501217747,159.0274910583979,173.63814911859555,7.6551317708647355,76.59956806609303,0,1,69.61636942238133,88.69834747061923
ATH010,24,Forward,2026-02-02,Match,93.730172054554,9.166346094721373,1.428308100138554,7.66054172043328,155.54089720470577,180.50891376474902,7.852372931845049,75.16776893489516,0,0,87.38024667021222,83.35542198994766
ATH010,24,Forward,2026-02-03,Match,84.3018715289702,9.514781089164059,1.131531115840713,7.483189919190068,160.59826587177068,180.18249411933337,7.375744520668213,66.20856339344353,0,0,82.06002667448728,93.2988720451682
ATH010,24,Forward,2026-02-04,Training,65.10577735839512,9.064757324859247,1.1861655815061742,7.546113105847574,160.512202123882,200.05083890756333,6.7408748616050715,60.11954636134953,0,0,73.71070564672337,72.7628008005374
ATH010,24,Forward,2026-02-05,Training,72.77115883897801,8.086292461961616,0.7245488371493146,5.387235921678945,143.41561623395074,169.82324528032623,7.460196551754805,67.78674005209015,0,1,76.3328232538042,91.29964371470994
ATH010,24,Forward,2026-02-07,Training,80.13905277020235,6.313662652803197,0.5585996793122388,8.836746454024997,168.59560655586404,199.64818159866286,8.092856544914275,68.03094090968327,1,0,85.13478470434057,91.4778299969325
ATH010,24,Forward,2026-02-09,Training,67.73923571133635,5.850246624156725,0.9623038202697374,5.938401323623131,154.37832079860692,158.13255392052756,8.401918808151606,76.99907302048477,0,1,74.4545984208381,86.73273422065111
ATH010,24,Forward,2026-02-10,Training,77.90297981185799,7.3329802892224425,0.7853981083338948,4.93589823652072,148.29315009652544,165.8030112302553,6.382244077568892,59.65872436554442,0,0,85.52903948167169,80.47167565197462
ATH010,24,Forward,2026-02-11,Recovery,52.25149494345641,2.5495413639640203,0.41957171786228414,4.856293904273633,144.207967515681,164.915942101113,7.327008331927368,79.39992118465383,0,0,90.91695542211119,92.31353183572486
ATH010,24,Forward,2026-02-12,Training,109.68771588478965,6.715897814082157,0.9017764007068328,7.203795883750819,150.74602717151964,174.2300838772611,7.490840542229377,67.2939547923619,0,0,76.94966639202046,87.37661177351055
ATH010,24,Forward,2026-02-13,Training,80.02370780916367,5.4492505825882915,0.8959601544106128,7.043175189766048,160.391249890866,186.5547787521696,7.156874243465204,71.20554704026556,1,1,83.86503038523274,100.0
ATH010,24,Forward,2026-02-14,Match,85.30834686589768,10.608559117961017,1.627686212968771,8.369961970087958,159.91822290151993,180.51823874095263,8.746027707685872,70.72631932890211,0,0,89.70576245836176,84.8295208788437
ATH010,24,Forward,2026-02-15,Training,81.05839958754336,8.046337298392073,1.2987849826298412,6.671545050563321,158.30560474764425,176.1433336221786,7.996205159141741,74.27779567555035,0,0,85.40383375175357,84.31147219675019
ATH010,24,Forward,2026-02-16,Training,78.92005105850602,6.76008730392931,0.7603509147881878,6.992949810466969,164.59474490662356,196.25154199835146,6.554854775016264,60.32986575492127,0,0,81.54124269496315,88.06938820781377
ATH010,24,Forward,2026-02-18,Match,95.53553080053281,8.368485176659595,0.8752901661585082,7.769500838749346,161.0813689466427,194.91029493768397,6.580845580697441,56.759282379353145,1,0,78.58220317874508,90.05476191286873
ATH010,24,Forward,2026-02-20,Training,60.25266112233729,8.35732941127294,1.1954560595820543,5.647355090364348,147.25204241144561,174.82814669341323,8.144857421668306,74.13726351508191,2,0,75.24477503712926,100.0
ATH010,24,Forward,2026-02-21,Training,75.12080410227097,7.709506356320431,0.6309696028641941,8.198458702375564,167.94620492927154,187.09808701696608,8.901186161179544,86.83938109112579,0,1,80.92289928261077,100.0
ATH010,24,Forward,2026-02-22,Training,78.9452022172927,6.246681192991107,0.6321048751310244,6.37734489969238,153.41012447670798,180.41708372678005,5.976182248858553,58.42563886630364,0,0,80.49528960378127,89.91451167061034
ATH010,24,Forward,2026-02-23,Training,72.14162351678867,7.447606361851831,1.044292863209255,6.656312697815934,162.26986980990065,181.85064815652794,5.552981039574006,48.458265492139354,0,0,81.99357319877552,76.2082698101911
ATH010,24,Forward,2026-02-26,Training,75.11148081968034,6.34776249553265,0.8399767452003549,7.408889036369287,159.5438340398352,175.84132459244256,7.964977371417776,75.00866002982352,0,0,84.86799632468163,84.17816517136318
ATH010,24,Forward,2026-02-27,Training,65.28208851583365,9.435360407815907,1.032760846390343,5.179410700490179,146.44187485757834,169.1294689985966,7.2503387937522294,69.1415401947144,2,0,83.93212287793128,92.88656283165739
ATH010,24,Forward,2026-02-28,Training,79.74853838900344,5.177501546312068,0.5125956530826574,8.627297413749568,170.11676761305276,188.28251028158422,6.4929569934874705,51.97534329425463,0,0,84.6698277587163,86.07805703559472
ATH010,24,Forward,2026-03-01,Training,66.45435585946448,7.445607458814118,0.9404930320208222,6.150770524584632,151.7564514620899,181.87481419839958,8.115132486965145,71.00962830905642,1,0,84.99648764763441,91.58809311784195
ATH010,24,Forward,2026-03-03,Training,74.21323288764306,4.440135367587966,0.4971395665059234,6.232160567431689,157.0987727333239,174.96848150038758,7.481365709157209,69.55869227250739,0,0,79.20820501909398,74.38134573101007
ATH010,24,Forward,2026-03-05,Training,73.82529113793436,7.481066390732459,1.1019978299748854,5.267545609169774,148.00433292653042,172.0194234176811,7.713130608458759,78.52202231193601,2,0,87.42142835221361,92.65014020024933
ATH010,24,Forward,2026-03-06,Training,68.82626283098806,7.2102233587431686,1.1691045242607,7.389563675057157,155.2572666906119,175.16242881153397,6.900741567633414,53.59932450909501,0,0,69.86803886351163,81.2825626084186
ATH010,24,Forward,2026-03-07,Match,88.70943253454152,8.615300380023193,1.0516032542277294,8.053542662704874,161.2199358204351,185.4383871758146,6.0144058851433835,54.094290902388174,0,0,76.934012529516,82.78016526939335
ATH010,24,Forward,2026-03-08,Training,84.86800883486988,9.555971665397163,1.1250553990456846,5.936837778491076,149.10559628538638,176.86756319567527,5.614680946260924,42.39848705802558,2,0,84.03156659869518,92.3784926486909
ATH010,24,Forward,2026-03-12,Training,75.29442704100913,5.40885664281717,0.6276243954660311,6.231254009496265,141.61248947247907,165.2519246925782,7.705351601980858,48.62413976521874,1,0,81.831254056349,84.13315424409848
ATH010,24,Forward,2026-03-13,Training,69.1771304995423,5.7055788059313315,0.9465820124012564,7.273745417148722,161.1004050408447,187.3844913790497,7.733904741032836,73.93905456311587,0,0,80.61174425505976,84.52526663677688
ATH010,24,Forward,2026-03-15,Training,75.96032506017056,7.688429441323936,0.9895442680716212,7.9015781389994455,163.67388521964708,177.47884668842647,7.125622046394569,67.30631496421941,0,0,78.14107601679333,83.26794479699228
ATH010,24,Forward,2026-03-16,Training,64.0961726170145,7.00143116734651,0.8800957183924312,5.346340648573431,151.18828609330097,186.15986471538463,6.525179143420577,62.73994905230883,1,0,86.9493042263727,83.98819663563827
ATH010,24,Forward,2026-03-18,Training,66.72920913437602,7.681130718591819,0.6824617820571667,6.767487408733842,150.33449005325704,182.18026764744948,7.506496225955774,64.29340029265681,1,0,85.08916707961096,98.69911817701983
ATH010,24,Forward,2026-03-19,Training,80.68835433791168,8.376058056407006,1.254333582013604,4.887766200890064,138.23824031730797,167.40985567984046,7.42775305682817,62.50768984576996,0,0,74.77547829897281,73.0145882053985
ATH010,24,Forward,2026-03-20,Training,80.11847148031852,6.944235267221172,0.8277880317094878,7.990143595883477,163.59161688522877,198.15578772363236,7.991865451153387,76.51200456375966,0,0,87.55098575730767,92.83508620964656
ATH010,24,Forward,2026-03-22,Training,86.33204225756052,7.145241530500892,1.212655585059137,7.605313901493288,163.29677023845207,196.2287222576685,7.280130529736433,59.989050258587575,1,0,74.14733017308427,92.87840328315556
ATH010,24,Forward,2026-03-23,Training,61.20834507131806,7.433993288220854,1.2140071614516037,7.531415906434008,156.2817069605193,178.1187455487409,8.101889292539795,71.9278344125193,0,0,83.16025126340719,90.68869962005675
ATH010,24,Forward,2026-03-24,Training,67.28741613467683,7.171318494991624,1.1789693940526007,6.822932214838343,164.20576936917936,185.99726454163388,6.930361826217053,57.77879436218008,0,0,81.91151369189895,74.69775230006627
ATH010,24,Forward,2026-03-25,Training,68.8878588440315,8.04288502718229,0.7385792701010229,6.694774005628068,156.57010049359795,179.82398459013964,7.3045599945609165,52.73609800766151,0,0,76.66533570359799,72.09729751197898
ATH010,24,Forward,2026-03-27,Training,91.94006476626411,6.642791479350423,0.7624807134622693,7.4287675350757745,170.14786362116564,198.19805388596666,5.915899706371194,42.49817382047681,0,0,80.33657980871932,77.79841850059215
ATH010,24,Forward,2026-03-28,Training,76.12938496199077,5.865283621723083,0.6829042775113108,6.984410881202212,159.27504041990792,191.51686236770144,7.222257573297301,64.22921242586109,1,0,78.20002047081859,93.64778484324489
ATH010,24,Forward,2026-03-29,Match,86.89559149004245,10.35101064895617,0.8826175112974199,7.80907205381427,167.90605157259338,190.66372634965077,7.432981292492672,58.08357783161845,0,0,78.0442057788973,80.41567034739414
ATH010,24,Forward,2026-04-01,Training,58.82358898145965,7.236871021093822,1.0576776934373433,6.599229623381073,145.54137984868802,168.86001075609548,6.597153571531412,56.89908511879943,2,0,86.50920052691997,93.07775488345594
ATH010,24,Forward,2026-04-02,Match,94.15335059675351,9.119463306725015,1.2639696250621055,7.3784787999493044,156.26863797175247,183.50524131741088,6.284142997160506,48.007092086003155,0,0,87.72800089617633,87.27780910402976
ATH010,24,Forward,2026-04-03,Training,66.19845490597243,6.811405874913871,0.5910001630530695,5.610037443442859,143.21708605728904,172.93546417558383,7.715022941147332,65.05931931278302,2,0,82.91085828289307,96.03316531412166
ATH010,24,Forward,2026-04-04,Training,89.56375025035773,7.422517006195269,1.2149608154827496,3.9827696233696646,134.64764272510325,164.454414228575,8.638735310546597,88.84842896059091,0,0,82.86776580273727,88.48840896261717
ATH010,24,Forward,2026-04-05,Training,108.86400299806078,8.296390146120551,0.7149963575442367,7.5786519459597255,153.1704821454643,179.06783973128734,6.067764338898111,53.44538768045774,0,0,76.84127414817102,80.13553034720917
ATH010,24,Forward,2026-04-06,Training,94.12922784011175,7.636450124377669,1.0283074732377273,7.948821817787254,169.08109765576256,197.1454900525779,6.972973712500547,62.4310223893828,0,0,75.34415480501202,73.18921341982217
ATH010,24,Forward,2026-04-08,Match,91.86023934875709,9.25551941508837,0.7666994310375094,7.972811399859978,164.18059199631992,199.6625301853729,6.5878447482380835,41.507996050074716,0,0,68.90739223479423,73.47643791946882
ATH010,24,Forward,2026-04-09,Training,80.53150370228762,7.660060988105068,1.1103388924924764,6.97849973179589,152.52294670705544,175.57643929411947,7.500709126608651,63.631121966970206,2,0,89.97838474852252,100.0
ATH010,24,Forward,2026-04-10,Match,86.53062057359881,8.668164148143235,0.9442576403304218,7.912283776010003,161.18732820534527,191.12026680128824,7.3404895896305495,59.141757441965694,0,0,86.04703019892894,83.77591748389865
ATH010,24,Forward,2026-04-11,Match,94.31730177833109,9.212608679847607,0.9531451669059899,8.708266724463641,167.82452718866824,177.93545196075573,5.808368966416981,48.35193949794635,0,1,80.42290560303776,92.57357697993403
ATH010,24,Forward,2026-04-12,Training,84.49384380437071,3.6256563696651236,0.4010910712983629,6.956770777700459,163.16006858255412,194.2129607128175,6.544655190655775,62.92919553701467,1,1,86.05829031822277,100.0
ATH010,24,Forward,2026-04-13,Match,95.01250484904433,10.021042604724336,1.0838705781452145,8.549196282650303,160.48895543350002,191.95311429267366,6.865216278878698,68.3429630678708,0,0,79.83121402501924,82.99647467769965
ATH010,24,Forward,2026-04-14,Training,74.13205198437231,6.368978706642093,0.6652310288169713,5.762373734729145,152.0086721598777,173.85082874582827,5.8425071786678675,47.35857477235781,1,0,74.73710446034855,81.48000215921863
ATH010,24,Forward,2026-04-16,Match,103.14077216674825,10.289999339129219,1.6596752924936522,7.674398265877778,171.16653227716296,195.56797062527735,6.702478906014367,52.15504961032998,0,0,67.91158961739504,78.19399156007374
ATH010,24,Forward,2026-04-17,Training,53.02018525543649,6.95720719667223,0.6966912934999719,5.598896713015643,147.60573359074803,171.95184620255267,7.732749681431052,72.25062145760346,0,0,77.44882780771245,87.57487250580157
ATH010,24,Forward,2026-04-18,Training,68.92843090825443,8.850495711890947,1.3398712199593765,5.993302903160624,146.1291848033183,181.60460659643203,7.568698800260606,68.73145185455351,0,1,87.37383484697838,87.22931929626955
ATH010,24,Forward,2026-04-19,Recovery,38.82567192798052,2.612793305748643,0.2142556125650307,3.4305596505813756,138.20158075366766,165.5035108968684,6.3096773137231335,52.00145013124372,1,0,81.05692900041899,83.91446222720081
ATH010,24,Forward,2026-04-21,Training,58.54460531690073,7.40478994409716,0.680456194804198,7.878911243001682,165.0749549656693,199.09857544266686,5.636831675907792,47.4545586536296,0,1,83.05325346301089,88.93378116415215
ATH010,24,Forward,2026-04-22,Training,73.69699005863532,6.675116592839658,0.8769968010103879,7.098092272777454,160.62482872543933,199.07941567020495,6.89517861258334,56.33829693379143,0,0,80.40549255467293,81.07169026554496
ATH010,24,Forward,2026-04-23,Recovery,45.9129260010668,2.0424472065238706,0.2823389122730148,3.4418383977953475,136.1096251355139,159.98256821513115,8.09674931610634,88.22333529835304,0,0,74.1590719530331,90.39804831700803
ATH010,24,Forward,2026-04-24,Training,72.10414334474576,7.64564060624433,1.0458410916748586,6.211022741733841,157.47569947129045,171.60473181655686,5.81400984092404,58.398733986689194,0,2,87.2189739124002,90.45915208229594
ATH010,24,Forward,2026-04-25,Training,90.69267248371425,7.27009494713167,1.0920558397312996,7.390335314982069,156.71932819489194,184.36907860177723,5.971039046245249,45.27098276342759,0,0,87.41900555196865,70.34649321252923
ATH010,24,Forward,2026-04-26,Training,78.44236611383221,7.158902429794555,0.5867784989235346,7.825263603127389,160.7188135808844,180.9960722789628,7.532734195870212,58.90939290145864,1,0,82.47259737782404,90.45946264540763
ATH010,24,Forward,2026-04-30,Training,89.10544814806961,7.425223344603069,0.7532091967154002,6.492031975138786,150.1508798523153,180.36945220137306,7.77852085867292,73.35630355193197,1,0,80.41258580437409,77.39486206513226
ATH010,24,Forward,2026-05-01,Training,112.3590201347795,7.174079364768152,0.722935945041757,7.558695226424739,167.01422165065202,198.56937413872254,7.639496913775632,73.9710901227846,0,0,73.80252022361734,92.21305736621167
ATH010,24,Forward,2026-05-04,Training,82.67235412183956,6.950199914722062,0.8204871724119823,5.775325788317695,152.64927432303205,181.07785203251095,6.221216067477614,56.13428755163037,0,1,92.56376820774696,81.46782828450816
ATH010,24,Forward,2026-05-05,Training,77.24521844666727,7.348577162563562,0.9306437120138056,5.961650542489023,156.28803780715808,188.66390195860592,6.773938906419842,69.32463561438193,1,0,75.67725521594473,85.05624004360571
ATH010,24,Forward,2026-05-06,Training,84.02923440980975,8.604063412974137,1.3731633930076454,5.732270857231388,147.85956116293661,163.10451355143502,7.887797210703127,74.67007199863014,0,0,79.59293856739272,86.61104253556643
ATH010,24,Forward,2026-05-07,Training,95.74856707431157,6.905582574315731,0.7257442390994684,8.071967985387618,165.2950011061417,178.30336770680867,6.351810731786945,57.93179197251942,1,1,89.94256322807361,96.69262373799317
ATH010,24,Forward,2026-05-09,Match,101.02224485993563,9.76494530725497,1.4632622678179499,8.285502339203207,154.65555740791015,185.23069477719642,6.985242818981762,55.173938050366964,0,0,82.20130958090945,75.90264272422512
ATH010,24,Forward,2026-05-10,Training,85.46046157273652,8.297125184402804,1.356201867721571,6.690282909922422,154.70977253777704,194.80965187254026,6.484131818536519,43.75169733699374,0,0,77.34779449248055,73.39160715001496
ATH010,24,Forward,2026-05-12,Training,65.85627321952023,7.9507694693082405,0.895622724607499,6.881269146967979,165.7527956088255,180.52274297239472,8.159883186043693,71.64546703988239,0,0,79.28329029017807,80.83399715288789
ATH010,24,Forward,2026-05-13,Training,68.90494408256322,6.755134127839485,1.0960373467160598,5.093435756720266,150.77064951212296,183.48357121037688,6.01566709315629,54.31213285869637,0,0,84.39750731924656,81.4074453594831
ATH010,24,Forward,2026-05-15,Recovery,32.125703306500526,3.0576503656512592,0.35518812238184566,3.3630780663005675,136.57076234504046,174.83822004673584,6.751714310758079,76.77567524397261,0,0,86.62913518525671,81.67458743554971
ATH010,24,Forward,2026-05-17,Training,62.5659393409466,7.108612287410948,0.9536005495726125,7.77834420165593,157.94334373468664,179.3768615432188,6.069438875165714,37.35639268955704,0,1,84.18150564307714,85.78869894393111
ATH010,24,Forward,2026-05-18,Training,74.92427563602324,7.0473211832216585,0.9735996355482645,6.154095277795996,147.73904003304142,174.4398996571553,7.863485497734144,70.78563792070378,0,0,90.1440489742977,83.72138570401751
ATH010,24,Forward,2026-05-20,Training,72.51668808569866,8.318289315605666,1.3879067291327214,5.911602652764257,155.66241870715322,193.42992715569676,6.4296144932513535,49.21631743050144,0,0,82.7938541241312,77.79087890179517
ATH010,24,Forward,2026-05-22,Training,80.71518020707867,6.777113866216404,0.8184310966838817,6.140843812338687,151.62163086683117,174.28915910480217,6.676959333360618,61.73145059711927,0,0,95.90412259368917,78.46557878133999
ATH010,24,Forward,2026-05-23,Match,88.9852109555929,9.623863837534765,1.118202173959107,7.407615004282116,166.7126755547661,192.18854441318294,7.380200764025642,64.37104682129518,0,0,88.9588201759655,84.06749527618094
ATH010,24,Forward,2026-05-25,Recovery,62.36707523886744,3.0967804018631,0.3276597187113209,1.5809573993658363,129.87401421072195,154.47276838645286,6.087609525147878,57.92472042897846,0,0,77.84630518368569,73.85673923087136
ATH010,24,Forward,2026-05-26,Training,77.49846130402605,8.698295462112817,1.2731945793730803,5.104485313627119,145.39799630196129,169.40218585519173,7.298130671316147,64.75463615922737,1,2,86.66529859314477,94.95916088847966
ATH010,24,Forward,2026-05-28,Training,57.45560629091919,7.821581988843271,0.8390147156535077,5.824288469841307,151.28292021907347,171.8132342629348,6.588370852873566,53.99824877740835,1,0,77.75887959091393,84.49067590641937
ATH010,24,Forward,2026-05-29,Training,71.30524841953863,8.433803866527704,1.2507845478785926,7.194020087060742,155.4276811063376,177.94939017332862,8.289192375241976,73.75470018919856,0,0,89.9680293146289,83.80912348683334
ATH010,24,Forward,2026-05-30,Training,70.20522757127955,7.4043280815757715,0.7146761068567091,7.65108686031201,160.9806012115246,191.59356758679527,6.930267334004315,58.44801288899723,0,0,77.29907122992475,76.91773462544126
ATH010,24,Forward,2026-06-01,Training,84.77515891907746,8.08142961146036,0.8939094107883887,6.923415855425178,155.12173631844254,176.57546199408148,6.153952754284825,41.52891484769215,0,0,89.87634441563597,74.58941574520892
ATH010,24,Forward,2026-06-02,Training,90.80860701527786,7.903871222688677,1.2269582267339636,5.415243565841186,142.83768964379772,172.49687328722445,6.017187867426092,53.171503520904125,0,0,70.4985234131723,68.82940379901957
ATH010,24,Forward,2026-06-03,Training,68.62418746485682,8.6613937651598,1.1804207860619107,7.483598323114703,158.35837429024676,177.86256880205585,5.709293796501195,52.74895361794736,0,0,72.1225519053625,73.43815537827648
ATH010,24,Forward,2026-06-04,Training,77.98154905357549,4.569780859892715,0.5740040373063494,6.853981932671006,152.50483260664086,181.06102109209024,6.960059787074847,63.9848170025859,0,0,79.12845669021644,87.86321085744909
ATH010,24,Forward,2026-06-05,Match,94.54841920373109,10.780226352912015,1.8126765798902487,8.564734905529921,170.15727762482564,190.85369418975955,6.997246759015567,53.57194956003482,0,0,81.68432875986174,87.87579539791165
ATH010,24,Forward,2026-06-07,Recovery,35.886543005890005,3.4682740367859557,0.3707042744536929,3.1401481220896272,138.54717071588234,160.012309442976,6.654579314030135,72.01315565350508,0,0,82.25744395700615,79.60886903929358
ATH010,24,Forward,2026-06-08,Recovery,40.85251494497997,2.12507687005474,0.3213180976464133,3.09410137297567,135.97793336806058,156.4864224520208,6.729354262407768,60.217469132920314,0,0,81.04455310592824,78.86855823506632
ATH010,24,Forward,2026-06-09,Match,94.28912010625334,10.391249406262107,1.5101466731789333,7.065877206010642,162.3450175080644,196.49683726051194,8.479531819091077,82.5802356639263,0,1,80.03178817108676,93.99364155363364
ATH010,24,Forward,2026-06-10,Training,88.92430016947795,9.034213003475587,0.9733751906269232,6.043898484283554,147.44717491239743,169.4778909633215,5.944067532521743,63.742704721768625,0,1,88.64387001604464,85.88308451141005
ATH010,24,Forward,2026-06-11,Training,70.28296339448784,7.796295729942362,1.1466051834595448,9.148264232902262,168.20084023390388,188.41172487052208,6.440945830612818,47.240056229516334,0,0,86.47767033961236,77.91839651124431
ATH010,24,Forward,2026-06-12,Training,85.71667112053244,4.857251756967076,0.49947534453061443,6.261382971489395,154.00380101594266,176.73720517558831,6.881984588888839,60.91578352622562,1,0,81.85058388182308,78.68788758315887
ATH010,24,Forward,2026-06-13,Training,93.243335866594,6.98611183820587,0.5818796823096323,6.171446748209703,153.60916426656135,187.99661493975935,7.725179760504121,76.89114610532538,2,0,82.42964597360333,88.49329353449242
ATH010,24,Forward,2026-06-14,Training,81.35727001938206,9.386488720585726,0.9533334147427611,5.431390537614998,143.6220736522872,160.17880705526207,6.81328999874525,62.02992559697385,0,0,88.41815009043765,76.22144965182765
ATH010,24,Forward,2026-06-16,Training,82.96059658616862,8.024735954755439,1.2344024920993608,5.232359703353197,151.87352549500332,178.88087130223062,6.911424456634649,59.51934337600436,1,0,74.11570694106341,81.01194809394613
ATH010,24,Forward,2026-06-17,Training,62.96789909183113,5.755739272986325,0.9590861037735574,5.845720624036753,148.14721721341144,161.51441775712198,6.0781002250965885,58.58688212890071,0,0,74.3707355672394,78.36051763793667
ATH010,24,Forward,2026-06-18,Training,79.11037187675512,6.861410711587064,0.8305469778771157,5.958705510861571,155.63678273225196,181.90071687244102,6.556015008831956,54.86983014797066,1,0,73.59247591480138,76.8907565329918
ATH010,24,Forward,2026-06-20,Training,82.32656323956826,6.878338757847205,1.1461209663527125,6.546249062065502,152.8757958356801,176.40540531342054,6.108117239966696,53.99483634028196,0,0,79.49305888714372,82.51263745118668
ATH010,24,Forward,2026-06-21,Training,74.7701629151839,7.1927277121780415,0.8183290509228984,6.5057851148266534,147.9028093301775,170.14950847474287,4.553285926483282,41.480921009135734,0,0,82.54396079868505,67.7579144188901
ATH010,24,Forward,2026-06-22,Training,75.74469917646475,7.280280904709021,0.6229172753170565,7.148246543367408,155.9202265795888,186.18945997220868,7.855323060851536,78.27421081924312,0,0,87.02888138138296,84.699709678085
ATH010,24,Forward,2026-06-24,Recovery,37.97778154851352,2.256264310276222,0.1931727963528194,3.46635460935833,132.41131651254113,158.6674424936668,6.6055549544450445,58.94626632667542,1,0,83.59792945180818,84.37696237561136
ATH010,24,Forward,2026-06-25,Training,65.18397299616221,6.175210865084721,0.7497106111632099,7.593785263527444,163.77558302693797,186.6943366755974,5.588328052064033,50.91992565149933,0,1,86.59902260203347,88.63952638968728
ATH010,24,Forward,2026-06-26,Training,58.44368822480519,8.525110738451213,1.2554915859847822,4.904142020033474,145.5690981606804,178.68084199307114,6.347295350301835,64.46923456241117,0,1,77.91272858997361,80.10017638915468
ATH010,24,Forward,2026-06-27,Recovery,32.47621470148673,3.720352476737735,0.49749766978151333,4.105592463811988,147.01124955371498,174.47215895999653,6.165756276717805,56.149612821032385,0,1,81.71441652928895,78.72844206320444
ATH010,24,Forward,2026-06-28,Training,79.0084215474779,7.589209152554132,1.0274121589104608,7.896863893052305,166.37349005320323,192.46111701028755,5.744985793082284,44.820982703842255,0,0,73.0830263523603,80.52063521573841
ATH010,24,Forward,2026-06-29,Training,66.04945792276573,6.185073205415359,1.0153861050317394,7.661222273154164,161.82132815859399,187.0292187791521,6.7557548059432735,60.6813649605108,0,0,96.43915521149324,96.64149880779155
ATH011,28,Forward,2026-01-01,Recovery,40.92169722503613,3.1601016819457675,0.4799058165571195,3.2508125318707544,139.42473042997483,158.94826740109076,6.621909831186797,72.55367753113325,0,0,82.20404301678367,89.37117028606126
ATH011,28,Forward,2026-01-02,Match,96.47616484726834,11.417089282766499,1.6320360149667916,8.411364252590849,169.2436733637778,193.1590632397253,7.141002899720394,54.28093452583564,0,0,80.36122512906748,81.55083798352402
ATH011,28,Forward,2026-01-03,Training,84.76033895672656,6.711000318196696,0.7216521173085705,7.0503925077291125,161.19574577742742,183.8581466805367,7.978662968039353,71.73049479719819,0,0,77.65502189243921,83.38879322864008
ATH011,28,Forward,2026-01-04,Training,81.97164289296622,6.636315161211102,1.0948829517581193,7.28691640493752,154.4728242593505,180.05513843681302,6.33761782156815,66.19207150567422,0,1,83.0354496867747,82.82505695207928
ATH011,28,Forward,2026-01-05,Training,59.979024784869445,8.310135893982107,0.8662060469110867,6.26529168305624,152.69416834581529,169.16100241891237,7.7298591359408535,71.85022203017897,0,0,80.55640985493429,86.99072843570806
ATH011,28,Forward,2026-01-06,Match,93.0473291558734,10.997771948656352,1.0703744041309189,9.063242441488283,167.87944806860892,190.43405653627053,7.053375528363359,66.61430120389117,0,0,84.01645363594355,85.22749852475394
ATH011,28,Forward,2026-01-08,Training,75.14613678189602,7.2639697325862045,0.6158127292243587,5.875009815036487,146.34637942590518,177.50978006542522,8.37848380041899,63.01827136269293,0,0,73.4415998466008,84.63811956608383
ATH011,28,Forward,2026-01-09,Training,66.92108851690168,6.253162762618765,0.5881150099789954,6.223645032540697,153.09137281284765,168.53139636977392,7.631598673808597,65.9886957512532,0,0,86.16453078876236,83.96560996540784
ATH011,28,Forward,2026-01-10,Match,93.2479654867929,10.587988683839077,1.5616603107399187,8.233498416052866,174.06286935540385,205.0,7.8050972785657375,54.74536191115595,1,0,85.5415570922359,97.31103658133583
ATH011,28,Forward,2026-01-11,Recovery,43.35306574903699,2.3968274805345424,0.23927318287766566,4.225060581818944,135.8259271204675,167.34512531936977,7.209457823904065,73.42265099423679,0,0,85.7920950306837,85.65588431184746
ATH011,28,Forward,2026-01-12,Training,82.88205579747928,8.401015681348769,0.820420907010422,4.743323936594129,138.02740221159536,168.50219905270018,6.8703737438650885,67.8686520323121,0,0,89.06244918440466,80.32541338264338
ATH011,28,Forward,2026-01-13,Recovery,39.3878742836377,3.883383494851593,0.46809978522377654,3.2834634659696924,132.97642824681918,164.7703564055028,6.207018299433177,57.581866468875575,0,0,76.45457069461564,76.64505946119755
ATH011,28,Forward,2026-01-14,Training,86.96727387737481,5.770438120695831,0.7193709229048659,8.531793417292407,161.0445069881395,174.91543729980785,8.381549042687606,74.89247859245252,0,0,83.3575176408967,87.14698929554575
ATH011,28,Forward,2026-01-15,Training,82.22686974159497,7.543523146322923,0.6412112488846144,5.81728105043003,146.82661506453138,170.9722970944352,6.779370521413947,57.482722570655355,0,0,84.23497329298714,76.48568916641919
ATH011,28,Forward,2026-01-17,Match,91.38545133240783,10.630049822790781,1.302540648737347,7.879828406407945,165.94771693432298,192.54687377438316,8.180336773042201,67.16177054891799,0,0,89.562218206052,84.84148353414312
ATH011,28,Forward,2026-01-18,Training,79.3667145649659,7.480933361986732,0.8682825808277417,8.171007092361059,168.0631560732693,194.8480381350323,7.6461236525803775,71.74344495702069,0,0,85.57633725427662,88.75231774659348
ATH011,28,Forward,2026-01-19,Match,83.65079737453704,9.338884025960333,1.1101396334743887,8.797340568168,170.68874467938127,205.0,8.40123623498977,72.90938254386424,0,2,83.85900842602514,98.30608627236245
ATH011,28,Forward,2026-01-20,Training,59.487845991480285,6.61264362724881,0.9070066410294001,6.744712729584254,156.52466626519293,178.34650325048312,8.103096975787306,73.96778574577532,0,0,79.27287907219478,83.44457495332219
ATH011,28,Forward,2026-01-21,Training,95.23031077604318,8.607194888467602,1.436753732907173,6.907119300434158,149.45464799346044,181.49570404591933,6.35467556390684,61.1522903256848,0,0,84.8926774702669,83.18387738853284
ATH011,28,Forward,2026-01-22,Match,97.18442438642067,8.665286380041234,1.158908501841536,7.581680280859427,163.38515723075687,186.41130574786445,8.005292452091295,76.83838351607587,0,1,89.18016869676651,86.16158144885003
ATH011,28,Forward,2026-01-23,Match,89.78389591576146,10.638350816894423,1.60914064349333,9.055902485405236,174.00243643503916,182.61865113227375,8.649045120215701,67.83648788836331,0,0,79.85941212285604,92.90830163570665
ATH011,28,Forward,2026-01-24,Match,89.36423771203806,10.143505215745126,1.674480546410062,9.696621824531938,171.02060954494863,197.8076508987199,7.514631215350638,67.04491807813007,0,0,80.77900988301165,88.14195468386811
ATH011,28,Forward,2026-01-26,Match,87.64774667235966,10.227373883272646,1.1704177694309283,7.464493336079007,158.9780700447435,180.29381730643007,6.655910242408568,41.07737081202877,0,1,71.40032626698357,76.85126376745801
ATH011,28,Forward,2026-01-28,Training,78.91839841770391,6.09689065296789,0.7412457202035888,5.677827775440443,141.7103740911751,165.38117427863986,7.031207941965516,54.096942124927764,0,0,79.97976807472428,74.77106847600041
ATH011,28,Forward,2026-01-30,Match,87.9849228044161,9.768260544672055,1.0054156669167447,8.735805691466993,167.74881987771448,205.0,6.962884091052943,62.63457970559486,1,0,76.56841276319294,95.9641909771641
ATH011,28,Forward,2026-01-31,Training,90.46520240349612,7.375927380540859,0.8368616634175919,6.83545225049861,153.49297669668488,181.17680515657608,7.154225887007278,71.64836260567643,1,1,77.17803325697123,91.8919751323102
ATH011,28,Forward,2026-02-01,Match,88.02168065935909,8.769456064848441,0.9151657126737311,8.57440966326006,169.44396190947612,200.43268995364295,9.043724764119183,80.59939710780485,1,0,84.9438732422379,91.23868784699602
ATH011,28,Forward,2026-02-02,Training,78.28397341791558,7.188601118180559,1.1987466732338636,7.907166305483038,168.54701082159954,185.0243638606886,7.238793664765715,64.10593088803174,0,1,81.74879982090198,95.83387788554185
ATH011,28,Forward,2026-02-03,Training,47.874299842089066,7.463550702424958,1.0215426213260945,7.185616242212853,167.0556303844667,180.99559994747958,6.644357193871767,63.788247117475855,1,1,80.86119364693289,100.0
ATH011,28,Forward,2026-02-04,Match,100.37107485604233,9.808595692065747,1.2580728142216868,8.385798767827835,172.6656188647164,193.9170156088626,6.434388007928465,52.303948238309644,0,2,79.38261202030414,90.76718774096894
ATH011,28,Forward,2026-02-05,Training,45.51279368988105,6.866294489087623,0.7936428663709889,8.143631355346747,163.90237613125814,185.8197283178441,7.1418606603879695,56.35560268620174,0,0,75.72954832327686,83.32943004418394
ATH011,28,Forward,2026-02-06,Match,92.97332077884883,8.87062978433195,0.9493631730089027,8.19063373698104,152.75572588833322,178.42262755842606,7.03752996350902,53.417151435700006,0,1,89.13958627331067,83.24089593391531
ATH011,28,Forward,2026-02-08,Training,67.2623067330743,8.147557808840201,1.2444297779932878,8.690061259041961,171.55393286005597,182.22057442237812,7.848707973743101,59.14150307493048,1,0,86.07975729637721,97.0343205014251
ATH011,28,Forward,2026-02-11,Match,93.18001515640199,10.177323070881659,1.402434618676667,8.073534519251865,170.83168120969904,201.83156120664435,6.625786782350994,44.48909770450893,1,0,80.87385320489508,77.81465795450131
ATH011,28,Forward,2026-02-12,Recovery,26.56298665939635,3.18307739197907,0.2819907758433918,4.198210911771727,144.71456504293693,174.9487851591518,6.711883133048811,82.26463961327653,0,0,79.15459580395172,83.27315946763987
ATH011,28,Forward,2026-02-13,Training,104.52352221421046,7.508688133935453,0.7542053849216549,5.106988981316767,150.43169666990156,176.67970202907503,6.48005732269903,73.3639891908362,0,0,85.09657625777758,74.69541586915707
ATH011,28,Forward,2026-02-14,Training,47.11678728729304,8.412973333787155,0.9323813141895543,5.990156010701416,154.46899032956688,173.0854319016038,6.910921513182955,57.58200004851877,0,0,83.2436020572634,65.4636997832866
ATH011,28,Forward,2026-02-15,Training,60.99099077006123,7.586566319467523,1.2577444855942868,5.055994643249983,152.6554715976119,184.06229169654497,6.68755923872551,65.3366434301407,1,0,83.87071932350588,82.89080004600984
ATH011,28,Forward,2026-02-17,Match,99.96728359779972,8.890281904399087,1.486606607247251,7.951526997990805,161.95928750670404,184.28642187744956,7.945611458925195,72.99883600637843,0,0,94.58574769825891,88.98742703174243
ATH011,28,Forward,2026-02-18,Training,68.25689890496812,7.100749299868643,0.5960202307766843,5.350976156926686,146.15975697644106,168.84729090008062,7.541538071116174,68.00099367552534,0,0,89.65900602320609,74.67432102579654
ATH011,28,Forward,2026-02-19,Recovery,50.2718879342287,3.3076686287572854,0.38953858071740444,2.5054501090624375,136.880885515852,156.01803198311487,6.878158541732441,69.15669504430979,0,0,87.1723134100026,65.18105926092429
ATH011,28,Forward,2026-02-20,Training,85.83840504558215,7.436959761055678,1.2306063323352683,6.195761228569197,148.8282028407226,162.32528518945873,8.986388561421913,84.30902989710118,0,0,80.14204192807244,79.85735045966621
ATH011,28,Forward,2026-02-23,Training,63.321374779614956,5.959274369611672,0.531130793444589,7.140141173992298,162.24758872016878,190.0492170355475,8.253065200845658,72.4114750775505,1,0,86.03248504360882,90.13290725128776
ATH011,28,Forward,2026-02-24,Match,85.68494763114944,8.600668457717601,1.4012539235923838,8.320014739565,154.7199067778949,174.69318783322493,8.637576002973185,79.96391203126554,0,0,85.90688986783191,95.22542174537986
ATH011,28,Forward,2026-02-25,Training,80.0221301614663,8.489529176934745,0.9719110158283909,6.686584474479325,150.3058256935183,161.08562248658612,6.939008025550891,58.649028261280115,1,0,71.80438551429624,85.43438756141006
ATH011,28,Forward,2026-02-26,Training,65.19736327860338,6.7313592965593,0.8433937317020073,7.021061756317603,162.50529487467236,185.87898586718035,9.31110539482171,77.38847857483083,0,0,83.06063688842038,79.18913830904843
ATH011,28,Forward,2026-02-27,Training,80.127842245203,7.430916487825083,1.1997810625141674,6.588285648338146,145.8066378476264,180.45032496626814,6.267555428650394,60.729514076468675,0,0,88.26222109188225,76.73588818178042
ATH011,28,Forward,2026-02-28,Training,77.24696857942533,8.065467504430375,0.715868041318472,7.319500817436532,158.57022890909843,180.1721078209087,8.190710696469747,75.27369801697007,0,0,83.1686503787559,81.91728023085406
ATH011,28,Forward,2026-03-01,Match,96.72837423975606,9.348402745466759,1.1864467899981936,7.215718997369441,152.545079198039,184.48775808856232,6.2567488562187075,59.099644718299295,0,0,86.49787013999138,80.3899940412649
ATH011,28,Forward,2026-03-02,Recovery,46.21249778011544,1.077309856886557,0.11334810161716875,3.3531018847825154,138.48737905092588,161.04288242275655,7.51689287028454,70.50855417487257,1,0,92.33448353881158,85.11161255316455
ATH011,28,Forward,2026-03-03,Training,73.4498593863628,7.530769121258347,0.6102946576847407,6.707710362735575,147.64424293641736,173.70936332613232,6.514234728741685,48.64357261306594,0,1,88.12769435986712,85.55851387172733
ATH011,28,Forward,2026-03-04,Training,77.22858065396996,8.996004282347885,0.8254267021785568,6.83706734075258,155.92849282738493,187.70674646868136,7.5825987125062495,68.13494313496257,1,1,84.01634134630979,94.21098912995406
ATH011,28,Forward,2026-03-05,Training,63.18305237551117,7.03683713918695,0.6989777857352313,5.588478934883959,146.1828591529566,164.7996016378657,6.947854251716865,70.48375547154367,0,0,88.47397934021403,83.3944547188568
ATH011,28,Forward,2026-03-06,Training,69.94524147335535,6.334743788361884,0.8914124340168423,7.1743351210768616,160.15550842103167,185.73029405749358,6.702256035014956,48.82208752472694,1,1,86.3337443669509,96.28544214793288
ATH011,28,Forward,2026-03-07,Training,90.73595569819098,7.408497766740563,1.2293469079498331,7.7006654408100275,162.892153974814,200.17602875275315,8.807348008942819,72.77426456360409,0,0,81.42460553704959,80.97941017913176
ATH011,28,Forward,2026-03-08,Training,78.43792736173206,7.976059738505857,1.050900867907356,6.944111390624585,157.6509248141496,181.61423407679334,6.921814067534006,57.530804987540265,0,0,77.4119279679028,83.37671462399904
ATH011,28,Forward,2026-03-09,Recovery,38.30301674309577,2.6831800906172587,0.33682126695569714,2.919643676012141,132.41055743403783,151.00049945469948,7.038360609994721,57.224771110424726,1,1,83.32071517299657,80.43996732299674
ATH011,28,Forward,2026-03-11,Match,89.77134495043313,10.485705710253907,1.3852824894691678,7.59903308563888,156.30812424976583,180.46339091664078,6.655401928559217,70.92043740157838,0,1,80.96252926901191,84.43738043518677
ATH011,28,Forward,2026-03-12,Training,61.658350971459555,8.387892815544408,0.9177728313460373,5.627303967758553,142.60284990322518,165.15084018770358,6.119361034687134,63.477703065032884,0,0,91.11309282444633,81.35375971254805
ATH011,28,Forward,2026-03-15,Training,82.35937226611594,6.571955902066114,1.115659967041262,7.152509733397404,159.34981356230642,189.23483515413034,7.90016695160301,68.6425277860674,0,0,78.11102279626661,87.9505465994632
ATH011,28,Forward,2026-03-16,Training,77.23999768711748,6.2009788950020575,1.0247202749247626,6.053531386057194,152.82742725005633,187.59929055809516,6.494874734589031,48.12682869772024,0,0,84.31014624307473,76.4740899202326
ATH011,28,Forward,2026-03-17,Training,82.35734342735645,6.564964474559245,1.039678401686433,6.791184448471642,151.13413112272787,177.9059332271373,7.835661684784064,62.37684067624122,1,0,77.71783922704911,83.79406957160478
ATH011,28,Forward,2026-03-18,Training,63.30291264592887,7.396195044153898,0.743244727593429,5.045929249392923,143.40275831950441,175.36847093440872,7.234322803102896,69.8826077288847,1,0,83.41519096606748,82.49540132274949
ATH011,28,Forward,2026-03-20,Training,65.17300529127887,7.782037409148538,0.8284890597248368,5.485256807744047,142.14674921035422,160.79327230228654,7.83194924559294,81.63617112076304,1,1,77.40308102543203,92.20771597195923
ATH011,28,Forward,2026-03-21,Training,65.40239091077385,6.505644539903617,0.5381516410502629,6.940957779522973,157.0249736773199,176.96746258483384,7.44510786167148,66.4036515444916,1,1,74.867896289317,96.78450780575545
ATH011,28,Forward,2026-03-22,Training,94.21084431000192,6.7217132106876285,0.9831293679627177,7.436354152450869,155.19183847690124,177.42992785615118,6.205846562338922,55.53763184454482,0,0,83.09287805519,80.6151768966423
ATH011,28,Forward,2026-03-23,Training,66.41133103624159,8.171174857449547,1.1779552879644455,5.7010562564267,140.4767547533083,162.90260144154686,5.0051540536917205,46.8176009048421,0,0,85.49259043127732,81.1867768610987
ATH011,28,Forward,2026-03-24,Training,69.38568270967656,8.082387364754393,1.205356532854967,7.4328122369264715,162.45835079840958,191.16896383560996,6.959975491464634,65.83076156890114,0,0,93.04949448298707,90.3210279965214
ATH011,28,Forward,2026-03-25,Training,71.81168069007576,6.083684621265095,0.7945999015026707,4.7758522100219665,148.71157378367158,178.531935146894,6.321516929083956,59.93451149608557,0,1,84.30984544975831,84.16518568198356
ATH011,28,Forward,2026-03-27,Recovery,49.03332728590804,1.7353873084071314,0.22015214727223376,3.073759459436551,127.64142413272528,151.51429432096714,6.943810272332386,75.85157759520466,0,0,78.51241694945628,75.41018695961571
ATH011,28,Forward,2026-03-30,Recovery,51.37583994040058,3.5773691429401877,0.5054585454369133,2.645054631035836,136.06174526314297,170.81446831377662,6.193145153104687,68.08614407219584,2,0,91.81227600065563,97.73306758066639
ATH011,28,Forward,2026-04-03,Match,91.39714418503054,9.583355676368429,1.1982950144984361,8.32689522077915,179.17048912926077,205.0,7.17096923699638,52.42076187557967,0,0,79.3334408803985,85.11456316812702
ATH011,28,Forward,2026-04-04,Recovery,45.77919156848565,3.5276223486811245,0.43668241007843217,3.4875726770300735,131.68690678719582,158.3649195973687,6.406366704561793,78.25922784466269,0,0,87.40104847956097,74.39798334338163
ATH011,28,Forward,2026-04-05,Training,60.648074888996234,7.128763628305193,0.9553467396273865,7.581231594242771,161.51283172000444,178.45577916529874,7.386082680658395,76.8855433890528,0,0,78.12919183188424,78.48353554082215
ATH011,28,Forward,2026-04-06,Match,94.7640290164309,8.534509771782483,1.024508192732288,8.098143165330223,156.35903143537854,188.30292793937306,6.917695293766836,57.7440666100035,0,0,79.12199456137036,80.17389468100605
ATH011,28,Forward,2026-04-07,Training,73.54013852678241,7.762135416286184,0.6647425008909562,6.252134021574001,150.08465574491294,171.09834254292124,8.362400386359862,73.51601740582679,2,0,82.87472749112668,100.0
ATH011,28,Forward,2026-04-08,Training,77.6360669533801,5.842286920207936,0.6177727271940423,5.893043031984874,150.78608098697327,174.48209000946358,6.073452891782209,62.49827103856262,1,0,87.48637117313648,93.41169282315778
ATH011,28,Forward,2026-04-10,Training,58.32543361743606,7.406485305553751,0.8545350026035978,7.707236288894847,158.57923974293385,175.46893164048169,6.398345391882283,41.16597155710719,1,1,80.77863143876026,84.89977200596391
ATH011,28,Forward,2026-04-11,Training,61.976145668955404,5.883703905583933,0.6958427770558674,7.831486523149012,166.95179645737653,201.74066046812533,7.744000450099504,62.68460220184747,2,0,84.04377052535229,100.0
ATH011,28,Forward,2026-04-12,Recovery,45.52663250626129,3.6726603026418574,0.3233152752224085,3.653720520788733,134.4739987602665,149.82056955859878,8.586705914432674,86.0278627908367,0,0,91.35619259486506,89.32191752858442
ATH011,28,Forward,2026-04-13,Training,48.90462470689892,8.15542496836958,0.6911463945460943,7.993765816361321,160.74292438969002,186.72934565437907,6.697673064524679,57.06434994610342,0,0,80.47064494667642,79.41039001049401
ATH011,28,Forward,2026-04-15,Training,65.19870431745392,9.317078556188509,0.9794826761035393,7.19546058347934,151.03105971312843,171.67657331460367,7.65658074564509,62.48639914793286,0,0,86.27998124947736,81.19392934568336
ATH011,28,Forward,2026-04-16,Training,89.32400636630847,8.213838422824962,0.9542282707777957,7.640536862697404,161.74604054712447,181.56875323342683,7.454335172028195,63.21110547728021,0,0,75.54778431041254,75.5571146838518
ATH011,28,Forward,2026-04-17,Training,73.22963140155925,6.444777582221776,0.905565786520339,7.449082623747527,157.28798147956658,182.0139466775578,6.71018020157117,43.24492177346599,1,1,85.7430123252121,82.66629256857718
ATH011,28,Forward,2026-04-18,Training,77.88151348499215,8.500177598233766,1.0934036073941105,5.382659999657478,150.73854217883095,167.3761632416504,6.227127923538177,36.88768370306705,1,0,62.41218502883498,80.24001628709085
ATH011,28,Forward,2026-04-21,Match,94.74656920308668,8.761568845808336,1.3731315180234736,7.7980044698346065,156.62629549965084,182.53984963619746,7.07767396322504,59.30506720230966,1,0,74.87220155582631,84.9682195566042
ATH011,28,Forward,2026-04-22,Training,90.9531804611326,7.329543247297839,1.031376568241085,6.933427462646914,156.67279361941473,167.93666289018682,7.102610562392689,62.6990459189394,1,0,90.84781987068229,96.08849102510759
ATH011,28,Forward,2026-04-23,Training,67.97496406995363,6.52463985177356,1.031854904885543,8.389364116942618,164.74104334250418,194.08325554592253,7.6937676587342905,59.10904665015047,1,0,87.6623064352647,88.68971196568177
ATH011,28,Forward,2026-04-24,Training,75.4587584743609,9.548639625229626,1.1578406084297657,6.0780612754910495,150.22603660424267,184.4726071405049,7.381524229989491,65.9417377981788,0,0,89.91482119265221,86.01624509313588
ATH011,28,Forward,2026-04-26,Training,64.14508040307169,7.630179010480385,0.7817499948020072,7.196823923096126,155.77780307327396,173.41207964020194,6.302624031171452,53.14249139387388,0,1,82.6595576794678,79.3207239317064
ATH011,28,Forward,2026-04-27,Recovery,35.36847722207075,3.672468622568122,0.5317915940249686,3.3019111489063437,129.8389251400183,158.7270914052018,9.0177311524556,77.21422161919453,1,0,98.0,90.50293506366103
ATH011,28,Forward,2026-04-28,Training,84.78278691223798,7.2481661802198865,1.2051847220287533,8.283441902509157,155.1060200695907,178.84149612794457,6.6016687265337985,51.59638676671616,1,0,86.66214985346603,93.54722848928779
ATH011,28,Forward,2026-04-29,Training,63.003714338435316,8.024689180367634,0.8040697238971715,5.209850417371772,152.57200345003753,174.0075183078078,7.721007882413375,67.16205406079754,0,0,92.01940327982177,82.23090171806973
ATH011,28,Forward,2026-04-30,Training,75.0334643520224,7.326675580778034,0.5889609645759817,6.360880525806824,151.03723646116677,172.04149061355395,8.008097010582803,68.31157792916986,0,0,78.63901534159373,79.5385515842614
ATH011,28,Forward,2026-05-01,Match,85.76737459891702,9.771334927309631,1.4844093400043943,8.501410134346338,161.8725298504724,182.35536540364228,8.201800170416583,67.5715500529463,1,0,69.86483131394073,88.53200597229707
ATH011,28,Forward,2026-05-03,Recovery,43.71759986762118,2.732051263235562,0.2829558785726065,3.0398651390091107,139.1993538267261,177.29895161992124,8.579809931289066,87.71499699960593,0,2,79.41035075367984,89.61651214668615
ATH011,28,Forward,2026-05-04,Match,100.57349688074291,7.456851052460518,0.7934473014687149,8.995749819104569,165.10759914991257,183.29799454573924,6.827992966878262,64.32055758299114,0,0,76.33386915260017,84.5442636054918
ATH011,28,Forward,2026-05-05,Recovery,32.066508748708046,1.8422842762046987,0.15265606554906883,4.004859734405371,136.6181910177529,158.67879699741792,7.826692211026355,74.70549822406355,0,0,89.46310605766276,89.98474611578152
ATH011,28,Forward,2026-05-08,Training,64.57134561926726,7.666750142250152,0.937023770572185,4.824841943347691,143.96378610291586,164.20875687808555,7.022942782170091,65.94487564259369,1,0,84.38489465291886,85.95789840735748
ATH011,28,Forward,2026-05-09,Training,72.95512141488173,7.820286823449422,1.23181645857585,6.873952768578855,161.16317859984827,193.5881828150758,6.758849603889067,56.77945252456176,1,0,82.85292982757778,97.65141138236969
ATH011,28,Forward,2026-05-10,Training,58.54571468898088,5.856829939263732,0.9468580880631919,7.23196206444183,166.2611824836327,183.2098096053843,6.592664521016216,57.2104078850573,1,0,86.66065397618593,88.62784057853162
ATH011,28,Forward,2026-05-11,Training,53.3073695794483,7.5326935995921245,0.6332223256169962,7.788489083072965,166.50284115052864,194.64408396870311,5.798334680441932,52.07580546004826,0,0,84.6208661345804,76.93280215974204
ATH011,28,Forward,2026-05-12,Match,95.67258372859212,10.354430582867073,1.278035080170415,8.254145187395018,156.11692750889114,197.23531420978935,7.674804372734112,64.66171172087668,0,0,78.617524803958,90.46261715232797
ATH011,28,Forward,2026-05-13,Training,71.51512663792087,7.194171994386767,1.0243418370067674,6.641342328932288,152.97900552986547,175.86582314955925,5.784874976914519,51.66743178268815,2,0,83.92559491097764,86.50186914692293
ATH011,28,Forward,2026-05-14,Training,86.33032175295675,6.47647972399769,1.080351674141251,7.2019800557637,156.53588315885418,184.1582413111065,8.148094176416047,69.31997271804516,1,0,80.33542775002562,88.35289618363869
ATH011,28,Forward,2026-05-15,Recovery,33.2937552032645,3.6329492159419154,0.5547612483320338,4.166401663417263,137.0616718791392,159.3307545748479,8.717882386690594,84.08611125927968,0,0,81.9162484833621,83.49668310884265
ATH011,28,Forward,2026-05-16,Training,66.83617443374655,5.316723310195324,0.6178958399237829,7.133983615458757,159.07977628172551,183.21415383583158,6.975990968028848,65.44605711683002,0,0,83.27780404116774,88.88341689424311
ATH011,28,Forward,2026-05-17,Match,79.94989128550161,8.904461064190306,1.4790594242880848,8.797643403471378,166.35298388614714,187.77091292043002,7.452022845298787,82.16820828442457,0,0,85.51828646383917,82.40236023000466
ATH011,28,Forward,2026-05-18,Training,85.83774325851348,5.463040186566057,0.49433574896943827,8.157269076514464,156.7208973305395,191.45475152789504,6.041811618501617,57.02364224676808,0,0,88.44273085377503,87.86279962511564
ATH011,28,Forward,2026-05-19,Recovery,46.71017238039069,2.7418674401535643,0.22781022136584536,4.325162599049204,145.27708506965777,170.93723461899322,7.150708235571474,70.89839259507697,2,0,75.87252407137856,95.89939333069026
ATH011,28,Forward,2026-05-21,Recovery,32.775518362034205,3.871895972610778,0.31734781822916663,3.856641198430623,135.9343127523094,159.93601174219694,6.702510279856396,63.05617669678732,0,0,72.96638250184841,77.22862512806162
ATH011,28,Forward,2026-05-22,Training,88.17081129152601,7.543801985441783,0.7645630491728792,7.404214684907528,160.02146721732825,182.26626101449673,6.865917838167494,47.0074261139339,0,0,90.96710888750133,87.60516783909952
ATH011,28,Forward,2026-05-23,Training,93.41094063506728,7.655036714368267,0.7687566709346547,6.731072730195537,151.5414192822284,175.5955926511556,8.313478625573039,77.29950112004802,0,0,82.26295902906794,86.31981461894058
ATH011,28,Forward,2026-05-26,Training,69.50233312837072,8.169366941265126,1.0050414198322168,6.295474716392294,152.06548596800093,181.2998696141044,7.453295526063721,72.85524181830834,1,0,88.18197031504806,83.25945683081737
ATH011,28,Forward,2026-05-27,Training,67.42556084711411,8.090410439151043,0.6881398303185635,6.7798224074545805,158.3580895305357,188.01257658509434,6.7282768738561,52.02402361411401,0,0,75.68639814523601,83.41937779310642
ATH011,28,Forward,2026-05-28,Training,76.86424292326755,7.802824458430164,1.218243424214182,6.223994384925092,149.84863246672734,182.39779911389002,7.680902462949111,71.34474365384864,0,0,74.65218565068349,80.0227516676807
ATH011,28,Forward,2026-05-29,Training,65.28816284765803,8.900655244661243,1.316713711631315,6.898356367619162,153.66308510729823,178.92217199141132,7.341318418991467,80.11174988002209,0,0,80.83984526774358,87.8323216695434
ATH011,28,Forward,2026-05-30,Training,72.54224594919498,7.1926657551485365,0.6034317436148275,6.985797940224462,149.9243769082889,174.26574601454993,7.043520685176267,77.28069638068035,0,0,79.35145303075005,92.02909596470286
ATH011,28,Forward,2026-05-31,Training,62.01335952560504,9.206852492227204,1.423768823604406,9.370389716646866,168.94493784038087,196.18996200927916,7.856995077017995,73.30576834452935,0,0,81.73388271639607,93.16845238688686
ATH011,28,Forward,2026-06-01,Match,82.18199460435147,11.10538097032426,0.9512388064822803,7.456684842465562,163.50179553504117,193.1166200234638,7.891692265141499,56.76848139553744,0,0,87.79003042811583,75.46911472373513
ATH011,28,Forward,2026-06-02,Training,68.86533095273758,6.289867645213369,0.7815500895478756,7.603791710404136,155.52651209856464,186.9672886474297,7.299064019137397,65.8418497604192,0,0,75.69002310618173,85.29882238214799
ATH011,28,Forward,2026-06-03,Training,72.39034384081539,5.9562932932060315,0.7945027110378876,7.092362617958776,155.570988447107,178.1555872567213,8.565842017674825,70.65572360731919,1,0,88.32209533479293,94.59219519885283
ATH011,28,Forward,2026-06-04,Training,81.09246250532871,7.325294937181898,0.8244027120253755,6.816429787986986,152.8188080057751,185.53475505852776,6.289433931508047,52.5899142897079,0,0,81.05572211099756,87.11758485616201
ATH011,28,Forward,2026-06-06,Match,87.43606463504022,11.536036588170631,1.5733466777882652,8.205079300811944,169.30631890152947,198.1362207024835,7.847791964505181,76.02183265175465,0,0,80.37970999533405,94.75865965019973
ATH011,28,Forward,2026-06-07,Recovery,47.40951716924899,2.5596952050481843,0.3947064673971307,3.7062010473122187,132.93776652019199,167.0760289121398,8.31251624217901,68.23696199319772,0,1,76.451239078036,84.14371868319971
ATH011,28,Forward,2026-06-08,Training,81.17152141311234,7.655117676270281,0.9607155278971673,5.656874827446737,143.96576667508737,165.08497743209344,6.797402759602194,56.6448695252688,0,0,90.5783626683664,85.0843925418359
ATH011,28,Forward,2026-06-09,Training,64.55808461088708,6.510084565101597,0.535578569600913,6.662126093149496,155.84065506382214,178.60268986139627,5.314860154738943,47.93158062144182,0,0,93.74912054754695,85.81467335010362
ATH011,28,Forward,2026-06-11,Training,71.31675444516524,6.7531476224394344,0.9825144373240531,5.765558906829623,150.21087897669867,177.8798082585542,7.0114105061008,73.92510003213438,2,0,84.23395099655744,87.24122312554121
ATH011,28,Forward,2026-06-12,Training,90.28930099631509,6.341813963062921,0.5607729739997331,5.728950568488084,141.9179471739058,164.43252505280506,8.380408338415979,75.58640555429136,0,1,79.3084854845839,89.97445273079762
ATH011,28,Forward,2026-06-14,Match,92.85524426037972,10.513876371544361,1.442762904150521,7.853814433816642,156.5830662284921,182.7875524322867,7.704298493992587,57.37172414748058,0,0,79.69954082394842,79.197754214456
ATH011,28,Forward,2026-06-15,Training,83.24145537575109,6.030446956380806,0.6182385653471961,7.911657983340633,168.30622871332642,187.4020664329713,8.971978631115638,79.54551722774505,0,0,76.11916770992472,74.65716146084335
ATH011,28,Forward,2026-06-17,Match,85.8924022821516,8.73566449314912,0.9796220930170011,7.606875777591273,154.17949662071206,184.50494881619238,6.006633601908358,48.93038597901981,0,0,79.86826119990394,77.73330458389412
ATH011,28,Forward,2026-06-18,Training,61.89092245081492,9.01205735873268,0.8528273407569519,6.355290472392022,148.97569323603486,157.4040252161207,7.279141191146061,71.17249060881169,1,0,83.2357246110526,99.32283358185886
ATH011,28,Forward,2026-06-19,Training,60.23047919052399,8.60834104988861,1.1475049482941417,8.042915937085107,157.26287891271187,183.99538533982377,7.183272476905206,67.51757031842543,0,0,90.28701060818305,84.30994954846422
ATH011,28,Forward,2026-06-20,Training,88.00775416750731,8.4987315095447,0.8902798257709985,5.066304877409387,143.58194879350427,169.00486613412372,6.414909651663296,50.53603119725446,1,0,74.52237404373567,78.0251503038752
ATH011,28,Forward,2026-06-21,Recovery,76.2223897409754,2.775863161631529,0.30503835842366195,5.115142911134651,147.81404890754558,179.7148010363831,7.667500520152592,78.30259210684348,0,1,86.05787827789801,89.19176700502092
ATH011,28,Forward,2026-06-22,Training,56.59562865903631,5.8650213669255455,0.8061537670987767,6.348797415168886,154.72289028892635,182.5750443383226,7.2832509839530015,70.7188801212854,1,0,79.230840997477,94.15629529436592
ATH011,28,Forward,2026-06-24,Training,80.5343270529781,7.39768268322994,0.9511303777486088,4.6238373792195056,138.7895417707475,170.1347730120431,5.337880544241165,43.86656345329106,1,0,63.76689499787538,88.24796525857029
ATH011,28,Forward,2026-06-25,Training,87.74001357916686,8.461424479799657,1.0166575155897906,5.246517034555092,152.33373319788012,181.99332998881616,5.325261907203678,41.00949719331291,1,0,74.23565872308777,80.77366720675649
ATH011,28,Forward,2026-06-26,Training,66.80121469670502,8.791268807037955,1.064454613580406,7.623628558093074,166.38214924039144,192.78988311147037,6.658507828597197,51.94121505552798,1,0,76.78363568157114,92.261498498374
ATH011,28,Forward,2026-06-28,Training,79.0747382061021,5.905980518779979,0.7323963824256398,5.724956805918233,146.7182834852365,174.46879265832658,6.905463443889144,66.17047345444284,0,0,86.10432340444,86.20117782952627
ATH011,28,Forward,2026-06-29,Training,75.1208625645824,7.707966395867126,1.1790146132842994,8.01272997086721,163.701210774978,186.13328318630175,7.493459547302407,68.44987179370108,0,0,81.79572502737216,87.38684699337873
ATH011,28,Forward,2026-06-30,Training,79.16865809059286,6.899900806686655,0.892161413357692,7.216784281274377,167.37463110169924,197.71166945865198,6.566508208981788,43.898938918146584,2,0,93.20775383212009,90.87344094446104
ATH012,23,Defender,2026-01-01,Recovery,45.362668141294925,2.7791724907221425,0.3644167632850376,3.418246936136914,134.34116062779464,164.84593354935697,5.9622311636074645,66.77727840654674,1,0,87.94635654533538,88.74299687126324
ATH012,23,Defender,2026-01-02,Match,98.59353174857485,10.858872375683317,0.9923740981622158,7.237516634675421,152.57508137585322,181.64286111344921,7.052932576186094,58.895643207874556,0,0,93.61548430433447,81.05095814974446
ATH012,23,Defender,2026-01-03,Recovery,22.79849231113518,3.95495929220701,0.3665053651596314,4.754715576197015,139.68994268565805,148.5018514864256,6.8263365549411725,68.15273996935,1,0,83.42918511370593,88.42394070909344
ATH012,23,Defender,2026-01-04,Training,91.44379800167177,8.628841345810132,1.1438195238761188,6.878258982317923,167.91579240975804,181.8097294042478,7.500233566005193,74.7699949209267,0,1,91.07275685425992,85.69169322817042
ATH012,23,Defender,2026-01-05,Training,95.08428836785608,10.433085914112004,1.258016623918113,6.274887439314884,152.6231916485752,176.74060374394827,6.328467816237878,41.194194974925786,0,0,85.44478030520214,85.24197667502179
ATH012,23,Defender,2026-01-06,Match,85.09311611883922,8.67993961572248,1.0456657304866377,8.843898890558776,164.6402443574649,188.06803302641626,6.713590534554757,46.93635566573928,0,0,89.29282325247873,76.74016809201026
ATH012,23,Defender,2026-01-08,Training,89.62718557928059,8.083490075794385,0.9543781037980086,8.817932929643232,172.29302847111194,200.93302755205121,9.30541016071835,73.31145583447307,0,0,83.02268230247779,84.44856329753694
ATH012,23,Defender,2026-01-09,Training,64.67809464886318,7.473792390504503,0.6969528261663429,6.659036264731735,153.60577188186218,168.7780964485367,7.524467370807066,62.999464139988014,0,1,81.51069522946133,79.4068176957366
ATH012,23,Defender,2026-01-10,Training,58.83188137008675,7.761421842076664,0.7964017983251276,6.870705567115584,157.36300300898768,176.57043895176884,7.978056958108314,77.06461725997191,0,0,82.13897551384082,91.37930352240967
ATH012,23,Defender,2026-01-11,Training,82.09260694991066,8.07541037791037,1.213481004761428,7.980370749985672,159.71629280308787,181.56673367840548,6.708131926443722,54.67141003966365,0,0,92.7034851890989,79.57157410955179
ATH012,23,Defender,2026-01-12,Training,82.34594311674425,10.002451018291039,1.4891465337035672,7.7031973581423765,154.97913120438596,171.27354049990487,7.563607576198226,69.0907331128205,0,0,87.40345537339172,83.51996634226973
ATH012,23,Defender,2026-01-13,Training,89.1246352428867,9.97147439931954,1.338301828012538,8.206467357130137,170.55474975787098,204.21029948654322,6.77716438331045,52.8575254372269,0,0,90.58611868075153,89.36592334949393
ATH012,23,Defender,2026-01-14,Training,54.7437378648375,9.627220424588032,1.1398075440776911,6.740462744801703,155.04494122387953,177.8603489045699,7.191571212550087,58.94010225648155,0,0,89.1585709348995,80.09866203777389
ATH012,23,Defender,2026-01-15,Training,66.84609674601397,9.693894784117655,1.1183424459230835,4.727136975571396,144.39842823878274,170.51471451169002,8.824808888914717,90.19060153102322,0,0,76.13840907345661,84.57890450154913
ATH012,23,Defender,2026-01-17,Match,88.96039137040741,11.470564524120297,1.0558532778274483,7.705581330444758,151.78313428034193,169.7161161498841,6.717730049116093,63.08655369016912,1,0,75.82522193153017,94.20254443326372
ATH012,23,Defender,2026-01-19,Match,96.50324298756715,10.437289046280373,0.9613285249704816,7.892308714326194,159.21876966237542,188.34432080227063,7.438597547410027,56.23218704274916,0,0,85.3986943025461,91.76170200732759
ATH012,23,Defender,2026-01-20,Training,75.09680258231504,7.978287844977146,0.8089554829762,7.878234760003031,171.47866322309469,196.85460009270946,7.504070800013192,62.48222481134994,0,0,75.93057834577365,79.34756553083454
ATH012,23,Defender,2026-01-21,Training,61.38031002120891,9.471151053892001,1.3151404456798157,8.148412607694487,169.0780998581442,200.2944864405413,7.01775479840309,60.81770764150314,1,0,82.84546527032168,88.40763299931824
ATH012,23,Defender,2026-01-22,Match,90.90446418833187,12.342019516164973,1.721722715413359,8.240900260231951,166.56201846896732,187.09637020972292,8.381094131099811,70.64036895952634,1,0,69.70747582931733,88.64012274216431
ATH012,23,Defender,2026-01-23,Training,81.69525337829248,9.021964516724863,1.4721500632659554,6.746117729450404,150.61953673709027,179.0066233920547,6.979553583487556,47.64572941191939,0,1,91.57653575316544,82.21715372368398
ATH012,23,Defender,2026-01-24,Training,94.11727465803511,8.49195545097136,1.0176845071560674,5.461893013538965,142.88493392101893,163.71514946069038,6.210761963974137,57.483809145574696,0,0,73.18126304418911,84.4850268866568
ATH012,23,Defender,2026-01-26,Training,68.67328667274447,8.312000120680375,1.2249262221015589,5.793670293303708,144.40861371385532,155.1263323689745,6.268796611386652,39.58334431559843,0,0,70.90890268087765,76.29535268199731
ATH012,23,Defender,2026-01-27,Training,96.5319504487003,10.224840775418228,1.226027315907992,6.423529378152537,154.8953868263947,192.33492706649207,7.001567840230587,58.39376666740924,0,0,74.09313437805909,89.36038354962247
ATH012,23,Defender,2026-01-30,Training,59.46031231084696,8.91582790959897,0.9200434263697594,6.073237171161432,153.70026990975987,180.797615834865,6.633669931357058,61.57633420173024,0,0,87.3742077991074,79.54608710591184
ATH012,23,Defender,2026-01-31,Training,64.07913892357247,8.911397764654648,1.1623480434556057,5.745345033111007,153.51737630349078,191.66208938875496,7.18733656452004,67.74092213184652,3,1,91.4731367222409,100.0
ATH012,23,Defender,2026-02-01,Match,90.445804258625,9.220975275040288,1.2068961698302954,8.123169292762192,166.96475896355904,192.8874160448832,8.11537009514883,74.36201766576006,0,0,76.99135608144402,81.61840405966103
ATH012,23,Defender,2026-02-03,Training,47.88754939401963,7.251900723399131,0.876929789431084,5.900725521734856,151.15229455826255,187.5899902550254,5.10259370754201,47.15567943313355,0,1,82.73994638577153,78.89777482954295
ATH012,23,Defender,2026-02-04,Training,77.23937791288283,7.96907828215792,1.0271026931133975,7.776983059063053,160.0765016805829,178.70252359113402,5.973760672887462,56.613412913629865,0,0,65.97940012579983,84.34931632573269
ATH012,23,Defender,2026-02-05,Training,57.65502903628531,8.814060616740875,1.2453207147417713,6.514076821331431,155.90871703263417,180.66725138448106,7.175583419745279,64.24315280537161,0,1,77.29334848755252,83.60587107233269
ATH012,23,Defender,2026-02-06,Recovery,49.81782747959102,2.342073964453546,0.26925871044605737,3.7470176203502836,135.1931589578066,162.22460409829648,8.704906902570066,80.61540346591485,0,0,82.17659620251996,91.49257782938653
ATH012,23,Defender,2026-02-07,Training,93.78984712912936,10.33896648650912,0.9766678524480921,7.120875415906747,156.83415743260122,184.59534042269192,7.990471391284492,72.03344983728266,1,0,69.54271190040194,83.97290618086143
ATH012,23,Defender,2026-02-08,Training,79.0338380413683,8.254156212734106,1.2574323442825899,5.9708873327254945,148.775210788031,173.42624660901248,6.743515365844032,54.76245026899812,0,1,72.1381951466803,81.42495475690716
ATH012,23,Defender,2026-02-09,Match,93.4057162634578,13.308677169276097,1.1032509216566342,7.606251757762513,158.70893370138305,180.57431498963714,7.312652084557745,58.61943688666813,1,0,79.14675048760766,79.82686747121491
ATH012,23,Defender,2026-02-10,Training,87.10502486020853,10.353334772782752,1.1676442713035486,7.097661001277995,159.27609349392043,177.1483903224661,6.4658274236363305,62.78783600406512,0,0,80.94742930891181,80.17239488378047
ATH012,23,Defender,2026-02-11,Recovery,54.837362611118046,2.956666917727103,0.48831876072072444,3.211109830810029,134.34961858168234,160.42374406705946,6.411763043370834,71.63874386471034,1,0,83.27395684400739,92.19008370301023
ATH012,23,Defender,2026-02-12,Match,97.19297557840787,11.55080513807992,1.408337432001406,8.458725734100982,166.9252045042886,195.53170093293517,8.011021316887614,63.653635127070736,0,0,80.0215410467808,87.81473818147224
ATH012,23,Defender,2026-02-13,Training,91.2433453145612,8.60236828641048,1.397388461862268,6.500304964262289,150.16409727942298,177.82065476175583,6.467806339061723,56.544318294970545,0,0,78.45904956527843,79.51635597242425
ATH012,23,Defender,2026-02-15,Match,85.14452406881956,10.616274477508288,1.0935590854597452,7.570522762067287,151.52003513667165,178.13283169192016,8.734392367531441,79.7701284448457,0,0,86.80211892142081,93.20240294807613
ATH012,23,Defender,2026-02-16,Training,60.180274035574605,8.793338326342303,1.4486026409514026,8.053059770042115,172.0843314128126,205.0,7.789202485532247,71.39674101257756,0,0,72.34644070332638,82.4972936691118
ATH012,23,Defender,2026-02-18,Match,88.53361938038421,14.301390932596462,1.4490205388690682,8.27854359409322,169.5047864715423,203.54256196086524,5.706720449276756,43.049731851452925,0,1,81.06756154416493,85.5420775586249
ATH012,23,Defender,2026-02-19,Training,73.03316507969795,9.550580590315459,1.2166853143689949,6.925536792696028,155.5909007388157,173.02505218536407,7.331956767089947,70.38539129162848,0,0,81.9837500389099,83.51123769352057
ATH012,23,Defender,2026-02-20,Training,73.12194421678973,11.51601856369124,1.733266651669174,7.00981790844696,145.63786090425043,172.8478228961783,5.34510688189169,47.58224388842936,0,0,83.55296736023213,76.3415218472457
ATH012,23,Defender,2026-02-21,Match,90.66579729089682,10.131556430621197,1.4283857203398913,7.876744224705423,164.1338851053783,188.102934837318,6.686879074555116,59.16280918547734,0,1,85.30182204405455,89.35821680464295
ATH012,23,Defender,2026-02-22,Training,75.19514441626937,8.284286232036006,0.883219389609624,7.354991407222731,157.5016500403684,178.28640026305862,7.536119473514805,72.94611008100368,0,0,98.0,94.00808005919929
ATH012,23,Defender,2026-02-23,Match,88.87417105855481,12.843837107319676,1.7876356860799032,8.032096554494236,158.2395576415863,182.653473462819,7.029350535052755,68.12337647832636,0,0,88.95305294199235,82.76145848977964
ATH012,23,Defender,2026-02-24,Match,100.18321862403694,11.48447483588255,0.9611313184392102,8.136185201542121,169.47550389425882,185.53340504949404,7.301462020801691,71.7236221311822,0,0,96.08811105192325,91.37219446055093
ATH012,23,Defender,2026-02-25,Match,88.09512353577857,11.616317981137751,1.3598056735035529,7.674874479532752,159.99173684294547,186.23992882423613,4.88693994224687,39.1752626039079,0,0,76.15669488329551,70.55894863317576
ATH012,23,Defender,2026-02-27,Training,60.262155546822044,8.150105366687512,0.7224636755375169,7.003412212199913,148.5724391715081,163.9381361027844,6.893180743352487,62.120957068854935,0,0,82.66402965778455,85.06185236172266
ATH012,23,Defender,2026-02-28,Training,61.327824309978105,9.170411945555465,1.0305817693424966,5.874590565267352,150.83658372854364,174.72822825666674,7.584954833183386,64.24705786908598,0,0,68.53491074699127,91.12408561297794
ATH012,23,Defender,2026-03-01,Training,48.51376178478822,6.064497729742515,0.7898825088359158,7.250832109346815,163.61022119004465,194.53529949295142,7.778931579836376,63.11256952514631,0,0,83.74437249378242,80.55348469027797
ATH012,23,Defender,2026-03-02,Training,81.65580070187218,8.075860908880458,0.8341438222513482,5.182780725034858,151.35763628900935,190.37451288660708,7.4220689609941894,75.85358521649484,0,0,80.72773412579805,81.20508046226932
ATH012,23,Defender,2026-03-03,Training,57.08096482762082,8.558560283314513,1.3662899751811701,6.119309310897589,148.68055844121182,177.13505375111203,6.927123287741257,65.19577594622157,0,0,83.98493635179183,83.13361517094246
ATH012,23,Defender,2026-03-06,Training,91.26737252848757,7.539561149520761,1.1742381727662257,7.292413535284943,159.07494722582575,183.480224110886,7.535145231767862,71.22939440920503,1,0,75.84718093361043,84.73396044016059
ATH012,23,Defender,2026-03-07,Training,86.399825008651,10.058369608494194,1.4816697576836073,6.3276992838939625,148.02790405537158,168.93447008672558,6.645519588493431,50.96787169022677,0,0,89.74096014259595,87.37349482189562
ATH012,23,Defender,2026-03-08,Training,53.21421704016825,10.594109770625261,0.856364424414049,7.1959612553036045,154.98979394552384,175.79303561028954,6.7063970533533075,61.19130663757748,0,0,68.25411136975345,82.7905801263736
ATH012,23,Defender,2026-03-10,Training,68.88771676651942,9.793076374241274,0.8866501251011064,5.692004830885128,145.81812999595422,162.2075892288675,7.071720290086452,59.71334211738318,0,0,81.36610215721034,76.26777963418276
ATH012,23,Defender,2026-03-11,Training,73.01443588291222,6.4545960672717335,0.9257821047462385,5.937170850639142,153.79136481007765,173.08629280332323,6.809063966551259,66.00774913711257,0,0,74.43995261408647,77.17751081891828
ATH012,23,Defender,2026-03-12,Match,89.03628135294026,13.19481359526888,2.1439020144586647,8.742231016629951,158.43252282680612,176.1682280293414,5.880161704107369,43.66851198472303,0,0,80.96393597782402,83.83818884811869
ATH012,23,Defender,2026-03-13,Training,63.01528885507585,10.00325343996514,1.5374374815550578,5.681542326685959,144.45275288548976,159.1106406141357,7.8695014712392,67.1407815853617,1,0,79.75537283461648,84.9890569207357
ATH012,23,Defender,2026-03-16,Match,101.85641269757133,11.28260395635669,1.6121328243700024,7.380395250297843,156.8943717449188,182.18352480847778,8.269488093563409,82.81182549882334,0,0,75.63101415276287,86.80718601675355
ATH012,23,Defender,2026-03-18,Training,75.8962954107874,6.828734781334829,0.7237094110751539,5.479850619043264,156.34902688314733,177.60554167207786,6.360197731896583,54.92701930633976,0,0,84.21636916611965,82.02551130257969
ATH012,23,Defender,2026-03-19,Training,51.55019711605391,9.603654174118455,1.5291092230321532,6.647279855767479,152.65428245347073,175.44665369182894,7.2822165365773275,65.82102063224211,0,0,83.55226096334876,81.34812248942053
ATH012,23,Defender,2026-03-21,Training,73.99306921459197,8.484415354273638,1.1688764385397612,6.469787273215717,160.30759270825016,174.72748339738212,6.190732587873335,58.892446259387434,0,0,77.66544401367271,80.92426164196937
ATH012,23,Defender,2026-03-22,Training,67.78537706562071,10.153046363057282,1.1635840132939639,6.515482514549813,155.90437910553163,178.60820825903483,6.334348408508063,56.426675878230725,0,0,91.1004687852029,85.6135711081103
ATH012,23,Defender,2026-03-23,Training,74.75055379330918,9.612702711160853,0.9404007232758387,8.139297135207276,164.85424420362597,191.61564100699334,6.543217132465435,56.41171359408157,0,0,83.78289949535247,80.16988631855362
ATH012,23,Defender,2026-03-24,Training,78.07683927785241,6.778156218174365,0.7341491219526948,5.940835651854706,145.94074626321733,167.89667508731313,8.506019789574461,77.07559290315875,1,0,76.44136660326531,94.86461463302689
ATH012,23,Defender,2026-03-25,Training,88.55306267314299,7.181323162996792,1.1259209893442488,7.057152744540783,159.16281948649294,191.23516400600667,7.538855907710418,61.12553892666954,0,0,87.9845256287461,82.24813304943068
ATH012,23,Defender,2026-03-26,Recovery,42.35341181820636,3.9373368103779467,0.32353140810518083,3.772270975228203,144.06690155410845,162.35193054826976,7.341849254934737,68.55630442102355,1,0,84.69945333298736,83.03053804817459
ATH012,23,Defender,2026-03-27,Training,87.25677220608478,8.083320695981975,1.1376605243915867,7.511905583749771,171.11957676345293,197.26631392196254,7.326969792463189,67.90628418299468,0,0,92.49123847067587,88.52792937178934
ATH012,23,Defender,2026-03-28,Training,81.16871617047504,5.2004465568963285,0.8509969863461097,6.024657457461119,151.38584183053067,170.4652001214895,6.933046823867428,69.9573098480269,1,0,73.03151726428244,89.35256061033373
ATH012,23,Defender,2026-03-29,Recovery,39.42932844243223,3.092753139880757,0.3269909293561952,4.11499346837132,138.7481796778484,163.7408294479989,6.285269456201201,66.66117486741402,0,0,87.00416541235799,77.774272751274
ATH012,23,Defender,2026-03-30,Training,71.27826005987185,8.903844136984038,1.0767931120274672,7.3601203919849665,156.01025298416266,183.6446049493849,7.063701610761956,60.69589032399498,0,0,89.22017190134915,74.33042036295569
ATH012,23,Defender,2026-03-31,Match,94.36570452707964,12.983050253516625,1.194219461243086,9.168738856454155,174.08330865548274,202.84077425186265,6.204754453367672,46.71555109026616,1,0,88.6023509443328,93.28385416978055
ATH012,23,Defender,2026-04-01,Training,72.8198056679016,6.821459477475376,1.0721040600013187,6.592701368301559,159.251652927965,180.698968199955,6.371074828889736,61.467462364289574,0,0,77.19495450302327,88.4666312207115
ATH012,23,Defender,2026-04-02,Recovery,37.60355824424547,3.0300257304186444,0.3349252587218932,4.154030122708198,139.90830145241353,177.2520968161316,9.5,96.1870925495012,0,0,77.93723253509276,82.14629462959678
ATH012,23,Defender,2026-04-03,Training,55.48338150594572,8.471221683249865,0.6991710063820981,6.213010082539919,145.58059968038933,169.8482415081752,5.545847466781863,59.22944535723293,0,1,86.09629648557485,89.39756297871237
ATH012,23,Defender,2026-04-05,Match,90.92856346318334,11.746953217875976,1.6033058634002664,8.686200777074466,166.54598509193616,199.088754941502,6.63738297722799,47.66647026367204,0,0,78.71902176333485,79.85307948385471
ATH012,23,Defender,2026-04-07,Training,90.41764439845497,6.934485040188486,1.0899524617541485,5.999784136406243,154.06578332967933,175.69643824103724,7.373189282302637,63.36151474518654,0,0,75.90869536532274,86.58232750186596
ATH012,23,Defender,2026-04-08,Training,73.29503697253054,7.928898735077638,1.1120789010470293,6.853007812632934,150.48924317619728,178.29909822992454,7.296162358073663,61.75389430282814,0,0,85.86719612387829,81.5319227201153
ATH012,23,Defender,2026-04-09,Match,95.110324524951,8.343181674772488,1.3466343478007845,8.01677575834381,159.9832874646105,189.39006825656102,6.076690666430139,40.24983552625325,2,0,91.50371300002884,88.38195142562093
ATH012,23,Defender,2026-04-10,Training,66.73898013680146,9.746956413521522,0.7887375559199991,8.119739082384314,169.67272504266225,189.44547116846417,6.5586396367071265,58.00701707070273,0,0,77.42736883967396,84.23605240807774
ATH012,23,Defender,2026-04-11,Training,56.794759593802695,8.99450910742562,0.7958358357887916,7.68031831698611,156.11149492942383,188.21643380535778,7.213204221235681,54.49391340748341,0,0,97.22535466393622,87.55539199594274
ATH012,23,Defender,2026-04-12,Training,94.37721980212496,7.566083462956073,0.8273515002323187,6.494045622425155,154.18588132788489,182.99139858671344,5.961817454942139,58.10016183072786,0,0,74.1957291964481,81.63495368726234
ATH012,23,Defender,2026-04-13,Training,85.88811535273221,7.026240203580603,0.7354785057463685,6.653421195503919,156.87467326402037,173.27823321943518,6.217029095846376,51.42886704497527,0,0,79.06716798035748,80.52616481578121
ATH012,23,Defender,2026-04-14,Training,57.95292670812276,10.025918544562503,1.657112551126355,6.001526443015851,145.2620812896216,158.2019155531523,8.243077532912086,76.99348031855804,0,0,81.28349398064704,89.63017782950601
ATH012,23,Defender,2026-04-15,Training,72.03496203956055,10.961539485473628,0.8834246085445142,5.134945556929583,144.53787707071595,170.78262515230642,5.203431534736646,47.66102545097704,0,0,84.53453693306582,71.69506577259217
ATH012,23,Defender,2026-04-16,Training,52.84572750651513,9.208429757913754,0.8438085353596451,4.76565066601118,140.57481320496314,166.5769210736649,7.812854091871408,70.20520378215627,0,0,70.83753098682104,73.39274248793261
ATH012,23,Defender,2026-04-17,Match,91.78441727443123,10.835105259319798,1.3538299732048535,7.8767843911191235,159.0960003629703,189.29358653273664,7.799295937937978,63.5974329753434,0,0,80.9406516807024,81.21179257676059
ATH012,23,Defender,2026-04-18,Recovery,52.45421812420102,2.872552645297771,0.232702594527514,3.8239898053488393,135.0614721474506,165.31316070726166,6.926376166017755,63.73733437548417,0,0,74.06729235133756,89.97548340478141
ATH012,23,Defender,2026-04-19,Training,79.63735420221656,8.74771005754112,1.1248872525476485,4.6211430862568506,151.7160448566461,186.99428055514844,6.803691350158726,71.1568892287892,0,0,77.91438766630353,84.45848725628447
ATH012,23,Defender,2026-04-21,Training,66.57927184084936,8.079966558685584,0.6737726852939877,6.176743046951392,148.47228032185004,164.52434661467964,7.1538668275348964,56.16429420370147,0,0,82.36956664950213,79.38433670178901
ATH012,23,Defender,2026-04-22,Training,67.37402711039829,10.697962059523544,1.4630851990126956,7.970822872697941,160.35230181392626,180.62904368721587,7.2817459130019335,51.74357758543333,0,0,81.19570740098685,81.62498056628921
ATH012,23,Defender,2026-04-24,Match,96.7297607051794,11.102836986227194,1.2234205703410936,7.9952463878072235,159.6612122158897,187.58102795275857,6.054517352926572,41.15243758827006,0,1,82.74012875324298,81.87792340829141
ATH012,23,Defender,2026-04-25,Training,70.2928637157084,6.024091468620603,0.5721980847683474,5.952599057237718,148.15506985168346,171.91602149948417,6.965292163388065,64.10312127583306,0,0,70.91559963486654,78.01390745818904
ATH012,23,Defender,2026-04-26,Match,87.12582211735702,9.995060669080202,1.375176208344792,7.715052704207185,164.28645437856505,190.68031464773898,6.3941685326264555,46.40579216388105,0,0,82.21149254439071,76.89263710613416
ATH012,23,Defender,2026-04-27,Training,60.69652216025911,8.913484886342593,0.7953337514500443,6.611984323188122,152.01012758779788,182.8218703020329,5.697479199751531,53.48900309221159,0,0,72.60486169207373,79.72591812396973
ATH012,23,Defender,2026-04-28,Training,70.0335873003155,9.677851402646525,1.0639094910009135,5.595022008099191,151.135448763663,179.87915667092258,6.650255895500864,58.836079066727905,0,0,87.49511834988449,88.8890844078489
ATH012,23,Defender,2026-04-29,Match,100.50506205268363,10.360558847035707,1.311030891657225,9.29117666322134,173.77866764615962,190.18654985883435,6.547026067764909,50.70396262650266,1,1,76.75730267735005,90.75636097072592
ATH012,23,Defender,2026-05-02,Training,77.84894338813127,10.952782641322177,1.177080804028447,5.495890592793881,148.29290986316556,171.49894977412902,7.0451106322207755,55.27417622763221,1,0,93.28277710088908,90.48458377459283
ATH012,23,Defender,2026-05-03,Training,71.9506954608197,9.119224135263494,1.1667565459156428,6.6646385314497385,157.51089720029674,179.81842661907717,6.513775251476337,51.45105367595633,0,0,82.71349039824737,82.47209233518576
ATH012,23,Defender,2026-05-04,Recovery,46.60932470649213,2.8356561786488537,0.34282838763957124,5.2749715488949285,146.46556385588153,165.42251544163562,6.24579413454801,52.14844663438134,0,0,75.23720449790893,78.4240653604604
ATH012,23,Defender,2026-05-06,Training,75.60108178284956,9.113492746595645,0.9037269084055588,6.611086417696948,149.6430721118071,178.5227579237407,6.050671997338735,47.472210753168774,0,0,79.83165015659252,81.76609988847335
ATH012,23,Defender,2026-05-07,Training,77.11196702552874,10.884521230090726,1.1591387323408384,6.520001322150924,144.9350921267798,165.9582682969441,5.54021754635973,51.285716430286435,0,0,80.49509339435976,81.4442205180357
ATH012,23,Defender,2026-05-08,Recovery,48.34691594541883,4.151042890603318,0.5024563775408217,2.7339539478059316,127.42109581103384,149.65090351750834,7.678160380292402,64.58928112188462,0,0,79.32950028626041,66.48669394840273
ATH012,23,Defender,2026-05-09,Match,96.34698587539395,13.431885799450443,1.2736213893336736,7.153729811952763,154.05599844616057,176.18262106809112,5.683072978408785,48.772543132381756,1,0,87.68677767299742,96.93704287195798
ATH012,23,Defender,2026-05-12,Training,57.439276457937254,9.18969505336266,1.423947827531895,6.362611400583225,153.09278227601962,183.0479157537404,6.41161723850927,66.36520532039808,0,0,80.838489539779,75.14693937070933
ATH012,23,Defender,2026-05-14,Training,55.54847940655631,6.305080761847799,0.5535597395041785,7.521650835057677,152.40013112073086,175.16812547764027,5.821861578115784,48.325212562506636,0,0,76.08679695040485,77.62299058398241
ATH012,23,Defender,2026-05-15,Training,93.91351148892787,10.54493150821191,0.9105230410886899,7.685227694085906,158.76876651821516,179.00653904120173,6.665044945132172,66.30406176273029,0,0,72.92952077147102,93.10301440001571
ATH012,23,Defender,2026-05-17,Training,72.00598320144508,7.474521693305916,0.9947048181989592,5.601950324894746,152.29491714919828,189.43211385939904,7.341682337220117,64.32336581194565,0,0,80.21275526028302,68.39208889257112
ATH012,23,Defender,2026-05-19,Training,73.82441121483893,7.530251538027793,0.9404283789180807,5.579755969098372,149.19565175226316,163.02473619513285,8.108736783947716,79.71774559090585,0,0,82.66908534552329,79.12802219477956
ATH012,23,Defender,2026-05-20,Training,50.72548611325092,7.533133335079986,1.2662032689756266,6.816435683426453,161.37346194903913,203.45770506610916,7.463101661011068,65.845033280445,0,0,93.63365278381428,82.90772417258664
ATH012,23,Defender,2026-05-21,Match,91.09431618503659,11.96250169961939,1.8277546917980716,9.040601233869493,170.25106901888333,202.97186213523872,6.815351111128174,53.04018576239642,0,0,81.53844546532507,97.43247625704406
ATH012,23,Defender,2026-05-22,Training,81.55805944330096,8.974793860235263,1.3927671085531947,5.398100027011287,147.56190732235365,183.2549646163631,5.903150452589233,51.34498285997749,0,0,76.54207391187612,70.47220445726914
ATH012,23,Defender,2026-05-24,Match,91.68397732773882,13.240768887752532,1.1076495033849352,7.261050445503956,160.53687754509681,183.91057652788155,7.369101382594714,73.05995188870435,0,0,94.88519879667992,84.7908273212962
ATH012,23,Defender,2026-05-25,Match,86.85203569871771,11.30150226253811,1.0817515182492246,8.933635606051158,175.0218053033826,201.35998684889339,6.675339840960046,55.82900498861717,0,0,83.97775318704844,82.34565424392129
ATH012,23,Defender,2026-05-28,Match,88.50009549898314,11.466847377587841,1.4776462933200558,7.925999446057164,159.44907944260433,189.54400526708557,6.883617378814681,60.51982017291738,0,0,80.27161666077899,88.53921499051484
ATH012,23,Defender,2026-05-30,Training,71.07157570867497,10.283163690847212,1.654754008136381,7.813169787091347,166.6050902838,194.6902836739851,5.875885143432541,34.20702079073008,0,0,75.2042145321405,78.75364404971991
ATH012,23,Defender,2026-05-31,Match,95.36726554157974,10.412195176209774,1.646541279832312,8.325185210678884,162.95334598408954,194.33900121515637,6.6819782305001905,66.16215476600885,1,0,82.96652421356309,88.04555747506302
ATH012,23,Defender,2026-06-01,Training,81.14347451461337,7.700141440968465,1.188367943298036,6.739554621396359,158.8036829531789,185.5750613998115,6.278255734402941,56.933923037030105,0,0,84.64030396416145,83.47668544135946
ATH012,23,Defender,2026-06-02,Training,73.99548171433173,9.82064778635066,1.6569293469938884,5.724135694439742,167.78214817412996,193.8751139007977,7.2366034115660245,56.890321171933806,0,0,90.22851401142519,87.35498462471692
ATH012,23,Defender,2026-06-03,Training,71.66969986632108,7.895948971339789,0.7826003557727951,7.921438174852505,158.01841514261747,181.1941685476976,6.263607870582535,46.34786228689839,0,2,82.44720400133346,89.33991812815553
ATH012,23,Defender,2026-06-04,Match,84.88009833089517,12.433329059855879,1.9079128130845917,8.632156914131565,170.38927075544566,190.10445677026837,8.329106316029423,62.73480352233768,0,0,71.69311760749207,79.39362326792136
ATH012,23,Defender,2026-06-06,Training,64.49946366686436,10.099268681079081,1.5169481001160405,7.875908419298973,158.66245850405616,180.0182527953159,6.043194863195874,56.626054899439886,0,0,74.63206490031645,70.69818682083573
ATH012,23,Defender,2026-06-07,Training,86.44017906283274,8.581846045728547,0.7537486258154287,6.465347389636338,147.06592207731887,181.76447542225912,5.483451806748277,50.61596656395731,1,0,73.99953168317897,88.0405012429221
ATH012,23,Defender,2026-06-08,Training,91.96235766115016,8.756426423370872,1.3241524541697032,6.278281506188217,152.02509049709835,170.93856075739683,6.622989826362752,52.163848982166954,0,0,74.65015595782116,75.03354619830246
ATH012,23,Defender,2026-06-09,Match,90.38248665287513,12.13723189672712,1.9232447408093714,7.399620021407264,162.55488725447955,192.04643504398294,7.424835850691131,71.78966772541155,0,0,83.84712066176021,77.60072314491825
ATH012,23,Defender,2026-06-11,Recovery,55.99245240927985,4.478894024954299,0.6183282552986245,2.794742401056728,137.6234368723617,159.62615165906647,6.748880883099487,49.585202773204124,0,0,75.60899160560983,75.38047162128686
ATH012,23,Defender,2026-06-12,Training,77.88871931348136,8.947056461347922,1.31676050371769,6.852630094842741,160.44279691906766,177.26980948754033,6.6410636791708315,44.41502718220809,0,1,70.7914975097865,85.47900803013466
ATH012,23,Defender,2026-06-13,Training,83.42533919386963,7.186712215644215,0.9004872310506404,5.763589989541904,147.47858226505122,170.17482105284216,7.215505124482644,71.9125082358599,0,0,78.37228167689676,86.34039006973823
ATH012,23,Defender,2026-06-14,Match,85.15622732201984,14.099156264188066,2.289789550297104,8.005340450950907,156.11647844992928,177.72719816958076,7.857886371108592,80.54881219746179,0,0,72.55657945481038,81.3922373031275
ATH012,23,Defender,2026-06-15,Training,50.056117003701,6.785377194382682,0.595163752094469,5.294825479516277,142.4305714375385,162.06809974483258,6.057210412409375,65.5524134360847,0,1,83.5779167446283,92.20241565367913
ATH012,23,Defender,2026-06-16,Match,100.32372866361352,14.816934095271915,2.1098694586036206,8.304917405496928,170.52269918141724,179.50169158118797,8.497054618439043,68.27952574135094,1,0,85.41993343079127,91.05209478858927
ATH012,23,Defender,2026-06-17,Training,83.78986849687334,10.707839599858971,1.3856528651687705,7.8022758577447675,157.7082550978972,187.8900345613706,5.908765047187907,53.0007914586877,0,0,76.09631160470467,72.09383261880691
ATH012,23,Defender,2026-06-18,Training,65.24627412525857,10.793508657242981,1.2444156781230107,6.324403865337048,152.50127306685727,175.7290382136303,6.784074346236839,67.57308732176173,0,0,80.72646146995834,81.70207407776213
ATH012,23,Defender,2026-06-19,Training,86.7430633607017,9.327100646016588,1.3937565475590141,8.71153540994359,171.08061708108193,182.77120389920742,7.089602588921098,56.63735810868697,0,0,75.2021314318524,84.11987058611953
ATH012,23,Defender,2026-06-20,Training,95.59848379052966,8.616176384767092,0.7735952676448439,5.254233835886377,151.62006310423627,170.48144146574558,6.583117171478664,78.1792842893714,0,0,78.35620675134876,81.15664592323331
ATH012,23,Defender,2026-06-22,Training,94.27616447436372,7.764117503861325,1.243103017846077,6.27451332939788,153.22425951339386,173.5443215713209,6.723009284935554,61.400785428544594,0,0,79.24530369514709,79.4633184220786
ATH012,23,Defender,2026-06-23,Training,82.89565416959891,10.146261875078046,1.5576606507050028,7.152001455852749,158.6654380245358,179.48033860071908,7.833785196687114,70.48046694462708,0,0,85.77449571544744,87.59126197313734
ATH012,23,Defender,2026-06-25,Training,80.75089943825509,8.98741860413801,1.2586757072511936,5.051553817678597,141.85211602911428,171.27605172316754,6.571293852629863,53.203398869907815,0,0,78.73636139817044,88.08202577246189
ATH012,23,Defender,2026-06-26,Training,73.55761987695077,7.55893316358694,1.0367206568318341,6.4078259199466965,155.0850003113897,172.28662409069693,5.795566610429682,51.31020435494823,0,0,75.2140369620444,74.07460241292023
ATH012,23,Defender,2026-06-27,Match,95.21254530611279,9.90124399255869,1.1730406591741636,7.96863748252505,169.3756281901805,189.12583809009948,7.718990057010104,81.03003145549516,0,0,79.42321606283436,79.68785297415184
ATH012,23,Defender,2026-06-28,Training,77.56840605373237,9.992951085009649,1.183097307170369,7.144451157913382,154.8363610519983,173.1176217999856,7.641449434328803,58.013355174081404,0,0,88.1341041339786,77.04127169149906
ATH013,23,Midfielder,2026-01-01,Training,79.25129421355506,6.375824207747388,0.6964059510045452,8.114484304484757,175.44122941739028,198.12404984211375,6.248014566957103,59.789742024144566,0,0,87.17180254664402,86.32121129161078
ATH013,23,Midfielder,2026-01-03,Training,70.77174322020386,9.500552351075815,1.5391160237093597,5.8844330707559935,154.54490586013986,186.61226114504882,6.327131041646408,56.79338407246441,0,0,87.899178227527,79.82257877450809
ATH013,23,Midfielder,2026-01-06,Training,70.79208735747271,7.353512286905998,0.7726667787274842,7.028274390995593,147.4149396188267,174.99250457873268,7.493052213964122,72.46308479744526,0,0,88.69288867012617,86.57758778236318
ATH013,23,Midfielder,2026-01-07,Training,77.05629821785493,6.0287230758017705,0.6762046315622234,7.027881873491244,157.37465192198863,190.49360175141467,6.03477587292378,43.03190863447975,0,1,81.34587825005761,72.2449277105688
ATH013,23,Midfielder,2026-01-08,Match,94.6570959211592,10.940964686163404,1.0355041761023864,8.008271217550996,172.8852882060137,198.43456464998613,6.425942271823227,45.99291431407157,1,0,81.47695260037824,92.23536748460631
ATH013,23,Midfielder,2026-01-09,Recovery,39.22679924796522,1.695032694237769,0.19034254932520656,2.9306667461151665,137.13963970760597,155.588510452877,5.591954967958934,60.43939705791066,0,0,73.12605556511798,67.87074282741827
ATH013,23,Midfielder,2026-01-10,Training,89.92564444203809,6.70988349785051,0.8217365846407866,6.366940285013564,151.75476668277196,182.49842953106815,5.280797402389756,39.65654126200323,0,0,92.33303224039528,71.1216631848454
ATH013,23,Midfielder,2026-01-11,Training,70.92085245817651,7.773435204082618,0.8730339068105575,6.013382038420601,149.97196769906213,176.05428410183484,6.1603631103515655,53.826685620344215,0,0,90.66666430112282,81.54513677582815
ATH013,23,Midfielder,2026-01-12,Training,68.91152940147614,6.492588025421255,0.7312197450769952,7.112769204638871,161.60537748246543,188.75686446997477,5.2545098601218,49.43023268253836,1,0,79.84718292541619,85.74327005995943
ATH013,23,Midfielder,2026-01-13,Training,57.40958226472152,8.588370977953039,0.8393395294426583,6.040402981590998,157.78696692178093,178.19630227318555,5.714078068446312,46.791759366590775,0,0,86.52202979659103,84.15148334499773
ATH013,23,Midfielder,2026-01-15,Match,92.05611381836646,10.948385042369805,1.3332835532139002,6.615626448926374,147.4098451748127,181.60998544089722,7.797609011948229,66.7449722320321,0,0,79.29251972202299,86.09950587632403
ATH013,23,Midfielder,2026-01-17,Training,68.3553575165011,6.500633938032789,0.6165990975384336,6.8335403059136635,152.34959307077852,187.86498439442533,7.042182039399789,67.17617834865285,0,0,85.44582418192734,89.49365630352142
ATH013,23,Midfielder,2026-01-20,Training,73.7029179372889,8.439299552326286,1.1141665510498882,6.709771050096483,159.34001480149175,182.9434026434311,7.869230391397641,50.91679180244206,0,0,76.20318874732897,79.56693459437327
ATH013,23,Midfielder,2026-01-21,Training,97.08754596512586,7.138914341405704,0.8555919822243729,5.642500334338374,149.0861217797439,173.93223649264812,7.081842129688805,63.90134685848432,0,0,83.88946234503119,82.71052273411752
ATH013,23,Midfielder,2026-01-22,Training,65.8344912187686,7.1359196284068025,0.7813712833939734,5.9772341752767275,156.61418266570564,183.9039928961989,5.482991034692926,53.74816378504996,0,1,79.60136331683952,82.8497822913297
ATH013,23,Midfielder,2026-01-24,Training,66.48837462166944,6.769146472803763,0.7522333179335129,6.417986358322383,145.2057160601745,171.93706495691254,7.765968374795153,59.84465975069247,1,0,70.23337038386522,77.28434862458448
ATH013,23,Midfielder,2026-01-25,Training,51.333111769248234,4.887949006615379,0.8045108128152951,5.762050713257809,144.4340107913236,167.59215029050245,8.114694544156556,69.15423837358543,0,0,85.86371558662702,86.86455201674943
ATH013,23,Midfielder,2026-01-26,Training,68.24998240601585,7.614253542342926,1.0667472208082458,5.490208654289624,151.37964372311913,176.53104511024964,4.703953744859303,34.97763250624971,0,0,83.83949390034635,73.85792149555758
ATH013,23,Midfielder,2026-01-27,Training,86.49972499830807,5.734808084433318,0.5187217542671194,6.745582290485782,155.34881315844322,182.14396045389353,7.633886620366198,70.18024372711542,0,0,91.88274499981686,90.48900584889064
ATH013,23,Midfielder,2026-01-28,Training,89.1376709446281,5.871111350165676,0.8841331126063514,5.209890345904833,146.72668353496098,179.87585247228395,7.047830424558707,71.24236684161342,0,0,74.80552487721755,79.0551386371684
ATH013,23,Midfielder,2026-01-29,Training,98.11493800348595,7.57177957970558,0.7834945894302179,7.567776592537497,164.4855816526845,196.17743911093805,6.789972376852322,50.290265955525065,0,1,84.56151925797948,88.06141109277922
ATH013,23,Midfielder,2026-01-30,Training,96.72014075459495,5.959711988890793,0.6422805044444654,6.2026166001516145,157.36122623527157,186.51631808573342,7.477136568855007,64.24776081588502,0,0,96.00264784376574,86.07539871128114
ATH013,23,Midfielder,2026-01-31,Training,65.80069053036019,5.305675836899703,0.6884529212319866,6.419086178869383,143.99562617984205,168.1099653135853,8.447636778141534,78.22779037590149,0,0,77.97824246330657,82.41527490179932
ATH013,23,Midfielder,2026-02-02,Training,74.61549826597299,6.134513610498456,0.6885051779596125,8.062097624891823,163.71497162897973,181.21984421384252,6.259975056135999,59.62713081445848,0,1,93.72089041425488,89.99828066021234
ATH013,23,Midfielder,2026-02-03,Training,103.09206692289634,8.292654343233625,1.1532541704370596,5.160920653445007,147.65863099798062,172.323781777366,7.07311904005929,57.0086957491887,1,0,81.73243422768122,83.5295408067112
ATH013,23,Midfielder,2026-02-04,Training,63.42680078921174,6.164309719558701,0.5518843960445404,4.709024461857558,149.20734129193056,173.8908947088081,7.935287102788774,81.7156791752379,0,0,74.90843562300705,81.39320305359851
ATH013,23,Midfielder,2026-02-05,Training,63.60563628825051,7.408202369753541,1.1650174167835665,5.280865278768702,156.0107709195712,177.6754528895701,6.408414445724499,57.91869667273602,0,0,86.07909048146195,74.25774223773502
ATH013,23,Midfielder,2026-02-07,Training,73.84064071343532,9.163519493374064,1.4599690326916235,6.585982535632493,155.06648742560026,178.0291686078561,6.011933082213111,51.39570116770419,0,0,85.06253568757805,80.36732040915183
ATH013,23,Midfielder,2026-02-08,Match,95.51440308080579,9.081499164484818,1.3973649259113938,8.898527079132736,170.56586856050643,202.6240218894785,6.6859424996104035,62.161052634507946,1,0,81.87946283910568,87.95057003358963
ATH013,23,Midfielder,2026-02-09,Training,85.31642438878815,7.116335801158183,0.8148387336355406,4.601960824488794,140.58496846591532,161.5776982423716,6.387779082185492,52.43946875548589,0,0,75.45391324213043,76.26679591123589
ATH013,23,Midfielder,2026-02-10,Match,97.2518523288732,9.39063406443973,1.5522432586438284,6.560895311060657,155.89582581744034,177.34666713829668,7.91678618719382,62.30754100904679,1,0,73.47788628967638,84.02074628130936
ATH013,23,Midfielder,2026-02-11,Recovery,55.00600068185293,3.496524416541003,0.48202257210520644,4.821039291433217,138.44530136720547,165.61813069257298,6.907359581829631,64.2988773050552,0,0,83.56546477498598,70.42947700098699
ATH013,23,Midfielder,2026-02-12,Training,86.97077462849093,6.843745687207556,0.9894400468532749,5.714564516760834,157.376929610001,189.3374773862074,6.953809613629253,66.93031700103013,0,0,80.71836705736789,75.43821020232097
ATH013,23,Midfielder,2026-02-13,Training,90.32426080054545,6.047866131112505,0.6898221456789535,8.140020711950996,165.497435013884,188.89302256214168,7.283775511588904,66.31908957293042,0,1,80.51046343104595,91.73921751634522
ATH013,23,Midfielder,2026-02-14,Training,81.54010022901402,8.78694379034527,1.3817688714962626,6.977533079764428,150.8538582698238,172.59635769121059,7.808810703641234,62.768909949435674,0,0,89.0920934182532,91.35385486679792
ATH013,23,Midfielder,2026-02-15,Match,89.11940792804332,8.264646424113057,0.6657540119913422,9.752997586199724,174.43001431309872,198.6325450832431,7.52996828856947,57.167277120058536,0,0,84.30825909644254,85.81407077576075
ATH013,23,Midfielder,2026-02-16,Training,83.14487652422852,6.307945315652235,0.7338147369517242,6.702476033824566,155.59816961962915,173.74996209643027,8.509837537207094,66.13152516700515,0,0,83.52427558813123,87.47888407750732
ATH013,23,Midfielder,2026-02-18,Training,58.794252530572805,5.903023488184696,0.8430421877220174,7.393826438950743,161.23484039368518,181.20355668741416,6.2087914417618535,48.77664655565916,0,0,81.3092628398622,80.26920114445262
ATH013,23,Midfielder,2026-02-20,Training,39.994392330937444,7.070118545192423,0.7739602463034132,7.75810627886513,162.31433244499166,185.52457031588267,7.672067358498047,65.89443497786007,1,0,71.31877947235272,93.1884774720322
ATH013,23,Midfielder,2026-02-21,Training,90.0774108489324,5.911075130011398,0.9255938570581163,6.032642286902276,153.84503347274728,189.1010743032948,6.5438720911413855,63.47154621096898,0,0,91.68215834268831,89.9637249488662
ATH013,23,Midfielder,2026-02-22,Training,72.3029390173819,7.074654990639592,0.6994273431421969,8.788475007571337,171.0450005038912,199.45749930950163,8.873152589336549,72.62316325233681,0,2,84.84649379800133,94.5370026779169
ATH013,23,Midfielder,2026-02-23,Training,72.17717108158006,6.507146731954568,0.5223497625300969,7.4337389251102985,166.42431402164792,198.63191028091182,7.343054323901809,78.30726571273027,0,1,83.56101597257371,96.19427774198181
ATH013,23,Midfielder,2026-02-25,Training,43.86486739685981,8.474556458810657,1.1779850334384734,5.405621485415198,147.82084072219976,176.3487906765141,6.389696848481353,68.91012311156346,0,0,92.88762833549335,94.44591830944599
ATH013,23,Midfielder,2026-02-26,Training,67.30082739131748,6.812400383449624,0.569457365717161,3.3591062085009984,133.15012356112484,164.71086011959542,7.031130914089081,63.15643545799021,0,0,72.20960202064622,78.65130939508796
ATH013,23,Midfielder,2026-02-28,Training,75.78450095358778,6.827152166968309,0.8831057022197925,7.9191331442715684,165.9419460076704,186.29584008531455,6.752453538582995,53.330228465463506,0,0,77.25032183204955,80.20660534289188
ATH013,23,Midfielder,2026-03-01,Training,77.4055020239373,7.994080852697133,0.8398961698377688,5.977656036606812,147.95216052961806,164.4927621452274,7.330552333899793,61.973855027593274,0,0,71.96188271433448,75.83685433662062
ATH013,23,Midfielder,2026-03-02,Training,81.53436254307618,6.456816331979361,0.8417747815965942,6.711193014532668,150.51557962168198,173.71145723649713,6.7699066086422075,69.17266259278153,1,0,78.73864587193061,93.93881544592227
ATH013,23,Midfielder,2026-03-04,Training,83.9806149413631,6.875709862898922,0.8024282040744403,7.303233056234765,153.56282157033115,177.64944264739944,6.2759049486375655,41.57801628657337,0,0,88.43229688829975,76.87832439817456
ATH013,23,Midfielder,2026-03-05,Match,87.13443906336956,8.696358823314082,0.9767167067497711,8.683910893944065,164.9326770243755,179.95765534217998,6.247244697207749,48.24353551398233,1,1,87.87734569481864,96.1841858505528
ATH013,23,Midfielder,2026-03-06,Recovery,44.882304320822406,1.988103029708043,0.2653351867797749,3.0809336735255193,138.97872497192114,169.76374516257496,6.3694217278367296,62.21347245095939,0,0,75.7011096932086,78.88464043368464
ATH013,23,Midfielder,2026-03-07,Recovery,46.57283647361582,2.0748836006918365,0.26841712969445164,2.947091941128246,143.25424790339113,169.0316731793641,7.239636553383891,73.34655922597113,0,0,87.27597415928963,81.41735633192125
ATH013,23,Midfielder,2026-03-08,Training,95.43692143951736,6.842477744910482,0.6947223061466518,5.91817975116298,157.36900301151346,185.51517983399438,6.733446064949844,57.55048120636321,0,0,78.56512590305184,89.59382481921072
ATH013,23,Midfielder,2026-03-09,Training,82.85185191241648,7.200363915986871,0.6079710822514086,7.6164246752943185,152.64291922356944,170.85270652071478,6.7237461228468565,56.79354184191178,0,1,81.3952574325785,81.48950333061157
ATH013,23,Midfielder,2026-03-10,Training,67.8604073362074,5.996711241125463,0.5789692600167946,7.861959910349532,162.41355735942332,205.0,5.965223365085212,56.332120988113935,0,0,90.53872858550238,82.08657957532026
ATH013,23,Midfielder,2026-03-11,Training,66.08393304155142,6.837132007035633,1.0659085649164288,8.110615367622811,165.8613488905657,196.00167569735174,7.493763744586926,61.3461856812419,0,0,71.06167529441075,82.1753803003331
ATH013,23,Midfielder,2026-03-13,Training,48.065219021136095,8.337881464850117,1.3799674121168481,6.278021977556745,143.0083748977115,171.4914361748413,6.902458685377822,56.35166537358262,0,0,83.3139208709812,76.15291492861785
ATH013,23,Midfielder,2026-03-14,Training,51.05917308697563,7.673663515143175,1.1077773630126444,7.050817351713878,164.18017002542163,184.4099691576865,7.462528195373344,62.312278139496684,0,1,78.12509439315068,90.60520663735184
ATH013,23,Midfielder,2026-03-15,Training,92.84077824400198,7.325409694104289,1.125130951607419,4.256076492927399,139.7471033598703,162.93074142344108,5.933949632908717,58.99488646738269,0,0,76.3835607061861,74.91126663030958
ATH013,23,Midfielder,2026-03-16,Match,93.82558284281603,10.08863566486043,1.2609166210889258,8.274135106455944,168.1309145638375,191.1171872679209,8.20938584189696,74.25339699304232,0,0,86.0321339554151,87.5864323073037
ATH013,23,Midfielder,2026-03-17,Recovery,63.49826711328761,2.8196438084107522,0.38454896701311386,3.1401690971144514,136.70393427352425,163.7375918276022,7.005676413867765,68.97899104294173,0,0,85.70137166896666,76.73337427155589
ATH013,23,Midfielder,2026-03-18,Training,68.89721048756113,7.178285209367393,0.6582924822721582,7.984444319249851,159.51156626701436,193.12697557930068,7.4311872138540425,70.53298131720105,0,0,74.07599362889984,83.19126173854359
ATH013,23,Midfielder,2026-03-23,Training,101.18429458169936,7.537302051876632,1.1727900806322384,6.5807626173421845,155.00763038234803,183.94254699896453,6.873509490556392,58.83034194328491,0,0,96.17430399858155,81.89934629912933
ATH013,23,Midfielder,2026-03-24,Recovery,50.50362430738381,2.958951730904847,0.40936881064096053,3.2311573598631753,130.135849850012,155.23971239842436,8.503335000554092,79.98612014048079,0,0,74.8981573292042,91.18603337496799
ATH013,23,Midfielder,2026-03-27,Training,81.51655073169763,8.52290385202275,1.1009903740994875,6.389673384935988,161.80560534217628,192.60404894591144,6.465692177072972,60.55109378048339,0,0,69.36977586250251,71.90889702000226
ATH013,23,Midfielder,2026-03-28,Match,93.90849140755567,9.905506016374305,1.628203684561035,8.482133503620869,169.0736996498936,204.8347147070834,8.592073130506828,71.26495220743551,0,0,87.51395493000106,86.05692778686141
ATH013,23,Midfielder,2026-03-29,Match,83.6423971156621,8.731120420572541,1.22749351800264,7.792532230674136,154.76519376909573,166.08736333939723,6.8441054533636985,49.85142178931635,0,0,85.17204600978587,74.8455351642076
ATH013,23,Midfielder,2026-03-30,Training,87.9040022004268,8.22044327628806,0.836388310478959,5.2971738728556685,147.7963016185758,166.52879409456548,6.640293214133746,60.04820261103563,0,0,77.03399641919953,76.1150524788374
ATH013,23,Midfielder,2026-03-31,Training,45.57500608872506,8.0981603513103,1.07022586093927,6.375169074048472,148.68065845500007,181.5570900662227,6.839658226212464,70.25138871770508,1,0,77.3996659523957,99.75340192015723
ATH013,23,Midfielder,2026-04-01,Training,80.100737196065,5.744472791564891,0.672531309989304,5.41422670069455,146.43628952892064,175.58733871870672,6.0129044237659475,60.43945089008142,0,0,78.65256858907361,78.04668363377047
ATH013,23,Midfielder,2026-04-02,Training,75.74681202558165,6.630420606409895,0.9068966975354451,6.538838773120413,155.44807828713417,171.3114047830087,5.622719259335565,47.89713709357027,0,0,82.29219743759123,75.31230785254188
ATH013,23,Midfielder,2026-04-03,Training,105.85326367645195,7.428795425646159,1.251323524672785,4.230277521191454,140.80365518174906,173.05612166315157,7.184868822159042,68.83777372606636,0,0,76.86818761698397,87.10304258109781
ATH013,23,Midfielder,2026-04-05,Recovery,35.315294536100524,2.749390403244785,0.4662843183197314,3.341021483086223,144.3439348454226,164.37967844970586,6.253439306526846,54.651308008843195,0,0,82.31646510542853,75.10498566336759
ATH013,23,Midfielder,2026-04-06,Training,55.896060164485476,8.301491444401575,0.6712899511711145,6.239575612972268,147.38659315836168,179.2475101115199,6.053421033817715,54.468809001635776,0,0,75.02202592478568,74.63388429710328
ATH013,23,Midfielder,2026-04-07,Match,96.37534970668342,7.901075360837433,1.2847446386626717,8.27843455497336,161.5983426984545,187.03820176525434,6.3635087733937095,53.331882231581346,0,1,80.7348399023401,82.4836457934483
ATH013,23,Midfielder,2026-04-09,Training,88.05013329122511,7.710969301613584,0.8112976320630094,9.291329951895294,170.38219405453157,190.88741979821606,6.712656454817484,46.08215809000528,0,1,89.06380545113078,94.29410860955926
ATH013,23,Midfielder,2026-04-10,Match,89.95336104229344,9.311022324365368,1.4068458686141019,8.708160080715404,168.72090905194045,192.96955388859377,7.017231668965955,61.25002548994959,0,1,82.99481582350477,95.45440021203193
ATH013,23,Midfielder,2026-04-11,Training,65.6933854687313,6.754745290679161,0.8487171376615055,7.598365289786576,148.907875017508,177.65379141885546,6.132532146721283,45.51046356891979,0,0,84.59207696099188,75.04024261709219
ATH013,23,Midfielder,2026-04-12,Training,74.45413759415588,6.346249652338593,0.6996609360545601,6.55773450373524,155.05991216668042,185.7421020926787,7.80200329618355,77.48761599744171,0,0,68.7601068531275,86.42503367702726
ATH013,23,Midfielder,2026-04-13,Match,81.91726212888244,9.366437394978693,0.9620864477137098,8.82391263959006,161.27049920059918,186.1981376127985,7.648349847097243,60.32551703063319,1,1,80.40891388250739,97.87660009016656
ATH013,23,Midfielder,2026-04-17,Training,77.58933927560143,6.00462041395758,0.7760459345053592,8.431931394421955,167.8161061178507,195.50414671670228,6.826240774332699,56.83811590025117,0,0,88.76968438214179,76.48609846942446
ATH013,23,Midfielder,2026-04-18,Training,91.75442177644261,6.102694274817348,0.7999094046311102,6.199775185715826,150.8165781088473,176.16398293234622,7.654486677758816,75.84042793467452,0,0,85.38483775591558,88.9274506609665
ATH013,23,Midfielder,2026-04-19,Training,81.07271442038068,9.14723516319888,1.468826406748842,6.409741551783624,151.93402242271745,181.19094966474543,7.356372157462934,59.46912061057883,0,1,85.09201715599677,88.89058920072657
ATH013,23,Midfielder,2026-04-20,Training,73.94015235666248,7.480763798316322,0.7044603356535101,8.000401154816856,171.7723075542993,195.69659552662029,6.57492955735072,55.11010887938289,0,0,86.51136718170132,82.31866064615785
ATH013,23,Midfielder,2026-04-21,Match,94.12604767405352,11.483731660357265,1.2560355836064996,8.349564796334239,164.70788487659306,181.48701528817466,7.871760005889582,79.66496621487018,0,0,83.94717731978122,84.49358783857252
ATH013,23,Midfielder,2026-04-22,Training,69.62123882839037,4.745840114127299,0.7917468581547578,6.247819824263137,142.19583631901313,161.20904649528464,7.533250210573307,78.3422136821002,0,0,80.29754299991794,82.56331237942494
ATH013,23,Midfielder,2026-04-24,Match,84.37613296566492,8.272114901167404,0.9241928664203068,7.664651540904199,155.71350544493828,175.74584174315675,7.809931330154792,71.66760043881659,0,0,76.50845771070924,80.4670006356608
ATH013,23,Midfielder,2026-04-25,Training,58.07169826526726,9.371336897100209,0.8504334937093498,7.826530157866414,161.83006268653685,189.0629412427001,6.868000130187611,65.73125730748234,0,0,78.54256285762654,88.16713411653826
ATH013,23,Midfielder,2026-04-27,Recovery,45.00803554251902,2.7975971365506758,0.23083873619119166,3.0530468628728276,147.85013911710513,167.24620733737464,7.892712232396147,82.28668832352209,0,0,91.43762652333731,78.48961942816032
ATH013,23,Midfielder,2026-04-29,Training,81.01846089744782,4.541584670613238,0.6688773279220573,5.984045739080404,143.42919065160837,167.75582403351257,6.0452350489793965,53.993633663113016,0,0,80.8107389895803,78.16508796343943
ATH013,23,Midfielder,2026-04-30,Training,89.16872332005222,7.61119918889829,1.2291138030770206,3.9497984579060876,135.50489540083154,163.24907371546985,6.345719903416494,61.56721191630919,0,1,78.5356288104982,75.98033852593962
ATH013,23,Midfielder,2026-05-01,Match,97.76216944117955,11.086108427505085,1.7776962597354953,9.490877019884696,175.26773316967206,205.0,6.768167761513439,66.3072276941555,1,0,81.76141580158637,92.99148538893651
ATH013,23,Midfielder,2026-05-03,Training,78.51389003911363,8.12251283936387,1.0056075826883148,6.306400029413324,158.90719902660788,183.24373466215886,7.28041709282473,69.00632052400313,0,0,88.05299091383762,87.7572431739092
ATH013,23,Midfielder,2026-05-04,Training,78.0599456460248,7.536387650984421,1.1360167219481558,6.247198994065149,152.5844497476755,186.07342292667948,6.318377070573635,56.1656493137975,0,0,86.52894415130706,84.01743503914325
ATH013,23,Midfielder,2026-05-06,Training,71.68886620015007,6.205950397980399,0.910784281113331,5.538335272184074,150.35706449288654,183.17065829053837,5.932019041109454,62.38462191891095,0,0,89.62968312569751,83.76171018111637
ATH013,23,Midfielder,2026-05-07,Training,72.86400142549012,7.18392371160588,0.8096302052253135,5.791911516269469,145.37277661216822,172.8805092314686,5.924075750106857,45.23652283031301,0,1,79.39241962294629,87.24157138136403
ATH013,23,Midfielder,2026-05-08,Training,76.28666984491277,5.865837625490112,0.4774208744117873,6.178562989141244,153.39243356810613,182.0799691104695,7.805796955554035,68.2932396542289,0,0,81.09141295240423,84.04598775134525
ATH013,23,Midfielder,2026-05-10,Recovery,41.58872826673636,2.7583927895467024,0.3925131827875785,3.69174156798439,137.59244879751014,173.83912937293175,7.10330902876559,73.54753450165008,0,1,85.66352557467235,86.91877424504474
ATH013,23,Midfielder,2026-05-13,Training,82.00449058775745,7.174608234976211,0.5862315974046285,7.6355319053841955,166.36205333909993,186.92650099219568,7.398844738188532,60.54154649683783,0,1,88.52179906808477,91.25494452050306
ATH013,23,Midfielder,2026-05-14,Match,92.58471476671443,9.579195281993323,1.2819770230008987,8.476837472738213,173.2702135072038,198.36633439158246,6.811101738886952,68.87682122245774,0,0,86.84468627218696,82.99781256072754
ATH013,23,Midfielder,2026-05-15,Training,81.13501981941627,7.0696886041761715,1.1077029237329146,6.797527013875712,151.84365840802775,168.54503363565834,7.395681377428559,62.990769558515105,0,0,77.3123066991424,85.16685674093685
ATH013,23,Midfielder,2026-05-16,Training,73.17318521758993,6.2428229465413665,0.7906945219712345,5.66322159402158,150.0508492639075,188.90615051662257,7.3401352946760134,60.40301573929432,0,1,72.12412969948299,79.17797933617406
ATH013,23,Midfielder,2026-05-17,Training,78.48794860688781,7.489948686220093,1.1006577628703937,7.2477794793131,159.0000688669978,191.83339273721015,6.62305956432306,63.891299253436806,0,0,90.60607480981426,80.94503588292392
ATH013,23,Midfielder,2026-05-23,Training,67.42845602103574,6.960200144512939,0.6577529092988268,6.990604323936691,160.0135478373155,170.10666295951245,7.037560359439937,71.40197456087267,0,0,73.45922973782237,84.34452458730547
ATH013,23,Midfielder,2026-05-24,Training,82.64200150432345,8.318901239098157,0.9173037066242498,6.690268529873126,154.7840683219139,180.2263791673297,6.617034172153795,53.422770320885014,0,0,74.43810500297589,74.99634845357006
ATH013,23,Midfielder,2026-05-26,Match,95.65637884229616,8.307410235771979,1.1827557908577935,7.84436532177282,159.1704830740565,183.56359147655766,5.573084065918313,47.838602919362415,0,0,78.06758696835662,77.27421426837206
ATH013,23,Midfielder,2026-05-27,Training,78.39189346987914,8.626639872537023,1.0013224822817466,5.30629282818642,138.89893299386083,163.96424761726965,8.829635309011612,79.88900323786656,0,0,77.28275498434186,76.39288547319678
ATH013,23,Midfielder,2026-05-28,Training,97.31284280363369,7.242323989495024,0.7215125716200792,6.011491662227515,144.20924830211538,164.6422787461949,8.064949264243735,67.51163529568436,0,0,77.73249541205371,74.05648294923182
ATH013,23,Midfielder,2026-05-30,Training,81.2655279097514,7.063463977941196,0.7057822420028771,5.48438896781084,150.849138459407,163.39072367406362,6.66825714537282,60.10549319153512,0,0,88.71463549923482,79.87000030221748
ATH013,23,Midfielder,2026-05-31,Training,71.8065544332201,7.210534621948443,0.6550852511269314,4.825093909809711,139.37598267479012,165.3440078049835,6.989621462313799,73.90486250230786,0,0,84.98561580892739,87.32837155535552
ATH013,23,Midfielder,2026-06-01,Training,46.26426161187423,7.7001704566636535,0.7965343812640527,5.686093624142293,145.12100903084595,167.09468229510568,7.402484423226983,75.08713817170137,0,0,96.22846427754203,88.08359804852384
ATH013,23,Midfielder,2026-06-02,Training,82.24869607329474,7.1315981788299485,0.6021057152364881,6.562484691751849,153.26125927814817,173.1456082678556,5.349455243299346,47.069693550403734,0,0,82.05736152250782,71.66896409061464
ATH013,23,Midfielder,2026-06-04,Recovery,47.97213946448022,2.5978302963452706,0.35939742791118323,4.395348433546957,142.26206523717192,170.9531266345688,8.737148456033744,90.34665358832868,0,1,88.17151440114665,88.04794686927707
ATH013,23,Midfielder,2026-06-05,Training,85.40328814301267,5.729167834256429,0.9556725362407256,7.001317120140041,158.69743446333388,184.7957961688969,6.85173611474302,61.32304840019887,0,0,84.43892506749128,78.85757550406777
ATH013,23,Midfielder,2026-06-06,Match,91.63542070329433,10.53656276172678,1.481255445060573,8.265002116501027,155.31817095141895,176.51199037480205,7.8292900557831455,65.54648499638478,0,0,76.48005393292702,84.5963076936176
ATH013,23,Midfielder,2026-06-08,Match,89.45552279944691,9.855640086416596,0.7963089493228146,8.114098539806804,168.7492620233394,188.7758571083105,5.927861826219386,47.91726358949421,0,0,69.78624143995117,78.55103382150466
ATH013,23,Midfielder,2026-06-09,Training,49.964110396999494,7.796311523904949,0.7496651732476973,4.976733973054162,145.60293791981744,166.24672642591952,8.173546406124172,94.04900826598018,1,0,79.95606104029329,89.49342438603718
ATH013,23,Midfielder,2026-06-10,Training,88.91506094287826,6.165668230580436,0.751361754267943,5.109257892200397,147.2014718101821,177.84695585555744,8.043569628590891,67.77992293951696,0,0,76.39412021198447,79.85737132241121
ATH013,23,Midfielder,2026-06-13,Training,75.79741153774553,7.796005583243564,0.9894080256348566,5.769649361596113,148.33229290842536,168.0670158319311,6.910729784399094,59.70044428018859,0,1,66.35769934689162,74.44150912098252
ATH013,23,Midfielder,2026-06-14,Training,66.44793444044095,7.871369019023416,0.769511798966298,6.9539393349293634,161.88704651979154,179.8971936741509,8.56873660994033,76.4756148184613,0,1,94.08756297860619,88.2934056610636
ATH013,23,Midfielder,2026-06-15,Training,79.56498651013071,8.37260792128234,0.9372397047808353,6.927215167383668,159.29208026821502,181.20245598034006,7.338454634518339,64.75912824457954,0,0,90.94002226182965,91.10321082905516
ATH013,23,Midfielder,2026-06-16,Training,81.57337051172547,6.234906591570685,0.7899195626105784,9.478646186945753,162.2444176406135,180.19967105727054,6.1851263396120455,46.5806982760845,0,0,82.61931587007258,83.9355120878648
ATH013,23,Midfielder,2026-06-17,Match,85.06458529307635,8.630873408019543,1.1022431460270028,7.472712806596033,161.39969586968485,184.10196416055433,8.08373149836425,75.98392231728364,0,1,81.05642683573919,88.22051950292463
ATH013,23,Midfielder,2026-06-18,Match,89.22958026512705,8.310433038241493,1.2732031928162995,8.893158181544042,171.2511471210392,191.72007372350805,8.848179068846742,78.81272898062147,0,0,91.22160320081875,87.64060094092154
ATH013,23,Midfielder,2026-06-19,Training,84.54023818685465,8.640806071604134,1.1089409987432304,6.473418583253715,155.59657790761653,182.69304745085392,7.261530249086835,56.12930558957973,0,1,84.78672331662884,88.91151560258493
ATH013,23,Midfielder,2026-06-20,Training,67.13343663271594,6.96862503164713,1.1408359797795042,6.341661497914118,156.22080419885117,175.94139983898742,7.27551456847452,71.78746332218657,0,0,72.21479707499817,85.02480646577041
ATH013,23,Midfielder,2026-06-22,Recovery,47.64661436347894,3.4639920344597264,0.3719070295319559,4.260071812329631,145.5220417073305,176.65264364126904,5.547339182227386,59.96384198248153,0,2,70.10966368782584,80.71088590034233
ATH013,23,Midfielder,2026-06-23,Match,86.60021036413436,8.468772700105072,1.1325815528532432,8.608111998935705,165.31828154101552,193.4409576966572,6.297518197721404,49.71267761715344,0,0,92.29585259389314,86.22692352737882
ATH013,23,Midfielder,2026-06-24,Training,73.29781514304611,7.664911860819884,0.7239145387413031,7.740180185754489,169.62565518824076,192.56834105095783,8.156734052498967,77.54578367233069,1,0,91.4363096085962,96.68493492080388
ATH013,23,Midfielder,2026-06-25,Training,89.5984040707481,6.088357779366015,0.5709025440877968,5.790201800622721,150.13877939059014,168.61101279750585,5.6799125742083625,47.044589495409625,0,0,78.4431485834154,78.789824487789
ATH013,23,Midfielder,2026-06-27,Training,97.2751147172012,8.408687144977172,0.7713521817797715,6.367034291466759,152.1010261758103,179.05678545390487,7.637089104981994,75.30688617219951,0,0,89.34442832978286,89.19637635495822
ATH013,23,Midfielder,2026-06-28,Recovery,54.73003773107023,3.4033246010227556,0.3061652745032227,2.6200562133706518,135.16023252516976,158.09691802668513,7.643806688490392,79.7283982682001,0,0,74.33045772571568,71.84241343002341
ATH013,23,Midfielder,2026-06-29,Training,69.07681914944175,5.449307098350519,0.7966293872006301,5.313405378913425,148.97947187823573,167.43418365769162,8.023333458341773,78.841849226035,1,0,90.30725541910573,95.29845539446616
ATH013,23,Midfielder,2026-06-30,Training,83.74127036335004,6.401007659478712,0.5412560691360401,7.241336702650845,159.57989469848582,182.63170447385363,7.031124873297688,65.82897517183251,0,1,95.10083874518553,93.79424710955944
ATH014,25,Defender,2026-01-01,Training,66.0624982533617,8.645978834828648,1.2729531122025852,5.691314468583478,141.89371833756044,161.21323040997743,9.16553976627808,84.2091190520445,0,2,87.87296495676014,93.11643411967314
ATH014,25,Defender,2026-01-02,Match,91.94712187501433,11.981608287265397,1.9572817356681662,7.910815941445402,155.55628786685926,185.68272521136208,8.183600317118472,67.8361292844348,1,0,84.64071416773406,87.38860553093855
ATH014,25,Defender,2026-01-03,Match,94.88547013919465,10.768746676943469,1.3468890046277373,8.056353296363515,159.24246878617956,176.53948013280655,6.777570690714479,49.46064864107576,0,0,84.76211046279857,86.84772097854983
ATH014,25,Defender,2026-01-04,Training,76.5186236625803,7.23230529114111,0.778715008955824,5.817340146247616,148.77147029858287,174.9195554974318,7.896807335095315,71.01155292498446,1,0,87.12244223549109,87.38608998133157
ATH014,25,Defender,2026-01-06,Match,90.40892822169624,9.588291636898944,0.9568449271166665,8.840127160362295,169.82912637660354,194.93351218461208,7.525811488758774,61.74448565108249,0,0,87.36593966031494,82.71943549289992
ATH014,25,Defender,2026-01-08,Match,100.23907492813282,9.193674258212846,1.1892333982356331,7.982335702129231,170.42167346373273,193.3312917286722,7.869672070398388,54.6683237578398,0,0,94.17690110369645,89.18998644264327
ATH014,25,Defender,2026-01-09,Training,63.25357082795332,6.5196004556068585,0.7970477871593835,5.492420084738184,152.82141467313608,174.4939931740795,8.279340963438594,84.43214085643196,1,0,65.49454555063662,93.97402859029862
ATH014,25,Defender,2026-01-12,Match,95.89704184316498,10.49409165085535,1.229573177783261,8.710582790759046,166.67910187415308,189.19231552101402,8.596399592009057,73.95763684767641,0,0,91.74931207761958,86.1780067282094
ATH014,25,Defender,2026-01-13,Training,74.01444709657272,9.439991085397802,1.3040768698079312,6.701240783585338,150.40098096677403,170.95942480305206,8.000522781258622,80.09036320195302,0,0,81.23705363781283,86.75689610046545
ATH014,25,Defender,2026-01-14,Training,83.707711489704,6.953371417907644,0.8679856654913138,7.277391982347153,156.86580840418947,175.16350319799474,5.758987417997563,47.30111071258679,0,0,81.65601537275134,79.5849247200829
ATH014,25,Defender,2026-01-17,Training,90.20707891384586,9.101582839420546,1.4741189538787656,7.293202967989009,157.01652080786488,194.84634244514166,6.001166158011543,37.48748643466942,1,0,85.90260255853762,98.44320298725951
ATH014,25,Defender,2026-01-18,Match,83.1684804728004,8.30605101923724,0.9859922515686501,8.629523868611363,162.82804556011288,196.80858133460703,8.005221420398875,76.77650726259888,1,0,85.9987702455124,91.45960123639225
ATH014,25,Defender,2026-01-19,Match,86.81936211306058,13.392410812654372,1.7968470675550532,8.435481935256677,167.98826190660577,193.15906834850344,7.588921319516786,68.2916410386716,0,0,66.13182463474352,70.73816041869907
ATH014,25,Defender,2026-01-21,Recovery,61.59311992545356,4.021690534396163,0.5790216085166415,3.8946930618633306,130.52620019516036,155.36588251954052,7.375632223954606,71.75707721066625,0,0,83.28389078384458,80.979720889789
ATH014,25,Defender,2026-01-22,Training,79.0457926140932,7.903243478824539,0.6972934708141453,6.327225880479875,153.25185969276177,172.49663279482456,8.024460084377555,77.25076403098343,0,0,86.56599166912964,85.86572045051703
ATH014,25,Defender,2026-01-23,Training,52.35284756220489,9.248909600163525,1.4814461962419398,6.679906433329716,151.46240255591403,185.6054271880584,7.111356031124699,64.17869439226408,0,0,73.97817976492692,82.35781774118387
ATH014,25,Defender,2026-01-25,Training,68.28136469618221,7.677802262181074,0.6397844297743993,6.287699899429719,155.2151723916751,185.20466393113333,7.963386511379151,73.1561250396118,0,0,78.34315824610215,82.44261389143605
ATH014,25,Defender,2026-01-26,Training,65.44450901183265,8.851271289458479,0.9774471765705153,6.678922385109221,148.48989061539297,181.98329841749342,7.236724404076266,68.63315194321666,1,0,87.85717393507458,88.2321587139643
ATH014,25,Defender,2026-01-27,Match,97.14866139355304,10.603510588109062,1.4966976940473902,7.607104173212453,154.47362693986457,194.608847125615,6.46854927796119,50.988123239117215,0,0,84.25772706967558,81.3192274919791
ATH014,25,Defender,2026-01-28,Recovery,35.617817877311296,3.541358398788158,0.548301605308606,3.5350423167110794,130.9244373022705,160.5981393524647,8.215867408478053,82.62884731464841,0,0,83.46737344733522,79.30271017517362
ATH014,25,Defender,2026-01-29,Training,65.89489329652815,6.794966131114058,0.7915610589821546,6.009403977931443,151.81211077590683,165.0785194475114,7.394373015054137,66.33106095902374,0,1,76.4049515224227,87.25310709678894
ATH014,25,Defender,2026-01-30,Training,53.13708132531871,7.745566500073939,1.1418623866478324,6.262704342226152,156.56097696452738,186.03793876046402,8.837363872586492,93.22523537050053,0,0,76.8429759128559,78.74788485276726
ATH014,25,Defender,2026-01-31,Training,82.20838919378038,8.95341377716175,0.8641632701947414,6.9375111366726046,151.3084532088505,165.15785975533274,8.072991414466111,67.65236236563993,0,0,83.18574775245435,87.68942970088564
ATH014,25,Defender,2026-02-01,Match,95.95501937507605,10.399474669285821,1.700857745025492,8.432586216572437,167.1370014770855,187.49908306057893,7.441634822853675,58.03051297818868,0,1,89.44316197739126,90.58488735927192
ATH014,25,Defender,2026-02-02,Training,81.18047483957203,7.028156971302451,0.6290903071676196,6.458986418982474,160.42752961592075,185.43121074825547,7.622616044335678,64.48843912913784,0,1,79.13798506947643,86.89269563538154
ATH014,25,Defender,2026-02-03,Training,83.4848109244989,9.755342456693192,1.4948768118323996,5.558498365972693,134.87267780701617,176.3125126834043,5.920136583459053,51.434341947691706,0,0,89.05093332264924,81.75606403975098
ATH014,25,Defender,2026-02-04,Training,107.11080875433858,7.720681023875734,1.0804485562919843,5.424375266712218,155.28782614886285,188.33429468989726,6.443347563061124,53.039550530400376,0,0,80.49007894817363,83.10745186350108
ATH014,25,Defender,2026-02-05,Match,86.85489575812593,11.158003679292985,1.651841837975029,8.6713105872066,165.42008893219392,183.17910821485367,8.384339870003773,76.71985994121898,0,0,82.11317900675023,90.73377249726789
ATH014,25,Defender,2026-02-06,Training,76.86770455672591,6.11430371596786,0.6393528576205944,5.6474921347673765,139.34597462758234,166.04545683874818,7.294251941688327,71.52247166146334,0,0,94.3447839453428,84.55727227510368
ATH014,25,Defender,2026-02-07,Recovery,50.959549865454186,2.6750185796021966,0.27732832934418017,3.6596259505359967,139.66686522298482,158.34626226123353,7.208216156095815,74.27985994857524,0,0,85.7944759915773,80.41582714812716
ATH014,25,Defender,2026-02-10,Training,68.95363330444356,8.169857404102654,1.1817971880305183,6.201227497495645,152.43071933325302,171.79421254053955,6.1129236461923835,53.61664121613403,1,0,78.97669339827031,89.18660864392635
ATH014,25,Defender,2026-02-12,Training,74.38876908490612,6.06456910253548,0.6981157017503189,6.4973184364047585,158.35336939531558,184.5944998032976,5.570728011527765,44.218094127778386,1,0,79.78636334300771,80.88322538753886
ATH014,25,Defender,2026-02-13,Training,62.350718228173534,7.513494868885824,1.2559260198948539,3.990006521460097,141.20497600577346,159.404891474168,7.305315132116475,60.25198438707937,0,0,70.29296459618453,64.95949424139572
ATH014,25,Defender,2026-02-14,Training,64.98161385423148,8.597129287326682,1.395711656883333,5.975779458731497,160.65308112759908,188.8344248702039,7.7966981113071006,73.57035316330033,0,0,77.0763463944591,86.23706180635716
ATH014,25,Defender,2026-02-15,Training,59.04825377697559,8.531746237214604,1.1766596378099288,5.861906619896532,143.63962503162782,171.51121821688528,7.2809630384672,67.28203999506587,0,0,79.15086921266155,93.56620936352222
ATH014,25,Defender,2026-02-16,Match,91.88222744463769,12.321843991247976,1.2068830733647264,8.497166946340524,168.39404861198446,177.4068129315863,8.203487748312995,66.56601987755435,1,1,83.123088492305,97.95776399663566
ATH014,25,Defender,2026-02-19,Training,76.47094242735636,7.765880657112163,0.7432881912349919,6.334180271068672,159.46080958467238,187.77586636821934,8.402909219355681,76.81848792863309,0,0,81.04702485168094,77.63540593678769
ATH014,25,Defender,2026-02-20,Match,92.97311094372549,14.715640357994303,1.2385318515765518,7.8644034087326915,162.80158377835562,183.5032974598544,7.763203178920856,58.85070327043286,1,0,77.80596885875508,86.51275096582619
ATH014,25,Defender,2026-02-22,Match,84.36071497751331,11.342704482746942,0.91758619429495,8.275592249924042,164.9889009996123,190.32660511674004,8.77212670648934,72.4188708116779,0,0,89.81758042358805,90.43035595411042
ATH014,25,Defender,2026-02-23,Match,89.80606611887306,9.675965411324718,1.160009784660159,7.525433462751658,157.14202505621586,182.4731889945818,7.685343372998165,60.39117295139178,0,0,73.95688093452914,72.18981679344263
ATH014,25,Defender,2026-02-24,Training,78.54954139491203,8.439124735385844,1.4142827585881146,5.656037962433496,154.24680177692085,185.41631478843536,6.261735243881701,60.38545643875631,0,0,88.4561918874612,83.72426630359364
ATH014,25,Defender,2026-02-26,Match,83.4061868967478,10.157628914486988,1.0552231011318502,9.685653043183322,174.66029147451636,199.76466909104133,8.315895239242145,61.36106170566527,0,1,73.77745428703214,100.0
ATH014,25,Defender,2026-02-27,Training,92.48808088599182,8.946959815096795,0.7971909435779924,7.929205185587884,169.9730167862869,190.65021641687144,7.626047390466129,68.46647101636073,0,0,85.82538009756188,88.1850536157999
ATH014,25,Defender,2026-02-28,Training,79.47543213107244,7.06805717595957,1.0991531798521916,6.729153985170717,154.39128221129948,174.158787971821,6.760610088283566,68.07395467394602,0,0,93.23060339518278,74.38754739564415
ATH014,25,Defender,2026-03-03,Training,84.40770625315997,6.991689338263994,0.6790226490704796,8.365300620691764,161.68595632363977,193.4654248525457,7.118844871019232,64.79414732399968,1,0,87.91654008367216,95.46335253903987
ATH014,25,Defender,2026-03-04,Match,88.96003564229248,11.877993064706677,1.0423125434065117,7.692470207485735,158.02830326786835,180.17375746141377,8.24172569564315,71.05015946152169,0,0,77.31594637166266,74.54868140196236
ATH014,25,Defender,2026-03-06,Training,71.9645834694947,6.223970824140801,0.7756580629712767,5.035340238166963,142.95502786209312,167.4702431747732,6.393458040304245,54.358089466521506,0,0,87.17696205712546,81.48149085975034
ATH014,25,Defender,2026-03-07,Match,92.57355061198561,10.026876834959221,1.088855858846611,9.538924838909619,167.66829687576035,184.18064438616793,9.330598864874041,85.6073470621492,0,0,91.73510795162056,95.27453136968155
ATH014,25,Defender,2026-03-08,Recovery,63.74159869005159,4.147349846697152,0.33416858427390406,3.6901148499230785,145.92521116708946,167.35368864572794,6.891526523556868,59.89469646143739,0,0,87.6085749085816,78.39774400670292
ATH014,25,Defender,2026-03-09,Training,66.71209806526082,8.145414700050427,1.2317257882544346,7.355460696245715,158.660572340646,179.90877546017194,7.343929674652454,67.35997895179042,0,0,83.20525156981033,84.04131927122091
ATH014,25,Defender,2026-03-10,Match,80.08346250668103,12.66580464763526,1.3927580458396238,9.462383683918116,173.65302666567493,194.03810771737344,6.6319460666168615,43.186207019524105,0,0,84.47220722557766,73.75462335144319
ATH014,25,Defender,2026-03-11,Match,97.36112203985321,10.170577732097657,1.161880456569034,8.072867174887271,156.73459060346588,188.30155071861853,6.990267189455881,57.369385785496036,0,0,75.98031280659696,78.74084821958058
ATH014,25,Defender,2026-03-13,Match,93.28112489472676,11.803766547968738,0.9859700102493084,8.506787224938776,155.77558033860208,181.95592574853288,6.813049201727965,50.61498188034928,0,0,69.2434253446047,73.01289815313896
ATH014,25,Defender,2026-03-14,Training,79.53835466261143,7.407562214641582,0.8617023491464219,6.596368035136223,146.11421890822157,170.11988797278795,7.7853221967984,58.4408300120408,0,0,79.77744247268716,85.73745865957476
ATH014,25,Defender,2026-03-15,Training,88.88444916686555,7.116283636372993,1.1088944814033777,7.549176206331867,153.7777494518441,186.68174293919517,8.377888521318619,80.85145734226025,0,0,89.54840412163168,90.35955933026007
ATH014,25,Defender,2026-03-17,Training,77.34513111104417,9.726928534813643,1.2039411053693787,5.8156651959466625,145.61203658346662,159.6561958694681,6.225644918728435,55.255468179948245,0,0,95.56810689484533,82.23239083621445
ATH014,25,Defender,2026-03-19,Match,88.62088331710923,12.935204720437426,1.7255083662780029,7.852850864313372,153.0917753379001,176.69426738708697,7.834236516563118,74.80910936536904,1,0,86.92823250415994,100.0
ATH014,25,Defender,2026-03-20,Match,97.39935017121037,13.580750475135757,1.6157197283106697,7.398427247472741,163.11643219488346,182.3535797875714,6.902037585501219,51.31732138721027,0,1,84.58450106134728,78.69538271680639
ATH014,25,Defender,2026-03-21,Training,68.51593044319215,7.312762775218426,1.180518310649299,7.756872310897281,164.1800323078373,186.4637524139196,6.783471352647121,53.97418696342144,0,0,86.71205006160146,87.10476826849636
ATH014,25,Defender,2026-03-22,Training,69.35390153496989,5.8096678607296806,0.9396698700634651,5.984498411471278,152.3927014134484,179.81565992729193,5.994833638853146,32.97330064662879,1,0,87.65821803579932,86.54107284620983
ATH014,25,Defender,2026-03-23,Match,100.27457117364284,12.301067298813413,1.6986578774464778,8.028946102624769,167.85794643326062,191.33635283286839,7.969674904451774,81.4908598113123,1,0,65.97555783228566,93.94181789916912
ATH014,25,Defender,2026-03-24,Training,57.38257334293642,8.682763909126521,1.3900414836008648,8.068767257877344,167.9359155016248,185.97125791115394,8.13367127199945,73.76703469186324,0,1,86.4185003536403,92.60695148811736
ATH014,25,Defender,2026-03-25,Match,96.15149344588778,12.45922099162068,1.2811860874784697,9.066759079077366,171.94986247045904,203.40298000784495,6.717838132650427,60.939395190146,0,0,77.68422855791064,89.29790914036809
ATH014,25,Defender,2026-03-26,Training,79.36932132568924,8.814930057009088,0.7660191497954235,6.280003918832984,152.8775067527956,171.15753939218425,5.71233690147153,43.52112678317742,0,1,86.15751000914435,86.75259124267905
ATH014,25,Defender,2026-03-27,Training,87.44770038349108,8.902583968612811,0.9615031728435149,4.795629614203825,141.2971281946831,169.97631524358056,8.906993018981046,85.47024041959732,0,1,88.83410451655763,83.40458814567201
ATH014,25,Defender,2026-03-28,Training,72.89882841105073,6.700232777780935,1.0297533310224967,6.790327297677767,152.47774168575395,174.6704456787334,6.187390792732387,42.414318130020476,0,1,91.86958816989629,77.8032531175125
ATH014,25,Defender,2026-03-30,Training,72.56670428697784,9.603706842169176,1.4554204222079952,4.6272331585743505,138.767886912515,167.30215160722398,6.672039528797795,62.92604543609991,0,0,76.20353221921665,77.30337834829032
ATH014,25,Defender,2026-03-31,Match,90.46318557980162,9.16873135942253,1.345462707646194,8.659937359073512,180.0,205.0,6.0161372720670085,51.87008200219262,1,0,93.61274450096899,88.22035884689753
ATH014,25,Defender,2026-04-01,Match,83.09934940444836,10.551824204236482,1.276825644957295,8.424410800221803,162.97811565465375,192.3632098421235,7.245288921767431,53.05285672599887,0,0,77.89249556158762,82.6749593854895
ATH014,25,Defender,2026-04-02,Training,93.82171756083464,5.818595307402577,0.4680574440173017,6.260609857754816,152.28511776658831,174.0392897080635,6.551698988977551,62.63830978711675,0,0,79.7708039340404,77.06902248302136
ATH014,25,Defender,2026-04-03,Training,62.18881256477782,9.463347755102042,1.5309281088439384,6.147634489073227,154.6838666986683,178.09077382731826,7.254053291070892,67.04561271792659,0,0,76.93419028295445,90.27386697366533
ATH014,25,Defender,2026-04-04,Match,92.1308674431542,7.823526632483637,1.2292280840080638,8.74927389861042,171.51260822344477,196.11245905781027,7.788765431544447,75.90977663616697,0,0,76.87567360759846,87.35420586744353
ATH014,25,Defender,2026-04-05,Training,84.27283456738547,8.77506944343532,1.0223682636035984,7.216736753254957,159.4449543987841,180.57194509844322,6.403002253658737,51.50468978064583,0,0,89.88335515512183,82.27780294641673
ATH014,25,Defender,2026-04-06,Recovery,48.490515212249264,3.107759991247052,0.395784604218418,4.19083261992791,144.01480756836972,162.47588796338385,7.045620756331345,66.50046311154249,1,1,73.92160185906026,95.56309080338755
ATH014,25,Defender,2026-04-07,Training,77.4992773638661,8.029859288944415,0.747992979019835,7.1890948525328175,155.8769308535014,172.9505956723109,6.358821584297904,56.92007108432396,0,0,78.35186418286634,85.4096161993125
ATH014,25,Defender,2026-04-08,Training,74.00749407613964,6.199127316120156,0.98161500859004,4.3118442279568985,145.43640420640992,169.87058727768718,7.734129442949688,89.29236239571564,0,0,85.26788716843501,87.19194229561097
ATH014,25,Defender,2026-04-09,Training,58.168008341131355,8.683495940076998,0.9177065095461335,7.0290568788979275,159.88343000282268,191.8548954930013,5.799664329807308,52.0532438781282,0,1,85.96673232560886,85.75466636131885
ATH014,25,Defender,2026-04-10,Training,88.25682559266039,8.252073665708043,0.8764660540222634,4.754301287876037,140.65880839939553,175.3504338395893,7.630500353705231,66.36617757034759,0,0,73.24776799416003,85.30413460698422
ATH014,25,Defender,2026-04-12,Training,90.74804593867088,10.665856986111823,1.542243578470015,7.6056937343397175,161.39933513133923,192.31825172750888,7.374523047617444,55.91986060851946,0,0,82.39641688267835,84.55255590404907
ATH014,25,Defender,2026-04-13,Training,69.05917316690547,9.273769800071149,1.1573757261468578,6.131168295069155,158.9461182821897,173.21620442684036,6.405065844847407,54.97854034583686,1,1,78.81613721337341,81.13068909787464
ATH014,25,Defender,2026-04-14,Training,80.67168379914136,8.13789608482967,0.9526808188707433,8.118742556238253,163.53293235868512,189.55454824498025,7.84548882755503,64.60843458986402,0,1,79.25306177682425,88.54450243227546
ATH014,25,Defender,2026-04-15,Training,63.76903269424138,7.330842165788512,1.0575956563653026,5.820360644025293,144.48495397998803,172.02227504387403,5.576565955877504,46.39998489368501,0,0,76.94671853685531,70.35741990406594
ATH014,25,Defender,2026-04-17,Training,75.29414261485272,8.25128117845068,0.8557552270033494,4.508016462590132,141.9590121861807,161.70237346753692,7.104989964268582,62.483809377295735,0,0,71.72709716539404,73.66665802279718
ATH014,25,Defender,2026-04-18,Training,80.79086925680386,9.283198489661691,1.3740681263239491,7.4713306754005675,159.10618000011732,182.65667926324323,6.59786025326717,57.354973661575684,1,0,64.86405863965382,88.37758897386692
ATH014,25,Defender,2026-04-19,Training,73.58312816497762,6.836269108571813,0.7874106523552332,6.564902118117532,150.43539787675797,182.2551795590118,6.83744599371689,53.52872493745268,1,0,73.47503598679114,81.10385059109255
ATH014,25,Defender,2026-04-20,Training,69.50036676700687,6.480437987318603,0.7982108741784134,5.31947733077639,137.7589929888499,154.9159007987874,7.3724022688091795,57.06886402871939,0,0,88.58270819087244,89.8710686787173
ATH014,25,Defender,2026-04-21,Training,81.57053839024415,10.357666552726425,1.242745694754822,4.8292028761437376,139.2766943465507,158.24339566355522,6.799408194511841,54.39894259340415,1,1,86.1504020199913,90.05728031145293
ATH014,25,Defender,2026-04-23,Training,79.47235823467089,9.21240502657489,1.464253007725626,7.040662705469266,154.12398847313443,175.4925519939591,7.3702014351058,59.149318046578244,1,0,83.8600534486246,89.99352987952686
ATH014,25,Defender,2026-04-26,Training,59.38821054184092,6.126943768871289,0.9498945541582654,6.360510748503936,149.0666251738225,181.59204890237362,8.494701939578917,68.97470098445434,0,0,78.98213746776938,80.50212855050643
ATH014,25,Defender,2026-04-27,Recovery,45.97944113366216,4.980081950535856,0.4746387278392807,3.397774148223598,138.254219797134,161.8009892140883,6.8746662118686395,75.27889641748042,1,0,86.81262259896472,79.81081428290744
ATH014,25,Defender,2026-04-28,Match,90.85241477276224,10.486862073107618,1.1270660005612485,8.719601226069663,170.96635290192708,184.3362835908612,7.5786179202183215,70.34221711465925,1,0,80.76065167764816,98.20929967390742
ATH014,25,Defender,2026-04-29,Training,97.5549044787921,8.000162412005484,0.649220927061116,5.762176550558263,143.46624922868264,174.23407461033008,7.050834161543815,55.072020801180216,0,0,94.4560174130717,82.59574975197228
ATH014,25,Defender,2026-04-30,Training,71.74837246209549,9.419135457708684,1.2431176703592561,7.341472345082033,154.81908843048214,180.70256683261516,7.224683613023753,53.49036838957284,0,0,85.47499478957472,87.21639857622168
ATH014,25,Defender,2026-05-01,Training,54.036413119894306,9.271332558732619,1.0155215557628052,7.551991648992838,155.5330306457329,180.19325179423035,6.088924077959891,52.86050423629144,1,0,83.67096999840142,87.69031773161483
ATH014,25,Defender,2026-05-02,Training,89.09240843565057,8.218455498520086,1.3885559694140153,4.553814982214927,144.16585392941016,173.50822282807061,7.3812977349443925,74.466452060612,0,2,74.53416846919848,80.54056620121315
ATH014,25,Defender,2026-05-06,Match,90.05945707717896,12.095001750682306,1.7762045933886381,8.497980042821196,176.79064750648527,205.0,7.62611677928439,57.04940415921455,0,0,77.8819372555271,77.37121592378931
ATH014,25,Defender,2026-05-07,Match,85.73501475229186,13.27675967862547,1.9177967111831609,8.45754968473064,158.47979780987663,178.07445048109383,6.893746108803066,64.51735062469568,0,0,75.31818654315714,79.94455908541127
ATH014,25,Defender,2026-05-08,Recovery,35.10308097441613,3.632506667648531,0.46320678621971606,3.416253031197361,136.9770497403152,161.52115017116057,6.860834819854218,71.60808595918083,0,0,74.19887790958053,83.38275548961711
ATH014,25,Defender,2026-05-10,Training,96.62157121000011,8.864150040729442,0.9034414018008092,6.0146403731493,149.61455372909464,183.3108941336388,7.939026043457721,70.83078453580367,0,0,80.69732093576162,83.40838455831187
ATH014,25,Defender,2026-05-11,Recovery,58.92818935116972,2.2293556241568124,0.21751249460202596,3.3951629662269993,136.9337525271869,157.71864658070638,4.640479475090215,48.91319494753458,0,0,82.025366701352,78.01997593134097
ATH014,25,Defender,2026-05-12,Match,92.08663725371404,13.038869445579852,1.1964894171098672,8.451412209563834,162.20316550987383,182.6506914667313,7.000825812971769,55.159157620432794,0,0,85.29114436568051,78.9259013978254
ATH014,25,Defender,2026-05-13,Training,73.18714518678968,8.575368573944147,0.7230379190286589,6.443285567388237,159.49891516946565,178.90288360775472,7.356923882796001,80.24041855707972,0,0,81.68568612988186,89.32954145924768
ATH014,25,Defender,2026-05-15,Match,91.56848814714098,11.411705072018254,1.357929964260501,8.716331921917897,172.7294329859932,199.7685721955377,7.279498721206966,60.5574411076238,0,0,73.41926521223722,78.89645379471236
ATH014,25,Defender,2026-05-16,Match,90.91393734780227,12.038387258455398,1.9523209782665358,9.257138353963418,175.94197126149544,197.56869239958354,6.785732297179631,38.99320890373659,1,2,79.16355274898267,94.36835671924642
ATH014,25,Defender,2026-05-17,Training,86.88858014587815,8.833711335226344,1.4211894516904553,6.6187665312931765,156.8347890608007,193.80080681810983,6.732341361017246,56.177845748150276,0,1,73.34322943731017,79.70726163973946
ATH014,25,Defender,2026-05-19,Training,56.423554755351816,7.715270963857879,0.680672551042448,7.611490012554078,152.15078312786585,177.31922306699218,7.999172538604827,63.34932547302721,0,0,86.65183681482544,86.89202768502047
ATH014,25,Defender,2026-05-20,Training,82.60075876780624,11.096312196295749,1.0903787421579245,8.191360161239999,164.54113460742425,205.0,5.07688857018783,40.416780124245896,1,0,86.03483975117746,84.80219396638397
ATH014,25,Defender,2026-05-21,Match,96.75220043267319,12.643337491526362,1.9230730573846764,8.36967671567167,175.77537836455477,205.0,7.291708913133285,61.12919995723533,0,0,78.13428144140744,84.67762115759153
ATH014,25,Defender,2026-05-23,Training,88.6819222811581,7.370104912199023,0.629214807230517,7.72469192643372,165.8837624625661,182.03668595941207,5.790070949724555,48.31519716090462,0,0,76.53223228695205,79.7218679478591
ATH014,25,Defender,2026-05-24,Training,62.162249464461276,6.191712682481338,0.9168500096973692,6.635820671261113,149.1630298081711,177.4896332129831,7.261153335094355,65.73228564023394,0,0,84.2380040930169,87.62373160447335
ATH014,25,Defender,2026-05-25,Training,93.31253210952106,8.90587108836527,1.03798563536032,8.157174556337742,163.29525252923486,181.45064555898517,7.877229223959476,65.5291238927612,1,0,79.22014085266382,85.19153255404815
ATH014,25,Defender,2026-05-27,Recovery,52.311240972996636,3.143031303787196,0.3110467505982641,2.5079204672612154,127.97995864537427,142.76246627408668,8.396267253925387,90.42898077322981,0,1,89.22861738633122,78.65775087343972
ATH014,25,Defender,2026-05-28,Training,68.950001156555,5.912599248580435,0.5292968821577678,6.91075247389461,160.25894341764976,180.28165928829713,6.830371787969396,57.63954004155553,0,0,75.44557667977983,72.44173944994637
ATH014,25,Defender,2026-05-29,Training,68.67763164210935,9.560897628505973,1.2170698776393694,5.07992131282246,142.36650036726212,176.97036836619398,8.899770909645516,85.68103976873198,0,0,81.66716528435984,87.73628870486003
ATH014,25,Defender,2026-06-01,Recovery,42.13482138304127,2.7309400071762684,0.44883037246278473,3.69379550202071,133.05334987676832,163.7120791698648,6.214345720034247,67.05608300291148,0,0,94.75310475180078,86.35466836708491
ATH014,25,Defender,2026-06-02,Training,81.70361596281009,6.847045534503918,0.7902422107218261,6.603337555466997,154.8091158753912,187.8024516059009,7.6658453250299186,65.54425480653974,0,0,82.57229096575615,85.96195253646553
ATH014,25,Defender,2026-06-03,Match,100.32983161715262,11.293277585910557,1.327962720980122,8.74346051459532,154.64083423950726,178.04489781505362,7.950220300985792,72.8497633332594,0,0,73.478791471358,90.74008901230211
ATH014,25,Defender,2026-06-05,Training,73.92650340903214,7.4838288745400705,1.1389387700083242,6.380289041176208,151.78910736901207,175.00072217297503,7.44113600552931,81.2133950422118,0,0,89.30860753691199,77.23173204679767
ATH014,25,Defender,2026-06-07,Training,78.70641209242065,7.029432570213976,0.7690167278601542,6.869265317534442,153.20582029339653,173.1921467454315,7.969914352557727,60.63050464003702,0,0,81.30446621289568,71.95615883314053
ATH014,25,Defender,2026-06-08,Training,59.84389534755917,8.170062951034348,0.8903246433123356,7.655001044298497,163.60302655820453,181.85464334249858,7.887718559120247,80.55931129037302,1,2,83.28737459615067,100.0
ATH014,25,Defender,2026-06-09,Training,78.79815693097486,8.200256071742016,0.857731426688773,6.517214930452967,150.76428756694463,174.43871010266707,8.579351041404552,70.77963484071398,0,1,72.5444073938402,79.57295491503231
ATH014,25,Defender,2026-06-10,Training,67.75331780393921,10.559352790892431,0.8804683595499279,7.3080773435940705,150.2112753988192,172.2300407439212,6.473300412310783,56.72584528229551,0,0,82.69068393184939,71.10859496231087
ATH014,25,Defender,2026-06-12,Training,81.23087704304628,6.833678747139367,0.732146176828758,7.145879280228901,158.5552853846173,190.31342345205766,6.712283078309787,53.1282823143945,0,1,79.80799853259619,85.53582982211854
ATH014,25,Defender,2026-06-13,Match,87.86935633104568,10.049416187960983,1.523240044524017,8.216765907458399,157.29849935145353,183.93430041650794,6.6171790250583316,56.710452566153755,0,0,76.5000818103245,82.1655967164379
ATH014,25,Defender,2026-06-14,Training,69.60913413337254,8.429397585000258,1.026935413698252,4.372416797444957,136.04011940378595,163.51655048730072,7.228944453276623,75.17249888446898,0,0,93.14742262677453,82.21453693480412
ATH014,25,Defender,2026-06-18,Training,75.94290643032222,7.878206519718339,0.7297555895978142,6.220866166123706,149.61500608978122,170.1432314060592,5.499990013111653,30.64421320987653,0,0,73.4573002367949,70.88460905677165
ATH014,25,Defender,2026-06-20,Training,62.524872386500526,7.847339765385245,1.1717128929186025,6.407330706362806,149.21846050103878,162.86734553540552,5.092063763556482,46.335659567269225,1,0,82.5087600034586,81.22566343120036
ATH014,25,Defender,2026-06-21,Training,66.8295868654268,7.08703207601569,1.0898392724867636,9.692784536996822,176.2356782269294,203.67471856741395,6.476340771504547,50.16071017695646,0,1,84.38357237124374,79.12120887185952
ATH014,25,Defender,2026-06-22,Training,76.6271310550728,8.543017563002238,0.8783002196412265,8.683183858035619,164.27286026913256,185.06659727295124,7.559633685984869,60.604374669013524,0,0,86.83472517758985,91.49964642536857
ATH014,25,Defender,2026-06-23,Training,66.12285866351947,6.531148713709288,0.8191911247284074,6.918032877326371,156.76330388587513,180.3611227471045,7.0029229626986815,51.78193971996879,0,0,82.0940369910336,84.69026852846387
ATH014,25,Defender,2026-06-24,Match,90.26237329101966,9.696306290473622,1.2603226490388946,7.965522200839401,168.99322239484133,201.79933413257842,6.427699423697284,48.25175587023559,0,0,80.17926675810749,82.19040397346596
ATH014,25,Defender,2026-06-25,Recovery,34.58167911546469,2.6185159753652876,0.3825908353492985,2.749770762449763,127.41439725271492,152.82792140154964,7.188447882456968,63.00355833006608,0,0,87.89325327469982,76.1822159420064
ATH014,25,Defender,2026-06-28,Training,76.23943891209025,8.803479891101302,0.7717810457099834,6.200662940707264,149.62654700207523,164.21520406870013,8.216975799728445,70.32543978677054,0,0,78.22522978262717,75.92612918708235
ATH014,25,Defender,2026-06-29,Training,69.14757255351388,8.313760593603286,1.0465590982027413,7.936222711039486,168.32503817642785,195.9852273305848,5.871372483041122,51.68982496305826,1,0,84.25360107509954,92.24550894768409
ATH014,25,Defender,2026-06-30,Training,67.07260699471325,6.462365792804554,0.7622350198458812,5.606564530789236,151.78074268214377,177.27698558163502,7.8104621468476445,66.89012128353853,0,0,87.33651848040286,87.49718036385052
ATH015,27,Defender,2026-01-01,Match,97.78849586099217,8.074519252200211,0.7571887617824875,8.514072467240755,170.75514802806063,203.61702650702756,7.699173787368247,63.233046728322066,0,0,80.3684354220358,83.96534933267124
ATH015,27,Defender,2026-01-02,Training,112.71913737778078,7.566522699835787,0.742573315339934,5.837411373746425,154.2486754527494,181.55562266647692,7.579721192175752,67.74624570331474,0,0,92.49510909636913,82.48621479949465
ATH015,27,Defender,2026-01-03,Training,74.54345938044867,7.103528088238558,0.9044566319883321,6.030060811434492,143.0612587353313,169.58642356018424,8.553664594819516,82.7006153408999,1,0,95.95535648643803,97.48997859459419
ATH015,27,Defender,2026-01-04,Match,103.31586045384562,9.825948935951715,1.5853613191332532,7.723764646425794,163.9559739471478,197.25837625932297,8.040313102377864,60.09009936267449,0,0,86.50562352454975,86.75850946052846
ATH015,27,Defender,2026-01-06,Training,83.78122453874329,6.394421174538043,0.625654719284598,7.167230035541111,157.9596877813196,175.76886866516384,8.585394133430515,83.8352838358497,0,0,94.95569036781521,91.77016762697194
ATH015,27,Defender,2026-01-07,Training,78.09781332108064,7.142249476067243,0.9512644972089683,7.745879941640528,152.84185442214138,174.93603149329596,6.055442061200464,44.71846980379113,0,0,92.41812480996182,82.06933070469195
ATH015,27,Defender,2026-01-08,Training,76.70257278567021,5.6380508161686125,0.6790240252681545,6.55524450004161,149.37101811208154,182.4845844748183,7.242318359903706,60.36254605980208,1,0,81.73804523309518,86.22846947377974
ATH015,27,Defender,2026-01-09,Training,65.47447490864988,5.788512369895412,0.9402505262246961,7.849727779994714,168.4405270424765,181.35086390155513,6.5447778424808964,56.1171639285652,0,0,77.17862210449641,87.6519405606557
ATH015,27,Defender,2026-01-10,Training,102.64901507921823,8.7584670515691,1.4268790524280746,8.205937962191486,166.39121758556024,184.4976400395434,7.1403202704448665,68.44848533660493,1,0,70.41220043053791,85.77727666477689
ATH015,27,Defender,2026-01-11,Training,85.20754817163417,7.186957546248027,0.7664937206671993,6.2499167062697305,162.44491875544082,196.79169844722566,7.4354269374707,67.08765704711841,0,0,70.7250171850943,80.26340149551977
ATH015,27,Defender,2026-01-12,Training,67.58237555103791,6.771221585143261,0.8535634037848913,6.759100678014557,150.57579121973416,175.63811923260155,6.091112558674184,53.363510340674914,0,0,81.91337844179372,85.37938497928319
ATH015,27,Defender,2026-01-13,Match,91.2091901662139,9.23227277925268,1.2768522247759897,7.884925027272635,159.18004764834416,185.35424828285517,7.016152597748378,50.39017973562819,0,0,91.49962629810335,77.38196370153888
ATH015,27,Defender,2026-01-14,Training,90.2711173705899,8.020197210031561,1.1011866905043441,6.900181065214279,158.7432864416234,180.83545715920906,6.31939831348987,49.77883876302001,0,0,80.34755051664776,76.27973035613192
ATH015,27,Defender,2026-01-15,Training,105.34001837796002,6.349983094780398,0.6574265296266012,6.78654001687706,154.13897917669635,174.79964262882203,6.7551990202103,58.47176517092925,0,0,85.97366619453832,72.96748690372048
ATH015,27,Defender,2026-01-16,Recovery,38.65888449367621,2.5184398478422136,0.37428469132970865,4.4719552714413435,140.11553979075165,155.8962462691228,6.8577003190086385,63.29611592669936,0,0,86.37549897628166,82.4848681528442
ATH015,27,Defender,2026-01-20,Training,87.66786388865663,6.49326815748903,0.5906550376912779,7.137795984049243,166.3976125516488,197.54365701030517,7.852195502582491,63.04300119313278,0,0,82.61964383592864,85.35369129210781
ATH015,27,Defender,2026-01-21,Recovery,57.672345885681914,2.428879368819772,0.3114612995701735,2.6565409842912353,139.10276584187116,162.84817255539232,5.667212040862462,59.6637142697622,0,0,70.70739375352893,73.34241434042794
ATH015,27,Defender,2026-01-22,Training,79.1073711071017,7.550558379728689,0.8717739008320382,8.186309891535803,169.4389064397419,198.36188938821286,7.2913783579047085,60.83680276794982,0,0,84.83346076619644,92.24263281138862
ATH015,27,Defender,2026-01-23,Training,67.9870747028573,7.454328397116118,0.7649328814964858,5.677663251394944,146.65527725980766,170.64739188227546,6.8758594873727255,60.077620604427096,0,0,85.52415258494403,77.65815378011057
ATH015,27,Defender,2026-01-25,Training,69.74656725627409,5.6646597764232895,0.7306014625406733,6.100259998213615,148.71991287024804,168.76948736143785,6.735381404854193,69.90347247555344,0,0,77.90480119784812,81.41126867047062
ATH015,27,Defender,2026-01-26,Match,80.56282072509738,10.821494506585944,1.0201718903872643,6.66491373015819,157.2568415962866,182.98004697500056,7.71311237311536,67.92725167167865,0,0,80.9075309098415,84.97273957636817
ATH015,27,Defender,2026-01-27,Training,77.90604109824775,7.124709153963373,0.8430323277527194,6.017970014284826,155.65377631004944,180.69941283302757,6.0639341513989065,53.02381504727249,0,0,80.34970220496295,76.9077394617262
ATH015,27,Defender,2026-01-29,Training,63.15929718855398,7.1606875587728895,1.0340694256600917,6.73805236300612,148.75898221854794,178.82650089649002,8.75716422069127,80.85771006195708,0,0,80.62403177686902,74.59098596660442
ATH015,27,Defender,2026-01-30,Recovery,52.07757576316443,2.1456480170130345,0.17222480508851012,3.319206485096115,132.5904865270352,160.17719673206938,6.614641984157861,67.44069960148767,0,0,76.50967760909262,72.1379388838803
ATH015,27,Defender,2026-01-31,Training,84.10286534041165,5.92072046406016,0.562061787862667,7.126702884778023,155.8429723805583,170.99358241043518,6.795857089301244,54.32625424653281,0,0,84.75460463460297,83.34902136660098
ATH015,27,Defender,2026-02-01,Recovery,46.576618198255076,2.702847961625185,0.23522989284300552,4.009118664865847,147.72475222812648,170.57328589155458,5.924913640208797,51.16942741028257,0,0,84.23023761635692,80.83954752243436
ATH015,27,Defender,2026-02-02,Training,79.70807938116735,7.8588786282527066,1.1892586959851412,8.326662388640337,163.598481784131,189.92539369662603,6.678250106067453,48.48271924796747,0,0,82.5569611302793,76.0587173212739
ATH015,27,Defender,2026-02-03,Training,86.5929254331183,6.95271562344221,1.0913087101914172,5.073588042505824,149.53533914831567,174.7807947413734,6.96137367639455,63.66578481533215,0,0,73.42728444075549,76.01022151462128
ATH015,27,Defender,2026-02-04,Training,80.14548035558546,6.243426684340384,0.8554734950188518,5.651474130725108,145.39936700833798,166.89201300710965,7.51271928909715,73.90237075150114,0,0,77.42738577350704,86.33075134573232
ATH015,27,Defender,2026-02-05,Training,74.30090110034595,7.740235553558134,1.1852645052726438,4.488112166210415,140.63972489976692,167.99957055117113,7.290732884001859,79.96522588883587,0,0,93.86901128946334,89.89926834494769
ATH015,27,Defender,2026-02-06,Training,74.22614882368637,7.555015289967015,0.70467286221698,4.583494873927198,135.9059166158639,159.77489660246678,6.894679645327727,64.34571505772483,0,0,82.19260930309237,76.38793424942355
ATH015,27,Defender,2026-02-07,Training,67.74039635284527,5.264853447013302,0.48490326376003967,6.512188359483703,165.13577604652016,186.00572351636168,6.396869853028297,63.550378892686254,0,0,79.7141354688263,85.98197798128224
ATH015,27,Defender,2026-02-09,Training,80.29583781302553,7.5536542253279375,1.2453358009754918,5.958643954748249,150.0905470251412,175.1256185511409,8.853885169930933,83.24252390199275,0,0,80.89168734534523,86.09865407513928
ATH015,27,Defender,2026-02-10,Match,91.5577627475815,9.263863947652649,1.348799801096162,7.83144116332952,160.82091740938728,183.69435171372746,6.693466107383454,59.01666591440213,0,0,90.11425272138854,86.2949828418376
ATH015,27,Defender,2026-02-11,Training,68.33047193831239,6.676045905002128,1.002920897362002,5.194422516716644,146.27954158441887,171.45431608367235,6.6048600117104455,56.950874318549815,1,0,88.40408987772796,85.01083346520274
ATH015,27,Defender,2026-02-12,Match,91.96920385144935,9.54842135819724,1.5500373454727499,8.333350324245885,157.60291764700307,182.23958994402173,5.860484802707485,55.381527959208995,0,0,70.32872164654246,70.66544916669997
ATH015,27,Defender,2026-02-13,Training,72.48457807167998,6.420764094921136,1.0112620806602273,9.69898020967803,176.64679622623416,202.79657104466986,7.292472472635582,51.66357166378112,0,0,79.2350402229295,82.63887749215901
ATH015,27,Defender,2026-02-14,Training,74.12460710858,7.471298350196029,0.6893816732116262,6.662165913777798,151.69974362206017,174.08791971603767,7.944792176539985,67.61283687036183,0,0,87.4994816716738,90.56482498952376
ATH015,27,Defender,2026-02-15,Training,72.17427891351383,7.877845278417704,1.2209179811082895,5.815344774379687,150.98887867666227,176.771881326789,6.8407707194829115,52.01146202800519,0,0,73.71851871489605,81.8660952263686
ATH015,27,Defender,2026-02-16,Training,62.52225681851592,7.049268853984018,0.5665210733195509,6.26291968711214,158.96080348644145,199.98656544109963,7.08687318028886,57.85413008800132,0,0,92.87908571147659,83.39497508705837
ATH015,27,Defender,2026-02-17,Training,75.95796233988452,5.999958282702397,0.5207745860433339,5.321474132179663,148.10996087765204,174.94839216121267,6.03553818446358,50.47740057448191,0,0,76.98706256274312,80.3276629821869
ATH015,27,Defender,2026-02-19,Training,73.02205872990645,7.294990143978407,0.9430383927188085,7.1995783100805815,163.03817162559656,188.9546559854786,7.236613409429675,59.27190788001702,0,2,76.124696966789,83.99585552579099
ATH015,27,Defender,2026-02-20,Training,107.63661942373912,6.490854856794044,0.8829089197268081,6.987511652439138,157.84543193812672,182.28986741576216,7.866172272819216,76.42059180546225,0,0,77.01155263574775,83.1909467760811
ATH015,27,Defender,2026-02-21,Training,90.75028358850672,7.427961182412148,0.8604052416762253,6.634942835752279,142.6878090780369,168.4531182315066,8.644152997749288,67.1950114448066,0,0,79.14168155770791,75.19928577648234
ATH015,27,Defender,2026-02-22,Match,96.9709900200206,7.89130604025055,1.231836874926831,9.03332806412801,161.7220045322575,192.54188830580827,8.19424287092673,68.50487274956842,0,0,85.22329358825462,84.3250680519509
ATH015,27,Defender,2026-02-23,Training,78.76599045275555,7.907041670658886,1.142096392336576,4.795290794045058,147.7047146109137,172.6586519029843,7.3501055886616475,73.57065406857166,0,0,83.47582641191079,82.95278221790656
ATH015,27,Defender,2026-02-24,Training,93.34801215796836,7.569218125106152,0.7541002532088242,6.393444323093689,160.19016340888402,188.17960680271358,8.071144852498986,72.18473571210936,1,0,72.86786445385957,90.36634176878394
ATH015,27,Defender,2026-02-25,Match,90.52807123013267,7.7218850703378346,0.7287563523393809,8.594393552612267,162.77163654915046,186.56301407466873,5.454026687922106,48.95740134255641,1,0,83.50608197382161,82.45921584520032
ATH015,27,Defender,2026-02-26,Training,68.73505049285036,6.522384714042559,0.8654812413411875,6.718959244171005,156.7364553582775,184.5265795617147,6.8490383092543885,59.08351748129859,0,0,96.04317309145682,86.26431487717602
ATH015,27,Defender,2026-02-27,Recovery,50.04432474669361,4.553121554786424,0.7640702838756027,3.7858696417756366,135.58030880460157,158.4766976214119,5.909573311041971,63.78746406491543,0,0,93.228078930835,73.89707439422284
ATH015,27,Defender,2026-02-28,Match,88.80030215568362,8.430895420414881,0.779806673002932,8.285919808426181,165.8867246830077,187.84374779754413,6.0679278212337975,37.050772295746626,0,0,87.69882040458027,87.55681120027171
ATH015,27,Defender,2026-03-01,Match,97.84466779531493,11.796016045204379,1.5306202388099177,8.10795742558706,160.274372280105,185.30200356835516,7.1783589948935385,72.70198430495722,0,0,75.99563469459208,87.87578194867622
ATH015,27,Defender,2026-03-03,Training,87.51907361329849,7.111320195793408,1.1158236688991028,8.200022699550676,163.70954504010035,186.66052829448694,8.125537590126179,72.23099948436379,2,0,83.91715300931719,99.8339771950122
ATH015,27,Defender,2026-03-05,Match,82.6275722566419,8.599534198799336,0.7066380917952457,7.374785205883208,165.37188564815452,193.5144436284862,7.045276466971904,67.6734860870631,1,0,78.3932454005756,87.30502384102975
ATH015,27,Defender,2026-03-08,Training,69.67149364976875,7.6133121122188765,0.9201000698857127,6.128945669333223,160.63404107611385,182.00750267693,6.340461598320852,64.50721809833684,1,0,78.38787329867448,89.09674204398368
ATH015,27,Defender,2026-03-10,Training,73.04860139746964,6.538388315302117,0.8892125651064614,5.667003275562407,138.79331580653025,173.4075584206658,7.4079456739710094,74.858107886969,0,0,83.72645448937988,78.00888139091707
ATH015,27,Defender,2026-03-11,Match,92.97552130342193,11.607092867092579,1.7387282923042848,8.323620114147992,168.2162031492993,191.58784531316195,6.599842387029896,54.66247508829798,1,0,74.30064658028724,92.01335817554786
ATH015,27,Defender,2026-03-12,Recovery,43.41780454090959,2.727666008182806,0.3058668791576841,3.6274903214482155,131.11861243664455,158.65754647273837,7.565259216972844,82.37976353630103,0,0,71.31967744195248,75.89508728778246
ATH015,27,Defender,2026-03-16,Training,97.2445064036186,6.784073549269616,1.0565593696688342,7.4434340018463425,150.99743619376352,175.61697098375961,6.893382666056678,62.42904951044647,1,0,84.4816495850904,80.06340983865873
ATH015,27,Defender,2026-03-17,Training,77.73454772763145,6.053239012049102,0.7493438965409155,5.4743152301286795,138.34562253844817,161.85031452415194,7.331216892925324,69.42071425743002,0,0,78.98424951820755,83.71550364096557
ATH015,27,Defender,2026-03-18,Training,87.23122173534583,7.1621410768809515,0.8512587090804937,6.148385515360984,153.96874012127515,179.840668658013,6.5651828181097285,61.700013106598014,0,0,79.63089691257574,74.84083036677939
ATH015,27,Defender,2026-03-19,Match,98.5950836299632,10.146167184634928,1.1404433816780646,8.695881275617603,166.63158636627318,195.46943033053452,8.093092561794997,71.53433329406518,0,0,82.1079650742452,90.95005866468352
ATH015,27,Defender,2026-03-20,Training,41.55172366066218,6.601185781310535,0.695660108807312,7.463660805768624,153.76900612634918,188.11674459187577,5.60185691756453,36.344274689167,0,0,85.47980495165797,65.49111230655886
ATH015,27,Defender,2026-03-21,Training,90.19474786674785,8.28669311919429,0.7307852035218919,6.82149071756421,147.01417603814107,174.24320138351783,6.87296283327179,64.53836645449456,0,0,83.26466951758677,76.84205469182947
ATH015,27,Defender,2026-03-22,Training,63.66787929822537,7.980528272290311,1.193636663694483,7.729452701247116,152.72642679494342,179.97553342743473,6.493452296886298,41.25881243543013,0,0,86.8168975897172,84.29382199564051
ATH015,27,Defender,2026-03-23,Training,64.59187992352274,6.181400684635117,0.8433819644704045,5.578051780348905,154.81240381037316,180.88407181491405,7.72025520671111,64.43503298521546,0,0,86.87048447921384,85.86317592930962
ATH015,27,Defender,2026-03-24,Recovery,38.84433308771844,2.567938290368318,0.2731030191052896,4.235757099442325,132.71056868865557,154.83409776474164,5.889919128476616,54.92097757427028,0,0,79.91058453971488,77.87811893398403
ATH015,27,Defender,2026-03-25,Match,88.10913986328154,8.047522516498105,0.8156814376209881,8.751048621910032,158.2312174466998,172.5581769050849,7.069813832590946,61.452676049255366,0,0,78.88141989253651,82.05257563500601
ATH015,27,Defender,2026-03-27,Training,77.37394166735604,6.223640727584574,0.9657657598689223,5.8736723039068,144.25442721258895,168.98937877858882,8.49962364278486,72.97606216932124,0,0,83.23278518601883,92.57810337236698
ATH015,27,Defender,2026-03-28,Training,84.55450497164378,6.472791629255065,0.9548563634986904,2.0345501569640465,129.77037298952843,155.5318038839613,7.778645901633594,74.66018021368122,0,0,83.52818911021902,80.91584677152524
ATH015,27,Defender,2026-03-30,Training,88.65230923588842,6.605627539747235,0.6130142511837763,6.249771796265683,154.5507558314993,180.47587261383717,8.220951305432536,82.93235347060143,0,0,84.8894727465857,84.84545361807092
ATH015,27,Defender,2026-03-31,Training,69.59701223722735,6.338650314211235,0.5323312561384647,7.1023591030379505,157.82040663514516,176.58107923894684,6.839135587617333,56.162023670609415,1,0,62.15062308244528,81.10283807927942
ATH015,27,Defender,2026-04-02,Training,62.55017948339154,8.365402408399463,1.2015213964580944,6.351134920773913,137.3125224709102,162.49320358352318,8.89809379542267,72.39543456175056,0,1,74.78180080779205,79.20324905076524
ATH015,27,Defender,2026-04-03,Training,94.5231980703851,5.912179186023875,0.9382815996017881,5.557702161049381,142.46055829529882,159.82086471734357,8.032531602325603,81.67577212663022,0,1,79.78667416855033,92.41327766242333
ATH015,27,Defender,2026-04-04,Training,86.59352520404951,7.773513633393426,0.9815117985422528,6.351726148454943,149.971969422259,176.04488743673204,5.6204754975764555,47.54420424484506,1,0,81.36233439851569,84.05288950026883
ATH015,27,Defender,2026-04-08,Match,90.4900211286561,10.184598858945451,1.4492195700086223,6.645715021676059,149.28763131630092,166.95344692018247,8.722268283084164,70.40470448021004,0,0,92.62556914140517,79.02859851600567
ATH015,27,Defender,2026-04-09,Match,91.36142262951857,8.542026821457094,0.8757348178194001,8.184058509453259,162.02652581119628,195.49978954135383,6.10776065240369,54.93577850378854,0,0,79.94938118297597,70.54135568668113
ATH015,27,Defender,2026-04-10,Match,86.7495369181007,10.988955222278292,1.5632746982515031,7.632496351028744,157.59654773046182,181.4046884382551,5.9163796394340915,55.005812172493314,0,1,85.98216908264963,92.58399366251044
ATH015,27,Defender,2026-04-11,Training,74.84451293856065,9.053928692178753,1.11844081535936,5.967206144137095,152.96370247940158,190.7129895811203,7.182245046910922,61.0753002186123,1,0,88.17308905315686,88.91682920613835
ATH015,27,Defender,2026-04-12,Training,63.259813166659185,7.648959102273395,0.9338702406529706,7.572045044929151,153.99814212037785,170.02092883681254,6.565790621363796,55.58861534500114,1,0,77.10679305515528,92.75583293760239
ATH015,27,Defender,2026-04-13,Training,72.67005168049917,6.653974806236731,0.8508041959908641,6.5110007846553914,163.14933721392464,183.57091239106694,6.594564099088786,51.099131330080766,0,0,86.03779215831663,88.13886445803526
ATH015,27,Defender,2026-04-14,Recovery,54.89771096291709,2.612024969158519,0.24874454128127205,4.118790536912885,135.18757188634655,157.6949140295572,8.584730694953887,91.26493734724973,0,0,84.08143748801947,87.31767499475396
ATH015,27,Defender,2026-04-15,Training,60.10960895828164,5.686097548520601,0.9644503184941968,5.9985016099379145,147.6064847655478,175.3970131603756,7.429325266857806,68.89311308568944,0,0,85.50185443052467,85.47692283615298
ATH015,27,Defender,2026-04-16,Training,78.76511727997453,5.647533468405388,0.6298031826369078,7.352342162732354,151.00886423023454,174.1157641317255,6.303206836087105,54.34557828518396,1,0,88.18971557786855,82.86563366941347
ATH015,27,Defender,2026-04-17,Match,80.02060839375818,9.266735611742137,1.0448282486686153,7.181038209692189,150.32154251543963,171.29633344179854,6.635567417668628,52.220968028938884,0,0,84.60947792561447,79.85567672211104
ATH015,27,Defender,2026-04-18,Training,56.751017029671274,6.367462504072661,0.7732532106886068,5.362758533003742,153.4414725976668,186.9239626502013,7.72299687881052,78.05488074625063,0,0,82.6920776099772,88.98354060507961
ATH015,27,Defender,2026-04-19,Training,82.96809976660015,9.191979299840227,1.0390229373800237,6.114570877209347,156.95778877502394,174.50795864828626,6.824127776053923,58.975858909032226,0,0,79.09487441949808,86.31394793177655
ATH015,27,Defender,2026-04-20,Training,72.57559442059726,7.836445415060962,1.1895260893453814,6.819125801846684,156.50082512330792,186.95013507038905,8.377041216541318,78.21239132792302,0,0,83.57396022969426,87.86520505332389
ATH015,27,Defender,2026-04-21,Training,78.77310399198748,6.292760214445744,0.8991795487391879,5.598908558912972,152.20567078651874,177.19291512053076,6.42510052976682,66.42140486260531,1,0,73.85155344293756,77.81031995801278
ATH015,27,Defender,2026-04-22,Match,88.09311924725577,10.93626448922131,1.8537634682812987,8.614409949139366,157.2216175302513,186.21116706770016,5.846274652959417,53.268650149517335,0,0,75.827450440981,74.71591025692247
ATH015,27,Defender,2026-04-23,Training,59.48148902654674,7.172271838915749,1.086235263499159,6.3904717018420065,160.2537545394144,186.31237362689782,6.915748996861579,60.541826195213446,0,0,84.22219141618652,77.43507588148753
ATH015,27,Defender,2026-04-25,Match,93.4682050501997,8.455335805885412,0.761102576715507,7.405403786368233,164.9066588439034,193.333720171744,8.88390789801026,85.67029759164842,0,0,89.82056000943217,89.32925188849408
ATH015,27,Defender,2026-04-27,Training,61.04233385727835,6.473704609163326,1.0750614701308203,5.9862813294703265,151.83182605597062,178.98959282117113,7.203966756885077,73.55736926833717,0,0,84.62994151224414,73.98898321205921
ATH015,27,Defender,2026-04-28,Recovery,55.12483375125354,2.6441528123328926,0.34579948435070623,3.888199822605991,131.82840028062415,146.66246719083404,9.326590497671305,83.92569613790742,0,0,78.37859644122229,78.18768922122179
ATH015,27,Defender,2026-04-29,Training,82.43104938520263,8.313140187939759,1.0663904360898526,5.107299534213205,142.44794973317386,166.45048412354154,5.779114141613958,59.75434681027119,0,0,83.56867959149062,73.07749587570423
ATH015,27,Defender,2026-04-30,Recovery,52.84803067927192,3.411666772602011,0.47066845809392394,2.465416532201105,119.72784457885865,143.54315625285832,6.587139654648575,56.00459789071975,0,0,92.25514945595874,71.45173860852114
ATH015,27,Defender,2026-05-01,Recovery,52.131976276166554,2.306818407928293,0.29857467338967625,2.470114884928051,122.15962830458653,155.2747366352557,7.603421240286271,76.75040179931946,0,0,90.77468150542458,74.00639639260652
ATH015,27,Defender,2026-05-02,Training,73.58913525552454,5.249025058244129,0.7797119195852206,6.378941247709449,156.29340610647697,180.8042192355164,6.47957991299239,52.21867451178912,0,1,88.18162043941044,87.65584098768288
ATH015,27,Defender,2026-05-03,Match,90.780193050263,9.0737977955449,1.0976709712220702,8.398240951661922,167.4066496067996,188.59924533780895,8.402482858727238,74.24670700760507,0,0,79.58823725607718,89.38371027784052
ATH015,27,Defender,2026-05-05,Match,98.64865895249686,10.586383577151594,1.3670990798135187,7.46960673601906,166.37169627857588,196.18597893795226,6.826099274398569,54.209081739174174,0,0,87.65733840299146,81.58166844541547
ATH015,27,Defender,2026-05-06,Training,80.69701159605162,5.679280879466814,0.7071517690257392,7.3168516225697156,162.58504823474343,182.5237236723394,7.657001216506726,59.74590585254921,0,0,81.62251288633283,71.99620793522217
ATH015,27,Defender,2026-05-07,Recovery,63.64842488110813,3.232212098535336,0.314464762998705,4.45698427234057,140.59209205763685,165.67620583606478,9.308908360366013,81.58863847015795,1,0,83.99509503800935,98.66117662670273
ATH015,27,Defender,2026-05-08,Training,77.69846804679045,7.606970753724168,0.7195563907087206,5.7254736146162015,149.7261677477704,172.6178783196609,9.00445839360031,92.29006606021508,0,0,78.93611215825678,84.91734398805151
ATH015,27,Defender,2026-05-09,Training,67.2674531398722,9.237610396743671,1.3234199180090447,6.776031585997881,165.7498666020734,201.91783398397718,5.0534944723126225,43.26931421100377,0,0,84.74445070521364,86.01957116107306
ATH015,27,Defender,2026-05-10,Training,68.02844093301296,8.121333463835624,0.9808146711190319,5.156774395836851,146.57821179633362,178.5524871347146,7.437051765075675,80.92912633669323,0,0,84.0909515409055,80.33082731463483
ATH015,27,Defender,2026-05-12,Match,102.3857277594533,8.837313190323762,1.334643602005006,7.3287284084897815,162.72183722221817,180.86687007304855,8.6531948885447,79.38916567728971,0,0,86.10634724259569,91.69673218964495
ATH015,27,Defender,2026-05-13,Training,83.70766573861161,7.929295583081458,1.2284083470472806,7.811131552266804,159.06484169988178,183.26727544827062,7.733315263765984,72.92973704889043,0,0,82.67294509772343,85.55288752725274
ATH015,27,Defender,2026-05-14,Training,79.33106250597659,7.440571169237571,1.2544294991380314,5.570152775688529,149.37315701482171,167.03592930492292,8.005066509565602,77.64373005713573,0,1,85.36088990055201,80.82109472031462
ATH015,27,Defender,2026-05-15,Training,68.49647337793829,8.036736378631723,0.7195944848328177,8.093252053891986,161.31340357342918,175.90483752326423,7.400834749588893,69.38101459969222,0,0,75.01111737250541,84.14201854223244
ATH015,27,Defender,2026-05-16,Training,60.36729146728767,5.281150902047759,0.6594592594887272,5.545066811115227,143.49651680415562,183.32174662702167,6.983274963588952,61.10751919191921,0,0,84.8355554795246,86.63877349398993
ATH015,27,Defender,2026-05-17,Match,91.55186278518657,9.527541579653281,1.42360271785787,8.501281850928713,165.76296800926917,193.7241859885337,8.331590807781502,92.25895952263117,0,0,84.48706791378234,91.173753191562
ATH015,27,Defender,2026-05-18,Training,76.03145638930998,7.57937350158201,1.2670555279169382,5.578779267519847,145.77416890619247,171.95723763676042,8.579110689262626,81.00068735795915,0,0,89.62390976300266,85.61307329548025
ATH015,27,Defender,2026-05-19,Training,67.36856720328127,5.889243155548823,0.9506403715799684,6.366836884011299,147.513116380387,174.8034172488578,7.049922801751461,50.613962518768275,0,0,75.5963042813076,88.17606155262465
ATH015,27,Defender,2026-05-20,Training,65.55815188711048,7.904340624392912,0.633232399698638,6.750948849328588,161.25613167997608,171.1287783853461,7.802457583295614,68.87336592183205,0,0,85.539589085628,74.75128075697135
ATH015,27,Defender,2026-05-21,Training,75.76826560890953,7.0611123549725425,0.6430172689760025,5.317540236123918,150.6414256786684,172.5411800638245,7.641760932335436,63.35043101035714,0,0,70.39510843422867,74.98859530358463
ATH015,27,Defender,2026-05-22,Training,83.05321331512332,7.017920179145794,0.7396974526177544,5.494997755071502,145.06855169963387,168.6086068809294,7.071664745438159,48.90805787076913,0,0,87.53362015507057,71.80062825674666
ATH015,27,Defender,2026-05-23,Training,71.80045746816558,7.549380691746661,1.0651012851684545,6.051348890078535,151.8534441357773,178.19239089751068,6.769285424952986,65.4253760589852,0,0,80.78561026863042,77.24709046902429
ATH015,27,Defender,2026-05-24,Training,85.39088291867519,6.974969018445185,0.7347003120690229,7.283652694347925,159.31146601352035,181.5380980674254,7.109671129875615,56.69958505348967,0,0,77.00084024023623,84.55892711787219
ATH015,27,Defender,2026-05-26,Training,70.67810772927464,7.011447737220182,0.8569791538754361,7.846726273542919,164.83676878244486,191.06652318901092,7.869118872457063,64.40325091141217,1,1,72.36356132632937,90.38130045081454
ATH015,27,Defender,2026-05-27,Training,77.38965749235152,5.725763737139589,0.5277229689946302,7.265758538155652,153.6048405556296,168.5619872285328,6.457204017520493,62.28654962435985,0,0,81.04042979713081,82.56261630526956
ATH015,27,Defender,2026-05-30,Training,52.13283215334116,7.067686999142949,1.156910117014669,6.128089137946367,145.464209919651,169.09162011759287,6.092555715603822,49.58713607720502,1,0,92.98418963645845,89.77404393811862
ATH015,27,Defender,2026-05-31,Training,74.31006872443092,5.7183414888946995,0.7414981136761135,6.673253034356376,146.6706838707954,166.71379945247108,6.936140634815965,61.1994523384947,0,0,79.16641286685544,90.16054749176102
ATH015,27,Defender,2026-06-01,Match,88.77703712886387,11.505094557487427,1.2876725144166206,7.8042219988518005,165.43098620036744,181.1155749081596,7.200179399631482,58.69649976732355,1,0,78.78447162170671,93.35862085291743
ATH015,27,Defender,2026-06-02,Training,67.83908003348547,6.724531425373534,0.8225414294573916,5.539812191800479,142.80300973233562,176.534493047428,6.935140979626951,54.32980156179777,0,0,80.75756282754445,76.22290215250617
ATH015,27,Defender,2026-06-03,Training,65.47230494495355,7.431344306497542,0.8850702813746268,6.377988550450354,162.02501697299087,199.85076507225256,7.331050230948502,76.30875034095986,0,0,83.37529364741917,81.42965377140763
ATH015,27,Defender,2026-06-04,Training,57.036448715491076,6.23253692980184,1.0144987918132111,6.501666349941498,153.46521214528462,193.322909260241,6.400167133502118,65.01897462816962,0,0,83.55290709463749,78.42870891174917
ATH015,27,Defender,2026-06-05,Recovery,48.81061029049619,3.887207832835519,0.5361606879621633,3.4182779714524996,131.09806570551044,157.33266748117788,6.785308833919953,62.57796291890734,0,1,74.30311564422645,84.89476284564064
ATH015,27,Defender,2026-06-08,Training,116.73387065140165,6.381606394237774,1.0022541951034414,5.857507463745823,149.51148533160205,176.82177444414583,7.291538768086252,82.46838711296762,0,0,88.19090483903831,79.20266543634187
ATH015,27,Defender,2026-06-09,Match,87.49077373536427,8.182402019928348,0.8440677280198029,8.891994852860641,167.68771263950802,187.02021637485848,7.144599594663761,45.01637764615954,0,0,89.52663798693105,81.03137159333997
ATH015,27,Defender,2026-06-10,Training,73.12270495458839,5.540907000212045,0.6575917145605198,5.192345769647536,141.9210831327762,174.29147375963697,5.709786926311384,58.079392651982864,1,0,82.57867090503116,78.77708858798685
ATH015,27,Defender,2026-06-11,Training,78.65814316905528,6.041467246968117,0.7766571198592047,7.2489718125905895,163.47720589440218,184.88905028892248,8.710030543751516,83.70626018848643,1,0,81.22503498366768,88.70682090498134
ATH015,27,Defender,2026-06-13,Training,72.99445534503491,6.014390651574964,0.5141057222018183,5.877304542041397,145.86177799733744,182.73882320199215,6.121385248970968,52.574702429921295,0,0,74.19140917038152,74.71563036007416
ATH015,27,Defender,2026-06-14,Training,68.43558893707845,7.296179025090278,1.2161538467872037,6.714253176017809,143.37710189607822,170.43577154124063,8.208871530274571,75.04790477859072,0,0,88.57710217260058,92.40281403699029
ATH015,27,Defender,2026-06-15,Training,78.3614540239662,8.197797347590956,1.2617879780262145,7.096075873355318,154.76093025457544,173.26574183099422,5.76926839442372,42.00289679263379,0,0,79.73651299874383,83.34525092938101
ATH015,27,Defender,2026-06-16,Training,53.010141811808964,7.215343096522168,0.6282705907725536,6.281434625533856,161.92662048761676,185.71401436599945,6.50229877942713,51.530026102420706,0,1,79.12314832538803,81.42585317482175
ATH015,27,Defender,2026-06-17,Training,55.374735545902816,7.154847817199549,1.1171228818197054,8.215306691647166,170.4685748332193,203.81768928319136,7.07554483285372,50.0256720531757,1,0,83.27772431049526,84.16712889794881
ATH015,27,Defender,2026-06-18,Training,83.16592397044764,6.486728075069801,1.0066633784407808,6.795680583388134,154.08586316270163,182.99900372704386,8.52922072725098,81.38637739789338,0,0,78.76376822360946,89.7666997735523
ATH015,27,Defender,2026-06-19,Training,68.08495550021796,6.510422461789326,1.0331600861260055,5.216088732761733,147.09323159653164,166.23981507327582,7.395271102680785,77.43796254447095,0,0,74.46233807009911,81.62403326652517
ATH015,27,Defender,2026-06-20,Training,82.31285322558301,7.654031039670805,0.8413359750565291,8.510282740772615,158.28415199285465,176.60420979547092,5.971543021713799,57.40724286194738,0,0,84.48225970798384,83.18597025690202
ATH015,27,Defender,2026-06-21,Recovery,57.542660450928416,4.320842933328482,0.6899974071372044,3.7244948169633547,145.29863328746308,158.50726148683805,6.822542707936805,73.0031161391571,0,0,82.5872856943047,90.07858440601142
ATH015,27,Defender,2026-06-22,Training,96.6142899219843,8.081598036474896,0.9299458367103943,6.138545609277306,153.36917730094285,174.56036573580352,6.920455040888139,61.58374696310167,0,0,87.00302214974081,88.08177470806154
ATH015,27,Defender,2026-06-23,Training,76.36566890196765,5.890262174154786,0.8088685636348253,7.973970807003463,169.43650922834598,185.87138480252773,6.783377641831105,59.062632778992125,0,0,85.843456384784,86.54672217794615
ATH015,27,Defender,2026-06-24,Training,96.13054242092335,6.043068553122953,0.6476643452448039,5.778763540073685,160.1633045713523,183.1128605101381,7.083754085402782,55.37693125983959,0,0,85.40324459109863,81.03309723343001
ATH015,27,Defender,2026-06-25,Recovery,55.039649443100544,2.3201180471462464,0.3779916709602574,3.3336363938831735,143.278720662557,174.52766482520806,6.666369641764274,63.409499435346135,0,0,76.77788973914133,73.52407039820075
ATH015,27,Defender,2026-06-26,Training,76.16819755327562,6.271829459306589,0.5608415625052824,6.714512135761905,160.38456221790392,180.91195659920015,5.66314633515839,50.888032036064764,0,0,82.99484770658543,78.13567766368028
ATH015,27,Defender,2026-06-27,Training,89.79299859395547,7.372598716044298,0.8219760755799375,8.0225330383415,158.43611407998716,179.82457778613158,7.22120114593432,59.59294731717178,0,1,69.5069081429918,85.83849096848628
ATH015,27,Defender,2026-06-28,Training,79.92659676886547,7.71316628371739,0.8028734328097545,5.289499964915146,151.55770453547757,178.0853666188748,6.855888394175756,59.48215300589772,0,1,74.79725095320174,86.51149923327623
ATH015,27,Defender,2026-06-29,Training,65.6644845663873,6.358603908682623,0.9480425903735868,6.5034159457918905,152.7843107328913,172.0205000733025,6.956813800957687,58.62551406808289,0,0,83.64038885255512,81.63925802434926
ATH016,20,Midfielder,2026-01-01,Match,87.5048965833267,9.355577545447437,1.1249653894099363,8.277861456527585,170.17385392221823,189.32604897406262,7.679852837245622,54.23522967809508,0,0,76.88888643217749,86.85803075711341
ATH016,20,Midfielder,2026-01-02,Match,88.97037154700449,10.173487547786786,1.6552280369378907,9.064725279564326,167.45185462837753,187.06957181409814,6.985476731144351,52.472643802603756,0,0,81.56592161050884,90.20416060868854
ATH016,20,Midfielder,2026-01-03,Training,54.273730763102634,7.217871699984264,1.140834845027136,7.609392480899107,158.0560563234337,178.68386544084464,7.852165668669929,74.28383737088251,1,0,69.0350618668211,95.19817159018692
ATH016,20,Midfielder,2026-01-04,Training,78.488504753666,7.977746896939786,1.1845019508537709,7.180748342746949,154.78269872633803,177.03724524551515,7.633419364330528,67.46923917448424,1,0,83.72687280451737,95.61547533137937
ATH016,20,Midfielder,2026-01-05,Training,79.7942813830895,5.298704690876708,0.6526398775133142,6.136197982959366,155.06384301702346,180.92360836346612,7.399342006246511,74.23639427949381,0,0,78.83257174508199,79.31645322272945
ATH016,20,Midfielder,2026-01-07,Training,78.8040197895178,6.765313072678844,0.8818713010221204,5.8139818741216365,147.89921994255172,179.40885716117316,7.279863543457126,61.39109846416597,0,0,79.0537668175581,81.168825356438
ATH016,20,Midfielder,2026-01-08,Training,67.16115947552719,9.626167635835186,1.3107682607724442,7.637964612096757,156.96093447474675,169.6455588105264,7.291275213527703,69.26276410239385,0,0,84.86238732669229,90.83131665358036
ATH016,20,Midfielder,2026-01-10,Training,84.24823860014733,7.714440193371291,0.7614037497952206,5.588619389513582,143.9182693051818,176.08468387559438,8.30983079358407,84.37909107645774,0,0,84.2534331183942,88.69502946915782
ATH016,20,Midfielder,2026-01-11,Training,76.74097626407269,9.653131372612435,1.6230945200355622,6.033426917330771,143.75319611637883,158.95876169995938,6.357036489715729,56.07689079244729,0,0,81.64150247397328,84.97528403133855
ATH016,20,Midfielder,2026-01-12,Training,77.15159715548899,8.315622435640405,0.9618461732892982,5.24350161451268,144.90566181845952,170.25995659283424,5.237292267993572,47.08195860486914,0,0,80.12986115015462,75.70075454175834
ATH016,20,Midfielder,2026-01-13,Training,53.04496861365789,8.018214130452519,0.6604828874142681,7.329679860331652,161.66851199611835,187.44488109542,6.858772389874769,56.71201900478241,0,0,74.12541420259404,81.05714727292825
ATH016,20,Midfielder,2026-01-14,Training,64.11045635029123,5.964957438240928,0.687809948929415,7.392361643597598,164.4082119904298,194.19653346714318,7.0164789175700415,57.82991340866717,0,0,71.1219305047629,82.4942287924015
ATH016,20,Midfielder,2026-01-15,Training,74.7008299670627,6.405430815734021,1.036772515201451,5.2201457528351325,149.96498026656374,176.27251322180354,5.9860000305667365,49.61035921614449,0,0,85.97518780392384,78.28032300385702
ATH016,20,Midfielder,2026-01-16,Match,95.44045702842155,9.881574069094329,1.1915270329302174,7.8155014285999895,156.25617470327265,180.00246438924174,5.616291301721596,41.30113665521385,0,0,74.44047675473806,76.22998130279859
ATH016,20,Midfielder,2026-01-19,Training,92.01245545921415,7.9994593560544525,1.3283864310141067,7.16608419168049,163.62666245081604,186.40120075244994,7.548608785965562,64.49875993804086,0,1,86.1789024068831,86.6912434586264
ATH016,20,Midfielder,2026-01-20,Training,67.95035578839885,7.848600966090918,1.3243755146847864,6.071187061595909,152.37751159144887,181.91984515505337,7.491159905108938,82.25475390013759,0,0,83.09392210970611,90.01496883544992
ATH016,20,Midfielder,2026-01-22,Training,71.74186013944754,7.71307889123375,1.1625514393920604,5.871298637526381,153.48116162482333,175.98315406850242,7.369601774560631,63.60732234152689,0,0,76.64646219855982,80.65490049043841
ATH016,20,Midfielder,2026-01-23,Training,73.69590632068122,7.526193208623951,0.9975653642252182,4.797734880999118,147.2142939577109,168.8681799434977,7.372243440080314,83.85249529866319,1,0,87.65921950003388,89.51554089490782
ATH016,20,Midfielder,2026-01-24,Training,95.17087207515813,6.818784801531827,0.7522247748012191,5.905616837222377,141.34890216360174,167.78666054209546,6.731392248928986,69.95067618206544,0,0,80.9992059689225,83.63532058970303
ATH016,20,Midfielder,2026-01-25,Training,75.00050419085103,7.943205376505785,1.137670744656974,5.36986778409635,141.366136344469,175.3410655168569,7.489253180728559,67.59562314291308,0,0,78.63364011333731,82.81827628204202
ATH016,20,Midfielder,2026-01-27,Training,87.59770129679754,7.172093675140842,0.9238763201668256,6.2836598940819695,155.33501384310344,174.13097327034546,5.798559316467439,59.49397267876677,1,1,82.43256619992219,91.37167137735227
ATH016,20,Midfielder,2026-01-29,Training,67.20174977665506,4.8605966101616565,0.5219100737158021,7.172572581332114,166.40396580707326,192.13018868751044,5.250622444688168,53.56727109946345,1,0,82.08019374115753,86.71298154458923
ATH016,20,Midfielder,2026-01-30,Training,60.62187343108697,7.451602611901095,1.0548935991966584,8.647792412248947,170.65683758294233,195.79887483257914,7.194282816173623,66.5410719031807,0,0,91.16791578820258,95.20929416781445
ATH016,20,Midfielder,2026-01-31,Training,64.41402943504794,4.677136853820945,0.7362767402500463,7.239214441562853,153.0241218031997,181.6837704228981,7.075718162820851,73.46921131472644,0,0,81.40550692385888,82.35745160618424
ATH016,20,Midfielder,2026-02-02,Training,66.71429980756149,8.16555447053343,1.0747440081103603,7.146556651268256,169.73628196663202,200.0315595192556,6.373617845500596,63.979777783806895,0,1,88.07973074522826,89.79517588007799
ATH016,20,Midfielder,2026-02-03,Training,65.91580857909173,5.67798337581591,0.6318195845454049,6.719279713534664,157.47964930862693,179.44238087645945,4.904143191027959,28.78911428974174,1,0,86.04473839841478,73.57436493763215
ATH016,20,Midfielder,2026-02-04,Training,82.85715153651321,9.16812329638797,0.9949375139253748,8.295221565926289,162.11782158212185,189.63463357943147,8.684288954973711,80.68245210567777,1,1,74.96371833398099,97.56420215149228
ATH016,20,Midfielder,2026-02-05,Match,97.3305233326948,9.13711172981324,1.2598079003837215,8.11929002421644,161.61223446031988,186.0979739123366,6.054497124488109,60.6087990123721,0,0,82.3404632229468,75.78508974767954
ATH016,20,Midfielder,2026-02-06,Training,83.94212518582682,8.01895179085205,1.0325451580136908,7.107014343031981,162.54538747530796,191.15607410676097,7.160481410255405,64.73848926670732,0,0,87.07658571937131,84.78904407955135
ATH016,20,Midfielder,2026-02-07,Training,111.73201580806341,7.225847967889757,0.9302496213997351,6.450959538464486,145.1886215996334,165.23425317228921,6.433521756082802,56.7335455248767,1,0,79.44873439203272,81.80541314353242
ATH016,20,Midfielder,2026-02-08,Training,94.28609865194805,6.694313973234746,0.9675311937258831,7.257114847455536,165.88937480754242,191.1418032672107,6.063502749364075,50.691676895143004,0,0,81.38554042150805,79.9544941121894
ATH016,20,Midfielder,2026-02-10,Training,74.43803775046692,6.749100614441852,0.8486508397735263,6.751174900334582,157.5160243158529,176.30400770379464,9.447238741101192,93.21134468093476,1,1,87.83184077305673,99.23004545619341
ATH016,20,Midfielder,2026-02-11,Match,85.2035927352122,8.294028154451562,0.7686450241015579,8.472183729873585,167.323316551477,194.98364407015987,7.237388185113183,69.74232442304898,0,0,84.38823732500938,86.74327714419816
ATH016,20,Midfielder,2026-02-12,Training,72.42301225003135,8.025057262996716,0.7924654951548872,7.222990358110919,163.76474744097948,195.56926302213694,7.654673730593245,64.71405034880999,0,0,85.40875196467093,79.38795205140033
ATH016,20,Midfielder,2026-02-13,Training,62.91046102256293,8.340277950101761,1.1306232027319045,5.94651308827765,146.29712953198882,178.17384535801696,8.01461748359846,65.58633026580617,0,0,89.75397612118208,78.95804821279913
ATH016,20,Midfielder,2026-02-15,Training,73.8990719479876,8.484124692147702,0.9480310065601222,6.651306669724764,159.0685877319024,181.775077673255,6.050555627407734,58.66484251536917,1,0,91.62889831293926,85.67424595437677
ATH016,20,Midfielder,2026-02-16,Match,85.69770153281995,10.328563194722703,1.1388771469277421,8.734835196987866,177.73101879445193,203.02889176047404,6.687818467164387,53.394701145660676,0,0,76.98231199417619,83.67350785488144
ATH016,20,Midfielder,2026-02-17,Training,59.57853669162418,7.0798769646783635,0.8691217076258323,5.51833083369377,136.58145657120727,154.21258397423284,7.042945559338222,47.758589680397634,0,0,77.24475588601902,73.9620639909828
ATH016,20,Midfielder,2026-02-18,Training,69.41545787252203,8.902215244270346,1.4777632336431301,5.7148648852096215,146.20547422953652,170.91744991299495,7.852126072591978,64.66702744548604,1,1,81.34279170560217,87.72317500313493
ATH016,20,Midfielder,2026-02-20,Training,72.40914835348883,6.862438196156831,0.6640851442977868,6.873626622790253,154.25264741417203,186.76994708100324,5.6516230016651745,51.572616365670974,1,0,75.89439798102939,86.91242566352578
ATH016,20,Midfielder,2026-02-21,Training,84.90666727228114,9.063068887808893,1.461117815697628,8.521045386574515,168.11196440271294,197.60905389099864,5.047039830494148,37.81188315672455,0,0,87.81332072451596,82.15359107732216
ATH016,20,Midfielder,2026-02-22,Training,81.8704920636875,6.201302333239613,0.7577240864206773,5.83753654182125,150.4616396668375,166.30890321558806,7.888267420539039,74.5506896031059,0,0,73.64938500223518,79.2652720879055
ATH016,20,Midfielder,2026-02-23,Match,91.1396929688377,9.172672523959614,0.8131691568165855,7.536843680114384,159.0920654282916,187.02077978158445,7.4552031074661755,66.3772578840397,0,0,92.01616905465193,83.78128413144536
ATH016,20,Midfielder,2026-02-24,Training,92.06249661489336,8.633042270144008,0.6963444349469027,6.749761678749864,145.7308389452161,171.921199486346,7.027783936673157,57.06127988456518,0,0,75.62407616328801,77.13468293642387
ATH016,20,Midfielder,2026-02-25,Training,84.13811712609603,6.696658319503704,1.0779123217876012,5.590888560488453,149.12853997726663,175.97722390672493,5.731609383901508,48.829890045005634,0,0,78.1656018729986,79.38067666846608
ATH016,20,Midfielder,2026-02-26,Training,75.84386713478199,6.424583166734233,0.9773278192243573,8.8263066853667,161.58878348163785,185.48291767320185,7.806826045467545,59.05640319957992,0,0,84.57843712954295,71.51063011833119
ATH016,20,Midfielder,2026-02-27,Training,89.29402111140769,9.346460774689556,1.1102483779894823,5.334257084267836,147.52011853170112,170.77499087760646,7.9361622025512935,77.51288690442404,0,0,70.99555659480241,83.09057397980692
ATH016,20,Midfielder,2026-03-01,Training,90.94569706088913,7.398658554923908,0.8656809176372267,5.931379912042628,153.7499035948856,172.42686602353427,7.2329977323866705,55.600683144889366,0,0,85.62192110173964,80.95182296963821
ATH016,20,Midfielder,2026-03-02,Match,96.06967690332134,10.266321587150165,1.181681002569023,8.289340848994799,155.7773776700951,181.49823527825518,6.467960333129362,54.98111004776623,0,0,90.43674310786325,75.8490834166654
ATH016,20,Midfielder,2026-03-03,Training,64.19385307872813,5.809252569540009,0.8824036501558382,6.541282426691893,160.1417322737979,197.8385827022045,6.103469711744366,63.246291219172775,0,0,80.87215104639702,85.20109295198237
ATH016,20,Midfielder,2026-03-04,Training,82.08348412280334,8.174710599055159,1.2470294506477784,5.0702133509338365,139.70565202273912,165.98524065683972,5.160191840901677,44.67972806444466,0,1,87.1755757485867,80.89427728244905
ATH016,20,Midfielder,2026-03-05,Recovery,40.46661145022313,2.645386009635904,0.253677929166796,4.294833057094627,142.66498961940272,162.16061788867265,6.388255969847122,61.48330058227614,0,1,79.93358789618802,83.16672150465781
ATH016,20,Midfielder,2026-03-06,Training,86.04924577238329,6.47768681537959,1.015300036264768,5.698586997053828,148.58880391393438,173.48968855523174,7.263248085515412,60.45805939845762,0,0,82.1382106627201,80.75396488113121
ATH016,20,Midfielder,2026-03-08,Training,77.76219211324478,7.001822287501683,0.6561653693773021,6.849581365586302,152.89912108955576,177.37349123228222,6.825649725852599,75.41116376696023,0,0,98.0,90.95662814807264
ATH016,20,Midfielder,2026-03-10,Recovery,33.24288295770857,3.0762595971081383,0.3088809243622439,3.427478195384931,145.99814185889227,168.12190043091573,9.1464603702867,97.4437179937164,0,0,88.71270484493786,86.29247184554981
ATH016,20,Midfielder,2026-03-11,Training,66.17831338701676,7.047308185899452,0.931490391370906,5.874915183241658,157.57221658506197,182.68246920948175,6.40710978090824,47.573873622226785,0,2,84.13711226793254,96.3196651647227
ATH016,20,Midfielder,2026-03-12,Training,57.11169422789425,8.080977691246341,0.8559548345555872,5.730274109760339,151.33167512862983,173.00199444553937,8.666094167148461,86.60323900760623,1,0,73.03146819576413,95.7810599663968
ATH016,20,Midfielder,2026-03-13,Match,88.96449511065265,8.195442313943323,1.0911640756143202,9.14548124799031,175.03872618131481,205.0,7.156199798908217,53.31149046683997,0,1,82.90861418324035,83.92894369114049
ATH016,20,Midfielder,2026-03-15,Training,60.08255875351828,4.943671734047515,0.6941093715381841,5.109362277406082,138.91370067286616,171.49024734770455,5.983585446621004,50.28644985789951,1,0,82.38455590028327,84.62121103308841
ATH016,20,Midfielder,2026-03-16,Training,69.90287516818606,8.771078043490185,1.2108704886674493,6.547689419484024,159.35229011154726,187.5036023089987,6.530031300897521,56.773309789597214,0,1,83.54245597311679,93.42458575060854
ATH016,20,Midfielder,2026-03-18,Training,83.05902357206976,7.148998514004186,1.109649603507807,6.319355533693019,142.38792057388292,163.41556724915267,9.02088691055345,77.65825211971412,0,0,80.23160447178581,76.98276241296561
ATH016,20,Midfielder,2026-03-19,Recovery,48.90124780793897,3.2305314210222322,0.3942015684840666,3.120473286889533,129.05963760543804,159.41284699746842,7.028213691331609,65.85805375867288,0,0,85.41620408349405,77.77565223244731
ATH016,20,Midfielder,2026-03-20,Training,88.61239408937766,6.27002066110004,0.5822227411100778,6.462040063521618,155.9765317199839,177.41366528726488,7.167741165019482,53.08581276063118,0,0,72.36023848605284,74.74518686703304
ATH016,20,Midfielder,2026-03-22,Match,90.31719753453301,7.1378717649944585,1.1686235971463794,8.045921521800862,173.20151347854312,195.40202883640336,7.8491144907655634,70.93890474065786,1,0,81.00036328511908,91.6595026900184
ATH016,20,Midfielder,2026-03-24,Match,82.6630555880048,9.554651810129792,0.7872021620189548,8.527714185006447,160.89090589129773,177.75204420224483,8.829243891522218,76.91210051969514,0,1,75.13923193086796,90.82076250852008
ATH016,20,Midfielder,2026-03-25,Recovery,42.75424075941732,3.291068415213555,0.5484750170592185,1.9967110949491926,125.27727183467316,150.4395648009117,6.995661620429834,70.92025350257263,0,0,75.97315916548696,77.24890636637714
ATH016,20,Midfielder,2026-03-26,Match,97.39982996247507,10.55490154336955,1.1358573564854606,7.908369042715529,168.74785776096118,196.50328690857035,7.838561682531586,68.61007734362445,1,0,75.86496473598822,96.48516212212023
ATH016,20,Midfielder,2026-03-28,Match,89.17632672311215,9.271318381422866,0.77566285116399,8.474275830449132,162.0665235424923,191.10319755081056,8.839872651565598,75.56720924038875,0,1,85.7257393007599,85.9408687833836
ATH016,20,Midfielder,2026-03-31,Training,49.55799411979056,7.685291628744956,0.6773796974030372,6.902290379686761,154.43916643755642,188.15790356739976,8.61926571175344,71.37297310580989,0,0,79.66419878139354,82.81224750477341
ATH016,20,Midfielder,2026-04-01,Training,72.96199632779879,9.341048507554591,1.0585445900301444,6.843438780990213,158.98278411098494,195.4703662176275,6.087883204560125,40.44995634778198,0,0,68.8624696269547,75.47319271122034
ATH016,20,Midfielder,2026-04-03,Training,80.73772414929644,8.458282401051553,0.7082363449075249,5.806978262471568,146.20410520189648,161.63749996441834,7.953479349561388,76.3076274385352,0,0,79.13080691817154,88.05068569926809
ATH016,20,Midfielder,2026-04-04,Training,61.79121447080688,6.2967472282989805,0.6353164778149007,7.546373058769306,157.9799017383119,188.0869759449114,6.3306112009861355,51.75312974284202,0,0,71.52897732042996,72.09290408419132
ATH016,20,Midfielder,2026-04-05,Training,88.53811351254686,8.04285046754666,0.7446856708884518,5.66379006330111,149.05844716292958,170.03409470554107,6.295821632851524,50.07884073395771,0,1,65.27965104641503,83.91950353452104
ATH016,20,Midfielder,2026-04-07,Training,72.79847971169919,6.889082181833995,0.68625555928694,6.56995697574817,153.82445753417107,186.05309472978394,7.28004538454969,73.16536774987294,0,0,82.94057538226379,86.19360355403275
ATH016,20,Midfielder,2026-04-08,Training,72.79485888558105,6.970734726214566,1.0389640325568728,6.99509999233777,162.73205686759547,187.2963305583616,7.882717359603612,55.53009822822256,0,0,83.88908722883524,79.65669382757906
ATH016,20,Midfielder,2026-04-09,Training,64.85903677838937,7.871374196420837,1.1811018346699529,5.504135349096584,143.83631275037033,162.91200999076952,6.243366277679598,53.42697545632134,0,0,70.83716558107896,72.22266290827076
ATH016,20,Midfielder,2026-04-10,Training,67.04071113869219,7.279440010396176,1.0984290387783255,7.739125460033675,152.82255655711558,175.76319441227935,7.196665237555016,63.33360047957766,0,0,81.9353447917041,83.24046748131714
ATH016,20,Midfielder,2026-04-11,Training,52.80722763778788,7.779201129511269,1.2707553654594037,5.775006666098855,153.07503526167204,167.55480053570344,6.877055224113369,48.15776359862437,1,1,79.39037006262816,89.24794058176542
ATH016,20,Midfielder,2026-04-12,Training,84.72794243800162,6.752457886615564,0.8662946689900267,6.486369382357603,155.3529600546149,185.2197377031086,8.462061395767211,65.90830580932268,0,1,79.22036062542246,90.85106111995577
ATH016,20,Midfielder,2026-04-17,Training,69.9599115594465,7.359756497459567,1.0673952300668759,6.231888148378884,155.43483151324753,177.39789814070235,7.351594521064473,66.26825261166019,0,0,86.47269742478798,83.43675529515234
ATH016,20,Midfielder,2026-04-18,Training,91.17341676986891,7.450310353383021,0.7705075360078776,9.235454273670959,166.755190970881,198.69167109298598,7.046439423084319,59.6667665780371,0,1,84.49528813757166,81.36349535766367
ATH016,20,Midfielder,2026-04-19,Recovery,40.46899843417205,3.113334123726041,0.32285543412725004,4.351809926229969,141.91356950900624,162.93876766844494,6.690281071161631,72.64890486734873,0,1,80.51547541251011,84.17256417945988
ATH016,20,Midfielder,2026-04-20,Training,82.82703883932105,6.986884701528831,0.979769196447403,7.201257652936988,148.20005486413748,173.35285050514176,7.622197683975542,59.68957723762104,0,0,82.42119553872584,75.82311857096288
ATH016,20,Midfielder,2026-04-21,Training,64.2623655043133,7.360063703167788,0.9795367553483151,7.58367108947844,166.0192173857905,188.71432759884362,7.074820051271739,55.94868265336283,0,0,71.16881013921721,69.64662104877819
ATH016,20,Midfielder,2026-04-24,Training,77.18491950041891,6.306763579415021,0.5583360056167823,5.556936393723924,143.14074966723453,174.87225128021188,8.736941976785165,76.21452462615794,0,1,76.89934189687783,90.95760762015045
ATH016,20,Midfielder,2026-04-25,Training,63.928976832997265,7.12975093340757,0.878902375115316,8.125129085381435,165.87371129379315,197.3887779608113,7.95122609515205,62.57591598159236,0,0,81.3833054475212,77.8213244706802
ATH016,20,Midfielder,2026-04-26,Training,64.76321778093413,8.187004270039672,1.1993784848745954,6.499326502926041,149.09967920098526,172.73590929303103,7.208071597700274,61.73993862513237,0,0,90.49183636961513,85.37404748835617
ATH016,20,Midfielder,2026-04-27,Match,96.22248617541622,9.73259164531023,1.0476821842335604,7.845994081389536,153.65020782471498,172.66123834645964,7.048796762506344,74.05572285378585,0,0,78.8252005297619,88.445322301696
ATH016,20,Midfielder,2026-04-28,Training,88.8503469069706,6.7783242993723105,0.8356721262858162,5.507625237803969,142.48752622150838,169.43521780243043,7.612149878765073,68.74217890677312,0,0,75.23518626991729,73.57226701475558
ATH016,20,Midfielder,2026-04-29,Training,102.60069179619425,7.704741688617531,0.8890177561543979,7.155089838576813,149.89989247064918,178.35328193806305,7.031645664460292,68.0821497167917,0,1,78.40308971396092,85.58808253491124
ATH016,20,Midfielder,2026-04-30,Training,63.825181762379984,8.04863602968696,1.0023703642103707,6.339494193751036,149.75910402031556,167.82948611896168,6.680188014794234,64.89535565751676,0,0,82.21937130098257,74.49389870770898
ATH016,20,Midfielder,2026-05-01,Training,87.38752272890338,6.609208312971085,0.5769438137146623,5.379867356410173,150.27502584280018,178.45740395848154,6.013161858818414,55.393715229054145,0,1,82.45518109767163,79.66670890511864
ATH016,20,Midfielder,2026-05-02,Recovery,48.80794057053151,3.4068177366458183,0.5271464900824642,3.5534810768455465,140.79206689789098,157.80437816385506,6.641452062548267,56.33393986775346,0,0,66.75603511224492,77.60127569492441
ATH016,20,Midfielder,2026-05-03,Training,82.64058183166347,6.7326322814668185,0.7703262228003719,6.467032009966915,156.2730138521152,186.74896373422538,7.781432618883029,76.3932506589874,0,1,87.98764922985752,83.1158262239112
ATH016,20,Midfielder,2026-05-04,Recovery,44.08137489274128,2.918643058201344,0.27266675476090474,4.311716923760572,133.94185576076862,158.15246950126792,5.521801271980466,54.004382632229195,0,0,80.29237025628564,73.44915473326841
ATH016,20,Midfielder,2026-05-05,Match,95.78394184019402,11.391534661631036,1.7162011303073756,7.379526503126924,165.47056385809867,201.03090595754597,6.5951918241998,61.100089389195965,0,0,80.71573410443732,79.40910170714204
ATH016,20,Midfielder,2026-05-06,Training,79.61055742841546,8.129555880644721,0.9759183829724053,6.267695689740631,150.31183891981672,171.77612447668886,7.397357175997268,70.30287558553924,0,1,82.32086971226641,84.23613501572565
ATH016,20,Midfielder,2026-05-07,Training,88.60858045089904,4.75244842582123,0.6463778777593937,9.127917393558167,167.77547356209374,197.29097989269135,5.84836036631663,41.77032226432326,0,0,79.9078579867346,83.51268687033237
ATH016,20,Midfielder,2026-05-08,Training,63.26145446340855,7.443220698542166,0.6509332207098395,5.80275345714358,152.9736357434391,174.06438017836618,7.2224507923027375,79.00237488547302,0,0,87.12434201668208,85.89777112189974
ATH016,20,Midfielder,2026-05-09,Training,96.4344720010898,8.974608661749247,1.335591018108288,6.815461087018761,156.29099288282637,182.88897402837964,5.7307805271804275,60.37789083240907,0,0,78.79811538404547,81.1290393443362
ATH016,20,Midfielder,2026-05-10,Match,90.3939800540417,8.175599323025304,1.1514473647651822,8.016756868624102,160.46605844376185,184.78989698732954,6.351327154946627,57.265347544681525,0,2,72.55621666974054,89.97254923415447
ATH016,20,Midfielder,2026-05-11,Match,97.37131187124503,10.439002752375721,1.1533617105657903,7.004926060687727,161.0647470805575,192.86762408252872,6.272178112530737,59.693738691393776,0,0,76.03873267462643,76.94569709496415
ATH016,20,Midfielder,2026-05-12,Training,55.89415993124917,7.664847080150613,1.126330760346303,6.012570576828686,154.3856598133875,189.16968296687978,5.68834191409041,40.91780037828764,0,0,82.01838548431695,85.00664681911056
ATH016,20,Midfielder,2026-05-13,Match,89.99627539918924,10.309385161481872,1.6048095724890241,7.8366230216158055,158.2405905512666,183.22970201534395,6.928373191008598,51.18040431641227,0,1,72.77203610953187,82.46795673755646
ATH016,20,Midfielder,2026-05-14,Recovery,48.31669766805294,2.5035924229145574,0.404343568364942,5.452424213801088,149.92523082462634,185.4752629860542,7.759419904484215,74.99639493807155,0,0,88.69537597701519,83.57583237752145
ATH016,20,Midfielder,2026-05-16,Training,68.56412229131777,6.286089938232993,0.9085738628012917,5.9741760961503125,145.46212530007008,181.2496966152058,6.869430173078156,49.70130003101242,1,0,84.49726774865374,84.0650278996232
ATH016,20,Midfielder,2026-05-17,Training,78.14679220087163,7.696422559713894,0.9149172209676522,8.251341325418338,169.7200574117999,205.0,6.962175646402787,59.18170986921374,1,0,89.43727436716205,96.63201277761452
ATH016,20,Midfielder,2026-05-18,Training,72.64182235657147,8.281250633856473,1.0299267593353025,7.429873591589046,163.75485761253114,187.76696149584745,5.747115716546972,47.50950047479735,0,0,78.15003486484807,80.96851303348106
ATH016,20,Midfielder,2026-05-19,Recovery,41.40732252198571,3.348957737985467,0.5598537912541515,4.498944847748322,139.66645968339267,180.7954397077828,7.352403463136209,73.11033843872227,0,1,73.15540665928916,77.92743724401099
ATH016,20,Midfielder,2026-05-20,Training,81.89306329274486,7.0074957166320875,1.1871623933371827,5.326976080186554,150.1372198345878,181.01689238592954,6.533284556896703,65.31407858152433,2,1,75.7264754578709,100.0
ATH016,20,Midfielder,2026-05-21,Match,87.39961273440541,11.436979473178607,1.4270475692422697,7.826691483963288,164.85172970324297,195.76683898199093,6.559265294243281,44.1876814362105,0,0,79.00610222056113,74.12232838101369
ATH016,20,Midfielder,2026-05-22,Training,82.03089100791826,7.781972895888652,0.8376079802910869,7.254936881191431,159.93400734183504,188.23016535139354,7.711494509200866,67.54770590454469,0,0,91.8138528760227,84.66982442529358
ATH016,20,Midfielder,2026-05-23,Match,82.01096095045902,7.288748214621719,0.6988360556705137,8.3310477836152,167.45661160990605,188.79638134286813,7.166826762333652,53.58065459929183,0,0,92.22082309992221,80.41030392497248
ATH016,20,Midfielder,2026-05-24,Training,59.36324570456112,6.301712446601232,0.77457139004945,6.540364093936782,151.1660943958387,174.32766978530177,7.635173701547752,80.4433465580879,0,0,77.97433460591716,89.23322864083815
ATH016,20,Midfielder,2026-05-25,Training,83.36567132942332,7.945295765424058,0.8190571032268884,5.434044476585522,140.4678624150025,170.44617467526473,6.841754013200959,80.29632406563218,0,0,82.05493366655534,89.4208875538098
ATH016,20,Midfielder,2026-05-26,Training,71.81644414811413,8.383249716326166,0.7215366579853655,6.646575619994173,147.5283592322161,171.81683960691188,8.629400867108,74.92823465556404,0,1,86.44628656706725,89.3425742716471
ATH016,20,Midfielder,2026-05-27,Match,97.94374600667558,9.48429866632517,1.1238147491537085,9.035259954312366,172.6567804434724,205.0,6.55343514636372,50.01206074898497,0,0,87.43335742398358,74.79396593810831
ATH016,20,Midfielder,2026-05-29,Training,70.69800567802328,5.238790023452373,0.6694967475190143,6.634461443986239,160.86029473003947,187.93095540274845,6.1594084688145925,47.292744603767495,0,0,76.36520529076114,79.96578782794826
ATH016,20,Midfielder,2026-05-31,Match,93.2802701660215,9.588707061416121,1.4600627074403758,9.012374080327241,154.6306527139175,172.5500579779746,7.6068973427068975,52.810715721858315,0,0,92.06170897007254,87.7075433631618
ATH016,20,Midfielder,2026-06-01,Training,69.36537187424885,7.653653846581799,0.8432681302250329,7.125085806595713,149.7023008063485,182.83815129535566,6.5440694744570855,48.81906763881475,0,0,75.85080015887453,76.57581422482411
ATH016,20,Midfielder,2026-06-02,Match,98.42184941272376,6.246398373312732,0.6184153751418736,8.717982364804588,163.17645315358828,186.39704874976417,6.844215307040098,47.21761265118211,0,0,85.32687515084683,69.00595831962632
ATH016,20,Midfielder,2026-06-04,Training,66.09410351868532,6.9472785856190145,0.7304501394054348,5.582310850319047,158.7636010507842,176.39374897295966,6.402179486540177,57.853729384883565,0,0,72.17128598869095,78.32306751053954
ATH016,20,Midfielder,2026-06-05,Training,71.49764822552144,6.890649515543528,0.8428641321039076,5.959043725289158,154.58731934146812,171.65088482581234,7.173299606290766,72.80730414109317,0,2,80.8701582010108,90.51720067917591
ATH016,20,Midfielder,2026-06-06,Training,57.974113624615,7.53932839016291,1.2386351644037077,7.702742255304395,156.38559425785843,175.30288900964462,6.45419352982018,50.81339086780518,0,1,80.36611881589748,88.25756143568219
ATH016,20,Midfielder,2026-06-07,Match,96.48465068987096,10.819387549188276,1.6221223486130039,8.15438950971273,163.301191445947,190.1982628298028,6.92056592474315,68.8446934967528,0,0,88.4535201705424,85.94723371763735
ATH016,20,Midfielder,2026-06-09,Training,77.05181291920248,7.608702571985148,0.8910975551759953,5.911044522553129,155.42712382545446,182.1613267583005,6.215699876453807,61.30836987236807,1,0,84.94509723421132,95.06810054868868
ATH016,20,Midfielder,2026-06-10,Training,77.11434599026076,7.9102042429051656,0.7221646192261911,5.19482389434006,137.73910889121714,166.80441052200058,6.570573229029151,72.14946789009444,0,0,76.47114515267336,87.78390599266758
ATH016,20,Midfielder,2026-06-11,Training,74.74803672485636,6.0966009355578015,0.9733825360651381,5.928535590434299,147.79722079181266,180.32274056009732,6.895785506253866,54.80501098638603,0,0,87.00170494744754,86.15954903466583
ATH016,20,Midfielder,2026-06-12,Training,64.35216761764657,5.96941163569519,0.920543141773118,5.946394672103345,148.2155934044693,167.96063634553136,7.1653837849596975,72.12344066835725,0,0,79.53582123195628,75.21729436233345
ATH016,20,Midfielder,2026-06-13,Training,69.21151711608292,6.572799342653655,0.8646265665533964,5.1925626129761575,152.1721717226574,188.90990011658155,7.323916520653563,63.52171115329009,0,1,77.28007199817458,91.39768460025499
ATH016,20,Midfielder,2026-06-14,Training,72.91790650487133,8.40292423077832,0.8044695864848284,5.813125885268939,146.77666361204717,171.79206838149256,8.571372710813746,72.75442458331693,0,2,87.29944436269403,87.29022667648906
ATH016,20,Midfielder,2026-06-16,Training,86.52583097718025,9.259580988435681,1.4476293923324013,3.851374739513709,138.37322384887779,148.31023028728026,7.025776326158321,76.43890891291643,0,0,84.73560321043314,73.1425022280992
ATH016,20,Midfielder,2026-06-17,Training,82.21292628102944,7.411003549281023,0.7201576803345796,6.296416717766078,164.60180446214167,194.11648445739607,7.191322398040871,55.84742230119358,1,0,83.43656619023196,78.75679451149654
ATH016,20,Midfielder,2026-06-18,Match,92.12366339964808,9.255486031430044,1.5494885366538995,9.126725720863593,176.9457835473728,205.0,7.123252446444164,62.82134753239648,0,1,78.19306270745531,82.45117402701128
ATH016,20,Midfielder,2026-06-21,Training,91.10133254436374,7.502943579556009,0.9975906041965945,5.2418591022346455,140.4236836767978,170.12025788590532,8.509378647812685,81.63596547030293,0,0,78.2929874983358,78.46056405898291
ATH016,20,Midfielder,2026-06-22,Training,72.49977057858648,6.976842201586191,0.6014612576696489,4.940094431812062,145.63214950361154,160.57561233966342,6.599359318368281,71.82785965832144,0,0,95.5581900747828,82.38529002883156
ATH016,20,Midfielder,2026-06-23,Training,61.60110033680891,7.412349036757602,1.2571437801490362,8.559575033649011,174.53577749598418,196.8020954137604,7.276556197633578,71.36090140066484,1,1,78.08781692434606,98.09494884883756
ATH016,20,Midfielder,2026-06-24,Recovery,37.685304586618834,2.9189299528356,0.3704591264779568,3.457917884082393,137.54572049416785,157.99501979153968,8.583601221337185,83.80869591676672,0,1,77.1926198243577,75.93661294051306
ATH016,20,Midfielder,2026-06-26,Training,73.93921291848349,5.956920619647303,0.8613715898656098,5.817614031405023,154.17573857567126,186.07671278522844,7.03716969578059,67.15480580144295,1,0,78.14473494468669,86.52924981546107
ATH016,20,Midfielder,2026-06-27,Training,72.56496447568468,6.282260582379192,1.0325177308741182,6.170135090665786,163.9251976691404,177.1087269322072,6.386280492063475,61.26919261704687,1,0,81.15749968151454,88.17102588158056
ATH016,20,Midfielder,2026-06-28,Training,74.97490193663155,7.962621783798314,0.9986500440404104,6.961376405067014,156.52112485740255,183.6545555810607,7.111736921489689,61.480218961001064,0,1,74.44259584201103,93.70864162864987
ATH016,20,Midfielder,2026-06-29,Match,88.40296154463944,11.163906734393153,1.4671421387428965,8.397475650881015,164.50612794395994,185.17283496569803,7.492820142978764,64.23586937368957,0,1,70.25960485366963,87.65592346856184
ATH017,26,Goalkeeper,2026-01-01,Training,72.19558649063804,7.04546811335529,0.7078226090147931,6.011266011752323,146.9502060983911,167.44598022543593,6.687218838200947,59.03366071291805,1,0,64.57087964103167,79.4437691689988
ATH017,26,Goalkeeper,2026-01-02,Training,87.53930370135954,11.418844248959122,1.8956106527325287,7.499712985033189,160.6915298904419,185.79598532055752,8.781395215168088,83.93097932574184,0,0,94.03469171245084,88.3328780599914
ATH017,26,Goalkeeper,2026-01-03,Training,69.29787701683435,8.013522534426292,1.100847066168447,6.995642675026987,153.3040932261104,184.65407313041035,5.814734110396177,44.15441092822123,0,0,86.09950332618656,87.08552559648776
ATH017,26,Goalkeeper,2026-01-04,Match,82.54688927286136,11.613699294126079,1.0537383094806776,8.074391047760242,167.67557871915818,203.82980112756098,6.905756374228968,60.7869286272306,0,0,75.04196833939227,80.64182989963022
ATH017,26,Goalkeeper,2026-01-06,Training,100.70619149307761,7.504159157202754,0.806474866892139,4.717537086829493,147.06296950104604,173.97379539093652,6.895860349750182,64.8503909525541,0,1,92.8089851778492,84.0953954529932
ATH017,26,Goalkeeper,2026-01-07,Training,94.46559180215519,8.819469190208705,1.0931904815557436,5.517621288957544,150.74247608108226,163.9649492761527,7.286594468658273,63.78845307528642,0,0,86.91753466131365,88.30624039011394
ATH017,26,Goalkeeper,2026-01-08,Training,74.42754441052482,8.080336655509845,1.0885087444140722,7.1029562226212555,153.3941964624455,178.5228617843892,7.346919246838618,60.95550726689745,0,0,92.38497369965671,87.47315340651387
ATH017,26,Goalkeeper,2026-01-09,Training,73.60799882726232,6.233907161107244,0.6162191025641856,4.545719126054853,142.60525387013814,159.713146734097,6.953225250067405,48.8937768441228,0,0,80.1594095454576,75.98663701899892
ATH017,26,Goalkeeper,2026-01-10,Match,102.68598482116683,8.802767661111021,0.9673625045697937,8.327352046150505,165.63987322908642,193.39187933324013,8.772537060910487,68.23814565514314,0,0,90.40095025218429,94.23706391143341
ATH017,26,Goalkeeper,2026-01-11,Recovery,35.40302681607969,3.2104310354533014,0.40599387476291904,4.282222433762562,139.48974959035166,170.61963268814026,7.178784838964003,80.83087926738494,2,0,91.0773843861792,99.56287154432341
ATH017,26,Goalkeeper,2026-01-12,Training,68.56031298690691,6.472512101169745,0.9293875689401508,5.915942423687279,143.33348686315273,168.18177942291288,6.379808848832475,73.8933110153221,0,0,81.83016488784827,93.8520491595063
ATH017,26,Goalkeeper,2026-01-13,Training,72.4294149568659,9.065041997057214,1.5017540391187207,6.418314320600321,151.65648163390472,181.89466041470354,6.249574854033282,61.290520766533156,0,1,81.47853784479732,83.72467486618017
ATH017,26,Goalkeeper,2026-01-14,Training,93.67032181078008,7.473552974178023,0.7898496354107162,5.803221960014729,152.90666645760678,179.55263272113197,7.978979094617645,63.836143708739876,0,0,83.37597096634398,76.03202920051048
ATH017,26,Goalkeeper,2026-01-15,Training,75.97009778671334,7.1816211261715095,1.0036957595925116,7.836919964347845,156.27529554319062,186.48292070628196,7.076159745381637,58.250941809036185,0,1,78.7074478704631,92.41504476808545
ATH017,26,Goalkeeper,2026-01-17,Match,80.11322962290075,9.801261004811206,1.4944668984818537,7.718161163297815,163.15689752674893,200.2812783171004,5.784588688821434,44.395853994837154,0,0,82.60472794310668,79.0589595182921
ATH017,26,Goalkeeper,2026-01-18,Training,78.95864207701102,8.240362246596236,0.9816016542800657,6.471395463724528,157.49364045865457,183.166498314688,6.261989873922142,50.763287027905996,0,0,82.21729886589675,75.74604400434832
ATH017,26,Goalkeeper,2026-01-19,Training,65.33592952209243,7.235139872235268,0.798632263484813,6.519334448171833,156.8590841860068,184.00716960367652,6.977412524275388,57.289075975511444,0,0,84.00667878797069,80.75291255697148
ATH017,26,Goalkeeper,2026-01-20,Training,97.43060113200826,7.914939481433519,0.9738742180266695,7.395644805645112,160.1017601225617,181.97327978819774,5.871487165485103,51.66280512224548,2,0,79.7132149730131,98.97838545339225
ATH017,26,Goalkeeper,2026-01-21,Training,73.18104276420327,8.447261392022106,0.9085900819450703,7.815326470799611,168.47231682172358,191.3124132712229,6.847260121125593,63.917329510598854,0,0,76.05739520788624,82.7530018888569
ATH017,26,Goalkeeper,2026-01-22,Training,55.335390247272336,6.478255450981173,0.8367990334228284,7.797245900094086,162.85065076809786,185.83944168437768,6.413309588843335,43.197049244343035,0,0,87.49102012274712,83.62974862570002
ATH017,26,Goalkeeper,2026-01-24,Recovery,33.30280301790846,3.113311962280889,0.3763543279520023,4.584219376415481,147.25085884602618,170.97123166348945,6.714801583210083,66.08748764298296,0,0,80.84028128359716,75.43486591327533
ATH017,26,Goalkeeper,2026-01-26,Match,93.78670808086622,8.79089270093728,0.7487743401699318,7.595371820905358,160.87212722746253,179.63571525273125,8.247693680043854,74.45796845611741,0,0,78.70886301541181,78.96161647148304
ATH017,26,Goalkeeper,2026-01-27,Training,87.7555197075293,6.269183748308073,0.5841871746556418,5.733451402437019,155.84046320687446,185.87209209863983,7.132940389298884,67.30046308708218,0,0,78.89111317119671,84.73286105383622
ATH017,26,Goalkeeper,2026-01-28,Training,67.79661092511157,7.573924812431245,0.9582437294622718,6.826804596040087,156.82074909770435,184.9989262457361,9.087754797387925,80.39118775519391,0,0,92.60676262186665,90.50805883751251
ATH017,26,Goalkeeper,2026-01-30,Training,67.61607233702335,7.611728585984958,1.2538498478548308,9.441048081165452,169.0669955088833,199.37288939058263,6.902687574968595,52.21457427212555,0,0,84.32463689355575,81.90420225842391
ATH017,26,Goalkeeper,2026-01-31,Training,68.97256824114625,5.6622849221416525,0.6889185889543511,5.8697929260391355,151.92867284607277,170.82183421026417,6.728440335715533,58.431816972540396,0,0,76.08136909228458,77.12059992295835
ATH017,26,Goalkeeper,2026-02-03,Training,64.00419033654862,8.483320132427885,0.7228381175225945,5.890090835219744,147.50184079669148,176.5711006980142,7.318883791932992,72.78738147764655,1,0,81.29267505730394,91.66991546547
ATH017,26,Goalkeeper,2026-02-04,Training,77.44725906152271,6.6194500265237535,0.8382538648800423,8.163712756492362,162.4347399881255,182.63635411401356,7.536057333233896,57.46450694326574,0,0,81.80222852060909,82.34775765323725
ATH017,26,Goalkeeper,2026-02-05,Training,101.07107233442844,5.4312602157652385,0.5562790439107479,7.3294426826339665,156.94009375147948,177.13812420882272,9.31412978770896,94.92090485750994,0,0,77.10917316900162,85.79297127743376
ATH017,26,Goalkeeper,2026-02-08,Recovery,52.207649886470364,3.1184519919134464,0.44315816374919026,3.8431740672690085,139.67485885095164,170.90978094297697,7.129534924420984,74.05980933652391,0,1,85.40844417881156,85.4032667673893
ATH017,26,Goalkeeper,2026-02-09,Training,55.34087242777328,8.800820632116213,0.8228871329298422,7.9097871124190275,158.20781753748935,179.49328635674388,8.20384711960418,62.632710155206134,1,0,85.97756584226335,90.56203197967183
ATH017,26,Goalkeeper,2026-02-10,Training,83.53886837919157,6.746666007062707,0.6954068846109498,7.400992451601284,162.9940224210509,181.95279492295703,6.9234170824572665,62.61288811505416,0,0,84.29200444869022,78.94600502467385
ATH017,26,Goalkeeper,2026-02-11,Training,66.60877158354519,7.187184766960905,1.0449270739287522,6.521536759505449,151.78134478696214,174.2217428768817,6.022795694123125,42.530986982519885,0,0,76.5608487837133,76.18696857550366
ATH017,26,Goalkeeper,2026-02-12,Training,73.80515548134831,5.558081637235335,0.49954022786354,4.983914858175808,140.41806772007786,159.22740448680622,6.638778467287635,63.07202301401784,1,0,75.96951567828297,79.86081240791383
ATH017,26,Goalkeeper,2026-02-13,Training,88.14336774954353,8.989263369217584,0.8509583298076072,4.977477651047025,134.46743951309497,166.20572613548805,7.336709707413796,68.05226392042833,0,0,88.75318233103785,90.04619307115651
ATH017,26,Goalkeeper,2026-02-14,Match,88.27784567984719,8.709525533935842,0.7459867452627179,7.9638956955051885,166.19407714984985,192.2800387519762,6.428647278061902,54.09128578053654,1,1,88.84933836163505,100.0
ATH017,26,Goalkeeper,2026-02-15,Training,78.799913378172,9.521176349205936,1.6036015814864983,5.162025155538266,143.18486528146337,175.9534218165354,5.712358816622473,47.405592952224836,0,2,86.33962638343039,87.20118037170104
ATH017,26,Goalkeeper,2026-02-16,Match,96.2655896588514,8.576573287346585,0.9030891053626281,9.405984110976112,179.58237071446865,203.6255042516257,8.186368113407958,67.85742485934402,0,0,91.41519819031336,95.58606295398813
ATH017,26,Goalkeeper,2026-02-17,Training,73.95481828159059,7.86179265267521,1.105963140377244,5.7929172622481655,149.06492648438467,183.7157842552353,6.872924091059117,61.396597178839464,0,0,91.13045627827832,88.32447238848269
ATH017,26,Goalkeeper,2026-02-18,Training,58.10611532296055,5.692104867688727,0.8898637292837981,7.948467517999769,165.4731595768862,192.30860362338973,6.431338599878242,64.36017681483914,0,0,81.76401959720482,81.85990691664341
ATH017,26,Goalkeeper,2026-02-19,Training,68.05102795241385,7.931523755590649,0.7773875174151634,5.544802438693554,143.89546290937253,171.2888919285123,5.791374256831698,52.48574224702053,0,0,88.68423961299304,86.55060733790636
ATH017,26,Goalkeeper,2026-02-20,Training,68.64629559632745,6.592838552128336,0.9201315918180493,5.29675552729385,145.38720658734601,170.9592095152937,6.964676726568097,67.46418532885735,1,0,81.29776966315515,78.33627987538215
ATH017,26,Goalkeeper,2026-02-21,Training,80.14393166379475,7.660765184656664,1.087887541794462,4.5897876901551,153.4190406018111,196.1129261647477,5.778390795715891,52.54969068753164,0,0,85.59477420491685,80.87151703067
ATH017,26,Goalkeeper,2026-02-22,Recovery,43.27555441185997,2.8158606000679063,0.3632617614593756,3.954797504549956,135.3208404788736,159.22897210003427,5.511101181146718,50.23370275701845,0,0,81.63617551002987,77.31494064026491
ATH017,26,Goalkeeper,2026-02-23,Training,66.22730213000149,8.786705129507663,0.7937781218231842,5.558740353732114,141.2020666309691,162.32358935342398,7.884836862305375,80.86572168796759,0,0,92.46312556067066,93.22314571231128
ATH017,26,Goalkeeper,2026-02-25,Recovery,35.25422025648713,2.960448479298198,0.47922770674526105,4.491683849695573,140.28056923014907,165.5173633400513,7.429860647288376,72.673032724396,0,0,82.25402214041034,83.33610690470098
ATH017,26,Goalkeeper,2026-02-26,Recovery,53.86436070928722,3.5730662153052677,0.4687836596162008,3.2952444426562297,134.0215739919688,147.49191121068026,6.8853186083589915,82.11164466824249,1,0,91.24472684370163,86.80755807844989
ATH017,26,Goalkeeper,2026-02-27,Training,86.04123782293692,6.310954604335446,0.8762827636362112,6.165056983210406,161.80937637538904,189.2405431757312,6.049669703628344,49.177858808446636,0,0,79.91025289699392,72.53058128495269
ATH017,26,Goalkeeper,2026-02-28,Training,56.90387360734566,7.111264518366909,0.8711214787294745,7.964191730231406,160.82014574284398,182.37677387301244,6.528956330765136,57.782097931555285,0,0,83.47174368433036,89.36478902097524
ATH017,26,Goalkeeper,2026-03-01,Training,74.73900378138205,8.08816557635451,1.303665882767127,7.493503740433663,154.9120971725516,181.01901633944425,8.221460730981155,68.23335976608367,0,0,75.02426526940322,87.663433480536
ATH017,26,Goalkeeper,2026-03-02,Training,80.29741529916176,6.329035832873023,0.9741261003632476,5.8271466160882275,145.55300399620947,162.08300309608583,7.325201449359072,52.83342416609669,0,1,74.10834796430737,77.04023811521506
ATH017,26,Goalkeeper,2026-03-04,Training,53.27311397042696,6.706330621208288,1.107666371670853,4.715521540498199,140.66648561178528,168.5399878589394,8.358696830187487,80.96185783578588,0,0,82.51692027485949,75.16262927037323
ATH017,26,Goalkeeper,2026-03-07,Training,70.76345821767858,8.40272754900703,1.0648257329854156,7.778453362000096,152.86046503679745,173.9309283624683,5.751458424779901,62.90594996736703,0,0,89.6004172042697,84.58137628161944
ATH017,26,Goalkeeper,2026-03-08,Training,73.29061907805072,8.290532712535752,1.1393976037128146,6.663101292804132,150.4837272230048,179.00653701014573,6.361690805115601,62.55784361148653,0,0,83.01657012990196,79.35483416034286
ATH017,26,Goalkeeper,2026-03-10,Match,90.3805330911089,10.33723056261073,1.2801303576794472,7.909146503991376,163.71689763878763,194.62587914243613,7.9298528421512255,75.54936268320205,0,0,83.10491078367843,83.48051167992494
ATH017,26,Goalkeeper,2026-03-11,Training,71.86894239742377,6.776075386945286,0.8956656746284719,7.092936422650304,150.6862201296268,170.3010014331836,5.404112508316565,57.473944300413706,0,0,71.22012115214108,79.2405759646169
ATH017,26,Goalkeeper,2026-03-12,Training,71.54649990417249,7.160088831827194,1.107609785671872,7.725199405583458,167.23384628047683,191.48418228945985,6.1665548182536245,63.3109296428396,0,0,77.47735624230798,85.72223059076352
ATH017,26,Goalkeeper,2026-03-13,Training,94.01327692081375,6.196811700320895,0.5653494561323262,7.900104429619114,159.94372854069323,187.11856106346795,6.085656608739773,44.77981725470131,0,0,74.33805494601187,75.15845854208288
ATH017,26,Goalkeeper,2026-03-14,Training,93.33322975509772,6.403374799982702,0.5804598849288797,5.733888488125714,154.31642921756125,181.95498029530526,7.876474740101868,71.31555437683316,0,1,85.85249406126381,96.675850674144
ATH017,26,Goalkeeper,2026-03-16,Match,90.26792454573258,10.1340793531235,1.264377544989135,8.141595544621422,163.64545246777584,195.5741640411211,9.22657856742148,78.46712406838286,0,0,73.36996234774604,92.23028397765124
ATH017,26,Goalkeeper,2026-03-17,Training,59.845338662015294,5.601144372518125,0.7031348080151908,6.133503997121458,153.13362973637268,176.05089135592024,8.412571730572367,72.08354863164053,1,0,77.84416613303232,92.73949928023521
ATH017,26,Goalkeeper,2026-03-18,Training,99.18721853840626,8.569042220793978,1.0559623482943432,5.7788283971785255,147.49162287663833,173.70106700113874,7.8833665780843765,66.77270964027561,1,0,81.75693126007108,89.77576740246255
ATH017,26,Goalkeeper,2026-03-19,Match,92.46891910409992,8.625452519958051,1.3809178416880985,7.764748112050351,162.19514631857712,178.50689852612268,7.530890794912299,65.95021248903197,0,0,70.35662057653902,84.57778231861089
ATH017,26,Goalkeeper,2026-03-20,Match,87.52299836321276,8.585153459435983,0.9531496113944934,9.187815838649968,173.84243633430734,200.7793967137319,8.031015030944932,75.4429071805823,0,0,85.70703972077816,85.51682185116022
ATH017,26,Goalkeeper,2026-03-21,Training,74.99318305605674,7.808416598248831,1.1788491033564468,4.708483909523514,141.96063293382716,165.3654450105831,6.998210366245663,64.82801821223092,0,1,80.60441553754463,77.86424279366247
ATH017,26,Goalkeeper,2026-03-24,Training,67.40737237378374,7.758737189135751,1.159141796824106,6.382679590564108,160.75165966266403,184.57790110541097,7.819934605013588,70.1920023892583,0,0,76.58707509842934,81.2287468795861
ATH017,26,Goalkeeper,2026-03-26,Training,105.13068978387945,7.847887726404491,1.2603752366627843,6.413155615335547,146.2281615103413,166.66385795488338,9.050876746639084,81.06486103628126,0,0,80.51082762975096,90.81351831960731
ATH017,26,Goalkeeper,2026-03-27,Training,114.51491611391292,7.019726226354407,0.6843927744067065,6.976090485369244,150.02132555517858,172.6361990044532,6.701730294705735,74.47337979206284,0,0,88.60671987278631,84.76643706967388
ATH017,26,Goalkeeper,2026-03-28,Match,85.61877724232909,8.760928791778095,1.2116510414615562,8.984173371460427,161.49331279406633,187.2387601677245,7.634163363939149,49.475839336934875,0,0,67.50789466126177,80.72549441147304
ATH017,26,Goalkeeper,2026-03-30,Training,64.49267874807941,8.253690906864632,1.053745258250273,7.00342580421273,152.13500092285847,177.44923584227348,7.919391658692685,51.56844985564435,0,0,84.57387667632402,78.1666410919393
ATH017,26,Goalkeeper,2026-03-31,Recovery,36.00618068184174,3.327111768636937,0.47951769241700687,3.192120200578607,141.506062050995,158.8033526984867,6.765569567360559,63.51320998136138,0,0,78.57950196428585,71.77775097171303
ATH017,26,Goalkeeper,2026-04-01,Match,90.21435727661974,7.2429332035882625,0.9761760379318318,7.7717822843051545,160.65682310816578,187.58771153064015,5.423187943127132,40.11267746786927,0,0,89.58262961164931,79.92641952593232
ATH017,26,Goalkeeper,2026-04-02,Training,70.82056525343394,7.664991560150066,1.155718655768714,7.931772389035899,162.62240687156614,189.30976869696653,8.068088419704639,73.47437269340352,1,0,79.84775181864477,94.27332708651147
ATH017,26,Goalkeeper,2026-04-03,Match,96.5205766805947,9.841239553910547,1.2965232399362767,7.152378235388932,159.5153457106833,180.21427828051173,7.547263274555895,40.70890391760935,0,0,91.56482786742494,85.62150557386848
ATH017,26,Goalkeeper,2026-04-04,Match,97.78086439827823,8.754098912404368,0.9060762001085353,8.326940516695124,160.90497956809386,175.21607865915348,6.140588990666754,50.1438363934379,1,0,91.2761913633918,89.120918915152
ATH017,26,Goalkeeper,2026-04-06,Training,86.19975605369513,7.602122069418329,0.6748600565793708,7.62127159018291,170.76732323816563,202.9369342289425,5.8323512286322865,50.87584527166299,0,1,78.1308005771035,90.3188966642752
ATH017,26,Goalkeeper,2026-04-07,Training,81.90690092119421,7.9379314377741474,1.304980747902683,5.269633327995852,148.85305404497802,168.6747088212631,6.854908151773361,60.233894382216874,0,0,83.73591827772485,74.53277154767012
ATH017,26,Goalkeeper,2026-04-08,Training,56.918175902198556,5.740791068974308,0.779587240789505,5.572104810205937,150.41901251639575,174.63424251148373,7.530844842403991,67.97129368350114,0,1,84.21563896390438,100.0
ATH017,26,Goalkeeper,2026-04-09,Training,68.43500510557827,7.129640324974402,1.1053575995050309,5.1770011496963075,141.27930577532348,168.35474725970175,7.907097212362868,67.75559247708762,0,0,77.21417633279518,90.25248748230737
ATH017,26,Goalkeeper,2026-04-10,Recovery,45.045166332871496,2.841957960184036,0.3801459486406166,3.8917098564456607,138.0629721336571,161.6713294907684,7.745421839490099,90.3134714193469,0,0,83.75782117285812,73.60443024924601
ATH017,26,Goalkeeper,2026-04-11,Recovery,53.88296910983644,2.998607722870399,0.284669986119247,4.056451801661509,141.6705641147657,167.087006919551,7.64117833764851,78.11064633364113,0,0,88.98746940812165,83.24094776032177
ATH017,26,Goalkeeper,2026-04-12,Training,87.00010920092801,5.973907304349265,0.7518299938384954,7.3891569743709695,161.1186460067198,184.67073953320744,5.970245253598628,62.57889675830254,0,0,69.94496220534235,78.91286597329531
ATH017,26,Goalkeeper,2026-04-13,Training,70.5590248809798,6.941049959579423,0.7778415739622242,6.640200596508326,154.25071775113602,177.73019343672422,6.513463303794222,59.442694083317164,0,0,88.6142107695578,82.97234839746592
ATH017,26,Goalkeeper,2026-04-14,Recovery,51.44843789377826,2.897755798728242,0.45717658370861036,2.968177417632215,141.60339492497033,161.65265275538303,7.364454349442814,66.35333858260144,0,0,84.18611656176539,79.25556779847939
ATH017,26,Goalkeeper,2026-04-16,Match,86.1383582148163,9.78276161403733,0.891758204236834,7.660496227512026,158.26317213725216,180.47688733322076,7.435092323765836,47.38997103075491,0,0,79.60346549496471,79.83994123045099
ATH017,26,Goalkeeper,2026-04-17,Training,62.015414796503364,6.7015837580445705,0.8628454508576329,7.174385295348852,151.30196217132803,168.21589733790339,7.410337425253069,66.1076821399774,0,0,75.51886809082747,91.2854426950003
ATH017,26,Goalkeeper,2026-04-18,Training,83.46886799335599,7.857343495304107,1.1856537968905503,4.4491708471974825,138.53530304380476,156.5773433595469,6.741505215686741,66.74450696875763,0,0,82.7500925218881,84.06863192772666
ATH017,26,Goalkeeper,2026-04-19,Training,72.72508876401871,8.888099575211895,1.1026407040846762,5.6375530794483,156.81704601223962,178.2072899330589,6.631840747607083,50.841751010939696,0,0,78.58174737072984,71.9606183366779
ATH017,26,Goalkeeper,2026-04-20,Training,83.93176372911643,7.223198276995127,0.8698609431787615,6.368711483933856,156.56448896739093,187.40752173390896,7.666460459822459,68.52226391519167,1,0,83.37706470017795,92.34016105338516
ATH017,26,Goalkeeper,2026-04-21,Training,77.17711643821845,6.740550555969594,0.717074626451441,5.851963135071642,149.12368200261378,172.30679067547405,8.052639769241313,67.08718844380472,0,0,84.38918229619854,81.62220373338727
ATH017,26,Goalkeeper,2026-04-22,Training,84.8218535404687,6.496248450943329,0.9714704007491896,6.395539320659274,153.17712358896296,182.00905131253634,8.608809345739354,73.34329936183852,0,0,84.00583331073163,80.54648984123983
ATH017,26,Goalkeeper,2026-04-23,Training,70.12266551689173,8.03890680559387,0.8643910320691596,5.606740903694706,150.79055197650945,168.12796865752406,7.22581882002306,85.85654379876684,0,0,78.29523150954998,80.06846082018109
ATH017,26,Goalkeeper,2026-04-25,Recovery,49.47437126511216,3.5647537167259635,0.45456296626785125,4.189784814904121,139.21874817346998,171.41535072948034,5.476270074092725,45.99795131290195,1,0,76.55879104274123,88.0162292101129
ATH017,26,Goalkeeper,2026-04-26,Training,70.78316708618739,7.543898745463458,0.7406395306646645,4.921996239729129,147.08879013420363,156.17188832539728,7.589566862328073,76.56839114629462,0,0,89.06895521534247,77.11603173732526
ATH017,26,Goalkeeper,2026-04-27,Match,94.80344001531921,9.945924818198776,0.8949561020917722,9.290095360731407,173.84559290407122,188.99067720440155,6.630143821303185,53.1753419645329,0,0,82.35802937267069,80.45028065562218
ATH017,26,Goalkeeper,2026-04-29,Training,71.93863468920493,5.895206257393499,0.49914986696562025,6.262289009677791,157.24556383224308,175.9625390172496,5.334165783076028,47.28150599090217,1,0,81.07967319526281,91.41928694261969
ATH017,26,Goalkeeper,2026-04-30,Recovery,60.16167301504834,2.2791311476406446,0.2380993758722806,3.7310166334646264,135.8995770217475,162.62866838022867,5.845585098125231,70.39494047263102,0,0,84.79572442547752,79.5710468582632
ATH017,26,Goalkeeper,2026-05-01,Training,86.66417456449392,6.298519362023991,1.0203128901604168,7.204303700787081,161.78593598150687,189.68885497522555,6.914587450912212,52.667463244567905,0,0,81.1641174270717,76.83697318385593
ATH017,26,Goalkeeper,2026-05-02,Training,81.18230131224104,8.412621312390518,0.6995736594711262,6.64912908036138,148.78194327426345,185.89003358669723,5.413363938934529,46.63351770432377,0,0,79.95081109097352,89.11649188787943
ATH017,26,Goalkeeper,2026-05-03,Training,84.77127643561536,9.030560522617744,1.4850744572058747,7.184844479746361,155.1124088552804,184.30941938934052,7.059395891342007,56.22364881995875,0,0,91.85858666003067,87.7715120965575
ATH017,26,Goalkeeper,2026-05-04,Training,76.01998696854498,5.411814070751401,0.5831948678941572,4.442617903062291,144.51808742383747,164.29142653363317,6.36948450520061,53.50480864032248,0,0,83.31397676148201,82.63467777270591
ATH017,26,Goalkeeper,2026-05-06,Recovery,40.031672518148675,3.598480863320279,0.5818966638234995,3.5790110796540646,131.73530099792004,157.38191427249367,6.959110168775692,68.41199150179182,0,0,69.9039047127197,68.18811782876556
ATH017,26,Goalkeeper,2026-05-07,Training,78.0135307185464,7.070067995721125,1.0371830294965583,6.539880341629708,144.67252478304397,166.42957841035928,7.283290872271722,76.31179511334156,0,0,83.01860815706017,89.25967623220866
ATH017,26,Goalkeeper,2026-05-08,Training,56.2041822829417,8.892936278121518,1.3157344055383655,8.520787444257689,157.6296127134451,177.06411102412773,6.963885657333633,64.50034208840515,0,0,86.00822730346806,77.58855687345967
ATH017,26,Goalkeeper,2026-05-09,Training,50.37117278352493,7.030688836826994,1.0323950110231694,6.746302673469025,155.70477546593509,183.7945361707424,6.288525863770259,59.67982759492253,0,0,86.82254436036925,73.62518695147097
ATH017,26,Goalkeeper,2026-05-10,Match,91.28219269568801,10.976424351164383,1.1489314051532802,7.86658304792959,164.75121018019306,191.01652208727532,7.4234223244567294,61.995214612079955,0,0,90.0681971888418,83.53556717208106
ATH017,26,Goalkeeper,2026-05-12,Training,72.2796137322852,6.157367201851202,0.8518911067555969,6.754134286996882,153.988489662328,175.28865780745923,5.881637285124347,37.031222736889305,0,0,81.50263693823759,76.55498725105093
ATH017,26,Goalkeeper,2026-05-13,Training,87.54207684788472,8.179012214941768,0.9420437722966725,6.530039923519177,157.68627161460802,188.12392977285998,7.352656775667667,66.104035724471,0,0,81.74908636961939,80.27145034431416
ATH017,26,Goalkeeper,2026-05-14,Training,71.12840775272004,7.200795490608821,0.8506990792825888,4.61790370681737,138.85531789928882,165.29735664714266,5.900071455575248,48.31381671431315,0,1,88.143116100623,88.48402600354297
ATH017,26,Goalkeeper,2026-05-15,Training,45.57716515149533,6.224723292483248,0.592645615668132,4.722351001213718,145.73950360742245,171.3739624254815,5.866720324983822,49.37685786910892,1,0,72.51053850500098,88.37565817964075
ATH017,26,Goalkeeper,2026-05-16,Match,86.34195635499725,10.279038069314336,1.1678570564295514,7.490255707370328,163.16079105136546,184.69175564250654,8.010013096139916,65.84847015042911,0,0,86.72335407329925,90.26094133111641
ATH017,26,Goalkeeper,2026-05-17,Training,66.51014187142952,9.124032504087099,0.8946538882319677,5.12188260524731,150.98251138027635,171.16382134781642,8.449280459411737,84.04072820582468,0,1,93.69377545111537,89.36348424894115
ATH017,26,Goalkeeper,2026-05-19,Training,63.76721350778686,7.2406870980567914,1.1553267768543438,8.021587790647347,164.40527647251807,196.45485133270847,8.608720777031504,66.59980940348142,1,0,81.370133645619,85.69206897240599
ATH017,26,Goalkeeper,2026-05-20,Training,70.71894270114687,8.187102741885575,0.8827829864959339,6.143313105177479,155.76981070488534,176.5470511592854,8.492603560837404,62.775286598343975,0,0,81.81241329377775,84.6067398489528
ATH017,26,Goalkeeper,2026-05-22,Training,65.93375105012211,7.1019484511834845,0.608373654799797,5.833113955641054,141.86902772445612,155.79156461071932,7.583003364821732,69.64945139407885,0,0,81.29563824125592,82.82685823540331
ATH017,26,Goalkeeper,2026-05-24,Training,82.84308628326328,9.388821496707711,1.3580963926708292,8.940885435728365,171.69834195004137,203.19639973347995,6.976903471130799,53.97379674653007,0,0,81.39659243307668,79.59954267502557
ATH017,26,Goalkeeper,2026-05-25,Training,73.68827049411618,8.130962425095516,1.3811940923560369,5.8641645342955355,150.86612335217723,187.15289711044113,6.44545639170969,56.84588614429542,0,0,73.11409226353659,75.84945938050235
ATH017,26,Goalkeeper,2026-05-26,Training,52.162905590422035,6.923554374985411,0.7706152273879784,6.859010255764467,151.04983373929184,179.5100630125907,7.8271238002450145,70.78632180076943,0,1,78.42862019996015,88.85948628017587
ATH017,26,Goalkeeper,2026-05-28,Training,72.3968623860118,7.180787552509772,1.2174754638900709,8.00876739553613,167.75264394484984,193.19210375348527,7.861810822454184,71.75344371213679,2,0,65.68652801891302,95.39276469044954
ATH017,26,Goalkeeper,2026-05-29,Training,55.76265646483648,8.818118897167741,1.2140706743814225,6.394618363514239,154.25763488853428,177.5877249649433,5.0849019488201,41.13294228580205,0,0,89.65493400137674,77.06693453972939
ATH017,26,Goalkeeper,2026-05-30,Recovery,52.17942141967419,4.0094845431638655,0.5244489558433376,5.096444728999585,142.4973922134846,163.83251433544592,8.068498315495573,77.53647210350914,0,1,82.79828759722255,86.63314922514034
ATH017,26,Goalkeeper,2026-05-31,Training,70.72291678095475,7.2887178595093935,1.2058848011631151,6.808332926328654,156.39032994968068,181.21028000818654,6.856573752922736,62.96087401237584,0,0,78.79001034010791,83.40298156924986
ATH017,26,Goalkeeper,2026-06-01,Training,65.9849817501461,6.312317771155873,0.6375467334068687,5.905417168514701,152.6240228464805,174.97026637056476,6.762552935924889,60.90477173624632,0,0,81.02827064918701,90.9191201097999
ATH017,26,Goalkeeper,2026-06-03,Training,75.26575504844874,7.788632373163094,0.6608367287407751,5.54836152507974,149.98831921435558,173.93417039989512,9.25436601921796,94.25012964763295,0,0,82.42488919805808,95.17623202712484
ATH017,26,Goalkeeper,2026-06-04,Training,70.78531873405483,6.701078291050941,0.9977737925765128,4.897920723961503,141.53372357973092,170.44355022976407,6.477827198308523,59.9872406467919,0,0,90.1333853553642,82.20019905596642
ATH017,26,Goalkeeper,2026-06-05,Recovery,47.18261708660256,2.6904480659136634,0.41253848077085237,2.7811161130179465,135.58777581173703,164.9939482255741,7.990197754878267,73.83875832263612,0,0,78.55335395745398,79.35069028047047
ATH017,26,Goalkeeper,2026-06-07,Training,70.27641505773977,5.364509136241343,0.5989748570350842,7.733622900737406,157.05754376291696,186.0609294501061,7.056847155022552,60.62444717535865,0,0,86.32985507370877,87.38489100110226
ATH017,26,Goalkeeper,2026-06-08,Recovery,47.81751779472658,1.9464158352296024,0.28555527183111035,2.4098549324314855,128.21991843894267,149.7382661554373,7.023023942598088,75.59649994466417,0,0,87.8184029256809,76.75367917702614
ATH017,26,Goalkeeper,2026-06-11,Training,69.26126193843868,6.408465570893522,0.5905495979989653,8.096590700516886,158.0742415233241,181.44381881093142,7.3244290622608705,48.30610347665737,0,0,76.84045270529792,80.02379244366807
ATH017,26,Goalkeeper,2026-06-12,Training,75.92708651740142,6.085527431792473,1.0046863098956191,7.3221129427800165,157.38655354018496,182.84000625966723,7.526997754069745,66.75120902402874,0,1,79.7989562797396,85.49263941068162
ATH017,26,Goalkeeper,2026-06-13,Training,61.45573992144988,7.905848960730475,0.7845520579269647,8.77282384731992,166.40873715126898,190.31579014058005,7.020293221725034,60.22605816381375,0,0,80.83023691947886,90.3796280139816
ATH017,26,Goalkeeper,2026-06-14,Training,98.79973046256146,7.590064428870005,0.7204869930854932,6.891940557328952,164.65978462248412,188.04374431460232,7.703802706314435,60.969813632733604,0,0,79.12507224563878,92.04230385362357
ATH017,26,Goalkeeper,2026-06-17,Training,67.90164359586603,7.4905090690462375,1.0352349820342786,6.997663284692336,152.4123316292604,165.5525505327084,6.864371840689282,74.4567933270648,0,0,78.45151580206962,83.95839853675413
ATH017,26,Goalkeeper,2026-06-19,Recovery,36.607697672555275,2.2470945674542766,0.3623197766936406,1.9316833903789519,114.04496601899324,133.9626908774077,5.9129418342452205,70.64304992145978,0,1,80.01150839699424,81.30844175117078
ATH017,26,Goalkeeper,2026-06-21,Training,72.29116573066372,8.338148080058298,0.948072283611003,7.452777489826897,161.8590581585415,182.45836005776192,6.623714920599436,46.241402086436956,0,0,85.73978405428319,74.0985991083829
ATH017,26,Goalkeeper,2026-06-22,Training,65.91199503896685,6.681652473181291,0.664194342901145,7.576603103833146,160.40672268927264,189.4162848849591,9.097634687402035,69.00721174373285,0,0,77.82761238762284,85.34183993429455
ATH017,26,Goalkeeper,2026-06-23,Training,80.822553982042,9.07322210853151,0.8617861938303335,7.5404757990896965,169.22709151255245,196.37000525692622,7.220154639994792,60.53606475351739,0,0,78.5721872739599,86.19096740293786
ATH017,26,Goalkeeper,2026-06-24,Training,88.24331483771275,6.76936725644421,1.0583663938334376,5.219492307604947,146.07131781145162,167.04596194490338,9.443969029061549,82.58204747590456,0,1,72.16910272627445,87.8581491791268
ATH017,26,Goalkeeper,2026-06-27,Training,67.79006190129545,6.625098583404809,1.1068399698784426,6.038103562252347,147.58146956295968,166.33078619218077,7.503275634521636,58.466441026534206,0,0,81.69154099651085,77.20337198370005
ATH017,26,Goalkeeper,2026-06-28,Training,66.26874283730209,7.5036701416949745,1.0429195521590444,7.827456593661503,165.00346526016952,189.70161349160088,6.473907137350453,47.495549614399735,1,0,78.63369524008137,90.70777671445114
ATH017,26,Goalkeeper,2026-06-29,Training,77.06273593082335,7.492734687642004,0.943712894644044,6.738744095599838,157.9583711734666,192.87436810382172,7.085985618008661,58.46362073204229,0,0,86.99967685031744,89.55503937714599
ATH017,26,Goalkeeper,2026-06-30,Recovery,37.444687889937555,2.6575188369035403,0.2812753148600162,3.9775034507292704,147.19195346308948,174.01539783188974,4.7412700051982775,43.89057320395364,0,0,82.7387960152682,77.06445001436161
ATH018,25,Defender,2026-01-01,Training,67.65159170947554,7.25930689357276,1.2000629799044291,9.101870138645243,175.35525252874203,197.33571736998525,8.086298276243552,74.86082405195874,0,0,83.61451065548461,87.81170065480715
ATH018,25,Defender,2026-01-02,Training,86.06814668429374,7.1611375371489565,0.8532168926517286,6.687015543822314,152.96618818565798,171.17731607079332,7.729847334868637,58.75950690520631,0,0,86.2740077407411,77.71134777438552
ATH018,25,Defender,2026-01-03,Recovery,52.25870450503015,3.0900972933240864,0.4361822414980172,3.765995874273643,137.41323939834925,155.2633398862546,6.566333003985561,60.34500421645903,0,0,86.81238855529293,76.2339389413301
ATH018,25,Defender,2026-01-04,Training,63.40603829874955,8.810645098851793,0.7998546599042688,5.523738834690131,150.24738021114615,172.3607611799702,7.693531236433374,63.451902376405364,0,0,78.27974018616209,89.77074196438225
ATH018,25,Defender,2026-01-05,Match,92.55712274168204,9.635895464396569,0.7818668254368678,7.9919298753199834,158.77660628118176,177.99367529968194,6.650451136250182,59.90656030850263,0,0,98.0,83.6361967260685
ATH018,25,Defender,2026-01-06,Recovery,47.136510646668874,2.0551277748312926,0.17088616998356013,2.1574633693790766,124.06428135485328,159.05806647383005,7.269270015108081,79.30173089905097,0,0,77.65233309903225,78.4050487672611
ATH018,25,Defender,2026-01-07,Training,66.70943623533434,7.743757390372154,0.9481540940497558,7.090593280718618,156.748117770227,175.29086623211626,6.975198730695429,70.54353236600673,0,1,71.55267971233246,83.35037593044636
ATH018,25,Defender,2026-01-08,Training,67.81342621986572,8.237291791320384,0.8505035542848856,6.132390584312717,149.29916851900256,179.50624966350512,6.64767998014809,59.03859360409202,0,0,81.02868595165893,75.72042548082459
ATH018,25,Defender,2026-01-09,Training,93.0198367600104,6.4767684491750455,0.6715250720018946,6.560719086902678,158.58329657465015,186.05209202354578,8.602185323794977,74.9775828731925,1,1,87.61863533606135,100.0
ATH018,25,Defender,2026-01-10,Training,85.25909900831073,7.177982592365009,0.9288599715029994,5.320418216376675,141.7411573982522,165.97842907310422,7.445508259025375,63.798289376432635,0,0,84.91379675863247,75.67011230960787
ATH018,25,Defender,2026-01-11,Recovery,41.859404008749095,2.175972495307965,0.19729869384546594,4.136923515328304,139.65902460447043,166.6839286593996,7.954590555719073,72.54318877363885,1,0,81.72754711673628,90.84970302630096
ATH018,25,Defender,2026-01-12,Training,71.0920687973469,7.4592676958192525,0.8460335947387481,8.015912290626197,156.47983707523466,187.64535437335923,7.9422358717709,76.92283064041736,0,0,71.22852414206787,90.79402179989174
ATH018,25,Defender,2026-01-13,Match,86.0973531784468,12.78188070872629,2.171751629950479,8.21817108003204,166.91676016523374,193.84297139960586,6.186380337513874,38.62328662112273,1,0,81.03005117557325,87.24257169201675
ATH018,25,Defender,2026-01-14,Training,81.17328940790411,9.184215043222771,1.1834676907998336,7.295963801028911,167.5670509849099,198.61484569744903,6.979416729789904,51.07034456675194,0,0,83.76658404417748,81.0658332501999
ATH018,25,Defender,2026-01-15,Training,89.02206844090804,8.021703535517286,1.3421323124059783,7.236342227194642,155.78523771824538,164.98504033307236,6.855359694224988,68.07523574002464,0,0,79.1899386045637,82.58841040202958
ATH018,25,Defender,2026-01-17,Training,77.35912309408656,8.82199540310711,1.383321127590287,6.478997525284147,155.47301608697626,180.6718826124705,6.04434345909585,62.912131693084056,0,0,84.79016663027917,84.4490806166886
ATH018,25,Defender,2026-01-18,Match,88.93153504461542,11.3442391845437,0.9818681355537173,8.119661436497113,167.33441251136534,196.19496165554196,8.227314929146702,71.77261569073232,0,0,75.91822787515264,95.65743211832383
ATH018,25,Defender,2026-01-20,Training,64.51143181676548,8.005126626957713,0.9067772362079056,6.476392296369641,154.79013474877524,179.9876604129784,7.2618713967806325,55.70776203759199,0,0,87.4316147669001,75.68332799536707
ATH018,25,Defender,2026-01-21,Training,86.42948829904752,6.307505908254357,0.6168688306409552,6.029786986869817,156.45120208193802,181.8975154501294,7.659062977278469,66.94039892005557,0,0,81.24334304844616,89.99750368077554
ATH018,25,Defender,2026-01-23,Training,75.9923425566932,9.01109475744728,1.5154973600329391,6.762143876658424,152.49508753628416,183.89850250733437,5.752100848069244,46.16155813141486,0,0,72.48697589457306,82.49129349456845
ATH018,25,Defender,2026-01-25,Training,94.4448718146038,6.381421082206714,0.9105950396500865,5.7321110214824,156.54056633146152,180.70101877976106,6.836465928514035,55.37065828276177,0,0,85.43253896849308,85.50561858327674
ATH018,25,Defender,2026-01-28,Recovery,41.35186335124741,2.987739656568796,0.4824013924325051,4.258745641799303,137.2790644041165,162.40592809383017,5.583396315278761,59.2464847481749,0,0,76.39214444827397,77.93843989023273
ATH018,25,Defender,2026-01-30,Training,63.04326836301121,6.969384306350992,1.0419194783825625,7.152160272460284,159.06376086382133,177.77754551253167,7.0760349050164955,51.697680877063796,0,0,83.41145978526794,82.56117114190167
ATH018,25,Defender,2026-01-31,Training,78.10217525391025,6.016130521098264,1.0210781564330595,6.286004950918446,153.98721651064506,176.0260351544034,5.774902140242016,60.46673202680933,0,2,73.63925346625925,91.43249164336075
ATH018,25,Defender,2026-02-01,Training,82.94954857307278,5.960347118454518,0.7707296190106324,6.043645935912312,156.26190806873484,182.24080619897663,7.529547652125392,72.35378006581374,0,0,80.93515818009266,89.29998776673989
ATH018,25,Defender,2026-02-02,Training,58.902247561649425,7.4129747571568005,0.8826212806168476,6.020429964225065,158.01401965692162,170.99964502996218,6.353107801558514,48.243979923285835,0,1,83.62198571843717,92.64075442676378
ATH018,25,Defender,2026-02-03,Training,83.98514547808888,6.032508098609664,0.5378698033593861,8.09126013748427,166.21825633702372,201.99231369548716,7.186582750213726,72.32941075571134,1,0,77.51108019668321,84.2181211209092
ATH018,25,Defender,2026-02-06,Training,83.09114413544663,8.558437476551148,1.2396242640845383,6.521749515542061,155.76612522278384,182.35394847827234,7.731176483391752,69.43723866667642,0,0,72.78606568253807,85.55543638718746
ATH018,25,Defender,2026-02-07,Match,89.40325154139114,9.877046607472835,1.5018117941582658,7.028659695518067,159.08712187481348,187.44063075836866,6.793170944446916,48.39256609533672,0,0,77.4847155496946,77.84915513085959
ATH018,25,Defender,2026-02-08,Match,88.28955585814842,8.643450979666586,0.7025814971675995,7.697761811128563,162.63516066052858,191.40890032008014,7.575199504659011,63.09457305774079,0,0,83.48645825755484,97.8466931964536
ATH018,25,Defender,2026-02-09,Training,68.60387585336704,7.85840860897176,1.2736505404894642,7.953480892003215,159.85297660746826,191.8694317320721,5.508427873603278,50.52687266486087,0,0,85.08343293557398,77.67388713374552
ATH018,25,Defender,2026-02-10,Training,82.65462448852664,8.070913362639539,0.8141403475360852,6.959520773694811,160.61720981436105,180.07896202145542,6.4210175650665,59.23192170790116,0,0,80.75769169467556,77.8966203627061
ATH018,25,Defender,2026-02-11,Match,86.42526576320387,14.057681454982745,1.4279962307225247,9.196526439418411,161.181071029329,177.40402553305466,7.376098195569795,46.18760431038381,0,1,71.93937894183628,88.71549058206446
ATH018,25,Defender,2026-02-14,Training,77.06711135720114,6.823256110963293,0.6998197250405543,4.306568677314482,147.595784754643,171.045861307079,7.954670098387338,66.67900850564162,0,0,73.3737152199585,72.11205397730981
ATH018,25,Defender,2026-02-18,Training,72.4223768063171,5.6724541146985485,0.9496437538266871,6.885201374343655,157.01313881659945,178.53410761717277,7.496830628478033,67.8576107678466,0,1,85.67004471797426,81.2093818638919
ATH018,25,Defender,2026-02-19,Match,89.62523055867105,8.779086156268642,1.0256563748457588,8.033491320652875,157.01051688449417,187.52774717245384,6.7065439025075415,59.53690727641722,0,0,85.16016260675687,80.96823357235904
ATH018,25,Defender,2026-02-20,Match,84.06911620750584,9.763173218553348,0.7898567557847551,8.235645838080224,166.7282932383214,196.8002473868458,7.196621642453396,62.16087797051417,0,0,76.07484178667217,78.11613314768302
ATH018,25,Defender,2026-02-21,Training,75.34194511334461,6.964568703848329,0.7964754101905825,7.174314401553332,162.9134314015024,191.92860832983203,7.0209492616734135,60.342094767707536,0,0,85.33198516891082,85.96030416402137
ATH018,25,Defender,2026-02-23,Training,74.6990748401271,8.377148592909284,0.7200534905692949,5.957378512878074,140.66915450688967,161.61099316527017,7.223564850019025,52.26866629793425,0,0,76.21715984015972,93.43558395623344
ATH018,25,Defender,2026-02-25,Training,50.64871200768583,6.3651796557553615,1.0492162255907895,6.76501290566028,146.7622631776819,174.20493208393248,7.974025341955291,85.6555632876871,0,0,81.82978862318092,86.11695628373481
ATH018,25,Defender,2026-02-26,Training,54.91830051780063,8.546011519002288,0.9040739863786635,7.601968384423515,162.49485168904863,191.64538368165051,4.582637419206808,35.118844486631914,0,0,82.26013459454346,76.28086128924882
ATH018,25,Defender,2026-02-27,Training,81.0896033189006,7.829884202142476,0.8023560566899018,6.9566084330705396,152.38267461043947,183.896830347856,5.878235622568226,51.24657325141018,0,1,75.4285254670516,88.68608187598954
ATH018,25,Defender,2026-02-28,Training,86.28777821586873,9.322316577228683,0.7705716871285407,6.603907776612719,158.45328919609565,194.26298223684955,7.186603002000106,66.1842848310061,0,0,77.40870029403905,81.91765860030806
ATH018,25,Defender,2026-03-01,Training,77.48249092864611,7.556295030724655,0.6354185382871654,6.664936161185288,152.64681442023976,179.75134704811813,7.348865974948799,66.60579322761056,1,0,82.32715819460421,95.13939107462352
ATH018,25,Defender,2026-03-02,Recovery,56.40377070292206,2.8436684957263685,0.3685208409320025,2.483229907928154,129.12940034255064,141.68589832024293,7.882311829483694,71.93281252946274,0,0,73.12047188046766,77.96705588966203
ATH018,25,Defender,2026-03-03,Training,80.33620043660099,7.785742623883089,0.6722630268859329,6.452124533112759,148.03989481596471,166.37607546793694,7.153228936786404,56.96792879987754,0,0,86.76090213828655,80.02373704021706
ATH018,25,Defender,2026-03-05,Training,85.87360109600478,7.1147508314262025,0.6622647481191392,3.9471374149914897,129.6827095610787,149.35859020631457,8.384748540530794,96.78099735949559,1,0,87.50140309374892,92.04438069187152
ATH018,25,Defender,2026-03-06,Training,83.60554309375281,7.654587905427622,1.0470559618749722,6.199348444795105,144.73905860166892,162.78585435533367,8.478496753652369,90.93363722825653,0,0,71.5217434756356,85.23656062021989
ATH018,25,Defender,2026-03-07,Match,89.4814340507314,10.718210562888055,1.2510629328067535,8.34710415986303,168.5516754336094,191.0178135920469,7.565187419321137,56.442885392048396,0,0,74.39911010563767,74.31066028176829
ATH018,25,Defender,2026-03-08,Recovery,42.42476063560491,2.9563591976868104,0.2798405708491675,5.241421981904596,145.69403367090382,163.34300442617524,5.887784895072532,62.976882952667154,0,0,85.94003841521261,77.95621921370366
ATH018,25,Defender,2026-03-09,Match,96.53326569288683,9.545347942553958,0.9692824994790843,8.30487798679744,171.4478375829367,199.6719584606538,7.544407603156719,51.21226791187138,0,0,67.83340391861302,80.57232892434709
ATH018,25,Defender,2026-03-10,Training,85.86503526324677,7.371548313332724,0.7200915957997787,6.189499061680218,154.74114825124622,161.58634039040325,6.231640212537669,42.60814619611025,0,0,92.45364630423178,82.02427879324952
ATH018,25,Defender,2026-03-12,Match,92.3286385754009,10.183368585219535,1.150173273496842,9.693768162108265,176.70943627263162,200.964726543412,6.30023418268409,34.724866685191905,0,0,75.10276828515676,83.55693071851238
ATH018,25,Defender,2026-03-13,Training,94.4344433580471,9.074765384860141,1.2222681230497385,6.638671352532878,154.4980194360736,173.8759054511225,6.096513117424994,59.248704992200445,1,0,80.08495663103247,86.5294225710732
ATH018,25,Defender,2026-03-14,Recovery,45.101098076804455,3.3990984466456275,0.48054886013197645,3.0190830565468194,129.91549421054654,156.31291235789143,6.374259333101645,62.84912824178844,0,0,84.1315750644455,78.16359840453222
ATH018,25,Defender,2026-03-15,Training,77.66197475349375,7.999262251401002,0.6814575002207776,6.64017838578157,151.93624327278022,178.78296589391067,6.015463723248238,64.83145004155244,0,0,75.31190484215,79.03378876296841
ATH018,25,Defender,2026-03-16,Training,80.0771450918149,7.901738781414882,1.1624088821591483,6.967410318525262,152.44313179674197,165.36226066541383,8.00740363073888,74.78746275915606,0,0,92.80825396725474,83.69120120815272
ATH018,25,Defender,2026-03-17,Match,86.96181571969485,9.638239523146185,1.4387053673340926,7.793897580376294,157.95275621758867,180.73811433967302,6.9681855658978185,63.570570746097935,0,0,78.86298824898266,77.24917238386111
ATH018,25,Defender,2026-03-18,Recovery,43.94041370935951,4.706148981033751,0.7461500691623846,5.0779308634305504,147.10394397983436,173.90564072331787,6.139727366419877,61.35044440494906,0,0,71.0942951752387,85.89867243679544
ATH018,25,Defender,2026-03-19,Training,82.86708416785612,6.130591837034337,0.7491052895512341,7.073370914973656,155.37887222588364,184.58155985541865,7.516012632681431,50.452082231708324,0,0,76.59354082193069,76.35729432142355
ATH018,25,Defender,2026-03-21,Training,77.67443518667672,7.139714225658131,0.6199326927521919,6.110899210336838,151.25156493177872,179.79691330829263,6.54134799870188,52.335108159645266,0,1,78.6104181438607,76.69426429841384
ATH018,25,Defender,2026-03-23,Recovery,34.26720034939627,3.605445556292916,0.3173695195229276,4.514706932160914,142.7727444517988,170.6699954384125,4.948202863447744,48.45224987579539,0,0,85.7839326513062,80.29983066873422
ATH018,25,Defender,2026-03-24,Training,86.24929328157754,7.951803211277114,0.7779372489330338,7.951621593442999,162.71557833365344,191.68960062491377,8.072666400514544,67.10390179120272,1,0,77.49724109496707,95.49222023473868
ATH018,25,Defender,2026-03-25,Training,99.17031778389673,8.434618497463148,1.4275668579278697,7.429293321731029,157.54488771838805,181.7781192838454,7.712411090399341,65.51639365079681,0,0,86.63694932626939,83.64152048916227
ATH018,25,Defender,2026-03-28,Training,70.14260456839513,6.7287220371079295,0.6249430614070649,5.6743997686496535,142.44473153764787,171.27081875133743,7.519682360114018,73.06083016235822,0,0,81.90470865319611,86.54637727610147
ATH018,25,Defender,2026-03-29,Match,91.26284588442398,8.873614312949435,1.4881189941425155,8.862553020304459,168.82568065216245,190.56841714304318,6.791275028723128,63.18852801137726,0,0,84.86776920123788,79.8711095766495
ATH018,25,Defender,2026-03-30,Training,84.66603095483842,6.501894371146147,1.0791028824339965,5.029283901288757,148.5382245104247,172.39557806379437,5.4327358163604735,61.266962185184866,0,0,93.67581107629404,83.04588336078461
ATH018,25,Defender,2026-03-31,Match,89.8517338599156,10.20155960600139,0.8924193894585769,8.53473304801537,177.93677973333965,202.2916083928248,7.597373466980821,56.09666582131554,0,1,81.28045233636914,89.95893538135479
ATH018,25,Defender,2026-04-01,Training,83.86471245816794,7.709978380291275,1.1231719382529242,6.52669610179642,158.8891654993109,186.9892882212675,8.943806090421479,92.73230872530546,0,0,81.0918478514235,95.35467481692517
ATH018,25,Defender,2026-04-02,Training,73.21643053599854,5.711834170377556,0.771628827261815,7.488229584869658,162.5855222422178,187.11765153943597,7.953093922898057,72.45153084913974,0,0,72.3211345533353,87.22602423145851
ATH018,25,Defender,2026-04-03,Training,61.65356755686219,6.118627225027911,0.9333571211127663,6.318503080180401,158.30418693874,175.2242246040665,8.048813572265786,76.51135901177945,1,0,81.00674336804414,91.56320268953783
ATH018,25,Defender,2026-04-04,Training,65.83705934494971,8.892538826730355,1.1097678864659708,6.371264955446098,148.5115665851596,167.12106329797558,6.117256560328263,50.75674196817961,0,0,89.55125891117815,83.70207951862002
ATH018,25,Defender,2026-04-06,Training,95.50713417233334,9.799492456649956,1.2279443996500783,4.7065970354019,146.13427576597283,171.1412978698435,6.462228800488658,67.07092422467812,0,0,69.09561820330458,71.88232375473461
ATH018,25,Defender,2026-04-10,Recovery,41.0125035477367,3.8199181005460887,0.5154880135600881,2.886395942852491,143.76780047419996,176.24590828459213,7.136441533614858,80.0097231900387,0,0,70.39245801037634,77.00800913401972
ATH018,25,Defender,2026-04-11,Match,89.92834900839775,9.706037203397266,1.1147387783029201,7.837562065723796,156.9664805173061,174.05717040881945,7.85359164870488,58.05467183238501,0,0,78.10094097216012,83.01607009304541
ATH018,25,Defender,2026-04-13,Training,80.39906919624187,9.026838561140941,1.0105987553979343,6.30618545198255,151.41542169523336,184.14819545714738,6.894443352587947,64.18286359185261,1,0,85.16160711736802,76.20355967248278
ATH018,25,Defender,2026-04-14,Match,88.78764082157683,6.64064785281297,0.5647627226851345,8.799237283839775,170.10607175597184,190.7266553391257,7.6120758296255,62.43769219405464,0,0,85.94828299804097,86.081845847802
ATH018,25,Defender,2026-04-15,Training,59.228242534055326,7.772755154168796,1.028130865766973,5.293489161598375,153.40958503147584,162.05654322126694,7.067035237873873,71.49390501761596,0,0,73.13515738092295,87.14247499855682
ATH018,25,Defender,2026-04-17,Training,56.580756350737744,7.872103286298478,1.323989180376349,7.067346856482198,154.70147863315376,182.76777539676903,7.304943704773401,63.45502480443953,0,0,88.98850433487041,81.72694481359679
ATH018,25,Defender,2026-04-19,Match,92.15868993785524,11.42848954063618,1.8411778852006697,7.692592065955623,159.46948190934268,192.83895472116018,6.6532759537679205,61.32599818685112,0,0,84.44242431890628,86.62961049244025
ATH018,25,Defender,2026-04-20,Training,94.08347434303565,7.619177193277507,0.82594864850871,5.50074526928073,151.31607351936552,176.62175602383024,7.159873583098687,65.25099629714539,1,2,76.81259298764073,92.51785118503653
ATH018,25,Defender,2026-04-21,Training,65.88939146420438,7.131910488451158,0.8465629824241592,5.765066127861002,151.31493756083756,183.44460384327797,6.812255458209185,63.49789691616956,0,0,90.1646163051845,74.92429241876022
ATH018,25,Defender,2026-04-22,Training,72.99641109260246,6.165538310982608,1.0172426822079823,6.124890356550426,153.9118751088714,175.37588263424638,7.018132342530718,62.005333787079145,1,0,93.0201418259131,88.17273133068834
ATH018,25,Defender,2026-04-24,Match,99.32272576324785,12.281806544076069,1.334216315680245,8.77571896583938,169.2125083986864,189.31073411171207,5.751229498710094,43.90759151940476,0,0,77.49898825226464,77.06632237112349
ATH018,25,Defender,2026-04-26,Training,71.99470529687406,9.034291670767775,1.4996016469726785,5.965296480377564,148.16179134984122,177.87637869079575,7.922761178649921,71.45455791690988,0,0,75.23382669755318,84.05927613379319
ATH018,25,Defender,2026-04-27,Training,65.24605648094541,5.2317608386244165,0.5772450362559236,6.571497803085159,162.24967153671088,183.68116491415384,7.121074532368101,70.26142075535712,0,1,79.42141344224261,81.66563826907594
ATH018,25,Defender,2026-04-28,Recovery,52.88645505992771,3.684550437292658,0.3755267984164849,5.3500148624234,148.1586827000355,162.5755479365566,7.176014982168091,70.85305438271445,1,0,86.159539490795,85.9274994086214
ATH018,25,Defender,2026-04-29,Training,63.913731761223175,7.719550467853219,1.1041673220752517,6.239507413660148,146.8052757067761,168.53654834567624,7.482383384612537,52.9049867096079,1,0,73.71129260236245,95.94227800508824
ATH018,25,Defender,2026-04-30,Training,46.78125750915759,5.994193616997699,0.8655394787820564,5.2317219207424355,153.13336405191095,178.1183401482362,7.927266094217587,76.89194552377907,0,0,67.87207227801143,77.44991849116167
ATH018,25,Defender,2026-05-01,Recovery,43.95330146194874,3.3902429667251908,0.3250740531462202,3.7990967838274754,136.38825629828727,162.3907501343957,5.008655353656737,46.72205348313751,1,0,82.51412388135216,81.44739351182739
ATH018,25,Defender,2026-05-02,Recovery,35.289819255804346,3.4476007882462114,0.3604319757582779,4.263602416468484,134.23581518387104,162.33784045132523,6.113130988325857,51.12256887329377,0,0,86.7564285915214,83.43323296653482
ATH018,25,Defender,2026-05-03,Training,71.83204873265156,6.836781249265023,1.1350590358182422,7.585880454427416,154.28561460203224,178.80651921600438,7.139999626185156,54.5448187388058,0,0,86.45286911487746,91.45629440697351
ATH018,25,Defender,2026-05-05,Training,56.40015123350201,5.961159991408262,0.7599785973114557,5.939597288753343,145.8904255552176,177.39014196867637,7.254840695595325,60.74440312409276,1,0,88.01295172704212,87.72522543824473
ATH018,25,Defender,2026-05-06,Training,92.32585119769621,7.245457076069934,1.1595140899026408,6.762332238803808,150.56721021006666,173.69590837671882,6.2927894571358705,52.015953313898656,0,0,84.30556559576576,71.33573773442116
ATH018,25,Defender,2026-05-07,Training,75.69370760146046,8.401275065889077,0.9689168188708905,5.947497792203188,148.9145952052556,176.31333801006534,7.1436135611779985,64.59298871976158,0,0,95.4368004695734,80.12752315822372
ATH018,25,Defender,2026-05-08,Training,78.50507972422663,5.752767560907941,0.5853320576671851,6.441125517308726,146.74880821473732,171.46037854524783,7.827565329037725,71.68841460458171,0,0,65.58683075682812,79.84811090735855
ATH018,25,Defender,2026-05-11,Training,65.014773456732,4.688335133231611,0.7124310041719292,6.994229941029574,154.6380502435582,174.8117936391757,5.745933856020929,46.59873831492813,2,1,77.85479911692619,96.28107572866308
ATH018,25,Defender,2026-05-12,Training,103.51828245614854,8.673026667847827,1.2590026920600068,6.452924540034087,150.03811729833535,177.53677963295866,8.342923477408679,75.22160456512711,0,1,74.07354739740269,77.751037081733
ATH018,25,Defender,2026-05-13,Training,61.54571580916104,6.555612144773029,0.5771319969041367,7.4257957667337084,162.43229851102913,179.52343695345246,5.90627409040954,57.28173332177882,0,0,79.68320981789896,86.20078631931779
ATH018,25,Defender,2026-05-15,Training,84.34333200865903,7.570514563096618,1.0374758288414019,6.642539535424406,150.80890114725293,172.403397011412,7.277425855657151,69.29992465021603,0,0,81.86046144578961,84.4927314259508
ATH018,25,Defender,2026-05-17,Training,76.15904293603359,9.184616256819366,1.375231732310218,7.64071934227951,159.39532493529745,188.2487583417322,7.757646588738747,77.03242144016264,1,0,88.71376863108269,89.08830207096597
ATH018,25,Defender,2026-05-18,Training,80.53399791817024,5.890555714358286,0.5515461754020505,6.819286084838807,159.60515622087436,181.81190377857226,6.807964680473914,64.72167145429614,1,0,83.23996638991497,90.39799248792471
ATH018,25,Defender,2026-05-19,Training,73.642876409308,6.08038406550606,0.7592522924721941,6.326916487896279,146.85241656127565,151.9309852070929,7.64071191745677,63.434433430379904,0,1,80.18905203950847,81.20817125546185
ATH018,25,Defender,2026-05-20,Training,73.57418212044932,7.454073073205633,0.6541785830924994,6.104344071269083,146.9271741599013,169.66665596747262,7.122141092535959,64.53417529177433,0,0,91.16264392749964,74.09060715345262
ATH018,25,Defender,2026-05-21,Training,65.67230475921777,7.904572111503166,1.2557138419184672,6.551844682751932,153.31403676743918,178.48030286115403,8.253755791936692,84.39420203383432,1,0,77.39607521978019,91.02745232489981
ATH018,25,Defender,2026-05-22,Training,55.69585365930604,8.256822028440771,0.7786770413827205,5.290696575167162,148.95846167255092,186.11549550199618,6.562653031766551,67.10619151785873,0,0,89.87665479165223,87.52971853498995
ATH018,25,Defender,2026-05-23,Training,80.62273079780705,6.931183026532493,0.5980685893600811,5.845942721413232,148.068386556971,180.4992946484269,5.564239725520973,42.06156961970813,1,0,68.52074218191315,83.46956914250879
ATH018,25,Defender,2026-05-24,Recovery,39.81031512504167,3.5822401958153933,0.3091183751398753,3.594018585947357,139.29371992866993,175.076983255587,7.461840078737195,85.79394259603079,0,0,80.38459010720511,82.42601789867383
ATH018,25,Defender,2026-05-25,Training,81.98359856874532,5.582249724175653,0.5506569815870803,6.713326152766166,159.84693628114516,178.4626009213465,8.95818525666997,86.29622658355457,0,0,77.6583749040532,82.70581802605426
ATH018,25,Defender,2026-05-26,Training,68.34081269376613,5.480480230068361,0.4681405650955551,7.587326318919696,157.30323206733624,181.89426858281658,7.529789025000959,67.53386896863472,1,0,86.8526766539008,94.19507631504685
ATH018,25,Defender,2026-05-28,Training,80.96775428537512,8.367647547286529,1.2851733821869145,5.637458755303903,152.01727443808855,182.37052585862358,6.9804186157321695,73.516163864706,0,0,94.34190566452565,79.75792019930287
ATH018,25,Defender,2026-05-30,Recovery,39.77973315349789,2.38575180960112,0.21936282565550175,2.4269808114202336,132.7915925663476,155.807341010653,5.93986595940494,75.16694432958775,0,1,82.42699633713782,84.42816452242661
ATH018,25,Defender,2026-06-01,Training,66.31936574773074,7.898179028279778,0.8329193679805929,6.61290338711841,159.4379741867055,187.39597326913565,6.851572935957307,63.59564291386005,0,1,85.67130276240847,86.50959360715642
ATH018,25,Defender,2026-06-03,Training,70.25689995625163,8.30842133202098,1.0761931758503713,7.766201293437105,163.12176209072848,194.90701242856852,8.666418715249895,77.27961398948567,1,0,82.47139585171797,91.49107627234147
ATH018,25,Defender,2026-06-04,Training,74.56766619076123,8.057363958649757,0.8440795867210439,6.9124637982420625,142.23189197718614,161.33808031119494,7.070538584060141,63.728114058806256,0,0,85.03527507317276,83.57563100526897
ATH018,25,Defender,2026-06-05,Training,62.26276958276998,7.8240671154352315,1.1262719987224143,7.534775896488094,163.3162917979519,185.0856878031451,6.173910120467567,46.795342345548825,1,0,74.43070478293417,84.66173818610352
ATH018,25,Defender,2026-06-06,Training,81.27846702309117,7.23336322998212,0.9387468096598476,7.532799006676633,162.16171954696006,199.616164690031,6.936049894708134,52.98923130082753,0,0,82.12112181799873,83.87756506864412
ATH018,25,Defender,2026-06-07,Training,75.50845451536719,7.207733688292643,1.2188003242299523,6.9557249675743265,154.8958021978229,184.96813488691063,6.633827449515402,45.726225110681426,0,0,81.60189461691529,77.47257416712776
ATH018,25,Defender,2026-06-08,Training,79.28338255414526,5.779667911778535,0.7832891105303698,5.5141527404397745,149.8606307640034,180.5885868328008,6.136424261184596,62.231341396077156,0,0,84.64220939173379,75.57819311523163
ATH018,25,Defender,2026-06-10,Training,73.1822102382966,6.464029933726355,1.0775542867351628,5.672905845537472,147.44804047432177,177.2415461236372,5.476304239957279,46.45498558197491,0,0,88.42943739839976,70.63501808943275
ATH018,25,Defender,2026-06-12,Recovery,46.346640719555104,3.6429578602629515,0.3546288089413874,3.7325370613220867,131.6582665460605,163.69232001331602,6.417613582831753,59.860770724230385,0,0,88.68126982756912,88.17802962684651
ATH018,25,Defender,2026-06-13,Match,77.09700976407102,10.430253053260433,0.9124654942240646,8.16772268767644,163.91568770121032,200.77784121972314,6.926876151769549,59.23246702233283,0,0,91.43424024978326,75.15399303550365
ATH018,25,Defender,2026-06-14,Match,88.12070105806116,7.519591263439342,0.986201966208363,7.604027947500745,163.83778362166822,185.06528227210129,6.217882537361214,53.378261664245244,0,0,83.26589509363075,81.76590836569467
ATH018,25,Defender,2026-06-16,Training,86.55422272574766,7.222823522515552,0.8188219334817032,6.894889358828703,154.1158948134123,174.8006003332728,6.286931942146829,56.588878833970604,0,0,80.83842668821235,76.99500191377884
ATH018,25,Defender,2026-06-17,Training,58.69354618083383,5.239913279913722,0.7943321715895355,6.447265189433471,149.47083838984446,178.90114912894578,7.447289937869796,61.05564601672539,0,0,84.1114274669244,79.99494839614265
ATH018,25,Defender,2026-06-18,Match,93.9030313947097,8.8783890426539,1.105096348998796,6.4573885877583255,155.91155791692057,174.25551192408665,7.500554892104954,69.9373453595912,0,0,91.23137257388133,84.4865674150499
ATH018,25,Defender,2026-06-19,Recovery,52.03019320093537,2.5111530607595,0.23581725634878578,1.0148813157961682,119.85495808289865,151.0796810095712,7.132545053187106,65.5468751573204,0,1,85.3717241371818,82.37879184229111
ATH018,25,Defender,2026-06-20,Recovery,46.27399935895947,1.9717876532749279,0.24447910055834476,3.663447195045464,128.2538026567716,153.8146498450408,7.743156076283869,80.89173399322489,1,0,88.40102356856764,92.74429105634307
ATH018,25,Defender,2026-06-21,Training,79.32701122583276,8.749721194552201,0.8946426462392303,6.973460478278652,157.97666940949486,180.18680924067286,8.40126480567054,68.08114651209493,1,0,78.99380695845369,83.66498760227951
ATH018,25,Defender,2026-06-22,Training,63.509414291743184,5.925297540166645,0.557481406809216,9.067330561293277,165.8920515780861,197.13991474699216,6.882569107883192,59.837790148758174,1,0,73.7515617423474,81.8275513356421
ATH018,25,Defender,2026-06-23,Training,77.338403827146,6.347337424211414,1.060883838737679,7.545480094636814,167.7106066992557,199.5589241796141,8.002715410588038,75.64064328030913,0,0,90.41058995362009,83.96999479093031
ATH018,25,Defender,2026-06-24,Training,68.86768647781696,6.266624260044397,0.6359806215347024,6.114665898891836,153.86742966464786,180.3968686315434,7.282799349530071,71.17707220604106,0,0,84.26324634112267,78.49096790762657
ATH018,25,Defender,2026-06-25,Training,58.9398398267637,7.221110924068786,0.6148380450449537,6.832571831164573,150.2165909847886,182.7423672667497,6.59907803621236,67.08279477378207,0,0,79.16759063406157,85.271708593553
ATH018,25,Defender,2026-06-27,Training,79.24746154236058,6.205498862033412,0.7857327342121119,5.913167234713133,151.71826905059982,170.77748776130744,7.201253503218381,72.07624210347285,0,0,79.44536431777375,88.10568786696395
ATH018,25,Defender,2026-06-28,Recovery,40.60117039723981,3.4217628910933264,0.39729412447837353,3.652010289918235,140.71055646892592,165.6671232734413,6.140485685885415,58.595899706627186,0,0,82.26879510200719,81.97790951001961
ATH019,25,Defender,2026-01-01,Training,76.56019597898971,8.965917801964938,1.1776223411913427,7.751668146392076,153.62009366783354,177.93629539710338,7.203094948259583,60.83183295952573,0,0,84.31226212984383,79.60281131637595
ATH019,25,Defender,2026-01-02,Training,57.909721559339395,8.240309494817128,0.9223665788088761,7.9779604462720455,166.5656802256962,180.33693939179943,6.442833949789065,51.54724098846927,0,0,81.8025490873106,86.70929672220232
ATH019,25,Defender,2026-01-03,Match,88.93322878079509,11.63809477506416,1.400004953998477,7.5482807980194,155.21079253713177,187.5630024072655,7.260790247164712,52.889048295821524,0,0,84.76514128648725,80.29508152322435
ATH019,25,Defender,2026-01-04,Recovery,50.80138229728298,3.51318104413972,0.34436058189957036,2.4283408263010653,127.35014255630843,151.4861625827554,8.09204835220082,79.30037260737667,0,0,77.5089332649152,79.95335728169704
ATH019,25,Defender,2026-01-05,Match,103.72271754223694,9.995617541258277,1.255626315496579,8.197895540114846,168.9800913404406,179.7532218964903,7.050291123109183,49.35801570782975,0,0,84.5952567881813,78.8667609998944
ATH019,25,Defender,2026-01-06,Training,49.206807002243124,7.298496218996322,0.6709262456275004,6.205764862898857,150.15031347406466,171.83407807925644,6.923458473277751,66.1945219587782,0,0,91.11932752397058,86.70826675638068
ATH019,25,Defender,2026-01-07,Training,76.08131626727344,6.144499956736058,0.9761849366550698,7.816021508315201,156.7698198223722,180.7108729720604,7.970708859593442,86.1966142420301,1,0,69.07118477210177,100.0
ATH019,25,Defender,2026-01-08,Training,89.41227723280997,8.068856093297375,0.9516174369537534,8.780731696584537,169.47281782327534,196.4706611490571,6.067631017746725,44.91427239286048,0,0,85.78567248847938,81.2674268124814
ATH019,25,Defender,2026-01-09,Training,69.9241645068619,7.377651217385719,0.7900283131690432,7.305323830284399,156.7777251045844,174.71069078072102,7.4576288159357205,59.58454015445268,0,0,75.43853547703887,86.0717045785917
ATH019,25,Defender,2026-01-10,Training,64.98704418837399,8.797508462961328,1.366629690824408,5.910637063435556,154.1745468652006,169.97863365616266,5.067804248123494,43.765826793052646,0,0,69.04353401526993,72.81506573043902
ATH019,25,Defender,2026-01-11,Training,60.210856917622635,8.379316274998063,1.3387009528272606,7.894320350828612,164.84196847715705,185.08025637268412,4.776802915250533,32.3915844433877,0,0,82.18337938378096,77.90105204205057
ATH019,25,Defender,2026-01-12,Match,93.04121682879392,10.083741131105246,1.0359418074738118,7.724541153610518,171.36479746757578,195.94361506347465,7.244416860914324,64.20065468507822,0,0,76.56352309660831,85.6742101641415
ATH019,25,Defender,2026-01-13,Match,98.86386906805326,10.570049963977485,1.1324214695431358,7.982216918109576,155.60167119046852,180.1006164386327,7.254703577794611,46.96697608992895,0,0,85.43953333780397,78.11009856464224
ATH019,25,Defender,2026-01-15,Training,71.63825572499952,7.787260683511309,1.2655184642201356,7.065682107534068,156.71218398609923,175.5885725317624,7.04002648203646,68.19973564270026,0,1,77.99968462007416,86.77268020239427
ATH019,25,Defender,2026-01-17,Recovery,47.59652970852209,3.43133432089741,0.3080198488488869,3.1374371086596637,134.1583929316079,159.66404575660997,7.33492145881023,57.699145728112526,1,0,79.3522659495553,84.3134418721873
ATH019,25,Defender,2026-01-18,Training,61.905346574571084,7.41466390042287,0.7360122224001859,5.757932897827833,143.11866918125423,169.27474247533638,6.27975072749445,57.161485200401884,0,1,85.17901377915962,96.08719337270188
ATH019,25,Defender,2026-01-19,Training,61.2004162657943,8.605803830329194,1.3332660726273613,7.5599135254471515,159.26781597487678,182.853487519628,6.444953322667538,48.405751555298096,0,0,85.3044259726474,78.91855267615557
ATH019,25,Defender,2026-01-20,Training,57.13394569825218,8.122029779931545,0.6808992776993564,7.0669951069478945,165.45289393153695,193.11660956594176,6.692596504611165,66.09125846061639,0,0,77.96882670473501,83.47322712854456
ATH019,25,Defender,2026-01-21,Training,71.55650120771428,8.738776914102719,0.7007683490791443,8.878741402248732,174.20300275210195,205.0,6.605742554776636,59.25557208286997,0,0,87.32993223750285,84.75622903508423
ATH019,25,Defender,2026-01-22,Training,100.37761753115846,8.512995424955943,1.2043424853456608,4.196747689928886,141.5122472189217,168.05842499511945,5.429246053928242,48.43644263049773,0,0,79.11120326582513,75.82317134930979
ATH019,25,Defender,2026-01-24,Match,101.64903896540808,10.48446927051927,0.928156187131452,8.913355744922496,169.1508989867867,194.06044845992304,5.490400318518689,47.03371996544015,0,0,73.57961558450312,84.5163126362915
ATH019,25,Defender,2026-01-25,Match,90.44394276895378,13.67610436626663,2.0333085469297374,7.445901133560922,167.2395819019058,190.52935942160772,8.206303496915567,74.7644601304392,1,0,83.3196846512795,97.53003552802689
ATH019,25,Defender,2026-01-26,Training,81.47000009384486,7.223793657719319,0.9834610303695692,7.984103888550084,162.9031192172074,197.79330764922761,5.794612464012898,46.331420583000465,1,0,87.26566031817563,83.85929788855083
ATH019,25,Defender,2026-01-27,Training,93.19532684936391,7.546609676067349,1.234641673216057,5.2345699214885375,147.1779529841197,174.84599555654444,6.841381771687532,65.29125294766624,0,0,73.50447373167056,78.40080567994264
ATH019,25,Defender,2026-01-28,Training,74.99340938905178,8.672552783524825,0.9940853055007555,7.34696556034025,155.35210356926257,180.60777891790963,6.1968240707343005,50.04122861568412,0,0,77.60813690178927,81.82857151819442
ATH019,25,Defender,2026-01-29,Match,106.34931267082254,9.646911325211207,1.0240482111191087,8.624053301769942,178.87426952874037,200.8787271174323,7.237896640473227,69.41638866394413,0,0,81.72329436552917,87.4351370411422
ATH019,25,Defender,2026-02-01,Match,95.85930306571719,11.14639824186179,1.7238972450205015,7.491267719551808,160.74931448353763,189.8397074824337,7.1351013302677915,58.27155112977547,0,0,86.01179499798928,84.67150509361677
ATH019,25,Defender,2026-02-03,Training,77.68890023214801,8.78531525986206,1.2959274798988956,5.583804465152936,147.93641822130385,172.1976535722927,6.4361584059960215,58.0053035778697,0,0,83.68743624110974,81.23364810401388
ATH019,25,Defender,2026-02-04,Training,100.10741893188816,11.229330622085094,1.2358608147086703,6.284533537337001,150.6058608544871,171.28994136459573,7.891227343930937,78.56816865978325,0,0,74.81728932486178,83.94671730341712
ATH019,25,Defender,2026-02-07,Training,94.50862660166206,7.084339583183133,0.8426941518989556,5.245770991364643,150.30520597124826,182.2563289512397,6.3547025313821415,53.18732604752904,0,0,80.43057130479029,88.21309691453476
ATH019,25,Defender,2026-02-09,Match,92.83518616541672,10.031376243937192,1.1275351286333541,8.748001104232108,162.85632748056057,193.4695073903088,7.956667392308915,56.611538790923625,0,0,83.76779166463562,84.26277093767925
ATH019,25,Defender,2026-02-11,Recovery,53.06606169059855,3.4906520039827256,0.5325256745487633,2.60898271502942,135.27694483584833,158.55606912586936,5.541393381875173,52.49921119207259,0,0,81.49226311100954,66.38793416876065
ATH019,25,Defender,2026-02-12,Training,53.123872073836864,7.774520753880571,1.0602794630364174,7.02309366920409,162.26854216297815,183.93229850897458,8.56243594376504,77.37510687202895,0,0,75.98101349764701,86.1454413803378
ATH019,25,Defender,2026-02-13,Training,92.2530484276535,5.974394257880011,0.6536327508202637,5.854914046692638,156.53337282204802,176.17100962470738,8.521412138162827,89.06754484481475,1,0,74.68861173031992,75.23232190567157
ATH019,25,Defender,2026-02-14,Training,70.10759789481126,8.861412336173768,1.2019664944499246,4.647336727995615,146.4083999516917,171.73848530822883,8.806443655252924,78.5164537997308,0,0,76.55214725601043,77.2325389266827
ATH019,25,Defender,2026-02-15,Match,91.54522519299621,11.964964667343006,1.95462244588012,9.285061268572958,166.72058721721274,195.47019751032846,6.560338742324441,44.37043253354638,0,0,84.92486876996735,89.86117418784337
ATH019,25,Defender,2026-02-16,Training,92.98018646620143,5.575789004962512,0.5830742453769157,6.332137179623844,159.64387822297618,182.25899090229032,5.391006749035765,37.04441901166172,1,0,78.55005288936425,78.65543372446874
ATH019,25,Defender,2026-02-17,Match,93.31970223592587,11.830343237490323,1.5643989817475368,8.6015456787356,152.68371276722146,179.3140092765289,8.114447163692857,59.395250605955795,0,0,78.68525278434257,82.7186979851742
ATH019,25,Defender,2026-02-18,Training,65.54513398141374,7.195469834245269,1.000401817765703,6.468425138637577,151.57685609013996,177.65648462260057,6.80307407656879,57.682215520882664,0,0,79.89344849046104,85.27819995416375
ATH019,25,Defender,2026-02-19,Training,55.027320292617134,7.728460599824965,1.1577871083820277,6.001152104073165,149.33763398979667,175.97877775496727,6.287337132527551,58.175459278493584,0,0,80.05591871150894,81.30554395435333
ATH019,25,Defender,2026-02-20,Training,90.59357642324989,8.773496321255484,1.0668305765628878,6.945148403636987,164.36350742513648,186.44610654044797,4.978286977175984,47.098315395724676,0,0,89.16820927539197,82.32418455799284
ATH019,25,Defender,2026-02-21,Training,72.98040970077056,8.273584615077523,1.2656217532815348,7.184236201306086,160.80255201851472,171.76386327099425,7.837713545939152,71.86554877298019,0,1,79.94065583488432,81.56922545551916
ATH019,25,Defender,2026-02-22,Training,66.07647851110218,7.711823548445925,1.0613592156716132,4.784867621373438,145.57197662339445,168.90392394357357,6.227250662854336,60.018758287688904,0,0,68.67932545679602,74.13476790783248
ATH019,25,Defender,2026-02-23,Training,79.36879122071834,8.25021760239844,1.2183728134572565,6.703492702962686,152.3985005862484,181.3865366539734,6.642352546197382,62.99765893239512,3,0,93.61598589332134,100.0
ATH019,25,Defender,2026-02-24,Recovery,51.781372367696385,4.495330543527359,0.5435041335505649,3.283225338081413,135.12646007046683,154.73129703823432,7.288438645393094,77.9915819468565,0,0,78.59788336805737,81.42597656740224
ATH019,25,Defender,2026-02-25,Training,68.66530541119613,7.603859642643351,1.183679013742071,5.8021303166751705,155.63477605300693,184.67500337345044,6.716643288313131,56.789598996658654,0,1,91.11696521709247,87.51196333986152
ATH019,25,Defender,2026-02-28,Training,57.40678193079669,7.514736446290162,0.9748496223442644,4.164587610721366,144.93386935969036,160.78473258539398,6.517745857903847,61.866330283360355,1,0,88.56894568076513,90.58077913637791
ATH019,25,Defender,2026-03-01,Training,86.14431216490341,6.602904447360454,0.7877624571964392,4.887993352956025,146.72828793780312,165.04087179439844,8.101211264596293,79.1710005810525,0,1,75.60788586744438,89.29024689126715
ATH019,25,Defender,2026-03-02,Training,76.89771040294225,6.595593980192237,0.8839944802913908,5.324022369487826,146.2676342590717,164.66231270266604,8.166725820133154,74.69239406097762,0,0,83.27086596965523,79.67308863884148
ATH019,25,Defender,2026-03-03,Training,69.88247965900052,9.094789209546102,0.9778320803212276,5.199849724107705,141.9459148384783,164.1148315002766,7.401991255220098,64.63122178889556,0,0,80.68198438849626,87.4949795130729
ATH019,25,Defender,2026-03-04,Training,56.73473962582644,8.119351331924266,0.985625881618669,5.730754654263655,147.04358680003395,171.7943706269641,8.647797074328603,80.71909694821807,0,0,90.88314859132156,87.03893287652177
ATH019,25,Defender,2026-03-05,Training,83.43866835159288,7.815304278604404,0.8675884624005588,4.881592652611375,141.70902612388082,159.19034934954576,6.293915368687279,51.536929154423646,0,0,74.75820793769982,78.14353522428087
ATH019,25,Defender,2026-03-08,Training,102.36258720301012,8.54815992295192,0.8801759856823135,6.933320647642237,173.3670566672969,193.62390129827116,6.162802725282479,61.33461250739844,0,0,83.85656432612126,80.6507153318486
ATH019,25,Defender,2026-03-09,Training,68.1187330901325,8.989104526858283,1.4547960383902399,6.65916653321653,152.97046321151393,172.24703426604452,6.576330461420448,55.40265585448671,0,0,75.95278837794153,81.8506468519531
ATH019,25,Defender,2026-03-10,Training,69.38520983882029,7.944997419596941,0.7578757970955503,5.448134709599688,149.35415078166196,170.05941893342367,8.860642001203278,95.93083127460747,0,0,76.69319258082453,86.44717170499958
ATH019,25,Defender,2026-03-11,Recovery,37.06851858158612,3.8246943533314135,0.5070838524048082,3.393790846438749,140.54682611192808,175.14455082600452,6.413418605650014,51.81739447660323,1,0,74.50638623624705,87.87093067363294
ATH019,25,Defender,2026-03-13,Training,69.89828098540116,6.303803475322582,0.8252239976965022,6.014909012729123,157.11234489281256,189.26831581542467,7.484002230917127,68.82585155895441,0,0,79.41848958001853,87.92663439256943
ATH019,25,Defender,2026-03-14,Training,65.79405486512272,6.555201574134951,0.5777879127464643,4.941401703300327,148.9625758523531,186.3417217485557,6.690921363744389,69.86003234041573,0,0,82.21683086086013,85.74162976224454
ATH019,25,Defender,2026-03-19,Training,69.05164975183281,7.388396240712224,1.079734413447988,7.017807968113936,156.4414017998378,188.72310647514468,7.386687228198705,68.83271919748971,0,0,80.17432118066527,89.65724388374677
ATH019,25,Defender,2026-03-20,Training,72.5537376364969,9.397377651883088,1.4127961178006778,5.9048458800709245,151.2258449105162,170.68056630646385,7.4133414292759,75.51290041157914,0,1,84.59397509690208,85.54261077261087
ATH019,25,Defender,2026-03-22,Training,77.48034092160056,10.242473747801144,1.5259301647044776,7.0080262177954635,160.14703337696392,200.63361750239136,7.022656733093018,53.41629493459752,0,0,75.06287183021152,78.38385725635824
ATH019,25,Defender,2026-03-23,Match,85.86562697258732,8.463637289277619,0.8149810450915007,8.694157931691976,164.58342071630094,182.5328391731985,6.325289884070042,50.92841428000774,0,0,76.90781731080982,73.35689742573867
ATH019,25,Defender,2026-03-24,Training,89.09055630806287,9.705338332756062,1.5871102491244695,6.756575125410653,158.30653321198685,177.86710468623625,6.063593219248338,51.225761633664426,0,0,77.26962350106425,74.68270225276417
ATH019,25,Defender,2026-03-25,Training,81.15576976276347,8.692363100047263,0.8890564414254324,5.707947930444153,156.06884841191751,180.3525172718214,6.576533151694349,57.82027115625096,1,0,91.99379681630701,84.81938480572035
ATH019,25,Defender,2026-03-26,Training,82.63827150907068,10.329002857785555,0.9069348890712037,6.936048527828024,152.58857585917923,174.99844222294132,6.853208749034928,55.774644250493516,0,0,94.25934255780425,92.17320940995182
ATH019,25,Defender,2026-03-27,Training,72.30996488053394,8.025524851585702,1.3534954264987216,6.738913749056782,155.5126708784618,176.0460834201619,6.410241130174261,49.48062308431549,0,0,86.99013318607824,70.49680818979735
ATH019,25,Defender,2026-03-28,Training,76.5280272122826,10.269303531448939,1.6662892807624752,6.821782650641952,162.33060846455166,186.49309315167918,6.635603980373512,62.67770530332311,0,0,85.26657930586579,84.98056943410809
ATH019,25,Defender,2026-03-30,Training,80.165879471546,8.028121100246542,0.6732285838759045,8.0570739592656,165.21506537504132,179.61834858606895,8.068742928431261,75.09002295253102,1,0,70.46947453862904,94.64738072682772
ATH019,25,Defender,2026-03-31,Recovery,37.04118335042173,4.590170336426747,0.7048987862476488,3.470207245315046,142.60990559385152,157.98308016990015,8.138565581715934,86.67880385364644,0,0,84.43685358649813,87.44071135260758
ATH019,25,Defender,2026-04-01,Training,75.9590172404183,7.300143002828732,0.9135259098105953,5.560108016255333,152.36608714826707,183.3496258227945,5.464859445518845,57.99710189905587,0,0,71.89945233995316,84.88811645041245
ATH019,25,Defender,2026-04-02,Training,76.13448921692071,9.452400518808306,1.3591626859439543,4.536076329153113,147.8660608728198,176.03378689200662,6.943879800698741,82.43996749067797,0,0,85.06589217768553,85.45749922004764
ATH019,25,Defender,2026-04-04,Training,64.12383923563225,9.647998020517136,1.0528907032784036,6.526249463940343,158.05210946892598,188.35675010527544,6.165722952801066,49.802712061983044,0,0,78.31368000013545,75.38686932465154
ATH019,25,Defender,2026-04-05,Training,75.95267313108954,7.1463235308190125,0.7951737867534983,5.455912767654976,148.328891331604,169.272114976534,7.21553756827051,63.70158410636238,0,0,88.86616304990646,74.36397456615197
ATH019,25,Defender,2026-04-06,Training,70.17369020794402,9.429847881675936,1.5998711688739382,6.832314368745259,161.10968311500434,181.66536895530092,7.451224244696604,68.903056196198,1,0,95.7269111983158,88.40401724399516
ATH019,25,Defender,2026-04-07,Match,102.37111200449746,9.941629718131988,0.8742626635389661,8.316047372916548,168.48967126714513,199.0313027637131,7.001861963093218,47.48398765668799,0,1,71.72455447146096,88.45690601455962
ATH019,25,Defender,2026-04-08,Training,69.02963187675347,8.359740941409862,0.9804528917165803,6.199467928389342,150.8606198505529,177.4577503344013,7.343275367976354,68.94327732877372,0,0,73.75398680479164,76.16672785551701
ATH019,25,Defender,2026-04-09,Training,66.90409488722054,7.532211900159543,1.1068833405949559,6.3642216658474515,153.77739601098594,185.30256666883702,6.116525036694997,52.50560319173871,0,1,88.52581197913999,87.97253279717476
ATH019,25,Defender,2026-04-10,Training,77.68352657424863,10.105486525886093,1.1365410041144046,6.097262757796015,148.84294102838192,175.95221504636325,6.545360375752874,52.221554587250516,1,0,83.68555141130307,86.20532251607986
ATH019,25,Defender,2026-04-13,Match,89.59395384582804,10.269749294011017,1.495587941051336,8.665099193542504,170.45441794069893,193.9574123155529,5.300758150661865,39.54739753303126,0,1,74.39393082609422,78.3162622979637
ATH019,25,Defender,2026-04-14,Training,74.52929174783887,7.242551817240218,1.1303368430014675,5.500356402725975,149.08860771610298,174.7150869082544,6.233880906023007,48.56441923817536,1,0,86.31763401807362,80.46464347768999
ATH019,25,Defender,2026-04-15,Training,87.27570056727023,6.521848602131245,0.9547660498513402,6.478872233000456,160.24015916314397,190.71898835272782,6.4706537645340125,56.28583688340418,0,0,85.84619948763093,75.33017614331183
ATH019,25,Defender,2026-04-16,Training,84.73980365586999,8.726325384011984,1.0445133238492523,6.380586551224567,158.19839360189212,175.40018787440022,6.969414918995049,65.11915610465716,0,0,84.08730595566763,84.71042623974145
ATH019,25,Defender,2026-04-20,Match,94.57454671553182,7.822969819840379,1.1865564374620055,8.38219986247893,167.91219733966759,194.61689212949352,7.0366087737552,57.060685853002006,0,0,82.57962190894897,90.14997324803747
ATH019,25,Defender,2026-04-22,Training,90.30700981997758,6.809529206062771,1.1536813186702695,5.989720626892856,157.29527270647947,170.63694406616185,6.745207828514545,53.13275056137787,0,0,86.26226548801904,78.17155358204982
ATH019,25,Defender,2026-04-24,Training,84.8459914335739,7.395638477529653,1.1028316035308992,5.919078862550743,151.95818813664715,168.65157406763228,8.174481599955612,79.56165741344468,0,0,83.32676057504302,77.38546191361482
ATH019,25,Defender,2026-04-25,Match,87.90153589098564,10.181129846197923,1.5187125981492127,8.651321766289529,167.74556136239275,188.89376856694332,8.15820031312871,71.8645140768862,0,0,83.89400557206642,82.87904962881
ATH019,25,Defender,2026-04-26,Training,58.32269258518735,10.505561658883577,0.9252918838113809,5.772154414006405,147.09064836710252,157.92697784086235,6.321572450082666,58.82228372124292,1,0,87.47686720052351,99.64966793651206
ATH019,25,Defender,2026-04-27,Training,83.5807540308812,9.654978116482738,1.590740000607406,5.5110136043112865,144.85851755268843,169.5277567337796,8.126401740645038,67.72678007024341,0,0,91.87461858601145,77.0149941821095
ATH019,25,Defender,2026-04-28,Training,75.25330987090341,8.769291557630646,0.9950525328717458,6.644880386695759,156.44142004004394,178.4884831628484,6.4198870878772905,55.50308357500839,0,0,88.83333237815438,80.22603117327826
ATH019,25,Defender,2026-04-29,Training,78.26075220048311,9.004202358751495,0.9414775505213128,6.779846360970915,157.13313884092767,181.5153746562595,9.43947808811653,85.25447414822392,0,0,90.25495543940613,91.18567430741443
ATH019,25,Defender,2026-04-30,Training,74.30859147889814,8.088419652251158,0.6687110029649247,6.070158668885071,158.03271175854837,177.57099818770135,6.572197624176474,57.10441375297835,0,0,68.66557126236121,81.48577820200552
ATH019,25,Defender,2026-05-01,Training,70.35057475080103,6.740500811131009,1.0836305416506151,4.41978992003787,145.80311396639527,155.58424267241259,6.734119536443212,55.3079121204333,0,0,83.98526071567318,77.59299069709691
ATH019,25,Defender,2026-05-02,Match,89.86011279414788,11.804780344101955,1.8295246994883414,9.239315110524934,166.85129671543575,198.37771098341517,5.65438744948174,46.57598301967176,0,0,75.11309909777246,78.11800020869202
ATH019,25,Defender,2026-05-03,Match,88.3680798215712,11.244309626850054,0.9972595700190805,8.272116496715487,166.74699998842738,187.53212049076112,5.9972435365198695,47.06608861417488,0,0,77.32354906296045,73.10504421142076
ATH019,25,Defender,2026-05-04,Training,73.58618457368381,7.438505392468793,0.5980424402611021,4.809989212149613,152.2980726461919,183.34740044291513,6.4945525460168625,64.33944475638812,0,0,88.41584479220575,81.32153812979023
ATH019,25,Defender,2026-05-05,Training,93.11384993012025,8.88892167157421,1.4787957605212232,6.435988350482485,155.3404022703442,182.81387921019737,5.802355058693192,70.9990267396187,0,2,75.3707068554648,94.09335592573284
ATH019,25,Defender,2026-05-06,Training,66.72596174336522,7.543061806231799,1.0035775511955631,6.04160150365839,153.20122473691723,174.31933748957317,6.831563240102693,65.27592904557305,0,0,75.19331837449444,79.52251808020296
ATH019,25,Defender,2026-05-07,Recovery,43.99035965974241,4.3511751798737714,0.3554409771590801,3.3387258512809357,135.97758046367065,157.02726518765502,7.482990860069718,76.7939113276674,0,0,87.37076442392075,86.3061215519445
ATH019,25,Defender,2026-05-08,Training,84.63913332884789,7.800748719642037,0.9938683608974301,6.7594626636747845,153.0714710701941,181.42596300804624,7.453300279063178,60.63868525423044,0,0,85.2210855351728,81.53364502355831
ATH019,25,Defender,2026-05-09,Training,75.72336895286685,8.780545519400766,0.7296031061673366,6.542222012031854,155.85980573155248,182.5007673381572,6.6857081937343485,62.934993448681915,0,0,90.58549674355574,86.79660167375732
ATH019,25,Defender,2026-05-10,Training,75.79108713204835,7.572764421924494,1.0355166911886915,8.033235829992668,165.89188880065953,194.54206565004978,7.705485688838545,66.24411351931057,0,0,74.57261702647465,85.26267508105465
ATH019,25,Defender,2026-05-11,Match,94.6270241436099,10.672547549327208,1.3827248660326537,8.853174723193193,175.58860045700104,200.4738517807853,8.044295354289387,75.73423693329714,0,1,78.55917967045512,97.78116924619883
ATH019,25,Defender,2026-05-12,Match,97.10110324816095,11.86395265734216,1.8574409349851424,7.101150086105557,163.89906819160544,192.20384145527234,7.8449736051786045,74.86010345677771,1,1,90.93804629709177,97.19854661737978
ATH019,25,Defender,2026-05-13,Match,89.67930191777062,10.850134404072428,1.5028763981511544,8.195368720321119,166.4925854296149,187.69152558072506,6.254026169623141,59.28298938858781,0,0,81.69240706295535,82.97229118242319
ATH019,25,Defender,2026-05-15,Recovery,66.7075137159812,3.9212522347611976,0.4730672447812222,3.2004497752574634,134.33193022934287,156.6635189077091,7.798793961654081,77.19504214402752,0,0,85.94309996153243,88.75414757022138
ATH019,25,Defender,2026-05-16,Training,70.66844908146494,9.559747704201783,0.8171989999061576,6.03751576506333,146.99263893203877,168.59593018682278,7.787338496113225,77.749518572092,0,0,94.80681212794512,91.21680628407674
ATH019,25,Defender,2026-05-19,Recovery,33.23811388974855,3.9070476561332668,0.4126300617551904,2.1112998445730558,129.0592693253213,145.54701636028048,5.854500628994612,57.23441144096665,0,1,84.00700112456596,78.75323014352065
ATH019,25,Defender,2026-05-20,Training,76.65913830140872,8.595409173364732,0.959368415860854,8.297640187361814,172.09366738257776,201.20505882042613,6.620707797777559,53.29444576564424,0,0,90.75214674579668,94.9499130660668
ATH019,25,Defender,2026-05-21,Training,80.80756660616308,5.582097526030254,0.9017469083586055,5.991311472255332,143.42006618440283,156.6555237956372,6.144942427662535,58.895948613623325,1,1,91.06053204885393,92.24690522841333
ATH019,25,Defender,2026-05-22,Training,63.68591408927716,6.42669043965318,0.5871909949357896,5.294640130964574,146.95209806623532,174.62728353237839,7.601939586879666,71.40770105474743,0,0,86.18285483453603,82.1414992858451
ATH019,25,Defender,2026-05-23,Training,89.04113285947079,8.299891164451818,1.1960423505102904,8.004579622887,163.0141697706852,189.80865934034662,6.506388795769231,54.36130356911518,0,1,79.80597614605287,81.32916834372601
ATH019,25,Defender,2026-05-24,Training,74.76550591877084,10.805195216289812,1.668855472272583,6.196534306857045,155.425323944273,180.39159816691355,6.2990092186650815,52.36330517603873,0,0,79.65100567842345,81.75369519562587
ATH019,25,Defender,2026-05-27,Training,82.84838005213057,6.496662584992189,0.8129565835170531,7.077210105648784,154.83366462661425,177.60802232785068,6.467747473860474,49.710416140535884,1,0,94.59860765778495,93.6799271046254
ATH019,25,Defender,2026-05-28,Match,80.09214153974979,12.890447828007815,1.3503020562212253,8.578822061978325,167.807545508816,190.81468916967071,6.238206578524682,45.58738783727935,0,0,87.7458260916782,76.77022377888242
ATH019,25,Defender,2026-05-29,Training,99.07331391344584,9.131912186124534,1.2308845598810594,5.4631136649391125,151.10358090130438,185.13558695939471,7.3862203281743515,59.492745547606724,0,0,77.79738227977639,84.35784825708005
ATH019,25,Defender,2026-05-30,Training,67.94427520841458,8.079379783519103,1.1995313523899096,6.163699193187119,151.959929921046,178.96430770731803,8.545993686594933,82.96391894664592,0,0,90.23456166710292,88.63326601018845
ATH019,25,Defender,2026-05-31,Training,85.15369407026664,9.708329846283942,1.1189377951690263,6.7348628077507655,160.53409545669774,186.40196252935405,7.8168169415287885,77.18028171882494,1,0,76.7228916716354,90.08888892754355
ATH019,25,Defender,2026-06-01,Training,70.60623672473574,7.527624330388001,0.7895615866294806,4.139345014244906,135.28724020075643,155.37358548311315,6.8466409922916185,73.101864310245,0,0,69.18699626658125,78.19467852611349
ATH019,25,Defender,2026-06-04,Training,67.54009936728399,6.302598496025489,0.8285498844937326,6.314830343291838,142.92324771555124,173.29349563324757,7.761385079737593,57.326417372232186,0,0,87.35530496051825,73.80047151537867
ATH019,25,Defender,2026-06-05,Training,64.81192667040251,8.997003814896425,1.305056626390391,7.468209590389763,159.68757734428198,190.13206248009308,5.1187354509138485,34.783415126612866,0,0,80.64765309346829,88.83362078471995
ATH019,25,Defender,2026-06-06,Training,62.033944965397204,8.714567041973488,0.8936831712963611,6.2946424011607975,161.67253177756933,192.33403396361535,7.639216218642796,83.71086191804167,0,0,82.284879472573,91.93591714437362
ATH019,25,Defender,2026-06-07,Training,55.37451350490845,8.145099573334459,1.368846431655087,6.582959653821577,158.61700079515285,188.41707601799635,7.64263762474578,61.3262419534028,0,0,80.19535760549729,85.98040293804763
ATH019,25,Defender,2026-06-08,Recovery,47.641078503480266,2.6903821704228563,0.40346263711518116,3.607469450788876,135.46450611852202,157.17292536616566,6.469620048881816,57.56554866816739,0,0,78.48665672662995,79.30235716112739
ATH019,25,Defender,2026-06-10,Match,96.93845565574046,10.241213793138996,1.301577230113064,8.82755566128981,163.53773888151287,188.20289713724836,6.195160751484653,38.644798986671155,0,0,80.1377402862548,72.15607054595401
ATH019,25,Defender,2026-06-11,Training,96.33635299046648,9.31680420583478,1.105129087839353,7.1822872362196035,160.28197658025672,180.9059191568542,5.851492822461233,62.32091433820186,0,0,83.17938977490675,80.63462387275756
ATH019,25,Defender,2026-06-12,Training,70.17882684189664,8.053211074132918,0.7988476401051502,5.443344220982667,142.88028381526325,171.872459358053,8.239256118239789,75.8206430116976,0,1,74.69098771599826,92.14684925730356
ATH019,25,Defender,2026-06-13,Training,56.44600732400089,9.695146997679474,0.8493387626867119,5.737103969294208,142.63339010777847,171.75979066629532,7.632073763050014,71.9319068007256,0,0,90.07085791900492,84.59029950277352
ATH019,25,Defender,2026-06-14,Training,78.67554074334123,9.258439697384905,0.9396777354886362,7.041016449542103,154.73199828673432,182.29794166314258,7.213142087892507,72.48405402365778,0,1,84.01750762586771,91.42761324847616
ATH019,25,Defender,2026-06-15,Match,92.55668281763592,12.922802408881521,1.6306704060097723,8.19381652063292,156.23896204526935,178.78441189609396,6.779579254670956,59.486248119168096,1,0,84.285038662848,87.6237152978527
ATH019,25,Defender,2026-06-16,Training,67.62350571878338,8.332980012239274,0.9409956756790763,5.413824784221012,142.28515920870842,164.99541014280643,6.9998731534143,67.08907239754743,0,0,77.61465924648184,78.8183306071653
ATH019,25,Defender,2026-06-17,Training,93.50348545984073,9.67789883484195,1.1402143525460786,6.9236524039381395,154.7499660314374,176.54632074536457,8.154594837665735,74.63720152860087,0,0,81.55147486958718,82.16558819456789
ATH019,25,Defender,2026-06-18,Recovery,39.36720088103031,3.620565195689946,0.5758687643352066,2.3163724099048206,130.51421342291954,158.85230723931363,6.98224432437981,76.805451898242,1,0,84.47908385877612,93.56608687719921
ATH019,25,Defender,2026-06-19,Training,79.54923712510819,9.95348779814337,1.6009877079997095,7.07369689875455,157.87754973058478,185.4959202308337,7.830079008021856,70.48366766865394,0,0,81.75912773459385,90.62191825628621
ATH019,25,Defender,2026-06-20,Training,86.64120881321465,5.829537948497029,0.5525236922556489,6.246303968489054,151.4525405611208,179.9781600927912,8.443604864571554,78.24458999195221,0,1,77.03889060747495,92.72947462702683
ATH019,25,Defender,2026-06-21,Training,90.60807007583259,7.34488622601272,0.6785324517037654,7.0873147461178645,159.87076827656347,174.5812432883157,7.566763820950579,65.8075133807482,1,0,82.59695530521596,82.62711527615707
ATH019,25,Defender,2026-06-22,Training,79.14992192196875,9.281915932967925,1.4507506021520276,7.456031575172019,165.19776198928346,188.87072316593867,6.432230037198355,75.93584129841041,1,1,83.03606113023906,87.27372431869546
ATH019,25,Defender,2026-06-23,Training,81.90886149601576,6.9452213465570285,0.722327806967426,7.073196427697063,162.06716628930133,196.4330300382485,8.083871669151923,68.98161450242014,0,0,81.6131924501861,79.37079593906816
ATH019,25,Defender,2026-06-25,Training,86.33290289386345,9.402215667137963,1.3598948500348695,6.543380289861313,151.3982239677397,170.04225552842053,5.944495241106489,55.53116319079722,0,0,76.2724703346301,79.0784707040217
ATH019,25,Defender,2026-06-26,Recovery,64.10836302252343,3.390736343942712,0.5224457577218925,3.7603192215402683,133.08798252263003,157.73125160081884,7.738864801566272,65.83420165501401,0,0,98.0,79.96224748034983
ATH019,25,Defender,2026-06-27,Training,76.48047972499046,7.990867404492086,1.301646671392579,7.592419396384638,154.5773629559088,164.58412150638515,8.1494973888624,64.52023026577626,0,0,83.55143761657234,92.07402896175067
ATH019,25,Defender,2026-06-28,Recovery,49.78478519151029,3.0295899961207438,0.3833106848247863,3.3002912139323755,133.9660485170059,162.92647947193345,7.290530431606992,74.57069301251161,0,1,88.20121167745847,94.78188397508214
ATH019,25,Defender,2026-06-30,Match,95.72932321173842,11.149857982740077,1.2536712053815664,9.13631097212543,167.7304140685523,193.56277793343932,8.652655179904619,68.63332469718978,1,1,83.20808354961997,100.0
ATH020,28,Forward,2026-01-01,Training,59.034006855255285,5.684795545702202,0.9398215725793777,7.119914054975869,163.92088571449696,196.6915655495776,7.105099025973958,60.21728611526172,1,0,76.67142836164453,84.57115126449982
ATH020,28,Forward,2026-01-02,Training,90.51364294636879,5.463475174434579,0.7478613118394688,7.151955922304929,165.4749000422516,192.90347464283957,7.495333540442608,65.1317987008902,0,0,77.02993258033433,71.05184906584613
ATH020,28,Forward,2026-01-03,Training,75.24086742132282,6.222826944442364,0.5611391031502126,6.989693954193751,157.64007542022063,175.19278581698876,6.316183845039452,68.9954555605502,0,0,98.0,85.09308528677505
ATH020,28,Forward,2026-01-04,Training,78.49899032649498,6.390143158609747,0.803463847873259,6.025112991649371,150.9358951760057,161.4354932751321,8.200086064665138,77.00532249186975,0,0,79.31083168709583,78.17226792240807
ATH020,28,Forward,2026-01-05,Training,70.57623050036817,5.812405504979017,0.9376600740985488,6.28368029296222,142.98681221733995,164.81537012313242,6.055635257377794,56.92106599066657,0,0,84.64608071319964,84.91884977488618
ATH020,28,Forward,2026-01-06,Match,91.73531119590675,7.704441420952307,1.1706428986769846,8.769078362273879,160.06929895173639,181.91085072534605,6.983635318866005,67.26979783009595,1,0,88.78699536218387,88.61351804960941
ATH020,28,Forward,2026-01-07,Match,92.71692867042488,6.123943332349254,0.8552480525962047,8.58180197579914,163.65812604637975,187.90862124033606,6.413800236254971,47.65705475848869,2,0,82.72408621874756,94.63358486299725
ATH020,28,Forward,2026-01-09,Recovery,34.79952292006553,2.7381359815529756,0.3346055389685789,3.12774430962093,132.1735187224077,154.2262309734532,7.636666496247381,69.87253248566972,0,0,84.09966898855157,82.27889942533106
ATH020,28,Forward,2026-01-10,Training,88.01111144163286,7.4360728714836455,1.211438398593927,5.716014676739425,149.83189429814095,179.87106165761645,8.39760565273646,86.23716838319795,0,0,69.93160930815995,86.25808513283543
ATH020,28,Forward,2026-01-12,Training,77.58636410333307,5.7175612419074024,0.7760635881024393,5.273849036768468,144.07803317594372,170.23148443268093,8.962409550818748,88.89252769058098,1,0,98.0,96.91922371143345
ATH020,28,Forward,2026-01-13,Training,69.49227863701822,7.313049162009705,0.8532923396478073,6.956990885761986,150.01116119925675,173.18225573862824,6.875990995310623,52.019942970265966,1,0,83.52864009383136,89.5476282356722
ATH020,28,Forward,2026-01-14,Training,62.717149677947766,5.879298227215439,0.9824354481353391,7.959888831878271,170.55829027110101,194.2783033523583,7.182331067508952,65.86119676204005,0,0,70.67609865085552,82.0974619354521
ATH020,28,Forward,2026-01-15,Training,65.09058929090689,7.9965329968435395,1.316155190473288,7.600015071864584,160.28591805748016,188.25468676345122,5.465738619062096,43.75368460012554,0,0,77.65480374619987,75.12251650269656
ATH020,28,Forward,2026-01-17,Match,93.71173440612783,7.472398535833372,1.2691450384887863,7.687983371722173,155.4291784263216,176.36269943671434,6.53818523872962,65.72019114205878,1,0,85.4077445965995,99.8063838065697
ATH020,28,Forward,2026-01-18,Training,55.842348628442295,7.10571305571364,0.8817900991350158,5.43172975464586,143.2602982503648,161.59497790658844,6.535672590329432,60.64094362548284,0,0,79.33052830500692,77.07306131522309
ATH020,28,Forward,2026-01-19,Training,100.96506602820963,6.835598085158891,0.5483327977592335,6.0493038201808105,147.08943310830162,171.94312233916227,7.053965937817445,66.41754609964406,0,0,87.79520586137826,73.47242376181539
ATH020,28,Forward,2026-01-21,Training,70.84841537759553,6.458585154656186,0.9373317091655504,7.230226572582696,157.3830228020643,175.6320356957548,6.470300494099952,54.28366580618667,0,0,73.71480655316576,81.78599361364647
ATH020,28,Forward,2026-01-22,Training,64.02752208332302,6.020060975347864,0.4986679872281411,5.192725053478827,149.91992204998746,177.54590339065132,7.399742116543471,55.766142663727216,1,1,81.60611569054224,80.99204262615473
ATH020,28,Forward,2026-01-23,Recovery,47.81028174763386,3.3273152475255197,0.2719563730595662,2.9887749262159815,130.51867652287234,156.95961402855045,6.288333539801727,60.327262629112695,1,0,87.36817036808584,87.46325988098955
ATH020,28,Forward,2026-01-24,Training,89.89995050180812,5.776928313526745,0.7443788163105862,7.00046405735936,158.22581276712913,182.91123644517995,6.229496838768524,49.774379225374275,1,0,84.31224381568884,83.7629174128444
ATH020,28,Forward,2026-01-25,Training,63.78130168297219,6.014025861854821,0.5148098611885075,7.028099262276333,154.58130959825596,184.1978782253776,4.944705206233616,39.81344725918532,0,0,72.79788499955298,88.09383706629838
ATH020,28,Forward,2026-01-28,Training,84.74458135505427,8.302267372067407,0.9974783613426601,5.691781708109235,152.75894323726644,168.09523611991543,8.145863669895897,76.40153504022511,1,0,85.7026553881861,90.79110691082839
ATH020,28,Forward,2026-01-29,Match,95.46779629065064,8.89795952062106,0.8976694696843929,7.405833010684376,152.88415839788945,172.8685579912669,7.101151262332558,71.09636624740583,0,0,78.40316533813268,85.47423786535951
ATH020,28,Forward,2026-01-30,Match,84.77060627023994,8.882239877316213,1.4718527396516927,7.460150303031969,164.7371737915721,187.75874030291178,8.221990167151931,66.03562054533478,0,0,83.83917985984961,80.62692685393257
ATH020,28,Forward,2026-01-31,Training,70.4194484626323,7.307637874973495,1.1056627183061567,4.885903783085805,155.48162534785595,182.51601523636893,7.85323855657522,69.62303543233902,0,1,76.7350442383504,82.78170974041389
ATH020,28,Forward,2026-02-01,Training,76.63397136855635,7.641855080678201,0.6248855214041739,7.441923762694393,155.59848184691594,188.3574813385457,5.600539263474403,58.75465940312762,0,0,90.37991081892011,89.02210984426891
ATH020,28,Forward,2026-02-02,Training,58.56420984554319,7.914417261194753,1.2383142307752677,6.505907809480906,161.14513344784905,194.6647833152493,7.0787991990963395,65.69770589810844,0,1,77.52417934206075,84.65011492752957
ATH020,28,Forward,2026-02-03,Training,100.29068399916207,7.867558914514159,0.9800722658560842,8.267544652711926,173.58056275375782,194.7985539334236,6.746802409805708,53.10121759481179,1,0,81.61605642962556,89.55271659042357
ATH020,28,Forward,2026-02-04,Match,87.02613557461927,8.885285589230696,0.9173107972863067,8.151376677777579,174.5341313048403,194.00693073928988,7.571120505786002,60.65080034962558,0,0,75.89596286041908,82.41153289527854
ATH020,28,Forward,2026-02-05,Training,73.50310058578647,5.267044170854439,0.4908986662005153,7.836079965724851,163.39695914262649,180.28576577626126,7.753231330188673,63.85908480287295,0,0,67.7213306699492,80.19487193883542
ATH020,28,Forward,2026-02-08,Training,83.1218709582703,4.456677280852124,0.49336164130061977,8.964701984322165,165.48476970605765,179.6793436380713,6.610366214135506,54.91964807799509,1,0,85.61920205398532,90.80184466902521
ATH020,28,Forward,2026-02-10,Training,85.42761919336337,6.670445138687441,0.8424900504040058,7.093669084559306,160.72894946411657,189.11877227813912,7.236718689481101,53.585978056367495,0,1,86.34651118398973,94.22711583484055
ATH020,28,Forward,2026-02-11,Training,75.24225249621878,8.013882709971757,1.3197329780339846,5.856083701590458,149.88433228615227,177.66356637739844,6.638471138944402,61.21540849168043,0,1,69.56818532747259,84.2925765187416
ATH020,28,Forward,2026-02-12,Match,88.60442410397503,7.3992735816170585,1.0952667259525781,7.6259182716377385,164.08137021392554,184.98201196490132,7.49150310470718,76.04057668867202,0,0,82.08499095629453,83.95478105583759
ATH020,28,Forward,2026-02-13,Training,66.41714215298654,5.550497603652302,0.5814960023185061,6.1714095456062905,156.2840723701079,187.57699968100064,7.703707608884757,79.60217741126523,0,0,82.45293587572601,94.57600687318886
ATH020,28,Forward,2026-02-15,Training,89.78070208452596,6.444593675854683,0.6778092327282315,7.01189666976717,159.9006284323751,176.3724722480137,7.803996841159039,58.081061720119884,0,0,84.353442697323,79.48608433544317
ATH020,28,Forward,2026-02-16,Training,84.16614654505719,6.937667707817505,0.8179599902468472,6.1365787535991325,148.34650048663838,180.59417390515213,7.278160838029262,64.80993617910552,0,0,77.58552667823194,86.84796874391813
ATH020,28,Forward,2026-02-17,Training,79.0957007687264,6.878533997519255,0.9098622119417951,7.649781912638455,159.67589048181569,181.46930232636797,7.094865293944201,48.043357196823706,0,0,93.76573647520446,77.3877660738019
ATH020,28,Forward,2026-02-19,Match,93.0328139763354,7.926310847399122,1.032070875289379,7.579689214026714,164.37750887979865,194.84899096115336,6.444327316691532,46.273421065686215,1,0,87.1079918040804,84.4031494645901
ATH020,28,Forward,2026-02-20,Training,67.13382433022943,6.240815046287138,0.7553378370806324,6.132189041630365,151.5571166460245,175.29906929406744,6.736418322575372,51.065722984835816,0,0,81.86212216528021,85.18945995082427
ATH020,28,Forward,2026-02-22,Training,78.77892296565392,8.084490034500744,0.974770099760936,6.746192438218174,156.32044210516807,183.50227996901606,7.388535987250954,68.18629485088009,0,0,75.84406655728952,84.65798562426595
ATH020,28,Forward,2026-02-25,Training,67.28990061744953,6.467030307627784,1.066242634765497,6.227735880348147,149.93505311127387,180.88412902341057,7.422139050311111,57.429986129109245,0,1,82.37700651566551,80.20102523791228
ATH020,28,Forward,2026-02-26,Training,64.23302505103787,6.364607275995659,1.0019414216923497,7.094721001316069,150.25462818365773,177.59475392022395,6.3156874710239865,57.99662169977214,0,0,79.55233818865271,91.49533204135452
ATH020,28,Forward,2026-02-28,Training,46.9613430580272,6.162829659169295,0.6128961890789101,8.219589921519962,169.8950219239217,193.6575573540765,7.774531571151103,61.54079360419914,0,0,97.7220735999036,76.84621763958644
ATH020,28,Forward,2026-03-01,Training,73.5156160048884,6.929617587379257,1.0988108283483038,7.999045481041669,166.4185532826479,187.31057208590224,8.350939383584642,62.494037745671164,1,0,90.8016706404668,91.7612071481511
ATH020,28,Forward,2026-03-02,Match,97.04857383771936,7.726536792259354,0.8812187233181309,7.5713422298446265,171.6694272231706,198.68759061268307,7.429646720401106,63.838531661136756,1,0,72.8324383958147,87.07735538876187
ATH020,28,Forward,2026-03-03,Training,74.73285372461824,7.246217575835741,0.8160951887148529,6.800924437007546,162.54091483174574,187.30293843291773,7.887563617625673,59.60563428859338,0,0,88.74781254609928,75.35190223897476
ATH020,28,Forward,2026-03-04,Training,84.88709674459858,7.606579141067951,0.8680130225189844,7.027247978011268,161.18286513060318,193.91345148782716,7.442433770766145,63.353879916443574,1,0,74.65882468810156,84.47709110901266
ATH020,28,Forward,2026-03-05,Match,86.22737076168669,8.854900005507364,1.2641161804687153,8.036674421687248,157.70226051896228,183.07281131982364,6.771541126205044,58.12033237573795,0,0,82.95376411667478,84.61979092772586
ATH020,28,Forward,2026-03-06,Match,94.72747258526138,9.282276583107732,1.4836775551564918,9.282173235419243,176.51429438034037,198.79294209777922,7.544654585132174,57.32599224911913,0,0,75.0183058489548,85.51521516119071
ATH020,28,Forward,2026-03-07,Training,80.56818869769936,6.492528381500554,1.0378944957960943,6.861344474766594,157.24578476559293,182.18088294376543,7.314647859320237,56.53092213309314,0,0,83.24009072421762,85.78208969039714
ATH020,28,Forward,2026-03-08,Training,92.4506666286465,6.4527629505142405,0.6109753838633496,6.644647384488163,162.24770778114126,182.13537500173663,6.769058455687966,58.930374531701,0,0,81.73323336274257,76.9818090994745
ATH020,28,Forward,2026-03-09,Match,97.98324050780124,8.84729749690113,0.9578102042008474,7.914465159746873,163.64124057183358,194.20146746879382,7.339589815750048,61.66682944954824,1,1,85.87981327777368,86.78705310791437
ATH020,28,Forward,2026-03-11,Training,70.25528150663476,6.17629250706319,0.8862877585824117,6.058983477953913,152.9698498737552,169.4630297104301,7.8239481041172585,65.92460553284525,1,0,77.13084786236634,87.00105319983871
ATH020,28,Forward,2026-03-13,Training,94.62818518465687,5.424534555842224,0.8463566302709083,5.414392994245993,144.05042021440948,174.79821131777365,6.8967519160998405,58.49214980134256,1,0,88.57584594964102,91.05300166465524
ATH020,28,Forward,2026-03-14,Training,50.05191850724495,8.470612674485528,1.085317375127935,7.40045558101083,148.5005278860622,177.26673848467706,6.168279407250586,71.02416816476435,0,0,73.57641028480771,71.9394951020324
ATH020,28,Forward,2026-03-15,Recovery,46.85664643110727,2.5766076428290385,0.2635449392499565,4.545178539442178,145.78796018633773,178.21211848075274,7.822018477940767,76.12583325127764,0,0,83.31409682892371,80.32302980481913
ATH020,28,Forward,2026-03-17,Training,67.94419040203638,5.637818517415496,0.7141600929566698,6.719798956720195,148.24940022551894,164.48437231526225,6.994254560265435,67.00575411935117,0,0,82.45174442472144,86.31279382216727
ATH020,28,Forward,2026-03-18,Training,77.36770053224384,7.358779839730311,0.9832500178181196,5.7395371128345065,135.79132513906478,165.96010652150366,6.898135288523474,59.318470655960205,0,0,81.78091772858185,80.39259316221514
ATH020,28,Forward,2026-03-19,Recovery,50.51841787918189,2.8135831603778905,0.43103851243851377,3.7388943578916543,135.41018756357442,158.99635504662797,6.8817148381716535,59.54376853862983,1,0,77.79307417429243,81.66095330145079
ATH020,28,Forward,2026-03-20,Training,89.71886209803701,6.428304576803318,0.6117673397938682,6.909114853255529,162.8411244663435,184.82628113716495,8.139524707200172,82.74652030157307,1,0,70.14487799270782,94.71642036480867
ATH020,28,Forward,2026-03-21,Training,82.89060524222877,7.478502378515718,0.6801057424455501,6.72602386917162,157.06057876311692,180.35432371506278,7.47447413411742,55.76048091404689,0,1,89.95025887789107,82.36681890562184
ATH020,28,Forward,2026-03-22,Match,86.53229395880324,8.671245464764407,1.3310521855322317,8.585983275754163,169.71880893420158,190.83683791426586,5.586111852636047,43.979794870274844,0,1,80.87408235841579,93.26592879968109
ATH020,28,Forward,2026-03-23,Match,92.32143190675922,9.78209199156544,0.883577265366456,7.11688641776424,154.29895025118574,182.24668589530748,8.216961534840177,66.24688680367622,0,0,74.23610707290571,77.50981460305208
ATH020,28,Forward,2026-03-24,Training,92.33887729041902,5.394813109538237,0.7988762584820575,6.496929576975237,158.8884544803519,175.84331464554378,6.770208655668699,57.58911619784333,0,0,80.5502799882721,88.32288895914718
ATH020,28,Forward,2026-03-25,Training,50.55397985271171,6.094337295337478,0.9884351478090696,6.127955117097576,153.6903656971541,175.83834302960352,5.282496552439035,46.530880847835306,0,0,77.51764394236716,77.02946941861289
ATH020,28,Forward,2026-03-26,Training,95.38405567480193,6.453105942691873,0.793878820159227,6.479533275090175,154.35434492804836,192.70043860862245,5.897498267429525,58.69610218121934,2,0,73.9400913814236,94.61606936981974
ATH020,28,Forward,2026-03-27,Training,86.11629741944101,6.985282799892555,0.7238922091509268,6.005568972128168,154.54947147375572,176.59966199224064,8.65336217458433,69.48793557872649,1,0,88.13755302011617,93.0666887975267
ATH020,28,Forward,2026-03-28,Training,87.57666365998404,6.686730191032029,0.5378971459740856,4.437335992724489,149.41538090502024,172.3417124095183,8.433095926421947,79.9826571280566,0,0,83.2866097259709,83.69836652771328
ATH020,28,Forward,2026-03-29,Training,71.1167876712884,3.5842907079674173,0.36966362078799203,5.630777186085333,144.55586607404408,160.44923471340977,8.130280486184207,69.37750667354942,0,0,80.35191862739683,83.43444667023832
ATH020,28,Forward,2026-03-30,Training,77.65344886824674,6.3850637940484045,0.964859895712027,6.712710366546341,158.83139493218812,189.31174707401038,7.7320361347221915,65.60086201916545,0,0,86.60952302354731,73.69005163819666
ATH020,28,Forward,2026-03-31,Training,49.28772860766804,7.266253215845965,1.0983450671062507,7.857140901498145,156.1498624005736,194.15456660424405,6.825903238329548,52.6634128873355,0,0,82.3355077287884,81.9627811146223
ATH020,28,Forward,2026-04-01,Training,100.44035977646674,7.207855132657668,1.2138978684595516,6.209473165589483,150.46586399532183,183.0049866072251,7.576002886519704,67.54702705767873,0,0,84.83648333654143,79.02632549697596
ATH020,28,Forward,2026-04-02,Training,74.40948369506714,5.406124863953955,0.5262747843978832,7.863290165165777,163.31348147565893,188.5641335413963,6.132717611266535,55.76080504319832,0,0,87.24889573932532,80.79491620035736
ATH020,28,Forward,2026-04-03,Training,82.35718069391969,5.748366354072714,0.5542427446977745,6.715631036055158,155.12894162262282,177.30544539436926,8.050668657189533,67.92945962753471,1,0,93.10605771328255,90.50993188600285
ATH020,28,Forward,2026-04-04,Training,70.76204265836348,5.765082028971371,0.86438260316734,7.7115283666596754,162.480357342352,195.56290270119186,5.7737175372962515,50.29356194659462,0,0,80.53461020863173,82.49605978350907
ATH020,28,Forward,2026-04-05,Training,64.94170151474582,4.615580085688413,0.43831125308337754,6.114770244742576,144.30349208321334,176.27881256144565,8.498763779148724,69.42134153030047,0,0,85.07241397740478,91.1183192501779
ATH020,28,Forward,2026-04-06,Training,66.71457229628851,5.8191693938310545,0.9701251463418895,6.1461013037647225,155.67774157153602,183.23382530060184,6.509133505957749,65.08316119927571,0,0,85.04406604384795,75.66233791050931
ATH020,28,Forward,2026-04-07,Match,100.24590858263319,10.641526984125145,1.141353363662702,7.590722424378141,166.2718615108186,186.15978355485856,7.818390832130247,72.01738616224779,1,0,83.43998003031162,90.37396319984619
ATH020,28,Forward,2026-04-08,Recovery,45.756959182278145,2.844049936233357,0.4154791922438997,4.242452072704495,129.66570197272523,153.9316620679539,7.166200361379868,71.89190700324608,0,0,88.86015736720412,75.37171569650792
ATH020,28,Forward,2026-04-09,Training,75.56314082699755,5.991543992444123,0.8789174382514773,5.298111900482816,151.33905723301467,180.03350973339727,8.324376549021432,89.78413492820806,0,0,84.06511501357078,82.53865298736811
ATH020,28,Forward,2026-04-10,Match,108.40149794844558,10.162239352875236,1.2505891157659796,8.568442815390874,168.58750440983766,183.40521840215092,6.577490207061602,52.021924260539045,0,1,80.33607100181031,72.61704823235597
ATH020,28,Forward,2026-04-11,Training,72.15696522988725,6.339569913063663,0.5138580615166503,7.092244604080432,150.2769122368336,171.30843490159873,5.5013733264129225,47.61988249947425,2,0,77.64952812467679,91.27620465642514
ATH020,28,Forward,2026-04-12,Match,92.68158266447499,9.297607337475583,0.842060532055413,7.579145512220445,159.03370851277413,179.5438246437766,6.923468212322538,58.78721365702961,1,0,81.04017384559072,92.97415666947889
ATH020,28,Forward,2026-04-14,Recovery,59.65016360163096,2.012892922514427,0.26932961755560514,4.065584746028087,139.49320839739283,169.34948500008218,6.403159742715454,50.52960470010147,0,0,87.85073803524827,77.18741311471653
ATH020,28,Forward,2026-04-15,Training,69.98766792049364,5.664095786397563,0.9589077496482866,7.417243553416587,158.86676542473373,183.19716358075675,7.770061247662252,61.330107835693525,1,1,80.69329683221036,93.26209296236298
ATH020,28,Forward,2026-04-16,Training,69.09233010031828,6.242118281537343,0.8606552406196248,5.365526082442489,147.80038820538044,175.47533412893029,6.336690720172068,68.82100724040227,0,0,85.42815824299016,84.36641010918885
ATH020,28,Forward,2026-04-17,Recovery,44.37646202686885,3.1694416297117827,0.5228125125593339,3.5477184474893266,136.37223830727436,170.0566841060524,6.408600145888501,55.090542907528764,2,0,80.59419450996498,89.90316822229165
ATH020,28,Forward,2026-04-18,Training,91.1655572108309,5.694903156226037,0.6090519784322364,6.959322599052211,159.1783878801928,175.66576518349834,6.908756502848996,58.646250678664885,0,2,88.52221570633056,95.60528491202966
ATH020,28,Forward,2026-04-19,Training,91.40842863986421,6.347165309361918,1.0578495904339893,7.294885551627755,157.48613975067107,175.13948135918744,6.315322753191204,41.78463245985023,0,0,78.22921010499121,71.59402992396546
ATH020,28,Forward,2026-04-20,Training,82.48868078298824,7.633662587409097,0.6319216956532084,7.247906440723432,161.97474066017833,183.48229166888217,7.377937161899303,61.828307468000624,0,0,75.73470687185517,90.29910221833126
ATH020,28,Forward,2026-04-21,Training,56.684998303600715,5.576137914074206,0.9145298157608741,5.272099270615888,147.38900625144572,177.14215336332214,7.181619439436734,62.850119229989694,0,1,85.01464541141887,75.43665749282016
ATH020,28,Forward,2026-04-22,Match,90.71786138215033,7.8368794062068545,0.851853122336091,8.023069601107203,165.4211409405361,193.76225546967262,8.603321466278784,67.88606258380051,0,0,82.10654774494672,85.85222258730155
ATH020,28,Forward,2026-04-24,Training,69.12161495627925,8.724001998050365,1.398463984508987,6.928040878479758,159.86905748248466,187.04245796337588,6.848885184601326,57.33691271581191,0,1,85.14838536499161,90.34466693375414
ATH020,28,Forward,2026-04-25,Training,100.31049795609354,6.450345476551436,0.7607911929409286,5.219050430920424,142.36503278006268,166.4023228506957,5.9705265780157415,54.00918757105968,2,0,83.25533280275076,84.64437168755505
ATH020,28,Forward,2026-04-26,Training,85.55828085536908,5.672906005752536,0.9487830395337135,8.806164002580633,166.66077283064664,194.35725014749445,6.111301556977308,50.21119649041593,0,0,78.75136861472869,74.70630920991805
ATH020,28,Forward,2026-04-27,Training,85.81314825692533,5.721389066221262,0.47580500348934285,7.15205714932351,156.76665764336562,179.89429490501834,6.65456559149025,55.381066367491286,1,1,82.6911960681978,89.32893394809365
ATH020,28,Forward,2026-04-28,Training,59.53902821945698,6.067202565524561,1.0238770645788084,6.6642691559499205,159.6136052001745,175.97463924886574,6.4704241173752886,57.49052728985388,1,1,87.58831833157684,85.3149477530364
ATH020,28,Forward,2026-04-29,Recovery,41.99625763486107,2.6839353587323442,0.2977630805409306,3.8337076989995773,137.56227495476898,149.08176929103513,5.92019770402505,63.35945268160107,2,0,81.97805918205282,88.54146011738708
ATH020,28,Forward,2026-04-30,Training,80.17195362836615,6.058029924132472,0.8626434318338208,8.688409470480316,175.48365261451136,197.83169464831911,6.625568299468698,51.8931903519709,1,0,86.02331025167214,94.52891426262421
ATH020,28,Forward,2026-05-02,Match,87.78692479705546,8.103777288929226,1.1589647886171166,8.307846600555276,167.70922683532027,188.8828350564203,6.392802362924226,44.34227823222395,0,0,77.63549978580087,85.3610996967193
ATH020,28,Forward,2026-05-03,Training,71.82427477871794,7.555408988249307,0.6249278735536853,5.096142562615849,149.05426579892006,176.88142972135648,6.45867986634347,55.35788695178406,0,0,86.11178414879492,83.65661696967908
ATH020,28,Forward,2026-05-04,Match,92.94466316008044,8.802318110377593,1.3364649988758253,8.599930538499846,168.52947772021508,199.4002777813209,6.626714900931877,61.75224430210895,0,1,74.05066560066724,81.5185879263969
ATH020,28,Forward,2026-05-05,Training,55.148783034384294,6.560241677878916,1.0205835096204905,6.758184340265753,160.6061460834146,185.582300223216,8.807271860498672,70.07626979459903,0,0,77.26622121919763,80.71327349406292
ATH020,28,Forward,2026-05-06,Training,70.41401243909728,7.176485620330851,0.8433572267921048,7.461773820222316,155.1103951281206,171.51494409400038,7.296916486523658,58.254096224273624,0,0,78.52645131040958,78.0094626355794
ATH020,28,Forward,2026-05-08,Training,91.65932763294596,6.7919060096344515,0.9725794075987297,7.917726634283043,161.31032874147817,180.05018895105493,6.35587900983338,58.48602418385944,0,0,87.37628309376632,80.16621757082827
ATH020,28,Forward,2026-05-09,Recovery,37.276076531736905,3.039254513038058,0.31902472567798046,4.058545679164844,130.57854167328722,158.17944735316104,7.332152599529177,76.9828409855566,0,0,77.10814164736081,85.64050971112854
ATH020,28,Forward,2026-05-10,Match,96.5445586208333,8.685008907764876,0.8351815083085317,7.932473070876331,159.57241988253483,179.32317559173933,6.927647078724869,63.268472314697256,1,1,80.06122076413021,95.50822788816262
ATH020,28,Forward,2026-05-11,Match,85.92610091966435,8.321054012988878,1.2737647708641677,8.70547001000558,161.4024504308022,191.46309558529202,7.143782418722959,62.31786198800916,1,1,76.67697043460939,93.4810751123768
ATH020,28,Forward,2026-05-12,Training,76.61430887633895,6.754095339960322,0.9899871073597611,6.863386955818516,155.66901776072876,175.72637108918104,7.823799676650493,75.91181156505344,0,0,84.73197035175534,78.61785911238833
ATH020,28,Forward,2026-05-13,Match,88.70641969917912,10.118937103456918,1.5641717530848473,9.191691093712523,158.9871780350549,184.87334336543617,7.290698222175738,51.9155327453325,0,0,74.50485797669239,91.62119350169392
ATH020,28,Forward,2026-05-15,Recovery,53.052359299126245,4.265039038764888,0.4820036609326165,3.5326983724268977,141.02188520925162,170.03447017485692,6.961263507725281,64.68309113974546,1,0,80.20538649694137,90.02878669672955
ATH020,28,Forward,2026-05-16,Match,78.93927929317601,7.676991844961796,1.1909242800997109,9.170361881807768,167.63691283087414,196.64084794478015,8.080602941323438,55.42479652358293,1,0,81.76170550731679,92.01614631366502
ATH020,28,Forward,2026-05-21,Training,88.90078480937322,6.062879393745545,0.5108437433580714,6.371995747503697,158.0745735154803,163.9953520776404,8.18756544440072,80.438874180024,0,0,73.9730129171049,80.15143609129241
ATH020,28,Forward,2026-05-22,Training,92.38225633249908,6.9063667852497925,0.5635320232780967,6.007983268919555,145.61595042315162,172.17962490657948,6.722396734134788,70.02176565563839,0,0,79.71777843999178,77.96672002020915
ATH020,28,Forward,2026-05-23,Training,76.72636052554277,7.290679787631643,1.1515965859315216,6.782387267351499,160.94347560484192,180.06582402407662,7.621572972725877,69.20358836700973,1,0,95.14062867474897,94.79403381131131
ATH020,28,Forward,2026-05-25,Training,72.57784720111674,6.099227979717549,1.0366888756226476,6.481386645916904,158.84728681625572,185.89439142658,7.886770949790716,79.70035001950583,0,0,88.9406193246603,82.65805291781207
ATH020,28,Forward,2026-05-26,Training,63.111095003294324,6.258864897710446,0.6621273804979328,6.997930395855631,152.35032000550964,178.74020916784502,7.166196869600792,75.87660191545048,1,0,77.38964231336341,92.8289358589648
ATH020,28,Forward,2026-05-27,Training,69.69787353699701,5.900893144178592,0.8900144868781523,4.746596465067801,147.6286676795754,180.50776507633498,5.940198274564944,50.70964452269036,0,0,84.6169969941969,78.11223020449026
ATH020,28,Forward,2026-05-28,Recovery,52.13191074932649,2.6703793407407646,0.4051740732701167,3.8590521483836233,127.64584965121516,148.1746324729276,8.153309180773814,86.98260408487754,1,0,74.44971292440414,90.48654147442686
ATH020,28,Forward,2026-05-29,Training,83.12012243002641,7.779447723390726,0.6717627620660253,5.620647894305378,140.85068427640437,171.8446443205074,6.856215673339332,47.61588789227648,1,0,78.21874128317907,83.37665084286468
ATH020,28,Forward,2026-05-30,Recovery,34.899217610588366,2.2695871576569018,0.2268336621604328,4.1247016860337355,136.45489338014835,157.6870234587503,6.838684968512439,60.88265500049974,1,0,82.9593289311492,82.1030927164012
ATH020,28,Forward,2026-05-31,Training,52.88249057541874,5.942429411371376,0.7358464113711254,5.268564688568747,147.10126421673291,169.3861090809897,7.613878212210964,60.36457322273073,0,0,80.74699884093222,71.82536602777743
ATH020,28,Forward,2026-06-02,Recovery,46.41604512940099,3.142906766873722,0.4489036745072389,3.9781306578013305,134.81042262979935,169.8140439397867,7.774235381472238,77.63856471471588,0,0,96.3307574089592,76.86129059127416
ATH020,28,Forward,2026-06-03,Training,82.49377753915047,5.921955642506655,0.574166970588582,6.296547918079329,157.28197117337922,175.92395982863223,7.318082831706243,65.46916240056494,1,0,78.27935600130533,85.98572370604658
ATH020,28,Forward,2026-06-04,Training,64.90490277505829,5.654593985455858,0.7540151746971869,7.282764689920736,163.71646314177838,197.16815554804543,8.12161970459597,67.78258310926037,0,0,77.0461562075372,82.87882592523565
ATH020,28,Forward,2026-06-05,Training,65.30893878098593,8.143353843038732,0.8569313590019015,5.701631367106218,156.3497278041295,185.48116141091978,6.330908939619327,49.587641895030735,0,1,86.19162909214782,84.32295741862829
ATH020,28,Forward,2026-06-06,Training,73.36604020379397,5.2527303048297735,0.5264073746639862,6.548491805367348,150.47587331128057,178.87799775002605,6.410627902833532,55.14663323774472,0,0,84.92036731625817,89.63380110503563
ATH020,28,Forward,2026-06-07,Recovery,47.3949027153327,2.46993967500994,0.27352415803673463,3.3560841061301163,139.14363101451735,164.04636537520878,7.757286020116583,69.6845904168103,0,1,82.75117204982652,82.85857173485216
ATH020,28,Forward,2026-06-08,Match,97.66409991347128,10.213306695022494,1.199090701321558,8.996559079240846,171.2636385388891,196.96608478925714,6.1146789151294705,43.6002795904821,0,0,84.79576072129728,77.65565767435375
ATH020,28,Forward,2026-06-10,Training,68.60260011769304,4.021445700739395,0.4524845983634254,5.63011882864674,150.04110942001228,178.97462306056417,5.873899333422999,43.06138185518762,0,0,88.0526896023808,81.56756723184087
ATH020,28,Forward,2026-06-12,Training,60.20843895398215,5.615047222170087,0.507070176636306,6.451098940416899,159.80322448918056,175.4164284625221,6.892981659667889,60.02200424830655,0,1,84.79916127379823,80.56067479553857
ATH020,28,Forward,2026-06-15,Training,69.81091006248738,7.327610993767861,0.953102990628321,6.576463993392652,160.65838094961543,189.86232987717122,7.512687578457542,69.67298005056763,0,0,80.66717927950842,83.59915113514091
ATH020,28,Forward,2026-06-17,Match,92.28883742296618,8.461227554777011,1.1762962854960282,7.779322802084222,161.32976786610442,191.89364007326597,6.159019954967399,49.37328997710961,0,0,83.70651046839093,76.68609090855296
ATH020,28,Forward,2026-06-18,Training,50.95987226301409,6.497040513446903,0.6597608069129748,6.250980256337127,148.12516137666938,171.32193931035752,6.631036098573557,62.64166129345685,1,0,79.59118471311352,88.58729131950761
ATH020,28,Forward,2026-06-19,Training,55.90341104210287,6.865408957738497,0.5526257807639119,4.610637795292783,141.52582062280928,164.56582879086739,6.670750158836092,68.27379565417448,0,0,65.52505007785044,76.35438318930869
ATH020,28,Forward,2026-06-20,Training,83.61592058215714,5.8286666599903825,0.8975465636916214,6.589501611739047,155.0776768818716,185.672813180748,6.538285387264237,54.89942643493954,0,0,84.01303264741078,86.17886051008003
ATH020,28,Forward,2026-06-22,Match,92.1401232326711,8.74193812828971,1.1192875220338248,7.069253910476679,156.2193850453944,186.1397022876607,7.922911521457314,66.27296171187517,1,0,82.94198794575753,97.02370480445883
ATH020,28,Forward,2026-06-23,Training,73.95597820215808,5.801174816831108,0.5968008236966298,7.830487449112471,157.6612723823288,186.37135592631282,6.233671555534434,58.93110724708231,0,0,85.46850705393707,88.01367104075113
ATH020,28,Forward,2026-06-25,Training,62.57937851336671,7.673493458657066,0.8008689524442262,5.405027589606748,142.13593554285654,170.48303447044051,5.573598031527549,46.35475623821823,0,1,75.05298046766029,80.273941539319
ATH020,28,Forward,2026-06-26,Training,89.20557958065453,6.444472083171176,0.740076349895426,6.41107227600333,159.6866706166139,182.0985217953823,6.450345622463839,56.32203321568773,1,0,79.41698094600389,87.65370024069794
ATH020,28,Forward,2026-06-27,Training,78.6470050712407,8.141147813151262,0.788155561146071,5.526396019154034,145.30707707243567,172.84631050906663,7.933748790000229,81.99001883655873,1,0,75.75414394423477,100.0
ATH020,28,Forward,2026-06-28,Recovery,47.455781893662966,3.178683086058181,0.4375104345581324,2.871495929397264,137.7248133870228,161.5419294004729,6.179773283190771,57.132669742773516,0,1,81.73066217121529,72.59786724550649
ATH020,28,Forward,2026-06-29,Training,66.78215772531634,4.190996020766887,0.5361442171407369,6.687468321600451,156.09617970360765,185.36751279190162,5.464019062292282,44.795671556158155,0,0,77.7464913011038,85.83408275994184
ATH020,28,Forward,2026-06-30,Training,59.56124306867596,5.316102328548629,0.887716701091688,6.822701636075664,153.05667443060923,168.71413418760562,7.889325666832321,66.69298798438385,0,0,79.93856065164346,79.97036694852858
ATH021,27,Defender,2026-01-01,Training,71.24428503269276,7.135037053424542,0.7982297563768783,7.454680797353827,169.28353483391746,198.60309429884316,9.151217696976751,76.61302331403489,0,0,75.01178736617457,84.43456473085388
ATH021,27,Defender,2026-01-02,Training,74.86314858595208,9.219193835972215,0.9865119679860331,8.613045432913616,173.37213776341986,202.30292142411125,7.056803771951218,51.635360187521755,0,0,84.7525099346872,72.26469178150336
ATH021,27,Defender,2026-01-03,Training,95.731863401396,8.408750954773264,0.695938116851615,6.325075918813984,152.372321315667,173.71997884107856,6.74168934697931,50.66071506202052,0,1,82.99892768738965,84.54102672187759
ATH021,27,Defender,2026-01-04,Match,95.76339607165087,9.522465700996145,1.4999170817367469,8.362058712127666,168.44137741045543,197.58340611746198,7.88621325600671,73.96464999325963,0,0,87.04923523651865,88.09350925132134
ATH021,27,Defender,2026-01-06,Match,93.36233475923004,11.677179084644829,1.8488117465926455,8.863303145971416,166.2647203727613,196.657495516809,6.5029112065051695,51.55485207313658,0,0,78.49493923638705,78.87591223288773
ATH021,27,Defender,2026-01-07,Training,79.64888731142312,8.218166299644322,0.8659721187371789,5.788207837918125,142.512837542966,173.71602287133513,8.768789537866411,72.50511285542268,0,0,84.19620495859424,72.6952890813132
ATH021,27,Defender,2026-01-08,Training,82.4431512374081,6.5075249197560785,1.0314387974229242,7.826027630664613,161.98318431780595,177.4820728711871,6.996822844708516,61.70456909543191,0,0,79.9770542169438,83.81849783771956
ATH021,27,Defender,2026-01-10,Training,66.28017751223754,7.765226150210365,1.1958689426102087,7.153154799092351,162.14083100610034,189.71175028856126,6.740855806546302,59.18984084124253,0,0,72.83594405969565,81.29893837468508
ATH021,27,Defender,2026-01-12,Training,79.40037072507664,8.123839401680515,1.2402414322231146,7.0931841988708575,153.21216090972243,175.70836420229972,6.364172390221456,64.16286711056632,0,0,81.73891913005863,73.93785946988669
ATH021,27,Defender,2026-01-13,Training,43.65726010841815,6.681225474632694,0.7545717715122969,7.454567609806252,158.23228931088548,181.89351490046175,6.96266441298192,47.086648074309984,0,0,84.26370148535081,77.26128571048226
ATH021,27,Defender,2026-01-14,Training,74.37899335919242,8.479184367185104,1.4144596150094433,7.7298733754906355,164.15592536218176,185.3758409250511,7.26246377931319,65.50520203920341,0,0,98.0,81.20046314689863
ATH021,27,Defender,2026-01-15,Match,90.50365690607308,10.89930042292778,0.8756719262071074,7.94731743253473,154.1544463841601,171.76465958854462,7.403537625158412,55.119049654556406,1,1,79.23054591410221,95.71532934776234
ATH021,27,Defender,2026-01-16,Training,79.99370465333604,6.260407406795719,0.9768208525837843,7.172371098909375,151.441341685381,177.44368370154132,7.727648518145915,63.79514302168685,0,0,81.26080118760505,77.86963203732466
ATH021,27,Defender,2026-01-17,Recovery,38.02079812921792,3.882803115849234,0.31666916559813774,3.5201704507912157,131.26127132228004,149.32483005872209,6.760546691199566,62.13030151553168,0,0,72.99591871589519,82.54191330706762
ATH021,27,Defender,2026-01-18,Training,73.0297667443326,7.487752423498618,1.1634761060927297,6.020065716989562,149.33897053659192,167.35564780281013,6.645574321931771,61.25672018026121,1,0,86.55330415573266,93.34990790430217
ATH021,27,Defender,2026-01-19,Training,67.91759947073626,8.670395776939724,1.4418497129465688,7.548200310391047,156.68489746728173,169.0547939608872,5.250383798899961,34.649728491907936,0,0,83.80279468985115,77.31982752066811
ATH021,27,Defender,2026-01-21,Training,70.62762593477876,8.640871419624817,0.9515509886592084,7.233370849104213,158.87857751123002,183.00242750997185,7.305090039376106,62.18245438965839,0,0,85.64433232765884,79.93658820236698
ATH021,27,Defender,2026-01-22,Training,50.71281662878202,7.102248523913371,0.8187528615678045,7.293322348892463,158.58589037775698,178.83081054834048,9.032700584242228,87.15576863283074,0,1,85.91926010226567,94.29524047715137
ATH021,27,Defender,2026-01-23,Training,57.004448719620214,9.841381240662757,1.2921341737629792,8.360116056668577,162.66794767402575,185.39874081838423,8.349111888230315,82.5182486603194,0,0,78.90359941167299,85.69163931990772
ATH021,27,Defender,2026-01-24,Training,81.3814650047258,6.46277092263285,0.931336417751678,8.98894249820302,164.27545669486466,189.59117727056838,6.71839108189963,53.239847024505394,0,0,79.16204156112323,90.28703802916687
ATH021,27,Defender,2026-01-25,Training,66.96456232041282,7.916027239643274,1.317276273184086,5.840701445739804,149.76588274549798,171.0432761982039,7.765714353052215,56.968091985097445,0,0,88.0876643739401,86.03171688010423
ATH021,27,Defender,2026-01-26,Training,63.727293445408996,7.394727615530215,1.1828195434056903,5.102275183105834,155.6778673167274,172.8001083878668,6.401071993881095,50.042741429968515,0,0,74.19012552959221,70.05019716044609
ATH021,27,Defender,2026-01-28,Training,74.16044341242565,5.874993654792777,0.9910866283097416,4.695630619166186,150.4229028838672,180.37847293500647,6.578836435587169,58.238062503434804,0,0,76.02821604957344,84.55337020429492
ATH021,27,Defender,2026-01-30,Training,81.6654738313899,10.669913194982337,1.0050464217031658,4.9395318560783235,137.20923359043462,153.76422784320707,8.113954854804392,88.08908562447948,0,0,79.5023642473879,82.40383001697141
ATH021,27,Defender,2026-01-31,Training,67.98845179340465,7.723799727708992,1.1038331402591228,8.166089209935715,161.57137378173906,180.24780001950296,7.171028378891566,56.44344154192382,2,0,87.82469627017548,99.68685396517716
ATH021,27,Defender,2026-02-02,Training,65.04109001811057,7.81166216307545,1.1137480141006366,7.00998575901933,152.62629961426714,184.8144165257176,5.551052448867267,52.142342672959046,1,0,87.51060597826016,93.68328776134055
ATH021,27,Defender,2026-02-03,Training,81.40709935752113,5.514274961075281,0.6329664405059473,6.702381571274638,155.1979516703791,182.7252339175297,7.132882202955561,55.669672757661104,1,0,84.31119407063316,88.79531386685191
ATH021,27,Defender,2026-02-05,Training,72.46384123848696,9.69346037541493,0.8324662508052952,4.996859284013494,144.53632745033735,165.56895875529747,6.501514490178139,54.07070869571783,0,0,81.44553975967206,83.78240156007631
ATH021,27,Defender,2026-02-06,Training,68.10732703400261,6.744746068515322,0.8474098876417894,5.286609214952862,137.57784494175004,162.5529592230792,6.9598766582552365,75.69431376786072,2,0,83.3640132498767,93.38485066367507
ATH021,27,Defender,2026-02-07,Training,95.14147778430225,7.885683547220468,0.873143813453281,6.521302815768362,158.37048874582416,190.03253641765667,8.774082639037541,87.16388365408156,0,1,77.35671507470612,100.0
ATH021,27,Defender,2026-02-08,Match,91.72738971229954,7.564474644638702,1.1641223551517579,6.920532341707876,151.0571921460839,176.054293751009,5.678778984555285,45.094900444082995,0,0,77.0621084212558,73.75847791641807
ATH021,27,Defender,2026-02-09,Training,63.634033621779075,7.714936290898229,1.0092360181156128,7.280866416940281,156.99233515244256,184.38407687713695,5.826879035062836,41.15075795135659,0,1,76.497934591604,76.09222238444946
ATH021,27,Defender,2026-02-11,Training,76.37413978089978,8.067803966334225,1.2372793021556436,8.128772913881207,160.5236540184031,187.0720264668524,8.098759764097794,80.2117558932474,1,0,87.01559940569146,100.0
ATH021,27,Defender,2026-02-12,Recovery,41.617394141443846,3.1176347864504206,0.31935117680604647,3.3299909985777107,123.12099829631721,149.90932381744298,5.926392153011488,61.24956211933502,0,0,92.45432313647386,79.09615465874
ATH021,27,Defender,2026-02-13,Training,80.39673630223659,7.642652867564407,1.1272291432545771,5.920819274306505,145.87268524156292,188.21528141502478,9.427048628457086,98.90205361441726,0,0,88.1059714621129,100.0
ATH021,27,Defender,2026-02-15,Match,92.55812725817395,9.540728665205851,0.9179465917729421,9.726133701129697,167.41881596721922,192.1857961073472,6.437396041374444,49.53102876038286,0,0,79.69123773407476,87.82801528123323
ATH021,27,Defender,2026-02-17,Match,89.82786958771531,8.57242794561284,1.1929352100291033,7.1081683786948,161.38490834063455,185.56122468341493,5.4371634692701845,49.802301973786115,0,1,78.45343980078479,75.88556117792507
ATH021,27,Defender,2026-02-19,Match,85.09785492000299,10.493345841477973,1.103021592942257,6.555274843297116,154.70372536659,173.2652845175494,6.063752938880488,46.90503575597396,0,0,89.30625111663883,81.11795656717224
ATH021,27,Defender,2026-02-22,Training,71.67013294433939,7.336123196499777,0.9161744177912595,7.031665562824835,161.61574331667137,183.6134704410424,8.17607221949437,69.95903269864291,0,0,86.84374617203622,83.20871450639234
ATH021,27,Defender,2026-02-23,Training,71.96526796752177,8.797285134048057,1.2941954019411428,5.799029589589266,149.45176755061402,164.98960426840958,6.025752293669165,63.84523658459018,0,0,83.00184321561296,80.22489963390689
ATH021,27,Defender,2026-02-25,Training,55.176018655310095,7.922257755439272,0.8509424564719559,7.01379797459398,156.39948039569566,173.26650660654073,8.895449839777456,90.7139308622707,0,0,79.99992687049567,90.91256613979134
ATH021,27,Defender,2026-02-26,Training,66.19425904160421,6.512800147212445,0.93091539626546,5.5917860960138865,154.59804467743479,181.73946387239977,5.510975297085027,53.498508304280335,2,1,76.3398644459674,83.53011463061222
ATH021,27,Defender,2026-02-27,Match,82.67595225937355,10.688290823251753,1.5009644918070937,8.19176765522442,164.40107498723248,191.58199301677075,6.829995530623168,61.613767668767,0,0,84.96170095349032,80.46142312879796
ATH021,27,Defender,2026-03-02,Training,77.33334262809745,5.920129297641014,0.9220729911370615,8.107792793242798,158.39485334286482,184.51675661790273,8.063517722757176,60.78600446247286,0,0,77.18485998922472,77.78442044840307
ATH021,27,Defender,2026-03-03,Training,86.11306736604011,10.59837387426129,1.2561726137401301,5.982608609224296,167.9304846160419,187.21556773469447,7.578114791304742,75.9430097696081,0,1,88.28824643357342,83.76397282664581
ATH021,27,Defender,2026-03-05,Training,52.288089121485854,6.13355579022417,0.8474808872506089,6.835160685703819,155.4552049623796,185.02426781766536,7.038998361716122,69.19448882209295,0,0,78.10567214859987,86.07140368353194
ATH021,27,Defender,2026-03-06,Match,81.2997863320137,8.347950381497173,0.7029141085561671,8.326187462435781,160.79730834274253,184.12720091665278,8.087689898687785,66.36530842268795,0,0,90.63837181670735,87.87540122045456
ATH021,27,Defender,2026-03-10,Training,83.97857243644981,6.635217270329719,0.9181659141112267,7.969005661911993,165.50257484444055,186.0303151350895,6.9635206172522865,50.306562397954536,0,1,78.04875471291852,84.2986381587015
ATH021,27,Defender,2026-03-11,Match,80.49910161028794,9.007472687773744,0.7796308968055495,8.19844714047677,159.27806341022884,190.28923695580156,5.873279964752215,51.13320746420848,0,1,81.16568269655447,82.47309717231644
ATH021,27,Defender,2026-03-13,Match,91.69516918641102,11.188945180886826,1.2872040282569412,8.135612733595726,171.27074295958084,199.9985387652638,6.665545872098843,58.12435690841715,0,0,82.02332747895521,86.73796787877741
ATH021,27,Defender,2026-03-14,Training,72.04053876795282,7.93692073185152,0.7163115730272126,6.875510350887755,156.0437412522186,175.21084381167628,7.897103041531676,58.085637280429566,1,0,71.80217265347041,80.82913165593672
ATH021,27,Defender,2026-03-15,Match,88.05237429681452,9.599332732990742,1.2108648079159887,8.452828351218939,167.77587979067994,187.6090071559192,8.365702995846506,82.06541241294715,0,0,85.9978121385873,90.45491321914231
ATH021,27,Defender,2026-03-16,Training,69.8672368335348,8.705129633841299,1.0879643666657104,6.860050768948026,154.09377322601105,176.16803200991458,7.702115921490643,76.46854966431611,0,1,79.6112125383915,96.72507789005942
ATH021,27,Defender,2026-03-17,Match,90.48242655149213,10.242330963429326,0.9424544979183688,8.384276602813527,159.61677283744118,189.35320532561286,6.760029453128504,46.93291782943743,0,0,85.52464530421094,81.08289038579044
ATH021,27,Defender,2026-03-18,Training,75.1001871948975,8.727364551979825,0.8738292040242467,7.1551865551408085,154.40025782910215,174.6170843512,6.069738546326526,61.32837099206449,0,0,71.18065975817544,78.40551775040106
ATH021,27,Defender,2026-03-19,Match,89.83727897172368,10.147735773062578,0.9696917561066459,8.304362052845974,158.4447176582033,180.5513261874763,5.9216578350981095,44.12750984356207,0,0,82.97454732728801,88.20198002299334
ATH021,27,Defender,2026-03-20,Recovery,35.13082658024413,2.862132463244844,0.2603854328368352,3.2551365831587185,132.57143476240643,145.0723422140869,6.58772931249323,57.339354032303724,0,0,79.48240541165848,77.31607235079382
ATH021,27,Defender,2026-03-21,Training,67.76816155702818,7.418943710517798,1.2426742245696643,5.25188983908213,139.81789054523173,158.73452711213798,5.484439097461543,49.922330254930635,0,1,79.31912527062914,81.65994769317878
ATH021,27,Defender,2026-03-22,Training,65.76623106665609,9.053100228507786,1.234132373416652,9.660702113436207,167.7800787989682,182.77134612767338,8.020009079982607,71.48576052888421,0,0,79.77546609739267,78.35423555118878
ATH021,27,Defender,2026-03-23,Training,78.77634661630516,10.264484313595357,0.9731247687371329,6.783215037161374,155.68044489818757,186.09432496079404,6.539688920493851,64.39076512043812,1,0,83.70477565635336,92.38703032622733
ATH021,27,Defender,2026-03-24,Recovery,36.64955724387669,3.294074538777173,0.36595811999288697,2.8953188485925883,135.36983889310827,156.4945740617393,6.615779324628829,60.0751861857272,0,0,79.74081202307411,75.94669348894044
ATH021,27,Defender,2026-03-25,Recovery,39.35640532281367,2.978917091355578,0.26201489013568596,2.6379678671587907,127.3913468499875,155.11237562068575,7.184704925777402,76.4441770894561,0,0,79.11375070358103,73.12694099559684
ATH021,27,Defender,2026-03-26,Match,99.55516781330296,10.519577152418947,1.1973088488164836,7.9381883809823055,165.865872310981,181.74608791763228,8.27070471005633,59.04709066600241,0,0,92.87324459171818,77.99349652425144
ATH021,27,Defender,2026-03-29,Recovery,44.87211029881566,2.5478844266416636,0.29789130767071564,3.2149432160891567,134.76449024562694,160.2739264931066,6.93791993679815,79.43553718953865,0,0,87.07743117842367,72.6476616893851
ATH021,27,Defender,2026-03-31,Match,97.43872030559322,9.276023520846255,1.2553264555675936,9.371177031509054,175.15484710080133,196.0635870118477,6.602821076505718,42.34971210720697,0,0,86.55347992007205,85.29840240692408
ATH021,27,Defender,2026-04-01,Training,78.90966215477029,6.859980373722247,1.0959067919912766,8.061292999220697,164.07971251369517,184.57785220078304,6.858950475503535,52.30275932849115,1,0,81.95059989109284,89.5738807764097
ATH021,27,Defender,2026-04-02,Training,88.31340104308721,7.742714558604408,1.1053963796578312,6.301933026585697,149.10181411854558,163.1204222943401,7.51199765401582,65.98884143636602,0,0,88.68745264180528,81.67149296470826
ATH021,27,Defender,2026-04-03,Training,69.73857115737484,7.762792735861079,1.1851517294841067,6.882385800381237,154.67520633656616,177.2330196014177,5.877061567558689,53.125660865905346,1,0,76.6126462908779,80.60135766874316
ATH021,27,Defender,2026-04-04,Training,85.18100739660765,7.6790121987274,0.8927488259692206,6.829858470488176,170.28252713771604,196.05089645599867,7.898991521260253,56.59229189821334,0,1,87.9287587329257,85.06914226947077
ATH021,27,Defender,2026-04-05,Training,90.30944776824786,5.500137766738212,0.5165477018511517,7.314052653379374,154.7332364698072,178.3242130687036,7.699872000115299,67.334434134803,0,0,91.61539055598948,92.03518113269631
ATH021,27,Defender,2026-04-06,Training,75.1748244334729,7.462776433111529,0.7885039504462512,8.559422106030135,164.3427842853588,194.59541258171924,8.00502385192632,76.00488403452299,0,0,81.57066476713268,77.83389629653306
ATH021,27,Defender,2026-04-07,Training,91.65463010756785,7.662150311483135,0.6229940268239649,5.51053846061277,141.93485157676628,162.1468403027014,7.078372835538619,67.10672976081152,0,0,79.90392337412908,91.28137984273394
ATH021,27,Defender,2026-04-08,Training,85.25739480434073,8.509506491941899,0.9313180032087144,6.228901123404111,157.40057673333655,188.5280805936908,5.545135562665764,52.994463601189494,0,0,82.90952106597295,73.19080343125378
ATH021,27,Defender,2026-04-11,Training,73.21546811435053,6.461279911619623,0.8912834037740355,6.8425419946671004,152.07862849280204,179.1542587051849,6.331090721783228,56.095243234129704,0,0,84.79617757300967,82.95582675686902
ATH021,27,Defender,2026-04-12,Match,98.68715197993677,8.833158184153577,0.8606678596222544,7.977686395575432,167.88634864495248,185.42424622834267,8.288227500659996,92.0825877654587,0,1,85.12282348535939,93.72170891260747
ATH021,27,Defender,2026-04-13,Training,96.62629929792656,4.964020159135128,0.45106102274846854,7.085006362853622,148.3448590053632,165.98681931516052,8.5969336427588,82.60507515347541,1,0,86.62905470535503,88.79238183073888
ATH021,27,Defender,2026-04-14,Training,57.15754662826344,8.761028523306054,1.232998103319959,5.631041657355222,148.6145258551746,182.610055249232,7.785249181021941,65.07938582767508,0,0,88.22951057341128,81.9970213208259
ATH021,27,Defender,2026-04-15,Training,60.87938285679689,8.490892504829647,1.1301628697833668,6.36026860398889,150.89894217416276,170.36037691745074,7.496079453195664,69.77536089139721,0,0,88.93802901574867,89.1956214660631
ATH021,27,Defender,2026-04-17,Training,72.22713490788443,5.693919246276827,0.9295787285536111,6.344871641041462,150.76262145392968,181.59781880221144,6.8766804902730145,67.29961218768526,0,0,78.89035899569883,74.09441273322967
ATH021,27,Defender,2026-04-18,Training,74.11101578846693,7.756289171136495,1.2738612810569288,7.4954367054299045,163.90096829836983,191.37714099724064,5.991074878302431,41.65383026104533,0,0,78.18809924400321,69.38593230614025
ATH021,27,Defender,2026-04-19,Training,68.65953676766007,8.578612560476529,0.6894257049673217,5.216245561926723,143.24576888371638,169.23926166068108,7.048775573578439,72.71197483081741,1,0,86.31613378126909,98.8638943893856
ATH021,27,Defender,2026-04-20,Training,62.64972734935053,5.312134161073763,0.568009683047914,6.353004208293207,142.41284266444958,160.32897876026612,7.088140758490546,68.86075116661559,0,0,81.566107321186,81.89091477536888
ATH021,27,Defender,2026-04-21,Match,93.64466815777206,10.282530157846294,1.701801751139754,8.662359306499,174.66866290828003,198.3702095318936,7.265906986190033,68.49109378412679,0,0,67.89206540121968,78.18208873097849
ATH021,27,Defender,2026-04-22,Training,75.83759501510217,8.801621555247296,0.7934598587040143,7.17543058422955,164.50024534662128,184.6109105181572,7.797385338839549,55.398279572206064,1,0,92.2694910589114,89.44809893180248
ATH021,27,Defender,2026-04-23,Training,87.89967290039235,7.6176109353059,0.810022734441735,5.128868963142696,153.82155022368917,179.19647685477753,7.802802218311044,70.78537146146368,0,0,93.65489448860055,82.1768856460867
ATH021,27,Defender,2026-04-24,Training,88.04494604470999,4.933175019023398,0.4659504331456104,6.465411479782849,155.91638075261858,173.33029155860075,5.766803627201724,58.05164307698253,0,0,77.92362552754948,80.34972990623625
ATH021,27,Defender,2026-04-25,Training,71.15835540535406,6.48453740484471,0.6907981195981562,6.180056803872873,151.37553141860886,175.1969698097045,6.726050856696516,71.5737809517893,0,0,83.38236468095317,72.9208320476276
ATH021,27,Defender,2026-04-27,Match,94.80897676136162,9.755613122259486,1.3509526564337617,8.61562799553344,162.31379530983983,193.98304604215133,6.6227494091905,43.687971296113396,0,0,93.52148000059012,82.6823717147167
ATH021,27,Defender,2026-04-28,Training,70.84448115187168,8.137196470675057,1.0180072319240652,4.8940012378636935,145.78602386020737,169.49148566780218,5.736380947642358,33.48941421569252,0,0,83.89338380436779,70.358015843883
ATH021,27,Defender,2026-05-02,Training,70.33224445842939,8.248029518597297,0.8400159004342768,6.665156297239229,162.33914058219995,197.72946322126037,6.854173906221441,64.35591733446995,0,0,86.33736495459499,76.88015785400661
ATH021,27,Defender,2026-05-04,Training,82.21470270642942,8.345078297363536,0.8604253585001262,4.4737848643429725,151.73344020609085,176.0093952328548,7.830046004348475,77.87046763160536,1,0,81.73531844424365,88.4790560732828
ATH021,27,Defender,2026-05-05,Recovery,54.81194076661724,2.497477254212887,0.341679448006643,3.758311038096961,141.1432292646322,171.0175179985282,7.017054287531447,64.95110256818606,0,1,79.05293548181577,91.14081406998679
ATH021,27,Defender,2026-05-07,Training,76.00024021656994,4.9412455072583885,0.4693256514669724,8.43791826695838,170.53042544861458,192.42632021898447,6.343803672066868,60.68543059908386,0,1,81.23543334330823,86.04057652794474
ATH021,27,Defender,2026-05-08,Training,73.12634343247312,6.778814819686319,0.6656861034644801,3.9409902804434096,129.75508432759716,162.89057144522488,7.551875853340355,69.3861847432467,0,0,71.38735120675254,77.95600528497904
ATH021,27,Defender,2026-05-10,Training,73.10734225701621,7.605765165982621,1.2125286006145692,5.360644099486965,157.23668499697942,181.38652161017478,7.21728046866827,62.69656981876417,0,0,82.84550690520537,86.28808835133792
ATH021,27,Defender,2026-05-11,Training,67.51601028479237,7.545988617524634,0.964372501840118,5.527054142133881,150.35121306405838,169.56189155581217,5.654246793984512,55.572806653244015,0,0,90.61981793073353,81.17208197226088
ATH021,27,Defender,2026-05-12,Training,61.75130085494925,9.598502225377239,1.0800312464960624,4.866019528353492,154.1952314263899,188.93693243160712,8.389883204118311,61.03292548796928,0,0,90.77616404377494,76.51979487707676
ATH021,27,Defender,2026-05-13,Training,83.39448701705531,7.1227948105059,0.7271385613826228,5.874040124966755,146.26326035441653,176.22421795232168,7.530851008298968,81.96158391748608,0,0,82.62638480635275,90.2660456363711
ATH021,27,Defender,2026-05-14,Training,76.79804604292883,7.874235731975927,0.9055166676756651,7.743556874305764,164.80878163647438,199.42500534058246,8.313679390691844,82.57940252108173,0,0,86.45374902846734,83.55363546463944
ATH021,27,Defender,2026-05-15,Training,59.235090885843064,7.8674450392511455,0.8811048080137006,5.162714765256993,146.53054452179867,174.82702697851983,8.179652419842396,76.50238676058109,0,1,89.05787181918382,92.83262266387702
ATH021,27,Defender,2026-05-16,Match,93.38780691366696,12.358444415897026,1.4281463541708248,7.108048853704024,154.6856509036915,179.54223401621906,7.983128392145174,66.53008255448341,0,0,98.0,86.50810568138654
ATH021,27,Defender,2026-05-17,Training,71.11763287635668,8.315470988290468,1.3478194040160516,7.432341943955554,148.54416477105235,176.3097316652195,9.018260597319506,77.44027349330483,0,0,78.66245330365466,85.38097959008243
ATH021,27,Defender,2026-05-19,Training,64.42034425414975,8.74297783579226,0.7762752826342841,5.871117718319797,143.6016118201904,169.47940268911952,6.923004580733627,53.02602939400934,0,0,80.39856993475465,84.36506779658646
ATH021,27,Defender,2026-05-20,Training,55.28554729300279,7.398508723182039,0.7244505880660951,5.395252204756725,142.81091480713545,163.26268670067768,7.925129102079044,73.51315724863575,0,0,75.79540443694299,84.01653738222139
ATH021,27,Defender,2026-05-21,Training,79.28025583078417,8.452093124014581,1.4015185854449044,7.144918982114215,156.45903548925472,183.00352154422788,4.844239254478643,30.48641562895343,0,0,78.13071499153045,74.61529859333375
ATH021,27,Defender,2026-05-22,Training,94.07322395255959,10.083081900701496,1.0248751390183422,7.273645695361908,151.68382705310015,180.73103935814095,6.965450244285114,75.13951143681524,0,0,82.85730466879752,81.75523666403784
ATH021,27,Defender,2026-05-23,Training,58.86133396532507,8.05903717843882,1.148234453156346,6.931992984798189,161.43081623304764,182.02890928408965,6.335456574179167,54.12114971563305,0,0,87.39371475336803,86.15000759719848
ATH021,27,Defender,2026-05-25,Training,72.03942720595074,4.714559087070869,0.5570776485714315,7.932479651796977,165.51163759540555,199.65215310495472,7.617455385055196,58.04920467517539,0,0,88.87865388229345,71.59842458376764
ATH021,27,Defender,2026-05-28,Training,55.46501771907581,7.199832206036273,0.8672281293814909,6.174970398822628,156.19441783927192,176.7094282391425,6.782167089464337,70.55429220014668,0,0,92.52005480317612,84.11826478534613
ATH021,27,Defender,2026-05-29,Training,81.57833352593455,5.895281076283225,0.769935466638453,6.089272190029188,149.28579382248782,178.8460536662375,6.992305143979453,70.2383114337216,0,0,80.1097660553054,84.81990587494892
ATH021,27,Defender,2026-05-31,Recovery,45.74595739090452,2.407837305214037,0.20582253911672055,3.500394548337803,137.30460640284932,160.28373105679356,5.921394020738048,61.079157401055106,0,0,72.8178006240652,76.89340970664034
ATH021,27,Defender,2026-06-01,Recovery,44.35739371265889,2.5002459707879487,0.39877465118973504,2.7033797869256375,124.62974201359864,165.72539989085277,7.2651660617924465,77.9851300979759,0,0,75.63130589107293,80.79213437755007
ATH021,27,Defender,2026-06-02,Training,90.6319388181975,8.214548440338811,0.9543730406925891,5.55638776587143,156.76928068090623,188.87631298208018,8.106101925892036,78.53417916915276,0,0,85.04774435974184,90.06187581114995
ATH021,27,Defender,2026-06-03,Training,71.8549190195388,7.8422517940602905,1.0263679840310478,5.446372086154435,155.613224567118,182.54240412097803,7.495862669368309,69.97362159944429,0,0,76.98716460913286,85.48272954352076
ATH021,27,Defender,2026-06-04,Training,87.71166797314042,7.451329809599724,1.2533690866923768,5.547146161141999,150.4437557945837,172.59650035824095,6.777702977128224,70.4796395584576,0,0,76.90694561084983,73.36623205363748
ATH021,27,Defender,2026-06-05,Training,76.28432023606186,6.475849589774535,0.6543208222432382,7.240958356619502,156.53721568862028,180.728868873924,6.669211514094128,73.27171979787349,0,0,75.14955165998548,89.41479758695293
ATH021,27,Defender,2026-06-06,Training,83.73282813997052,8.406981175481949,1.051587094249977,5.579692565096922,150.5164490891248,179.1583189649902,6.666051008831482,58.08587164649893,0,0,74.38967593391652,73.17708893209776
ATH021,27,Defender,2026-06-07,Match,88.31812832816603,10.298936893797476,1.1359843783746082,9.146317082898634,171.30072065733884,184.53059842020036,9.320303607740467,73.51175313279053,1,1,81.79607111758092,100.0
ATH021,27,Defender,2026-06-08,Training,89.71657128477295,7.420726744026689,1.249743099901294,5.596964291171296,145.21532495169845,172.3480862920914,8.369425528217448,75.33522339958795,0,0,77.76223955020407,89.62818678651101
ATH021,27,Defender,2026-06-10,Training,70.30911972881793,7.582954185312505,0.8830083430689216,6.845643234225439,156.2624804658707,166.23216625846615,7.04050259142127,59.03830726871853,0,0,84.95821371363101,78.68414160945373
ATH021,27,Defender,2026-06-11,Training,94.76479288885129,9.112190851973562,1.544082970398148,6.54514761609054,158.68111785015796,193.2926824036695,7.721132454871953,71.49130900694767,1,0,70.8525185494268,93.2898295794325
ATH021,27,Defender,2026-06-12,Match,89.95255014779589,10.759188961472278,1.5577029855018543,7.870478949255218,161.093269508425,187.36749764769093,8.102312718192982,69.36525561874231,0,0,77.11706556953142,84.88039914236631
ATH021,27,Defender,2026-06-13,Training,57.164356602742025,7.354350173294782,0.7083985525202889,5.428526641447488,152.44247421235306,186.46307275516972,7.690147359281374,72.2603090976724,0,0,93.69877889527665,75.57095759361903
ATH021,27,Defender,2026-06-14,Training,47.13900873575605,7.032822942708263,0.6201596492000141,5.620236833799385,150.7029624215991,168.99378586137902,5.902465810038832,60.50370214612856,0,0,79.9361472192676,70.49324433930359
ATH021,27,Defender,2026-06-15,Match,94.72325232421066,11.103833404807586,0.9689562434628507,7.629105358329412,162.14649541512514,185.0819994634117,6.338944647654354,60.229446569393346,0,2,81.11472740176004,93.79978721883109
ATH021,27,Defender,2026-06-16,Match,93.1709562329209,10.410211899797494,1.5807738431173175,7.664526220000592,157.70748933989498,182.64256488250462,7.618473029226944,70.77956386927448,0,0,77.07573389659974,74.11266675054625
ATH021,27,Defender,2026-06-17,Training,69.96003614505717,8.305370204677757,0.6719899591571943,5.419302259212424,150.96601423066122,181.9158536650196,7.023305950988658,63.70989832151992,0,0,73.9652385740666,85.31058197558372
ATH021,27,Defender,2026-06-18,Training,93.4028457970658,9.48944410641706,1.156991481189022,5.250158918271236,153.04764964246309,171.4017555301524,7.546562462296001,79.96993216355196,0,0,88.08868587648116,88.98636818749021
ATH021,27,Defender,2026-06-19,Match,96.80388650379425,9.500046286693905,1.4826478920373865,6.876119112669776,147.76042070345628,176.07213880254446,5.518681158000109,39.759354541608886,0,1,84.3799483519804,79.31008110981402
ATH021,27,Defender,2026-06-21,Recovery,48.36298472916363,2.9021638596537973,0.42751754810747855,2.2140810243123803,132.1058547933365,158.64616872593157,6.449067494366944,79.5533436415798,0,0,83.82706726069823,82.09562055216308
ATH021,27,Defender,2026-06-22,Recovery,51.320753845217496,3.770952091829554,0.37143308986319507,3.8980860021263712,132.26485744680622,158.0552707273158,6.455658953089107,57.05083159414727,0,0,83.28811099191887,79.84409255691357
ATH021,27,Defender,2026-06-23,Training,54.875273369507326,7.291335275890261,1.0120458413044409,5.271308556296891,151.51498333757073,173.46484821408438,6.4044319827192275,67.5773039068425,0,0,87.45602840404653,88.23729356619239
ATH021,27,Defender,2026-06-24,Training,62.19860440305503,8.642035366682325,0.8652259324687578,7.947996958036796,165.96826251530447,186.1663114002697,5.645718750414999,50.80687300057708,0,0,77.68781962892692,82.76110784843407
ATH021,27,Defender,2026-06-25,Match,95.48863862650599,11.419473677593226,1.1647789915232851,8.655479132422206,175.3517096721961,204.79538760734954,6.423423820791921,40.95737577225245,1,0,80.17013164230093,82.83694102556531
ATH021,27,Defender,2026-06-26,Training,92.62118071589614,7.137501905447059,1.1200316957477872,7.1409985532687115,157.5140188857969,177.05076257099807,7.857742706629941,72.08688717723811,0,0,81.700925503402,82.45510867528404
ATH021,27,Defender,2026-06-27,Training,84.50529667591935,9.30746248688124,1.392190539665037,6.146255316996329,152.22106160438273,171.06847275523938,7.044269363220966,60.93908569695317,0,1,81.17231820923621,89.13758231013335
ATH021,27,Defender,2026-06-28,Training,90.91144817941739,8.417177630829427,0.9233246586297709,7.276404867945377,163.63329233589653,181.52252899467277,5.911977751860627,46.43002726632892,0,0,79.5993050999417,80.78932293441872
ATH021,27,Defender,2026-06-29,Training,74.0366131837127,6.489511811411918,0.707536619864817,8.607685407708662,174.0344533731354,194.3844322889747,7.871843593502046,70.91277857971667,0,0,86.16550774922763,85.29913371320933
ATH021,27,Defender,2026-06-30,Training,65.62876540292226,7.654623008064246,1.2209556803224124,7.66957310550684,158.85107896872688,185.36932190936994,7.074071878930995,56.95504593764993,0,0,75.62173859444499,82.8267015736948
ATH022,25,Goalkeeper,2026-01-01,Training,49.03881254646302,6.87662024509396,1.049295966550934,6.9465247695904235,153.4610298254638,181.2717894363739,7.516544176689656,66.82405428628003,0,0,76.74982225710676,80.61756896850542
ATH022,25,Goalkeeper,2026-01-02,Training,44.00862023465165,8.260014930393266,1.3977207604279847,5.755206998921768,147.53145397097455,181.50353361509372,7.5742621267640375,76.0643560232568,0,1,79.93060820625406,81.94064873049632
ATH022,25,Goalkeeper,2026-01-04,Training,87.25198295946217,7.0854646489850825,0.9301006517080903,7.05302766169554,160.6464855503373,182.87961608787066,6.58189546606777,59.83002318032355,2,0,74.47506960398329,100.0
ATH022,25,Goalkeeper,2026-01-08,Training,62.180872203436664,4.110760516025168,0.6271284440915235,6.711352925618469,151.9304414316723,187.4789808973102,6.510178715876981,74.70196845166035,0,0,77.90552097897489,80.23551252327219
ATH022,25,Goalkeeper,2026-01-09,Recovery,47.96991137709991,1.975972493915205,0.2706835088729082,2.92381752832876,141.9386633988354,155.54044188269788,7.481392637330347,67.8512737965088,0,0,90.07615643997508,80.59675821472753
ATH022,25,Goalkeeper,2026-01-10,Training,79.65450057481577,6.390185873965728,1.0663374222071442,6.9503579939853255,156.84907715244225,184.52363941576576,7.263774095099921,58.41956966163658,0,0,74.5887523815756,80.43485677469793
ATH022,25,Goalkeeper,2026-01-11,Training,82.43680514721646,7.353780789916637,0.8575314526044276,8.10744277159772,165.92267229728216,182.26875460331007,5.337238984522626,29.819158139927694,1,0,83.64395996558574,89.86537843461973
ATH022,25,Goalkeeper,2026-01-12,Training,96.5250464920838,4.412056581834864,0.6628761396826486,5.760689873753442,145.95836870939323,172.20216108096488,6.576325174838524,45.45792147869927,1,0,78.34590256076378,88.93243245174975
ATH022,25,Goalkeeper,2026-01-14,Training,80.9657200922121,6.859501580306901,0.909947744103139,6.048967166164211,149.1460758363106,181.66356739266286,7.756719837495665,71.5109679312729,0,0,82.00376074681886,77.96895602453834
ATH022,25,Goalkeeper,2026-01-16,Training,81.2396232886499,7.579244646470761,1.1755364918822409,6.184498560051012,152.68918200195995,188.50835043140967,6.058440505198297,61.63626093550712,0,0,86.8088015702624,86.89420647388222
ATH022,25,Goalkeeper,2026-01-17,Training,81.64864562092751,7.668700814291484,0.8506084733734186,7.033230486764506,160.01208727021066,185.229354056256,6.378387264314668,59.7559903265598,0,0,84.41026035997051,87.22066053139726
ATH022,25,Goalkeeper,2026-01-19,Training,60.97180339662982,7.902490367220654,0.8487535665592847,7.382621801829113,163.96475939628954,181.8728487406434,5.494359197377954,38.26735635148812,0,0,88.52550571156046,75.11636737024335
ATH022,25,Goalkeeper,2026-01-20,Training,57.1437933726326,6.5448670106764215,0.6729335904681876,6.950782775022847,166.36689024712567,192.18600869717667,7.34177099866378,81.4692860335303,0,0,89.37625603301639,82.81887724589599
ATH022,25,Goalkeeper,2026-01-22,Training,84.2529964414912,6.039689943972096,0.559788870644117,7.273685518650418,151.39698621113592,167.84195456394968,6.352281346365048,52.26560205792117,1,0,81.15928556978578,89.48802928954238
ATH022,25,Goalkeeper,2026-01-23,Training,83.1261030426129,6.466677539607177,0.8897550216744776,7.652819616463139,157.03608960184167,180.1964171351071,7.972768587475056,77.18216828323732,0,1,73.3645746434808,89.74868453165648
ATH022,25,Goalkeeper,2026-01-24,Match,81.074755752406,10.940559921412584,1.0814911394063678,6.947099895462751,153.60501939111265,175.61043793246967,7.205089199516364,66.61612108326418,0,0,84.9267391756864,82.64997105023195
ATH022,25,Goalkeeper,2026-01-26,Match,100.27716260335784,11.15813684100004,1.8069300406878552,8.376747556122456,167.73064486923698,205.0,6.435421256260896,49.066931671793675,0,0,79.2209266264132,75.40908649518593
ATH022,25,Goalkeeper,2026-01-27,Training,90.09091339987191,8.497483619291348,1.0429216705358395,7.540560093303047,173.51847596420697,202.99276947974943,5.991593675587433,41.15282844432969,0,0,86.78537564211163,74.89857855145893
ATH022,25,Goalkeeper,2026-01-28,Training,77.81571427693545,6.078547078565218,0.7897041572342953,5.513744356491929,156.2905062893545,177.90876532992405,6.187858778682873,53.0370387774547,0,0,78.56146309656337,77.62204616780775
ATH022,25,Goalkeeper,2026-01-29,Training,86.36974345741937,7.651422625596195,1.2138918862329973,7.426642249016907,162.3918833145152,187.31584421820423,6.395391738926237,51.287461072629696,0,0,76.19993305231876,81.22280143806302
ATH022,25,Goalkeeper,2026-01-31,Training,68.71201517071354,6.136410645516998,0.6769891524772431,6.9903365327472216,157.57140324074442,185.33810461864238,5.205507810751084,41.549533747166606,0,0,71.51836106253143,81.65939186695206
ATH022,25,Goalkeeper,2026-02-02,Training,74.90499726727887,7.808855549870259,0.7456917386783167,5.977922332142413,150.11738954503917,175.27583452923685,6.712863112496964,66.33996436433706,0,0,80.29089803184372,74.30751748998489
ATH022,25,Goalkeeper,2026-02-04,Training,47.7984842453248,6.222936558374521,0.8634346977909079,6.502577338519808,153.13476916119475,174.97727470972433,8.076523167315992,76.32359437092002,1,0,83.9085734659974,94.72952578338628
ATH022,25,Goalkeeper,2026-02-05,Training,78.10148908008055,6.771350975603385,1.0149112004549465,7.804034733046951,163.25266055913374,178.29426315685907,8.699721639414422,79.61843125456922,0,0,81.45815766330936,82.4368106574329
ATH022,25,Goalkeeper,2026-02-06,Recovery,38.24189961333445,1.3403465238238368,0.1730626104687697,4.263466878533315,146.80449639063187,173.7448883073843,7.002566621923473,67.54262341535551,1,1,91.59860935029326,87.12122720724464
ATH022,25,Goalkeeper,2026-02-08,Training,58.84227870256706,6.1537272492457005,0.987418045131587,5.097538506366856,150.43405485590154,188.73470136212913,8.226405958457159,74.75700640612713,0,0,83.66489801071761,85.73564044168623
ATH022,25,Goalkeeper,2026-02-10,Training,69.97529073855472,6.744487373705372,0.9552910641461732,7.8556679752601895,160.50038402471907,180.8621596575855,8.295630587956166,73.32493468142124,0,0,90.73109744613433,88.54789566137997
ATH022,25,Goalkeeper,2026-02-11,Recovery,45.12127789650062,3.0081534662439875,0.26717298092566905,3.278172760454789,129.11476392795407,159.00335240536424,7.930979391840123,96.08098700931038,0,0,82.04310564345072,87.63145120332588
ATH022,25,Goalkeeper,2026-02-12,Training,73.46715997058658,7.622171300520119,0.617197654832965,7.756231599613196,159.75580292401204,179.25785757178414,6.251537486307603,54.38390673174804,0,0,71.1293711128398,88.15886661920362
ATH022,25,Goalkeeper,2026-02-14,Training,85.85498711110851,6.81811096313336,0.6142725706745433,8.2278116808051,168.58206013510255,186.1161683610716,8.37135914338877,78.53547276258567,0,0,85.73712666163179,79.82345110337074
ATH022,25,Goalkeeper,2026-02-15,Training,73.73310823825302,8.09173307321469,1.1419573831073466,5.204058958427641,151.87034849092694,181.16391877554602,7.439509281653895,61.62970744620188,1,1,77.77416074800888,93.40020845712895
ATH022,25,Goalkeeper,2026-02-16,Training,68.93410099507983,8.15663967025022,0.9906785921842316,7.00249032861798,159.08514458547813,185.38884608666535,8.172970320662385,84.50176942234958,1,0,87.43181293844057,96.7730385193673
ATH022,25,Goalkeeper,2026-02-18,Training,57.112420975600244,8.381740733330169,0.8750155566562483,7.35782554927417,159.51019958752414,187.882518139113,6.0831442418114445,61.77772386620653,1,0,82.60124374417464,84.6223079446151
ATH022,25,Goalkeeper,2026-02-19,Training,63.270088891723475,7.181299989422155,0.8630419422735868,5.96387978354858,155.57002988068547,168.70052190686891,7.739072167578013,84.06292945626437,0,0,75.04112146743782,92.02547835932744
ATH022,25,Goalkeeper,2026-02-20,Training,74.64729268618495,5.632550792991235,0.8005054850368792,6.147746379705966,151.4698631284206,167.64637767409948,8.318167625213285,78.80880065633299,0,2,78.3491541807673,90.87946007724045
ATH022,25,Goalkeeper,2026-02-21,Training,65.17529755216522,7.632710418310311,1.0441914799761023,6.720722383526821,157.60558793392806,190.68736755545427,8.112133497505784,54.558371188327314,0,0,84.95116513185404,82.75930736184476
ATH022,25,Goalkeeper,2026-02-22,Training,75.5193827351857,5.963919738199847,0.8825011401490451,6.206798111157365,158.75216989127082,180.4960428268462,7.822000404951632,75.43820500723113,0,0,75.95130685621218,87.69345497220105
ATH022,25,Goalkeeper,2026-02-24,Training,66.65775319233657,6.582367497276739,0.8951273770882043,5.753233799627851,150.53948363152793,176.0614913759331,6.451154006581458,59.61111578850365,0,0,75.4584981049745,84.18408967994785
ATH022,25,Goalkeeper,2026-02-25,Match,90.43099144768371,8.554593245100614,1.1134668846494267,7.887764815993426,166.17773679919242,186.17850073256963,9.20595464791172,75.80018881148082,0,0,86.67482426487254,89.2351485915226
ATH022,25,Goalkeeper,2026-02-27,Training,85.73929085562082,6.329467786419878,1.023786179127302,6.341950296417882,151.08906485849937,172.53254965800275,6.647906877396864,63.849700327070686,1,0,89.97260631685064,85.77763544009714
ATH022,25,Goalkeeper,2026-02-28,Training,86.00989633769039,8.034090714808007,1.2633634014751511,5.306445328263955,144.36059286938575,168.72730293022528,6.941698035686606,80.36761474952682,1,0,79.57547954636928,100.0
ATH022,25,Goalkeeper,2026-03-02,Match,98.08096124201995,11.249551096039582,1.2287255800862784,8.901242708656033,159.68300103408527,188.87956909938836,7.858443265339404,72.00445793345574,0,0,87.41481767280426,91.07181987198406
ATH022,25,Goalkeeper,2026-03-03,Training,53.872112540803386,7.046732593691184,0.8600463669915875,6.093805384529961,153.1474674320703,178.78465516703304,6.271653223085343,49.2204878451726,0,0,78.11756832155861,75.87463824388132
ATH022,25,Goalkeeper,2026-03-04,Training,86.30248465779808,6.596910199900904,1.016636091606458,6.1348240391440365,154.61817260765793,180.1726671122679,6.431877380067221,54.98977052772127,0,0,89.19505942231618,87.32201527519919
ATH022,25,Goalkeeper,2026-03-05,Training,74.65378477759134,6.880052068361589,0.9077535295535125,7.563581074474026,159.29596603747302,189.07769288767787,7.489066442012191,51.51018856383432,1,0,86.94524340216188,89.3204328400403
ATH022,25,Goalkeeper,2026-03-06,Match,94.57676252893326,8.226051926735108,1.0830289141295157,7.699212846817599,158.57021459546266,182.19925388216882,9.35193679295304,81.77942225850038,0,0,80.14867935026034,81.73892720235267
ATH022,25,Goalkeeper,2026-03-08,Training,99.21549326291029,6.94052165921388,0.5764217372048136,7.4969744200914965,160.07939722764937,191.25332451287335,7.482336556770673,55.20240012604485,1,0,82.48151725206999,89.39844403990064
ATH022,25,Goalkeeper,2026-03-09,Training,42.83519766037381,7.07827689385708,1.1559746448287596,6.064332194104799,150.65587684843857,171.14022722416453,5.384249652892327,51.41440432393068,0,0,85.0281275161323,80.81349273860425
ATH022,25,Goalkeeper,2026-03-10,Training,82.54193913346592,6.916096030481175,1.1213569443368188,6.960939481321914,154.74270070192637,179.21244066252942,6.129668536762095,48.12455237429641,0,1,77.69084477863235,83.57387070025133
ATH022,25,Goalkeeper,2026-03-11,Training,92.65368202937272,6.43543055073241,0.8502953246546205,7.050799425356112,162.43055991236795,187.25037740429272,7.800012670224617,54.540311251149916,0,0,92.36905573914945,81.33868449477612
ATH022,25,Goalkeeper,2026-03-12,Match,88.61673213131927,9.02144019989225,1.237857126817123,9.009893951576611,173.23923017231485,200.321933501629,5.488825023494369,53.16542096613919,0,1,79.96554385242156,90.7759112732503
ATH022,25,Goalkeeper,2026-03-13,Training,72.8133837182777,4.881436346778948,0.7269520685544447,6.777300378621431,161.32626797322888,176.32063323139454,6.377926253783306,59.442778880102274,2,0,87.02159205062242,98.05813878288775
ATH022,25,Goalkeeper,2026-03-14,Recovery,57.166838717516676,1.5930790061158895,0.1302250076025518,4.025437419667044,148.89129060394245,166.80760935429552,6.695339402675194,47.537200145550464,0,0,93.68412330733511,76.4412401310845
ATH022,25,Goalkeeper,2026-03-16,Training,65.3950580713157,7.047779656542993,0.7141456964592576,5.924698520350201,153.73533953714332,183.14481352673212,8.511485907564099,82.09758047353657,0,0,70.96186933566878,82.57765998164861
ATH022,25,Goalkeeper,2026-03-17,Training,75.01200250221706,6.206059297701998,0.9695095394742668,6.866984565303603,155.36107983201148,188.3046888560585,6.652089928721342,59.357090741011405,0,0,82.45970651549227,84.00313301809464
ATH022,25,Goalkeeper,2026-03-18,Training,41.38514009235566,6.996726623334131,0.994649636989105,6.036785336602128,153.70001639341368,173.05255737944083,7.505504222265375,83.51712436218416,0,0,73.0824603027855,86.1452406644195
ATH022,25,Goalkeeper,2026-03-19,Match,93.63137773935901,10.527912150927529,1.4070452505768074,8.38785454123354,167.07884522235167,204.9458345884191,7.017857629115471,66.89646173076045,0,0,86.02504752574818,86.7349271097927
ATH022,25,Goalkeeper,2026-03-22,Match,89.03185872498128,10.395598441378006,0.926657256720206,8.169156939216462,168.2978427337026,189.75336886562772,4.529499599240654,20.816693654083366,0,0,79.05478204805617,76.54669122370947
ATH022,25,Goalkeeper,2026-03-24,Training,76.6368000735345,6.320159684552978,0.7819983412761309,6.550236635524539,154.38911060189173,185.04933146237033,7.123530075678027,67.25557337880429,0,0,82.6034691397757,83.41401138351688
ATH022,25,Goalkeeper,2026-03-25,Training,69.3632883815883,6.489469630806746,1.0100918198451163,4.4329700135383625,147.0887227995372,171.53372970285076,7.5578868330898095,69.11949476922929,0,0,86.28143226730646,79.07699417692096
ATH022,25,Goalkeeper,2026-03-28,Training,78.30587247886798,7.652629885903942,0.9505224589727554,7.586700126039908,163.45345705204508,186.85240802814965,6.978513850835661,56.63469153340007,0,1,80.96054597836604,96.27763498397928
ATH022,25,Goalkeeper,2026-03-29,Training,64.64913566309706,7.473760826697826,1.2347460027101276,7.068418088371758,161.45061990964172,189.72370041844266,6.377316506980284,46.393670800693315,0,0,76.25605898311659,82.04932359862433
ATH022,25,Goalkeeper,2026-03-30,Training,65.90907775932442,7.421985601246073,1.2423893102436494,4.592467651741727,139.91586304213988,164.39919818969622,5.991024354286388,47.975334854974484,0,0,75.39208964727743,81.68308330340417
ATH022,25,Goalkeeper,2026-03-31,Training,90.45111766355507,6.464247633397369,0.5885559668654629,6.8056360538731795,152.33131549922726,182.76342519562417,6.632423368462947,58.37433178795295,0,0,80.20879286015882,68.68569518526616
ATH022,25,Goalkeeper,2026-04-01,Recovery,39.85842825286942,1.7710019956457406,0.19826025425332877,3.9868536315906677,136.57273824526993,163.63047012895174,7.856337130427425,82.09113551040384,0,0,74.23217128691611,90.05017784396966
ATH022,25,Goalkeeper,2026-04-03,Training,77.72893934120455,6.9613234695416635,0.8164130103237233,5.576242921588378,141.138524127933,177.63353035824625,6.697443688046719,67.03447777540634,0,0,79.67617393869126,78.91497394645964
ATH022,25,Goalkeeper,2026-04-04,Training,69.91417638331325,6.356886307756498,0.768904845712921,4.619681794071283,147.1731976295427,168.40283570786156,6.0127275512734775,57.332315839999936,0,0,71.46339185158571,72.60362289451697
ATH022,25,Goalkeeper,2026-04-05,Training,71.62188565825385,4.684588621486605,0.644024570222775,5.663483187741597,143.1559388400572,168.08886077494213,6.31216492991054,49.10147617846802,0,0,83.10110246923837,81.22877851046628
ATH022,25,Goalkeeper,2026-04-07,Training,62.71339190590293,6.641344197573182,0.8457772806264278,5.6971784639297915,142.72367040166023,155.64732398457463,6.464814913049072,69.27998381744794,0,0,77.55414627394359,86.56554413453031
ATH022,25,Goalkeeper,2026-04-08,Training,71.92412291112574,6.662673461281296,0.7606157729552443,6.020802920105763,151.58438515584385,173.5787364248951,6.755720700532246,57.88056410538423,0,1,76.59894126959654,89.34546427805695
ATH022,25,Goalkeeper,2026-04-09,Match,95.01967946834907,9.941693160575552,1.2722945948500204,8.374092843433317,161.2191111328029,172.52078284789275,6.30320287361426,38.17009498577291,2,0,81.14346017139438,98.25356595300353
ATH022,25,Goalkeeper,2026-04-10,Match,85.90295181043346,8.682336513639314,1.1988575675924036,7.895715587866276,160.2379835358502,190.53345722282475,6.770965760737115,55.76330796746857,0,1,77.11776033282655,83.01993527177603
ATH022,25,Goalkeeper,2026-04-11,Training,78.67741219572733,6.650163781550144,0.7405059744197263,5.435881323818817,142.66271619877102,178.16672236503166,7.265599246519496,52.15540716761822,0,0,81.29534791440096,83.13806819438513
ATH022,25,Goalkeeper,2026-04-12,Training,74.25984184718223,6.117620161693389,0.6841425865757272,4.7228081643891295,142.24706050573033,171.1466988986633,6.689624242769342,61.24986686952821,0,0,82.97182966285781,77.51743059182301
ATH022,25,Goalkeeper,2026-04-13,Match,95.2516318487438,8.970301716558023,0.8303395458613949,8.155597624312005,162.8394960049354,191.89003221881336,8.321521018270662,68.31997215891373,0,0,76.31005587511919,87.03444318129796
ATH022,25,Goalkeeper,2026-04-14,Training,62.63855910776086,5.903951421968369,0.9952030308881435,7.876253551551016,160.90884796523216,189.68958331139677,9.19875947535204,80.80547439762688,0,0,73.11996893091411,78.23372111418855
ATH022,25,Goalkeeper,2026-04-15,Recovery,42.96953110096997,2.858276665744539,0.32086402639738754,3.8086251673316283,129.43547524609417,155.48319654286226,5.9590313537506,62.636757248408806,0,0,73.72742228515477,76.79829272968492
ATH022,25,Goalkeeper,2026-04-16,Recovery,47.67987057144401,1.5178383310518728,0.1787713357962361,2.3987964002875817,127.18265832062082,148.72449900711126,8.51588171768427,61.93431065811784,0,0,87.9660134885939,72.2577130865653
ATH022,25,Goalkeeper,2026-04-17,Training,75.35714521357896,7.245583476665053,0.5920773004705686,7.07245381047054,159.75257950659474,190.9630874609055,5.821135794316849,60.650935655145794,1,0,83.00217149407007,83.55018216104719
ATH022,25,Goalkeeper,2026-04-18,Training,72.49241783963518,6.944390940493197,0.8052104796886377,6.485143408937968,151.83331307576216,170.7158054461778,8.53407111122227,84.17407081572534,1,0,79.7273544442916,87.44582424525642
ATH022,25,Goalkeeper,2026-04-19,Training,75.03675175360951,6.050782250202099,0.586346013908049,6.232639376417098,155.0320890234117,181.4723729083146,6.833660648530438,67.96727343789695,0,0,85.97191793319325,78.7763865716419
ATH022,25,Goalkeeper,2026-04-22,Training,75.66127266607413,4.496290657988612,0.45858891899646187,6.4836118947835795,160.81516967721242,183.044471527408,7.8952517144635515,71.09644262717805,0,0,77.78503165471754,85.33994968156155
ATH022,25,Goalkeeper,2026-04-23,Match,80.81557138964743,9.809090887489852,0.9992769526110481,7.013783543739649,163.4980797983819,191.62769562698574,7.377066980026208,64.48007035166273,0,2,76.53036993966197,90.55879425937681
ATH022,25,Goalkeeper,2026-04-26,Training,68.97527256610225,5.366559928890946,0.8178971842888806,7.315275892594633,159.8624723306886,179.900271996766,8.0036989037919,63.07722210681918,0,0,84.08869870407523,83.97393748528219
ATH022,25,Goalkeeper,2026-04-27,Training,65.5732056314895,8.513149867688519,0.9707354732704813,9.643055098021765,165.03260686588135,186.0161685885404,7.057066491496446,47.587432698696595,0,0,74.5505769627668,82.13520704942425
ATH022,25,Goalkeeper,2026-04-28,Training,91.90238855821833,7.2937527960189765,1.1595267474362487,8.000861892018717,166.36181567913746,187.2240636533849,5.616148728426583,44.229833313119066,0,0,78.0612038692782,84.85741478789593
ATH022,25,Goalkeeper,2026-04-29,Training,82.71963229342774,5.615007878405717,0.5219560106227905,7.235064941978776,154.343254463474,175.92501316938296,7.868996486016658,70.92603931090935,0,0,76.73463175811054,82.86119568328365
ATH022,25,Goalkeeper,2026-05-01,Match,92.6269551161636,8.749754997517691,0.8093244464843832,8.668346128013605,160.90938745583415,187.86678574405295,6.663203482304574,61.723357896009745,0,0,84.21210953314326,92.35344676452821
ATH022,25,Goalkeeper,2026-05-02,Recovery,53.79115656541664,2.8820971066737457,0.23324533652926413,3.250750544649495,135.97900143022918,162.1611415942994,6.044146045907744,50.787471220329856,0,0,89.58273995220063,80.66851656921145
ATH022,25,Goalkeeper,2026-05-03,Training,82.79781369927132,6.9117239067594065,1.0984272331357008,6.5091428156300655,155.42359990571194,185.58952628219552,7.96324191017177,75.335664989299,1,0,74.26580344867051,93.96894674644366
ATH022,25,Goalkeeper,2026-05-04,Training,61.23238489917841,5.375743047821012,0.9122639664789447,5.910246238736974,146.4611704267783,177.1257033873421,6.483531787879825,66.85231388112993,0,0,78.2200838665349,83.21422825704052
ATH022,25,Goalkeeper,2026-05-07,Training,68.83648541563858,6.119345627045842,0.771386336562617,6.448688262319677,152.37497211861867,172.65856172269352,7.031624397964738,50.3199297285273,0,1,81.13566596075499,83.67134515742393
ATH022,25,Goalkeeper,2026-05-11,Training,83.74009861067387,6.56622966521931,0.5848155718836451,7.261939230648994,158.08842988673183,183.1061701021319,6.38964126715431,53.259334114047945,0,0,79.27216788461108,84.13513635672926
ATH022,25,Goalkeeper,2026-05-12,Training,73.80905715139622,6.507315280960773,0.8025832402468136,7.350197675995606,150.86911126648488,180.67339860095007,7.391772357814027,58.64530830868586,0,0,82.73939027822513,86.66353089854117
ATH022,25,Goalkeeper,2026-05-13,Training,69.5362992748444,7.547539256546149,0.6080384659905383,6.642375807649918,158.88358535391512,178.99756852948295,6.917013276600752,62.935948604479734,1,0,78.64874863381304,85.45694345448652
ATH022,25,Goalkeeper,2026-05-14,Training,54.667043171916085,7.342726432850232,1.1954246423619526,7.450358205046799,157.29919249248945,177.33897775625152,7.551279421662203,66.20885099873561,0,0,76.66423771698506,83.81572915711504
ATH022,25,Goalkeeper,2026-05-16,Training,83.63749915495096,7.521097708155094,1.256601154263428,6.4321789641922225,156.94773267690792,182.42495432190617,6.850400950465999,72.0616659299643,0,0,76.84777365180939,77.50861100579853
ATH022,25,Goalkeeper,2026-05-17,Training,66.11513452545842,7.780863946327568,0.8004851884583228,7.7936855170503385,156.78133146346363,174.5154414268004,6.93314160505066,55.8208732569438,0,1,80.4659419965899,76.74435993880954
ATH022,25,Goalkeeper,2026-05-18,Match,89.24515376561583,8.094739677879735,1.355850848028858,9.36369018337653,163.40014803611118,195.0882241440114,8.541451338572116,65.83027686399083,0,0,84.32370717909367,94.86152364743793
ATH022,25,Goalkeeper,2026-05-22,Training,84.30525250113787,7.023458697648971,1.0594386370552162,9.12917253678907,170.66642874500482,195.19742388780372,5.731894544333246,53.75659270595887,1,0,78.67852775256735,96.92415702529614
ATH022,25,Goalkeeper,2026-05-24,Training,77.75600232100953,6.906187987138276,0.629336582869538,6.668539647314904,153.71650822004648,181.5553844771158,8.211119156627555,80.67614215553161,0,0,76.81788066594203,87.24291031243123
ATH022,25,Goalkeeper,2026-05-26,Training,64.2383301427176,8.285611054953232,0.6941494661252685,5.678404644441432,151.5470417150129,187.22689290998022,8.099654732055109,84.33560938882307,2,0,86.61257996748829,100.0
ATH022,25,Goalkeeper,2026-05-28,Training,70.97140799300527,7.757003903394879,0.8391720721274416,6.8053327486330515,152.61094087241682,178.5968426331587,7.279944035738966,54.71745715779342,0,0,81.69482168238666,81.84901180099985
ATH022,25,Goalkeeper,2026-05-29,Training,89.54677903096042,5.6054560989037805,0.8975689461501108,6.223597011131241,149.51253659447892,176.84939331039223,8.505530796951817,82.29277705622323,0,0,83.45513557722502,86.6079376262335
ATH022,25,Goalkeeper,2026-05-31,Training,62.544647292577174,7.325854567990618,0.8783455103205146,7.1005513386585015,147.85711727731154,176.26823083579717,6.240395617016686,63.925778535028186,0,0,75.97530332729195,72.83800047544348
ATH022,25,Goalkeeper,2026-06-01,Match,96.53819748118794,8.11368719781079,0.9521453835649089,6.600632431381189,158.27708629114244,176.08728567428585,8.5659330212618,69.14388463393584,0,0,84.35040716282506,82.41210062256408
ATH022,25,Goalkeeper,2026-06-02,Training,70.86086640511182,6.738093751125102,0.7163681196935792,8.13222121334502,164.9663830562732,190.24781411009056,6.476403078160974,52.11857956507597,0,1,83.46563436396376,80.95323570020969
ATH022,25,Goalkeeper,2026-06-03,Training,100.45661568581107,6.289737145936757,0.9927199539118209,5.7487290992541755,147.8393761269013,166.56455235845695,7.442500507458829,77.60940589596285,0,0,86.55433457017187,91.1887175418498
ATH022,25,Goalkeeper,2026-06-05,Training,79.05249965084707,7.096758293793237,1.1432757896379142,6.633416242931681,152.4995654722702,178.67745630024604,6.867231449408131,68.47078298523519,0,0,86.93067805853589,82.87457573703742
ATH022,25,Goalkeeper,2026-06-06,Training,65.61647758058618,6.141947362515175,0.5461919453267509,6.202133266101515,165.93706082899968,196.40000592971373,6.306357807857019,59.563990531225116,0,0,90.67727188699911,85.20887234678537
ATH022,25,Goalkeeper,2026-06-07,Training,65.33638063751825,6.727984882884431,0.6421177058558637,6.025089978307864,153.8986062127707,181.6037172652466,5.9896647212538925,59.814808840749905,0,0,72.7078990659156,82.95620965604256
ATH022,25,Goalkeeper,2026-06-08,Training,68.83172401973586,6.241677493183444,0.8962881177240495,6.271578206025908,158.5600275371109,187.8521890524952,5.7111048237424855,40.02893308905541,0,1,77.21048345800267,72.97387618022644
ATH022,25,Goalkeeper,2026-06-09,Training,72.92501399068803,6.6024217740339886,0.8891944284584989,6.675738239544962,151.85198281769482,180.90262616836046,6.524808956458225,55.27991210553205,2,0,79.09042116846962,83.58547279883655
ATH022,25,Goalkeeper,2026-06-10,Training,55.15862141815609,7.550338628848716,1.1955844113448273,4.620720601375646,146.17370216654774,167.39482022352803,6.674641939463938,55.93491330878318,0,0,71.03660837316914,75.84360308768524
ATH022,25,Goalkeeper,2026-06-11,Training,75.91186475251851,7.769997413408144,1.0220603956515986,7.017885925112539,154.5630239620855,192.28436133561968,6.990683445666782,61.38967679953651,0,0,87.0194307614553,80.69793731824363
ATH022,25,Goalkeeper,2026-06-13,Training,91.44415693591463,5.801421546167526,0.8995588068123009,6.948659000837636,156.51594095788582,182.31347009535915,7.873008773041324,73.34129219196713,0,0,89.79987606160267,95.24988717262812
ATH022,25,Goalkeeper,2026-06-14,Training,67.12360682750494,7.5491963115025165,1.1668324413124738,6.226284438282761,150.77667358401317,171.59751556591252,9.063718648218474,84.55327035378981,1,0,69.62511816514935,87.56373807432642
ATH022,25,Goalkeeper,2026-06-15,Recovery,53.092258505627285,2.1805429603785362,0.2600228366447717,4.801146152130361,139.3581131434108,165.49105494995842,7.936608110844145,96.53311554201184,0,0,79.65275216050152,86.69852409655407
ATH022,25,Goalkeeper,2026-06-16,Training,83.78444780367604,6.572891114950558,0.7666347604923783,6.073363121097239,149.53608360327956,167.03615046152592,5.715436710855414,45.15599886396351,0,0,90.42408281715893,77.1303452944143
ATH022,25,Goalkeeper,2026-06-17,Recovery,40.74703279516033,2.499118997563407,0.35119595125204006,2.842252458583956,129.6393371149046,147.14118073345116,7.056553065250434,78.27604695879569,0,0,81.47585852951164,79.911087616462
ATH022,25,Goalkeeper,2026-06-18,Match,88.76333550200063,9.06826394614592,0.8996932185417833,7.893094252080543,167.38831688360034,191.34438939139477,7.107359317271924,57.35515514344847,0,0,76.29853225479692,73.35329883259807
ATH022,25,Goalkeeper,2026-06-19,Training,70.15008410731463,6.658925671892935,0.9566242099945006,6.040406732127359,148.8538424175917,193.4424430656961,7.6896361314963135,85.18408860956261,0,0,74.2288266356545,83.749464157515
ATH022,25,Goalkeeper,2026-06-22,Training,83.16235610719872,8.554562606840364,1.4335404878685847,5.799397654944192,152.2748678993093,180.21452827937935,7.045147128833318,63.9296468789058,0,0,85.24867686838145,79.56325463583254
ATH022,25,Goalkeeper,2026-06-23,Match,101.91770807578294,9.273767720505537,1.5420911853589463,8.493549751361954,163.12212511985103,179.1886867879761,6.082793404312222,42.515835354860435,0,0,91.95148169572104,85.13587889899576
ATH022,25,Goalkeeper,2026-06-26,Training,63.98707640913102,8.586952318507036,1.435416821543147,7.7347924536947374,155.82844849309618,186.77065998536412,6.888733670348074,58.01345098425017,1,0,94.66908980358558,94.65522279198623
ATH022,25,Goalkeeper,2026-06-27,Training,62.60120604752138,7.514877295595312,1.2423587005343277,5.70945487303473,145.74592800308008,164.00255411465955,7.382877715810036,69.5338386265854,0,0,74.52952591252179,90.87750627836212
ATH022,25,Goalkeeper,2026-06-28,Recovery,36.97670635267181,3.1038113285338316,0.2535218089003059,2.0839571638590697,117.01663420787061,140.81281850668785,7.021318721622222,73.41523490299,1,0,86.76020412056474,86.04841308168315
ATH022,25,Goalkeeper,2026-06-30,Training,110.98037497488315,9.263634266759029,1.1199731932038473,7.082940370862301,160.972113802703,186.40435395891026,6.138510658115569,41.9052967595226,0,0,84.77902742680656,89.43061218492966
ATH023,19,Defender,2026-01-01,Recovery,45.20827322280973,2.4868063256049884,0.2914002765607789,3.0387134307336896,128.3173067656143,155.79519428010633,7.128861658278831,70.54791175872184,0,0,95.90692986093805,87.82879784358624
ATH023,19,Defender,2026-01-03,Training,73.79615071449919,8.827285724916003,1.497432968628316,5.534607962912087,140.86449340097343,162.28781173124383,6.737575371797945,53.64233867143757,0,0,80.41832759911718,66.958186063528
ATH023,19,Defender,2026-01-04,Training,73.14818751155326,8.29818675104429,1.2597924384291366,6.526818720180438,162.49193225352573,181.9723366463515,7.575254785134818,62.526254727587855,0,0,81.06324016725014,74.88844557521494
ATH023,19,Defender,2026-01-05,Training,89.71062350682244,10.23554052831594,0.8265869613605901,7.461673961545163,160.82769774337982,185.79479591508428,5.954132878004958,54.948579096791235,0,0,85.63238885095365,79.88410205642725
ATH023,19,Defender,2026-01-06,Training,54.2424310246671,8.379012733221007,1.2647679924560908,8.40220597140154,161.56671411948886,192.4337890334666,7.0537522861153015,59.175223784841684,0,0,87.66825915651216,83.24827985384225
ATH023,19,Defender,2026-01-07,Training,64.98712180152782,5.823604519338977,0.6842101416756999,6.761433032225268,150.73723466759768,167.0136426355856,6.647510310946316,46.664572630602464,1,0,91.30223539032374,87.72216041008228
ATH023,19,Defender,2026-01-08,Training,84.44585447070128,8.94571076986514,1.1893232594199177,5.710894897853058,156.24910147719402,165.91237078868807,6.812939117476597,70.17147102309612,0,0,83.02179209761057,84.41984606810233
ATH023,19,Defender,2026-01-09,Recovery,46.63828357427897,3.501112862130452,0.5251130440001801,3.2149039608270815,140.01398170159231,160.99611393409802,7.061928104168007,78.63644958409398,0,0,73.90644871304046,78.91531733031795
ATH023,19,Defender,2026-01-10,Match,83.62290365944251,9.955429687503896,1.2925553349601695,9.780614453760073,174.03361986904085,205.0,6.600943205703338,49.46858889451059,0,0,85.96127391669577,81.23023650690455
ATH023,19,Defender,2026-01-11,Training,71.11451610742394,5.840146359486126,0.5543609114703317,6.917611695831195,157.39862728746556,184.1099053220342,8.029796168474782,73.16554627789021,0,0,81.83269190658051,83.14187903237975
ATH023,19,Defender,2026-01-12,Training,59.9200989703413,6.242673982488802,1.0443017719481216,5.571551457210487,148.4100779960699,170.01632019818922,8.4200253501807,86.31130416241251,0,0,82.78158342678593,92.02841940117453
ATH023,19,Defender,2026-01-13,Training,63.69370216228553,5.803989815745937,0.7428207092262783,5.371174407142298,141.12271324665446,166.774583713036,5.617212751159326,49.20171941631594,0,0,86.65932264560219,76.91476693247269
ATH023,19,Defender,2026-01-14,Recovery,49.95433944486128,2.641611610655548,0.27839542813905194,2.91434675448284,132.05421475267497,159.912491168754,6.845775818888594,68.92271505461993,0,0,93.31624778268966,77.23787063525512
ATH023,19,Defender,2026-01-16,Training,84.40988100572352,7.1209752299904165,1.0474436210267624,6.7773018934411455,162.77225412719497,195.56907142236113,7.361412442457549,78.02426976518241,0,0,71.31940419831813,82.7111497152092
ATH023,19,Defender,2026-01-17,Match,97.10496235190735,10.591561555543702,1.7062777796017816,9.06737012722033,169.53656139292968,183.4773034701149,5.605988463782714,50.627602234306515,1,0,78.33691799994793,92.56027880753324
ATH023,19,Defender,2026-01-18,Match,91.79427029113494,8.637682737160032,1.3534461636088857,8.937455354682836,168.67347236250401,205.0,7.8627507793653,67.5463007415623,0,1,76.28397681245401,90.45246869197777
ATH023,19,Defender,2026-01-19,Match,85.60786829660907,9.33088463257483,1.2280606319082334,7.684842388401406,157.1955946847763,187.98320645703316,7.7360163360427645,62.67600391724936,0,0,80.19363510696971,78.84515792837053
ATH023,19,Defender,2026-01-21,Training,80.86555373076868,7.440591705769055,1.1079067208280537,5.7152090882567865,149.4277267445421,176.18123499523918,6.641433247003362,54.17545038815088,0,0,81.98815302489436,70.60936237157608
ATH023,19,Defender,2026-01-23,Recovery,26.72902770697116,2.4205105010091814,0.33666013959489355,3.1805404464455735,129.49909672699175,146.68737212533088,7.1800624497359715,76.91591259536924,0,0,82.66209073108762,77.01134606871882
ATH023,19,Defender,2026-01-24,Training,75.27657754823043,6.69795826454818,0.8334206281457978,5.865694578841958,143.58320978704037,178.29096195365875,6.806874966879411,59.522455935566434,0,2,85.20806182697984,83.26302411203287
ATH023,19,Defender,2026-01-25,Training,73.29382129394422,5.685182901447868,0.6314027785295185,7.945067886459999,164.96996437984373,189.82090444896195,7.899734690712716,68.2295673107477,0,0,79.72922243541541,92.415824002623
ATH023,19,Defender,2026-01-26,Training,78.27266178724707,8.220346966399447,0.9108614937771845,6.643694732774711,149.56704232394262,170.25214519037687,7.493548186620431,57.35278306310042,0,0,80.93075974994228,84.37592934545656
ATH023,19,Defender,2026-01-27,Training,62.03080593377801,6.9777876570300155,1.1794985760898757,7.471640112313934,157.20851564686964,181.28221350530336,7.380739155350023,61.06175374743811,0,0,89.31333880162086,81.91186926196205
ATH023,19,Defender,2026-01-28,Match,97.2127964623175,12.500202444671999,1.6736018558974952,7.630162828462299,151.9887296028821,167.10911273462278,4.937094267309863,39.53885762378761,0,0,87.43990004873966,82.05699695693615
ATH023,19,Defender,2026-01-29,Training,66.31688469111273,6.579807146826626,0.5863702537286847,8.358598452967948,165.961854029262,196.2539694244649,8.776953444528388,77.5339241483439,1,0,85.35839223507045,93.18702392154246
ATH023,19,Defender,2026-01-30,Match,91.84475482449555,9.454168186626186,0.9795026593627989,7.334533347460455,153.96930178758893,187.83710032167846,7.334489864744078,62.74250280426494,0,1,83.62240579613292,95.99506523800767
ATH023,19,Defender,2026-01-31,Training,91.4490887206259,5.650932528069453,0.5519822084587076,7.035645468822833,162.25272663129292,181.06847956195986,6.509301850186873,54.946720903020854,0,1,77.51254311844454,81.27543859674957
ATH023,19,Defender,2026-02-01,Training,76.1781433192715,5.439699329434642,0.4470362838995688,6.9235468329650915,149.45364637191804,171.31352282241846,7.09007154293224,55.70767473807636,0,0,73.8790385910997,82.04135519194003
ATH023,19,Defender,2026-02-02,Recovery,54.74589543645391,2.362698756602078,0.3611065200703202,3.097438473258076,131.59438434538558,149.1053786844201,7.415923862909387,79.49773601231817,0,0,79.70262103431675,86.78433719893266
ATH023,19,Defender,2026-02-03,Recovery,45.084265538875336,3.1134855730745303,0.3243500709141535,3.879020982790103,135.39719628023607,153.3404159015446,8.310110466114857,74.40032738629169,1,0,90.39860823203135,87.23272330231443
ATH023,19,Defender,2026-02-04,Recovery,55.86056738079857,3.5860171966359164,0.29316383894694875,4.72161996576043,138.14045636649155,172.65089912694987,8.331735849607261,77.63681301487111,0,1,85.66390398996843,95.19590596704771
ATH023,19,Defender,2026-02-05,Training,73.88470071776179,8.1182375389339,1.0671430863845532,6.741221228310645,163.60917570783676,178.31968403748385,7.718617744073816,75.1360021901464,0,0,84.18938345240278,90.80632230880751
ATH023,19,Defender,2026-02-06,Training,77.39401219861189,8.651134564582671,1.4574666300711776,5.843184508498301,149.6670001587392,169.31380405097215,6.945856345432589,59.56747363432883,0,0,81.3963806294483,83.29544277030817
ATH023,19,Defender,2026-02-07,Training,94.27684552324752,6.090748635989493,0.7228816508817403,6.792945488980671,153.73918376660623,168.5278207611048,5.532839382357102,41.19342673179273,2,0,91.8821237321851,85.05093662104605
ATH023,19,Defender,2026-02-09,Training,61.61940511165898,6.5251589029575205,0.6362037166680012,6.968006470663751,155.38068093872556,185.6294214931072,7.635761685895734,76.59665070590627,0,1,80.37631285344862,79.65121424541289
ATH023,19,Defender,2026-02-10,Training,79.14907963744044,6.005822020359054,0.9932406903439907,5.644947343380577,154.7703055502288,179.6629871864056,8.474830276358295,72.56722232039502,0,1,84.79690430439011,90.21266904772276
ATH023,19,Defender,2026-02-11,Training,75.71164604264264,7.0579902158299594,1.003672559297827,7.065291044886505,164.05715989871084,196.60532031927795,7.396479967702071,51.0622659018065,0,0,78.22280674412677,84.55105484708609
ATH023,19,Defender,2026-02-12,Training,84.89721972154157,6.414018203629264,0.6265284112580586,6.314877847307577,152.0421858608242,169.25104315778262,7.261218699539162,66.0215855539866,0,0,80.19210542739205,79.95842737813079
ATH023,19,Defender,2026-02-13,Training,87.73068743276283,6.952553223032335,0.58929219790406,6.433571410445516,145.72388503383166,168.4395883538308,6.9915678239670696,56.80785505438869,0,0,81.34308593510602,77.36145284395938
ATH023,19,Defender,2026-02-15,Training,67.03296720023205,7.82745811307018,0.9161263517817424,6.091909302871288,155.8136613801974,187.39056485854033,6.705887824737316,63.96825443843815,0,1,89.77889440227655,82.8010354027094
ATH023,19,Defender,2026-02-16,Training,58.31971534112363,7.014078637662582,0.5814152105751652,6.1913463432768845,150.54687704929387,174.22325143803351,6.760915080027374,50.88707917728205,0,0,92.19337591673056,81.56734705908127
ATH023,19,Defender,2026-02-17,Training,99.85252280064014,8.736938152407626,1.320683343756027,7.713504902569134,155.44197855600797,175.5203594294856,6.8097306919030105,54.87824595352565,0,1,75.85161203799123,83.02694112853436
ATH023,19,Defender,2026-02-18,Match,92.05151195920091,9.586934822030125,1.479267095915543,7.898582411310936,157.9647958880099,173.74481725629929,7.988746168215162,67.55859809255512,0,1,89.11063534328206,92.27396102990959
ATH023,19,Defender,2026-02-19,Training,64.74656707134902,8.464980604980115,1.0578009830395618,5.304194612619034,148.7177046844385,181.61844777212045,6.710598980585604,68.56221467231612,0,0,75.26241343924205,76.7931106623615
ATH023,19,Defender,2026-02-20,Training,77.76491442534015,5.287623949294428,0.887923522696419,8.362276655378619,171.22330014648384,205.0,8.450983038703633,63.162036426004704,0,0,93.3717402570853,89.90302993191047
ATH023,19,Defender,2026-02-21,Training,94.45961348788845,7.256533665238776,0.5898446091552493,6.487621577804449,152.20667405891444,178.52289794714193,5.30101003748128,44.82969687044542,1,0,77.00408755100462,88.66558791035027
ATH023,19,Defender,2026-02-22,Training,77.19779228119899,7.570880867452296,0.8155422680875408,7.485315897075884,159.27791481155793,167.9411985385533,6.9267079604586455,67.93547672266843,0,0,70.55583120240821,86.03078887100291
ATH023,19,Defender,2026-02-23,Recovery,46.93251424949665,2.634121569363406,0.2805494809123101,3.1023413550131145,126.11870777399177,146.65471390448337,8.171683470142435,77.7267420596667,0,0,79.66261996530899,81.24984649730688
ATH023,19,Defender,2026-02-24,Training,91.40052823090377,7.4722565797748395,0.7882197649478833,5.099578228768651,155.7281419755903,179.88171614338842,7.849896144001927,68.9550360065732,0,0,70.1807572974125,82.8625274080149
ATH023,19,Defender,2026-02-25,Match,92.12091623028223,10.005944368655603,1.3099295392347847,8.308512719373693,168.30179160611425,183.76799633759416,6.992562219874188,57.50396129629139,0,0,77.02751193658644,77.13618191112568
ATH023,19,Defender,2026-02-26,Training,82.22623160371376,7.58898733010594,1.0939663628213554,5.886336710403811,157.0155826469852,198.05840129190963,8.445162487434555,75.16391381632982,0,0,91.62205845453795,83.72989467012644
ATH023,19,Defender,2026-02-27,Training,79.87652513982715,8.052024370466158,0.7986493709640674,5.39123868676326,156.53870942688832,187.2860701750273,6.1765298475408805,63.05760907487507,0,1,82.30838474193123,85.84622164134974
ATH023,19,Defender,2026-02-28,Training,87.13984404274753,5.855924596589605,0.6423981069310366,6.15996630780643,158.6778813643745,184.5615154740981,6.890833560736711,55.452725891677765,0,0,96.33616063365572,82.86176125382062
ATH023,19,Defender,2026-03-01,Match,91.91395375693132,8.652421670876745,0.9755495714140417,8.477607839940042,168.83222378438415,205.0,7.165376452383614,57.48965691474279,0,0,94.72930054925796,78.53532667290463
ATH023,19,Defender,2026-03-02,Training,72.15433359922625,6.806718018923526,0.5598254424098439,6.373092076162335,149.4601435145209,175.12333231771305,7.419990696109927,66.1300326171833,0,0,76.46444949739538,83.50989046795668
ATH023,19,Defender,2026-03-03,Training,78.70083221096598,6.750291904286833,0.643058292115724,6.283538125799648,146.56297835949113,165.61610588199537,6.1682212069958045,62.05005324348494,0,0,73.64808798344527,85.7106661300206
ATH023,19,Defender,2026-03-05,Recovery,48.40286828156869,2.8836023232889674,0.37945344329083647,4.558322953045341,141.68134310066404,172.68795326823667,6.80684673162526,77.20629565518128,2,0,82.46623080217535,100.0
ATH023,19,Defender,2026-03-06,Training,54.06693264936551,7.795383331681752,0.7557148310570537,6.996713179950603,149.9249194470023,172.43323499553546,6.357427565225264,57.38169073192071,0,0,88.61365627935385,88.45369383995462
ATH023,19,Defender,2026-03-08,Match,90.72944791439198,8.514821351121645,0.8288110031727619,7.529416842150992,154.413801735905,184.59306784444794,8.319594149003263,72.06913484055714,0,0,83.78049722551937,79.41769344457529
ATH023,19,Defender,2026-03-10,Match,95.90426503893326,10.171340898883612,1.2794727856264048,7.499214021583763,160.96254104316577,176.7378333066542,5.2821511750270345,33.19538372703193,1,0,98.0,86.9588585505927
ATH023,19,Defender,2026-03-11,Training,80.74255524858924,6.276192970969119,0.9334332122874275,6.850760873326131,154.21600818580464,182.5906218034752,7.795851240857548,56.222530899599406,0,0,85.19175057015151,81.408304401159
ATH023,19,Defender,2026-03-12,Training,61.255306155032486,7.6003733337489505,0.6695275723041135,5.908540648984491,151.0750423882149,171.33003465711917,6.400029406700311,36.2017402425369,0,0,85.40119998908183,85.83797865937086
ATH023,19,Defender,2026-03-14,Training,93.08436711178882,5.991383515738427,0.5324943600126782,4.871675234667237,145.87491265705532,180.36174060534933,7.755780570546775,67.4152968905566,0,0,87.41424617660809,87.94929926280508
ATH023,19,Defender,2026-03-16,Training,85.19002058071597,7.572660347999625,0.7577295410056938,6.813679895603937,156.1990546862264,184.2614033586821,7.0274179984779925,79.91643636483785,0,0,93.58311200527851,87.92330427212954
ATH023,19,Defender,2026-03-17,Recovery,43.482185647858266,2.055707468478601,0.16585593259503884,4.3900796860288125,144.52625785084555,171.0383676642083,5.87062869299434,47.4578327180001,0,0,72.74205510634873,70.98990378552182
ATH023,19,Defender,2026-03-18,Training,76.79300766051772,7.233989592762189,1.035116004152055,7.259306994627137,159.3342448253316,172.75303531165156,7.7394606924617255,65.13924700414108,1,0,75.88938883981983,77.7891630600312
ATH023,19,Defender,2026-03-19,Match,97.64151461712763,9.936310397592365,1.035494767336322,7.410657577622351,168.38671409845503,197.15132560036653,9.242395244423143,83.72825649017838,0,0,81.10823101917325,88.0960666845909
ATH023,19,Defender,2026-03-20,Training,79.69048977765223,8.267962783568219,1.2597578352809455,6.392623900328804,147.44843796839757,177.52544519689576,7.185693377762993,72.57651917617738,0,0,89.9950121970597,85.46046804200425
ATH023,19,Defender,2026-03-21,Training,69.44010894088797,8.49848810227927,1.330876479043778,7.9750828328711,159.87152144378783,187.08820012951736,7.316260411937954,62.62589426037691,0,0,69.838480417776,87.01297044251896
ATH023,19,Defender,2026-03-23,Training,59.70354542496774,7.117765603695363,0.9135238648787196,5.585009125623206,150.09203531769353,177.3308093018877,8.438144478484167,80.4183815068759,1,0,83.11685805710421,83.40724282176839
ATH023,19,Defender,2026-03-25,Recovery,32.903762503032766,2.3925033275883716,0.3308553161114508,3.781239820719865,135.10494185954784,165.92988675497622,7.9612252693393355,87.80326481763791,0,0,81.52265894026992,84.44199042329365
ATH023,19,Defender,2026-03-26,Training,72.45400325036466,8.916020496910294,1.111428968696335,7.669132509534248,159.60323522667957,193.73156380439448,8.234130459471707,77.81311732149375,0,0,83.90418796247286,92.30624051496241
ATH023,19,Defender,2026-03-27,Training,50.86936376910982,8.041620290905064,0.8593346327697617,5.587276947550069,151.4667746762421,180.43347769738267,6.592799546538386,66.7167265848977,1,0,94.48530428814095,89.53729837140668
ATH023,19,Defender,2026-03-28,Recovery,43.02326408058487,2.7941644952730122,0.33731783306930846,3.6050050000198777,140.58254199054124,169.2471232510025,8.180718281244882,68.26274801716315,0,0,79.47510480178371,85.41179656436812
ATH023,19,Defender,2026-03-29,Training,94.55540871197539,7.841537853673107,0.7390942886886168,4.761996300545067,140.96774677104213,166.7054538634213,6.659091166707273,53.74006485083393,0,0,88.86580270444449,76.35901810844925
ATH023,19,Defender,2026-03-30,Training,36.613227841399876,6.644070390358618,0.5498661000235683,6.366824902677526,148.7922634290405,169.94265562513087,7.965359514106109,76.3898278701485,0,0,78.47192754390663,79.14586640848772
ATH023,19,Defender,2026-03-31,Recovery,37.84668282672842,3.633119383416614,0.4362981974504459,3.3275896217932575,123.9185002900514,163.68503508106804,7.043077887979439,79.44739676033717,0,0,83.84002374479465,84.85094488790173
ATH023,19,Defender,2026-04-01,Training,78.65738113783472,8.685338875907581,1.0444678817818707,4.566474260880009,147.71263265399313,180.5658084479306,6.546716875140443,55.697174196512194,0,0,82.59247242762619,78.03799825672304
ATH023,19,Defender,2026-04-02,Match,100.74090433939568,9.58076100237263,1.4868245827324211,7.995529437019566,164.52712920560123,191.05643245496037,8.896545027448036,79.70598566047023,0,0,90.83574809216076,92.12212784463522
ATH023,19,Defender,2026-04-03,Training,75.30065461359484,6.571254231048269,0.9117834848758471,7.116488374788182,149.2980790022773,181.28803087981197,6.765847094395989,49.827056736640415,0,0,89.85545053807758,86.87104350127623
ATH023,19,Defender,2026-04-04,Training,98.32070912547137,7.538412453810242,0.9022366351783564,7.6796599332522755,163.96937215014643,192.65908445398878,6.906924868153404,48.95030055996652,0,0,78.5473415595396,79.23144614402891
ATH023,19,Defender,2026-04-05,Training,69.22843904051054,6.672463768184489,0.8833411759463224,5.171561752445726,149.59804354553972,182.4007346578815,7.311967499504203,58.313621968032145,1,0,78.88971796397321,83.15503671600347
ATH023,19,Defender,2026-04-06,Training,68.74415582114007,6.479428245024978,0.9321110603014716,7.698882514790056,157.8637498531218,185.8569477584944,6.296116193448251,58.05891630076016,0,0,75.8679083947504,86.48066209942799
ATH023,19,Defender,2026-04-07,Training,51.97159887221528,5.936444188729188,0.5242289581223777,5.536094515059341,135.96700887148282,159.50191824180905,6.726705165325975,58.92053637676496,0,0,78.97005752433633,80.59633480922473
ATH023,19,Defender,2026-04-09,Training,72.5884529944248,7.942317593796629,1.2418527916402855,6.531882222634572,153.3854301154541,177.97388117872467,7.248605566963328,58.0018907848584,0,0,87.00421486897982,76.83468760338518
ATH023,19,Defender,2026-04-10,Training,68.29454072713662,7.677837962161564,0.6788574295230737,8.206015822217493,162.72370722138578,189.81766160600088,7.407367878832022,76.21852750832949,0,0,88.37202368833508,89.84414542309206
ATH023,19,Defender,2026-04-11,Recovery,31.851817920572053,3.039585707159032,0.3589494934977718,3.5582883990810945,136.1939153786561,153.2210148872191,7.523068782459583,82.22272089898989,0,0,86.87245194133988,80.9811402517645
ATH023,19,Defender,2026-04-12,Training,82.09245185461215,4.19835728407675,0.6402090065109949,6.862812916128278,151.17384995736336,182.49777987949895,5.553728816871205,47.71530133350822,0,0,89.85245088637666,75.1080741092595
ATH023,19,Defender,2026-04-13,Training,68.70707865765357,6.995279743364289,0.6999919440946013,7.392990923601019,149.42714589924623,178.80452489100506,7.474671990869003,69.28200092902254,0,1,89.37794719358071,87.51476358500742
ATH023,19,Defender,2026-04-14,Recovery,41.501912961311234,4.126658892978056,0.4026853724145376,2.8489502429248064,128.5715355492247,151.75442208760012,7.644044290677781,61.7393148579085,1,0,64.10474852557971,81.25994974198738
ATH023,19,Defender,2026-04-15,Training,85.0807417990513,8.486766247173895,1.3631017198172262,6.764962388421308,154.27510245416008,184.20119570021336,8.821517827024234,75.7803654978745,0,0,82.9312812666768,84.07828737176374
ATH023,19,Defender,2026-04-17,Training,90.49772293673334,6.220679574193513,0.6606930208364306,7.178045035837484,161.54830850258773,189.16921275693483,7.118018231535157,75.81841441290014,0,0,70.47013310242748,79.06157456482178
ATH023,19,Defender,2026-04-18,Match,87.1621141749842,7.812739737748868,1.0059691883644344,7.996442897056658,164.80281028155377,189.90496604140253,6.720097310196274,58.22570097193574,0,0,88.24660870530452,80.52505023142616
ATH023,19,Defender,2026-04-19,Training,54.18908013457782,8.456569657263385,1.336150409534522,6.752716244785417,152.0855011397839,177.69105595366872,6.70012665463801,68.0102669509551,0,1,86.58556617584668,94.59507641774492
ATH023,19,Defender,2026-04-21,Training,68.75780772005407,6.966570530366418,1.015299026007624,6.8392781429709935,158.90295195524928,176.17670680717458,5.564968172776601,47.43252500415344,1,0,89.38508907111826,89.14558301514931
ATH023,19,Defender,2026-04-22,Training,84.34801419310352,6.704108530924837,0.646884134721899,5.564602031566538,149.01480169071556,177.31461837044571,6.802731476358652,67.97579076947945,0,0,81.75815521700824,79.73915131534415
ATH023,19,Defender,2026-04-24,Training,70.0356787742814,8.197275159199949,0.7040425313003377,6.933789271637748,152.9275821730419,177.3736207291337,5.739536054034156,47.73025156993616,0,0,87.22894817204052,77.65085397617688
ATH023,19,Defender,2026-04-25,Match,94.17926913967949,8.667042641509472,0.9995949891214598,7.862360241673237,167.19214796241735,193.8594679059414,7.9319471279846905,57.528461658089334,0,0,82.41299245809817,88.06480151188515
ATH023,19,Defender,2026-04-26,Training,73.6025028459603,6.90334996458295,0.9709395941488932,6.317287453242722,152.2132870020793,175.0061175345183,7.082479367061965,47.660384037961656,0,0,75.60305061909885,77.90753811371938
ATH023,19,Defender,2026-04-27,Match,81.4373624180974,8.264110800579603,0.8395200500104971,7.847942511169725,160.81187394296813,172.42639589472353,7.320938056553167,54.21140715274112,0,0,81.50140291066118,86.01322890703506
ATH023,19,Defender,2026-04-28,Recovery,42.74832077006794,3.318132984672477,0.48009468418770923,3.5379900969202143,132.7332897464263,155.74609614559245,6.028560652432718,59.77196311270344,1,1,88.15717566428705,96.57701650762748
ATH023,19,Defender,2026-04-29,Match,85.20875558188182,9.672593280611725,0.9549419381675658,8.023811657687098,165.11934756843326,197.93351287784526,5.691839438346187,61.797979144104595,0,0,83.21523270280633,89.17689487047099
ATH023,19,Defender,2026-04-30,Training,65.09327490724183,7.084539403208472,1.1163897886570342,6.963020798000723,154.09525308550047,180.38143646896873,7.040148212600812,61.57760220521365,0,0,80.95202457554853,81.8566990145532
ATH023,19,Defender,2026-05-01,Match,100.24056743983095,10.031199560185353,1.3569942601778997,8.60589202726506,164.17468149016753,196.5402138686045,6.092659427196111,56.7777768484286,0,0,92.11600146888057,84.98365301336992
ATH023,19,Defender,2026-05-02,Match,92.89748851541528,8.343693719141058,0.8762538984668149,7.989958503095133,162.4213461693169,189.7885896244129,7.774902871382492,77.90525005421962,0,0,84.09490339698581,88.51481079435409
ATH023,19,Defender,2026-05-03,Training,102.50711398157779,8.14932108665371,1.2923861602409286,6.773039706537826,158.47227425985704,187.51277162436662,9.193686972056245,89.55445969563831,0,0,83.77700535923852,91.66050152958638
ATH023,19,Defender,2026-05-05,Training,73.61779051504958,5.942303591248892,0.7261647275356262,5.713564399442131,147.00761656910433,171.66486808195833,7.597244472505638,72.60467431637944,0,0,78.79596976091044,80.33529975028759
ATH023,19,Defender,2026-05-06,Match,87.00883952252926,13.386348279575154,1.7041897320056,8.169455797830441,173.29894636490167,199.77916548280777,6.638799493721487,54.44916988925803,1,0,77.9686302692095,82.11674572681179
ATH023,19,Defender,2026-05-08,Training,77.2716463034453,6.475365910917567,0.976399441849039,5.398018747948344,138.0053039386734,158.6691611991259,6.353206126448794,48.899463359697556,0,0,78.47237510874035,77.61902938504353
ATH023,19,Defender,2026-05-09,Training,66.32752637156695,6.615439929298227,0.9281616018530995,5.281213376876097,149.9750773081126,175.98812326543774,6.675438362032812,64.40458959920049,0,0,89.74334316753527,80.67631940198073
ATH023,19,Defender,2026-05-10,Recovery,55.70006936177938,3.2718225015503433,0.2689607237770434,4.307683656248907,138.24237041162323,151.02943967719938,5.951232419505889,58.416403417009704,0,0,89.87726376580174,74.54317798921436
ATH023,19,Defender,2026-05-11,Training,79.43576923147558,7.9380759118234385,1.030440867249834,5.6063752808304415,146.1266711799743,176.19047829112296,7.210962154431472,66.70203084416315,0,1,74.40813135214302,80.23319201525274
ATH023,19,Defender,2026-05-12,Training,82.76263866976754,8.839337846773942,0.955388008498415,5.156253378096072,151.3145208650564,179.00455339603604,7.07572014559571,74.19630134159993,1,1,98.0,93.15572951043958
ATH023,19,Defender,2026-05-15,Match,102.00551540765869,9.205594661210286,1.0137841058137333,7.983392468290387,167.1171851462272,197.98596189302614,8.65053716789767,76.27857437912968,0,0,81.00285095943347,74.04474310152517
ATH023,19,Defender,2026-05-16,Training,86.92406813354354,7.284366685825488,0.6785389203356622,5.163095736791687,147.88530411156518,171.52009618592473,8.36321112534089,78.99965044824262,0,0,79.72683236284406,83.38604002760988
ATH023,19,Defender,2026-05-17,Match,77.94565757420852,7.0234374814156055,0.8876641490137669,7.9156807079559375,165.07395905381753,189.95954950121356,6.623896687524237,49.54916665979116,0,0,87.09553383490186,77.16591768835517
ATH023,19,Defender,2026-05-19,Training,75.88466268821908,6.818149388019417,1.000582207033818,6.260786764216237,155.7644031544587,181.10332061971206,7.142587764239605,61.451449160659756,0,0,81.19939098268634,82.05650359463316
ATH023,19,Defender,2026-05-20,Match,90.46681662973126,10.738098994242597,1.4364755999084413,8.899424704661467,178.95274332197155,205.0,6.066186223647451,41.52883866095691,0,0,85.75017027983066,85.1150127892917
ATH023,19,Defender,2026-05-21,Training,89.2815252260219,6.475092253945866,0.6578225499761555,5.633289844023661,149.6380027077638,178.69625150133334,7.955180634702583,80.85553885269036,0,0,79.94413661603663,85.65727619681596
ATH023,19,Defender,2026-05-22,Training,53.07384210616587,8.212157407146591,0.86072378359568,6.25952689536962,148.0339278326201,179.488644319254,7.4070072117046175,64.26375340603492,0,0,83.98516789718575,78.38115449066223
ATH023,19,Defender,2026-05-23,Training,56.7785212237456,7.535301917984564,1.0930266141756084,6.776949800774931,158.60729709570626,183.4795981048886,6.288720460552697,73.12170971155041,1,0,84.53248312774367,93.27225902067401
ATH023,19,Defender,2026-05-24,Match,100.55973590336328,9.454432523624265,1.5165126685855197,7.819144275257544,166.6867171379835,191.12341354933702,7.961214632332334,68.01241146973949,0,0,69.53675038151329,89.4122222266042
ATH023,19,Defender,2026-05-25,Training,63.29429424116765,6.829776863818371,0.6068934725565538,5.989120646710984,153.89235304379747,179.52144421844847,7.105838132193804,56.66844499114073,0,0,81.59275428794344,78.45757273772054
ATH023,19,Defender,2026-05-26,Training,80.25010215403621,7.035053841507333,1.1671386476273375,6.024130108086586,144.49777497594675,169.2019967070862,9.29646049586323,88.18849885186765,0,0,68.64875638625416,89.3931317355497
ATH023,19,Defender,2026-05-27,Training,82.18077873836127,8.249404795844582,1.311581468772061,5.595245382695153,140.47479225785537,181.69179097283205,7.771340301817946,77.43148366762824,0,0,86.77285913450869,84.69874868004943
ATH023,19,Defender,2026-05-29,Match,93.30039675907528,11.970928393289881,1.133353142362824,8.716101341801233,170.40089099897182,189.36525261546115,7.275856558173675,48.558090210875726,1,0,77.81639513707621,91.28356361874103
ATH023,19,Defender,2026-06-01,Match,88.85837451893897,9.611853132645535,1.1480370547843464,8.125278167301737,160.89084615190285,181.3513564764878,5.52881498990609,54.86161438453539,1,1,75.36177386688558,92.02675955963922
ATH023,19,Defender,2026-06-02,Recovery,38.358922130946745,1.5237129977640276,0.1353290256135632,4.066228609578055,131.51489386277217,154.8843793224452,7.89607731543889,62.751818064958634,0,1,81.6917842269946,90.37281531539873
ATH023,19,Defender,2026-06-03,Training,67.07913142214751,7.307529640846154,1.0833202265082735,6.576192455520646,149.83622978954233,168.81006656355405,6.846630468772303,69.10483948925113,0,1,91.20648903043545,89.65003998082203
ATH023,19,Defender,2026-06-04,Training,72.77690438060253,9.855607398038243,1.5643925899092803,6.513357262424755,158.685900864556,187.02633212215036,6.654232658446605,65.0914007121832,0,0,89.40288837903285,87.52715501874887
ATH023,19,Defender,2026-06-05,Match,91.13803852635878,8.856809440715278,1.3740889564134162,8.615720628313618,169.0726353156255,197.4023302684957,7.29351280444616,47.277621794163785,0,0,75.55581840751796,74.95829380652697
ATH023,19,Defender,2026-06-06,Training,82.7182778887549,6.309892643517636,0.9291485343516668,5.506811267313662,144.81087502129026,175.6931291144486,5.355287764080407,50.8466947764358,0,0,74.52261085452587,83.08902123705931
ATH023,19,Defender,2026-06-07,Training,68.98464889778526,6.827970796174532,0.7195469653154424,6.4213806022645095,152.5930136999414,169.3354178701862,6.242871796552578,64.75549787607544,1,0,79.76735445396942,81.41227519662112
ATH023,19,Defender,2026-06-09,Recovery,40.42958428461084,1.504510254761885,0.1781704832735271,4.049256390837365,142.79387381061588,169.82886774140496,4.5,50.989900651461156,1,0,88.19209656124525,80.07306522597978
ATH023,19,Defender,2026-06-10,Training,71.87841099835472,8.721878734057796,1.4457170568662763,7.688273396333056,168.6977202847314,185.34192621741562,6.895367384569678,65.01291205945546,0,1,76.33639698642234,87.35392512544936
ATH023,19,Defender,2026-06-13,Training,89.47220432201786,6.722129910108987,0.9036639502173484,6.45513650200547,145.52158331945546,174.1886306929119,7.120846431322646,75.86131257138652,0,0,76.54473331644118,80.75980103042417
ATH023,19,Defender,2026-06-14,Training,69.48866856110581,6.87950876894389,1.0448170585650998,5.7153145665022045,147.1178121369463,176.30070888506629,6.389710010560867,56.41920925716897,0,0,89.63090501625908,72.88041802550651
ATH023,19,Defender,2026-06-16,Training,61.14632590974984,6.8127795322020726,0.5826659135259042,6.0034039360616,152.5152266833044,175.9282346545969,6.734103335724256,67.15149364364214,1,0,84.05581938613618,86.11981429774882
ATH023,19,Defender,2026-06-17,Training,70.1786869600441,7.95247972603274,1.2092422796047653,6.7776113227127,139.32512737689657,170.75841973454067,7.2123667824361775,65.29099749615293,0,0,82.34959049762156,76.24572725452023
ATH023,19,Defender,2026-06-18,Match,89.99220990774027,10.160971327925129,1.454945809838146,9.28827023259102,177.5913068112472,205.0,8.012011764582793,61.58197979955366,0,0,93.47192942918488,76.85845582101557
ATH023,19,Defender,2026-06-19,Match,83.4334619372503,7.190627109719606,0.6762651560607809,8.946931346641309,176.66866463940238,200.75099529744594,8.856735298380976,62.546445178150655,0,0,77.93675795738767,82.63372885699305
ATH023,19,Defender,2026-06-20,Training,55.267434367468475,6.540491429696549,0.5509001958386465,7.117208332520247,155.23669596700086,173.1540848890692,6.871166966794173,59.84284536195545,0,1,82.12948889789135,85.60365009094836
ATH023,19,Defender,2026-06-25,Training,75.83065227572597,7.496042200732469,0.8342664914618136,6.378138143476838,153.98021460365914,175.98441327104368,7.572593527496192,68.47353775079324,1,0,75.81320414586462,87.2934863812582
ATH023,19,Defender,2026-06-27,Training,77.4100439685154,5.721944896673053,0.9092616435475159,5.975956427683808,147.8582904209457,173.2428134098948,5.885101368760621,55.08190907700892,0,1,84.31141970641379,82.41212513319252
ATH023,19,Defender,2026-06-29,Training,72.69351688949227,6.987496282371712,0.9450857862367162,6.201099116326076,152.77484563452575,174.50078025311112,7.55475760693882,77.76213871626695,0,0,83.2036191119867,82.71536774882993
ATH024,19,Goalkeeper,2026-01-01,Training,57.09001887984459,6.806129450999909,0.6581567092192664,6.365456871158945,152.72704605427302,188.62818000172018,8.54843087682564,78.35117950746393,0,0,89.26813858882413,88.80154462838622
ATH024,19,Goalkeeper,2026-01-02,Training,79.33659273361785,6.191381593186354,0.6505025586646673,7.4395667638923095,163.98488996048707,185.4731973463525,6.06086353838802,56.8197493389378,0,0,84.23109577047978,83.5944046590752
ATH024,19,Goalkeeper,2026-01-03,Match,96.47914087322448,9.182275385608481,1.5198210905450307,7.673475228774384,163.60370207655453,197.31919995243916,7.1570928801338605,66.4953715801522,0,0,82.2673072278264,82.8382302047615
ATH024,19,Goalkeeper,2026-01-05,Training,53.46281758538972,8.415121120230177,0.7112317729414851,6.5971958769893115,153.57295097724142,175.33103124718986,6.2733408960712245,60.269699633641125,0,0,87.42614687764008,83.49506986321438
ATH024,19,Goalkeeper,2026-01-07,Training,88.65271567282443,10.287721317749487,1.277883401095926,7.731465899772976,162.25467202389757,174.612599413648,6.054307852985243,45.404343303676995,0,0,85.50395072165801,85.3506799768096
ATH024,19,Goalkeeper,2026-01-08,Match,103.18612537217713,11.40831386709094,1.6652704318435925,8.721137704414641,168.98776522178642,187.9920729069079,6.991011651115387,54.039874512400125,0,0,84.93152068964562,77.81988805701371
ATH024,19,Goalkeeper,2026-01-09,Recovery,59.743174815095166,2.2498271971245445,0.3624647065948548,3.682753830198233,142.14785378122085,168.2810303057744,9.19626283805453,96.49537370297419,0,0,82.42921638796851,79.2682298514747
ATH024,19,Goalkeeper,2026-01-10,Training,95.49736043880097,9.753347670623215,0.9090740834271083,6.374661409295039,149.3200738687412,177.11734895654214,6.484282278994836,53.20851220166286,0,0,81.68637807250398,79.06228381948705
ATH024,19,Goalkeeper,2026-01-13,Training,76.10552914293723,9.127963030240139,0.7375025579921608,7.521662009539202,160.08299750354004,193.60047095406605,7.345207971163259,62.13625003779146,1,0,78.66808068674756,85.98648375552656
ATH024,19,Goalkeeper,2026-01-14,Training,92.2407102575208,8.014121652692484,1.2313584730913685,6.711106145056978,150.68178302942297,166.59516210431568,5.333219993552458,39.59467714715872,0,0,79.8235116703398,80.39582131471634
ATH024,19,Goalkeeper,2026-01-16,Match,89.29302318941524,12.592675748285798,1.5469002711974127,8.732558954401203,175.49350490047615,189.0561423506173,6.8319867157411585,59.18778988550532,0,1,70.73837814503993,81.97633680686604
ATH024,19,Goalkeeper,2026-01-17,Training,73.9195629417078,8.477885255108546,1.1788431376455073,5.994448649702059,159.52929982165702,178.58313774260685,6.6294870467816,48.86042106274293,0,0,89.17384398337059,74.71653553948676
ATH024,19,Goalkeeper,2026-01-18,Recovery,29.85996102259132,2.701500638361922,0.36645271064586504,2.992289510336767,141.36893411406805,166.36158496731056,7.706798132315442,86.90227206321532,0,0,81.93849633825918,74.84072061096755
ATH024,19,Goalkeeper,2026-01-21,Training,62.9232798234835,9.70788879792332,0.9963097223117894,5.575584500833025,148.69709709945187,175.8308845429359,7.809605004505977,78.74483424628548,0,1,86.54333100774417,91.98038544753642
ATH024,19,Goalkeeper,2026-01-23,Match,91.1340679512443,12.700781964447778,1.1512931255426977,8.100047340440856,163.14913251107274,182.78454131299785,6.668657816634584,60.39333739315916,1,0,87.26025776135756,86.10465428605123
ATH024,19,Goalkeeper,2026-01-24,Training,64.53754173856807,7.605234447764457,0.6976074395108972,8.629175346673865,169.91284820139674,201.1991834178417,9.5,81.4147667519995,0,0,81.1685302402758,94.27443352985296
ATH024,19,Goalkeeper,2026-01-26,Training,78.64307852591953,7.06630156591249,0.7090928446471464,6.747986322096716,152.46341932456804,179.12578828272984,8.962001877967046,79.13465813647863,0,0,82.35205247634845,87.21318385251386
ATH024,19,Goalkeeper,2026-01-27,Training,80.7463383710768,7.674422299595394,0.6810930805258508,6.637643016659421,157.7289302721568,192.8263033273077,6.256385999024652,44.15345452686119,0,0,81.90731776867544,80.78726770842258
ATH024,19,Goalkeeper,2026-01-28,Training,48.475155749364745,8.644055631561171,1.2741598882854337,6.262023350492298,147.72398640265172,175.2648671161048,7.209164588996908,51.24320396254951,0,0,72.51985531718525,83.30074663875412
ATH024,19,Goalkeeper,2026-01-29,Training,75.38842381083444,8.375219144322541,0.8602277086217434,7.874493654219183,163.24550870641,195.4211496945168,7.861909619694916,65.14664038622232,0,0,71.28748265609298,81.89512109398578
ATH024,19,Goalkeeper,2026-01-30,Training,65.20619033914144,9.308026042591507,0.8989798519100946,5.558579117723524,142.5111669085073,174.66171408919212,9.5,91.46526976056927,1,0,88.77327554124156,100.0
ATH024,19,Goalkeeper,2026-01-31,Training,64.23088006921431,9.388623431629446,1.5191545947764111,5.290912536328608,155.71131843921154,173.58965545000683,8.124329565475781,76.36250188831082,0,0,71.6141857902227,75.84361835566322
ATH024,19,Goalkeeper,2026-02-01,Training,60.08110310751168,7.4862283079043115,0.7383980880269944,7.801614624313968,155.99509216939384,187.81148932287797,7.686265083356093,63.31424022096921,0,0,86.81697347151515,91.48997758483996
ATH024,19,Goalkeeper,2026-02-02,Training,85.21906580156444,7.323100923467256,0.9000149477086458,7.02628246697443,150.23129842109887,161.62103888661272,8.223015619991902,60.903211613477694,0,0,85.84653843232434,79.08252708478312
ATH024,19,Goalkeeper,2026-02-04,Training,80.04406039261767,10.427859489995493,1.4472395829988225,7.304265741202434,162.79725513274826,187.40334190692133,5.720302317254018,47.94597650834754,0,0,72.97287110118721,70.73738222869072
ATH024,19,Goalkeeper,2026-02-05,Match,87.57728751874936,10.53610543851026,1.6353663617727052,8.966504987503699,166.88746821821212,183.5364771801291,7.096291293643124,70.68079272447346,1,0,79.81148048124909,94.24389944369234
ATH024,19,Goalkeeper,2026-02-06,Training,65.06847945189554,9.632849488005627,0.8857681071829324,5.810526170072277,151.00470716367641,172.7809629897657,7.463614301104767,63.10028693370775,0,0,76.5063414772978,67.9904991474592
ATH024,19,Goalkeeper,2026-02-07,Match,88.269204936694,8.557665471280105,0.9706443344561209,8.45202314693801,161.58924790594668,180.1027747064693,7.626462918219964,69.25343740258377,0,0,89.24937367438872,84.62308212583282
ATH024,19,Goalkeeper,2026-02-08,Training,73.87851995943154,8.762631599479732,0.9208484219976291,6.241242089991563,149.22681507814468,175.95393945884268,7.933292219924433,82.80557019014847,0,0,72.92738932613636,83.98027420936658
ATH024,19,Goalkeeper,2026-02-09,Training,81.0707712935887,7.387042535556983,0.6280049651191644,6.00854637244933,155.03174487588262,173.37870297682022,6.647400782796029,66.85243190906688,0,0,82.66263076955043,77.76159972577493
ATH024,19,Goalkeeper,2026-02-11,Training,67.4050273673318,5.812705159184002,0.7213770249454887,5.609085910442054,144.56690645809803,173.99532964400362,6.060619457955012,58.16410430473888,0,0,73.58646045669803,87.40036343823768
ATH024,19,Goalkeeper,2026-02-12,Match,89.81890408833895,11.189388771010783,1.7710267019758559,8.044466578336614,163.83997254432484,197.97354648774217,7.571843689164514,71.70029284419209,0,1,72.58663601742506,86.93176041610232
ATH024,19,Goalkeeper,2026-02-13,Training,63.35243794512272,8.683277118010436,1.219609460011737,5.559621805143296,150.98699533656352,178.47788673052972,6.609925036438697,66.60675197107763,0,0,84.89588866134547,85.51928770999669
ATH024,19,Goalkeeper,2026-02-14,Training,93.89125264187669,7.032771962870716,0.9273102829592896,7.648929069223181,166.25882302452868,193.3089603013416,5.746876535495496,48.116303755892474,0,0,75.96495705437971,80.94265816929097
ATH024,19,Goalkeeper,2026-02-15,Recovery,34.40409958531353,2.8915860322868276,0.48440543168229316,3.6143555052153538,137.1111979060532,158.83923203169584,7.768757365341921,62.700553482701274,1,0,73.53184663785133,80.30247284261723
ATH024,19,Goalkeeper,2026-02-18,Training,67.10065217906175,8.320522997549373,0.8667858934629566,7.937701307356862,156.354868425429,179.95292591896978,8.131516404224053,65.09004014521504,0,0,85.99764763571216,88.4108571839609
ATH024,19,Goalkeeper,2026-02-19,Training,73.2468355286292,6.6908653362842925,0.5711340752557826,7.678094468360996,166.35943890852775,189.33619986990269,6.065208309178863,55.706182580199865,0,0,80.28245566156843,83.03170496756721
ATH024,19,Goalkeeper,2026-02-20,Match,101.66661844125439,10.647727413725686,1.7970369792078869,7.799687194489689,168.61564326542583,199.20058162397137,7.651304615396691,75.65747336290394,0,1,80.77382937494431,95.50404520104634
ATH024,19,Goalkeeper,2026-02-22,Match,93.06674638005698,12.593795464448213,1.6515411416934649,7.749819213372568,155.45062797519324,180.9106795713068,6.205269996055109,62.02866439416556,0,0,80.41683823952383,87.47349922344782
ATH024,19,Goalkeeper,2026-02-24,Training,89.63778973392365,7.650573175758347,1.1533545518856567,6.93329712221373,153.60288482571067,180.73470127688648,8.106830856647187,59.04398502097837,1,0,91.935137669622,96.2427374181042
ATH024,19,Goalkeeper,2026-02-25,Training,87.88733991574497,8.666177092830488,1.016279854563649,6.61414591877328,157.14883015457585,179.0909575570255,8.26966177948227,79.88578449260879,0,0,93.29882703763579,86.51648176268736
ATH024,19,Goalkeeper,2026-02-26,Training,57.91886970916101,8.744386645477325,1.3528169672691734,6.517055886349139,150.39939385672338,177.2538806014116,8.014050853334671,81.56503777444165,0,0,86.67563158991014,82.72555926556028
ATH024,19,Goalkeeper,2026-02-27,Recovery,44.395394365390075,3.3879934012494846,0.36772769476696543,3.5018734836808187,145.58016030258926,172.29538664337997,6.0491599438433905,53.29988000909389,0,1,86.51654423792691,77.79368488197301
ATH024,19,Goalkeeper,2026-02-28,Training,82.54191433727266,9.593487849429403,1.5921077265193722,7.513191442903987,154.01786964248006,189.67443074028594,6.688942733510081,59.60122435021557,0,0,80.46841557822248,80.72272260637533
ATH024,19,Goalkeeper,2026-03-02,Training,65.73383705925048,9.116946696014045,1.5402271404281518,5.102946267007335,149.00604195251123,167.17782030565994,6.012494684422728,48.52484713875198,0,0,83.98743725532476,79.75162720354082
ATH024,19,Goalkeeper,2026-03-03,Training,79.447192931962,9.070424713088684,0.8648896707708322,7.561573591739237,156.26977211767144,188.7227487147472,6.468515509553524,53.21002493073267,0,0,83.30472572761013,85.09006821292384
ATH024,19,Goalkeeper,2026-03-05,Training,78.04038718254695,6.559049346798951,1.1112530865875627,5.7365982451012,145.35252866224312,169.78671772748055,8.576626788443122,78.445868061887,0,0,70.58725408857788,82.0172941328174
ATH024,19,Goalkeeper,2026-03-06,Training,83.12204672115578,7.815036810620966,1.1186000052535379,6.67388048445607,159.93130675775924,181.23868133287127,6.264110455730091,50.36478583325509,0,1,75.61334319272103,75.4110942495891
ATH024,19,Goalkeeper,2026-03-07,Match,99.5605085526682,11.582715961056614,1.2437697989984198,9.232639767001194,175.15453913586276,193.90451679170266,6.668490943898328,46.32448797681012,0,0,81.45519248788979,83.7111439422361
ATH024,19,Goalkeeper,2026-03-09,Match,95.76896745009775,9.161846076967452,0.7400681381990808,7.957646115339149,161.07643875878486,189.41581476138813,9.185104109512347,83.76968386138395,0,0,78.2592987518758,88.72538902761124
ATH024,19,Goalkeeper,2026-03-10,Recovery,40.25106698480817,2.902729044619465,0.357942112464319,3.55242473318678,133.77772919916052,157.81754565711478,5.620056440281723,66.32551089895799,1,0,82.96242992241369,89.87318306626511
ATH024,19,Goalkeeper,2026-03-12,Training,58.86106245530744,8.830990889445145,0.8081684625092759,6.802731287177266,150.77895404907298,181.88579949179388,5.378363542876781,44.601490331804236,0,0,78.92311287268139,81.01261233981779
ATH024,19,Goalkeeper,2026-03-13,Training,66.79965478600941,7.560983970851557,0.7813182206788633,6.595606921985222,152.94975073495266,178.80716589798072,5.459782705993568,43.8787979534871,0,0,85.24150529714191,82.92587650155234
ATH024,19,Goalkeeper,2026-03-14,Training,79.89909247219505,8.61145295264578,0.791758314569338,7.003268253478488,153.99056194892728,177.6231196474243,7.288669580540633,65.25547723014512,0,0,83.52762497016307,79.08835119359004
ATH024,19,Goalkeeper,2026-03-18,Recovery,40.93454365387673,2.9609349425098466,0.412875759863002,4.203399706947719,148.08204118099417,175.5243097669578,8.295817419868495,73.97119977652221,0,1,75.2332281983038,81.59869803362362
ATH024,19,Goalkeeper,2026-03-19,Training,68.8835233898012,8.823977931582276,1.351796546035612,6.564265371613716,157.823626630461,189.8140188162596,5.536087238422947,48.48532574423228,0,0,90.07922478627266,80.14338951192245
ATH024,19,Goalkeeper,2026-03-20,Training,74.17125574307563,8.795187519062592,1.4249017510261748,7.074345870141092,156.3405285683892,180.5725710527576,6.7182402028785475,45.60108112456824,0,0,86.6505752658581,76.5423576529577
ATH024,19,Goalkeeper,2026-03-21,Match,89.51183822745423,11.326646803533809,1.5076852858897083,8.302304548217137,160.9956364045294,180.5216618712446,8.03580277705248,63.75817118494477,0,1,72.39778183321931,89.44894526869898
ATH024,19,Goalkeeper,2026-03-22,Recovery,46.97341198436,3.812094495500337,0.47230928699575236,3.296927593091222,132.64876207237995,162.49023110479155,6.207554689588566,59.73286964825083,0,0,89.3421616389897,75.14590826133427
ATH024,19,Goalkeeper,2026-03-23,Training,63.56879371716495,4.814196310435243,0.4028132376526879,7.742830043861861,164.6105844902506,186.15665053968922,6.592349697776293,62.65217457528971,0,0,87.74352808610685,80.82847232247755
ATH024,19,Goalkeeper,2026-03-24,Training,56.59757257467362,9.185181280039785,1.5168666650493892,8.206849581240707,168.3929410088916,188.74521030601903,4.621166735341617,23.602455868520817,0,0,77.29340754099529,80.31765608940024
ATH024,19,Goalkeeper,2026-03-26,Training,83.33146350599586,8.585507631912279,0.8123241880005002,6.8856849214579885,159.00377405522573,182.66464857071816,7.385434963676471,67.61565706673879,0,0,90.03083713960888,91.41566738215056
ATH024,19,Goalkeeper,2026-03-28,Training,61.52358331859388,7.607545358000232,0.7873633590275706,6.297210161835255,143.64774582546664,177.21010224916859,7.511501388722728,73.2541367271026,0,1,89.93618720642965,90.09628919288565
ATH024,19,Goalkeeper,2026-03-29,Recovery,45.84570852497674,4.300139146282589,0.4885211069132306,3.889784874953442,146.02735546981492,168.57650725325414,6.619080756765536,67.3203123256444,0,0,75.42219613105941,77.01518803648513
ATH024,19,Goalkeeper,2026-03-30,Training,88.19247342946412,8.057080009247498,0.7001600941088502,6.757203906130631,160.45636440359206,184.27731160986048,9.443340831290698,85.98789859772212,0,1,89.59103194579552,82.62864836160006
ATH024,19,Goalkeeper,2026-04-02,Training,100.06146400992982,6.997555628916295,1.0850340567687045,6.897731528812277,153.5515120302902,172.54410955478056,8.168366068691247,71.65853726440346,0,0,86.80601322413428,79.71148235944985
ATH024,19,Goalkeeper,2026-04-03,Training,84.4085920394833,9.292407113923485,1.4694817792131998,8.486584314487368,167.21540309837047,193.85100139310572,6.104518934188278,36.96411839829399,0,0,79.06295990740949,77.25950820580792
ATH024,19,Goalkeeper,2026-04-04,Training,76.83342445623308,8.46950168945592,1.1252907770087799,6.845055482967246,153.59686944981542,179.36237130478113,9.5,89.63978657197487,0,0,87.79544802631655,83.90976818820121
ATH024,19,Goalkeeper,2026-04-05,Recovery,34.14077624363912,4.193289299106988,0.602385503743891,4.525172954531469,150.72032852732255,189.17208890874355,4.816665505832399,45.10991696747114,0,0,81.84515868348619,74.21767883028703
ATH024,19,Goalkeeper,2026-04-07,Training,92.2903073874209,7.673514331002924,0.7397806802197898,8.081317893414939,168.49725112108882,187.75887305354632,7.568774211542993,66.98505171015076,0,0,80.2798576616896,79.46108564023417
ATH024,19,Goalkeeper,2026-04-08,Training,85.84659414584277,8.52667807531087,1.0740219752249118,6.507750192407151,152.61363284219448,186.09829876597422,5.912928150333782,49.075456709746554,0,1,90.4970398590031,85.44380753764106
ATH024,19,Goalkeeper,2026-04-09,Training,38.86179564244195,7.976800013443817,0.8469981849071972,5.849575865049118,150.94328005884128,174.2692624508722,7.50229763759315,69.54116423818961,0,0,92.67909420153975,89.7997486302371
ATH024,19,Goalkeeper,2026-04-10,Match,90.59341764636221,13.266983008983567,1.9122277113275996,7.877231478427766,167.746696216936,198.1388281739977,5.919520638555108,56.0978024425903,0,0,87.92604508271256,84.72147509983483
ATH024,19,Goalkeeper,2026-04-11,Training,75.11163343668481,9.157220932009324,1.120759050763862,6.4313021992250405,154.71449328497147,172.6269952926752,6.624040472256884,56.78920507436097,0,0,86.31986077707711,83.86211251182385
ATH024,19,Goalkeeper,2026-04-12,Training,60.35963717378257,6.0276523327605736,0.5512577179641525,8.22720309567145,162.25909861767565,177.471603268955,6.3454504465356685,57.1770031060689,0,0,83.58188945103984,76.28859873695224
ATH024,19,Goalkeeper,2026-04-13,Training,81.00571079244611,9.664851069250565,0.8240198981427926,6.800698933461982,157.8607986828398,186.03512292432984,6.249390339278243,65.31086182450935,0,0,74.36838480901125,74.24412213608753
ATH024,19,Goalkeeper,2026-04-14,Training,82.25014907044634,6.844506538289213,1.138810418536247,5.635794978990469,147.7565420989641,168.3333762518146,8.778698175229527,79.68418585823623,0,1,76.69918723400995,82.20024286760105
ATH024,19,Goalkeeper,2026-04-15,Training,82.33577215678439,6.509845462103105,0.644798804920611,6.543356518942343,155.5185599771863,181.28279471176694,5.6499941497803405,41.65449143224476,0,0,69.75558847465928,79.92412601067835
ATH024,19,Goalkeeper,2026-04-16,Training,78.5036402966437,10.835444456116722,1.559040373842272,5.906309504559892,155.79655278825052,187.85018218501114,6.720778430235277,44.09768198149192,0,1,88.12018192519781,81.85797836027132
ATH024,19,Goalkeeper,2026-04-17,Training,77.97259496113296,7.868606518750398,0.7994515010429949,6.612122668700287,164.85588144731014,186.26996587396658,5.666488480495745,47.72653413313532,1,0,77.6853045647758,93.44767815751021
ATH024,19,Goalkeeper,2026-04-18,Training,69.27511354363304,6.88740547652529,1.0443995091726601,7.717558296792066,166.62301623128653,193.19617536046886,6.354866725656578,57.02556770670487,0,0,88.43626783121299,79.75125597411765
ATH024,19,Goalkeeper,2026-04-19,Match,92.48984273150303,11.835343565377114,1.7197135287098613,8.237372548027528,167.0638055095162,199.38414578745875,6.8281955851553855,50.883384453666515,0,0,91.42207782706924,71.3731624375592
ATH024,19,Goalkeeper,2026-04-23,Training,79.4282803934997,7.067808363187131,1.0355170095547837,5.924923044729207,149.43308646331067,176.69155492340064,5.93802781182341,57.09110452868915,1,0,90.73793392935823,88.76646067709972
ATH024,19,Goalkeeper,2026-04-27,Training,57.782442951534954,11.151436050652556,1.0449072138866735,5.485948346878059,147.39585751522745,168.11780403080206,7.1887836217570245,65.35545185860973,0,0,82.79418369721866,78.76281622055734
ATH024,19,Goalkeeper,2026-04-28,Training,85.8825072992755,8.021247976164227,0.8310462482267424,6.899710900711475,164.45765877524573,193.48870445194498,7.0699513298658525,57.913380614014244,0,0,84.9350705543038,71.59694145390324
ATH024,19,Goalkeeper,2026-04-29,Training,90.68608163301751,8.664257354202368,1.3351958345696449,6.8538097801947835,160.57070829520745,181.69115837959032,4.803353801510822,42.103970903811955,0,0,72.58597753554437,80.83844415775482
ATH024,19,Goalkeeper,2026-04-30,Training,83.28666725176907,7.979977927968178,1.3545397008746902,4.758156025199608,145.78830728939099,176.7194821584896,7.862031989906499,62.4145216955736,0,2,78.38799733092627,90.61842298272389
ATH024,19,Goalkeeper,2026-05-04,Training,81.70280495724474,8.51695882711214,0.9155152068158631,7.451507726573205,163.91045941001468,199.70228819462272,8.490580366144812,83.41091177726902,1,0,84.76248030149526,94.9517707553318
ATH024,19,Goalkeeper,2026-05-05,Match,97.75462671000605,9.982104875899289,1.2133643598601087,8.350258276937687,162.25997639048492,193.39272635526515,7.071770960611591,60.51768056229279,0,0,85.48487212102899,83.83858229455889
ATH024,19,Goalkeeper,2026-05-06,Training,74.56450817537934,7.878048213652307,0.793860553295875,5.640418676412253,152.4463232812026,164.03908560536885,6.4048710694515965,63.33751227301775,0,0,77.99403018123554,73.97785635636878
ATH024,19,Goalkeeper,2026-05-07,Training,66.83159895558667,7.915833188399705,0.6764083439463635,6.946207275980435,153.05244836240104,179.84035434698018,7.461702353842026,66.1359320895867,0,0,87.63236593231241,82.48099880650344
ATH024,19,Goalkeeper,2026-05-08,Training,73.52780567615322,9.32928129457531,1.3896088352364258,5.968188156379299,150.10971136684464,171.6009755932012,7.07778147569511,64.30515424468368,1,0,89.60287877978783,89.66413305643353
ATH024,19,Goalkeeper,2026-05-09,Training,49.13229200087394,8.315029201683515,1.2389840050919125,5.425879454393465,146.04780897488553,174.25792218706195,8.221067768774095,75.20561667201311,0,0,87.51409312167645,86.86408089166046
ATH024,19,Goalkeeper,2026-05-10,Recovery,54.16839926052934,3.03630177204359,0.29467983806657105,3.2776731725095516,139.74921283992677,163.50013572349917,7.305063847546986,78.21175024351582,0,1,86.51831567417989,80.91433351053853
ATH024,19,Goalkeeper,2026-05-11,Training,66.86526352692927,6.820193093596702,0.8231979400025994,4.96629932104772,144.31608293207722,169.30396864921101,5.977070895255442,53.36007020168819,0,0,72.25778937681044,72.70499634168895
ATH024,19,Goalkeeper,2026-05-12,Training,79.03591121003855,7.8840479554699465,1.2879881981195225,8.269726735151984,170.81276573846537,195.65639076836212,6.53524669839777,60.32109436915691,1,0,68.01832510006919,77.3242662121645
ATH024,19,Goalkeeper,2026-05-13,Training,66.84431215116709,8.875397107000314,1.0636410248488464,5.269790195446328,150.13482490023114,174.46603895893963,6.290516379287913,64.20425309022508,0,0,77.66477436568428,80.75472125284995
ATH024,19,Goalkeeper,2026-05-14,Training,75.47736327129181,8.402280561365698,1.2345831089015038,6.470990747139473,150.40996648749626,181.67620408758003,6.471664955216432,50.538962835443186,0,0,78.82408812729058,87.62174637369455
ATH024,19,Goalkeeper,2026-05-15,Training,60.91926798799358,7.76906406207525,1.021981941976621,5.295476342562121,153.9245917524986,169.88191167544565,6.691058407920417,58.977925363460855,0,0,80.26741271520804,76.53111345619136
ATH024,19,Goalkeeper,2026-05-16,Training,66.2926695297158,8.258303146540488,0.9186245457514467,7.181927738003249,157.66688155360907,180.93040561502443,6.626397615655915,64.21009370632571,0,1,87.27884512494654,96.15929276438091
ATH024,19,Goalkeeper,2026-05-17,Match,90.98387062417176,10.552043747697242,1.3466597593999081,6.901803849726286,153.38528862253216,165.82527651611449,6.715237796597412,70.04492609435161,0,0,80.85104151989245,87.61280789859482
ATH024,19,Goalkeeper,2026-05-18,Recovery,48.91106166147198,2.706948993246681,0.3854102223428047,2.6041599055090714,138.30879607697292,158.03066516408018,6.5295875282489115,65.7863115733847,0,0,81.70360192238078,79.04382354071402
ATH024,19,Goalkeeper,2026-05-19,Match,87.93972316476693,12.15793869104577,1.4646674078814261,7.838243296588991,157.97327548788158,184.55729846353594,6.950870688299918,75.72346753683149,0,0,74.05519625381727,80.45146206042277
ATH024,19,Goalkeeper,2026-05-20,Training,89.80929775163187,9.036990544109633,1.3416952082087747,6.959054546753144,156.65443835078315,173.69075132950007,7.700194932233632,66.36885470239666,1,0,79.95110141756491,89.40249985561562
ATH024,19,Goalkeeper,2026-05-22,Training,59.67596539461685,7.726544235927206,0.8386141329152546,4.583206018610578,145.08855875161342,160.5436365446704,6.252260938854707,58.57111858683972,1,0,88.14979057482444,85.05180219341621
ATH024,19,Goalkeeper,2026-05-23,Training,69.49749093307454,7.617908369042717,0.694968916614594,7.747537145982321,161.87740983544697,181.93782694428805,7.590987141506262,67.25535655821908,0,1,87.85064746016663,87.04537575202107
ATH024,19,Goalkeeper,2026-05-25,Training,69.49608958158947,8.356510749635268,0.9762394097357239,6.843451750204314,155.89338287843137,183.46108442106157,6.372375840798728,50.79260136475429,0,0,87.10550280768231,77.12944100173073
ATH024,19,Goalkeeper,2026-05-26,Training,79.52395230148252,9.793841776973274,1.5356827349942008,7.368466965328946,161.87815325265382,180.61117870950886,7.042694901936879,53.120966976869234,0,0,76.37046408220607,73.23928332964529
ATH024,19,Goalkeeper,2026-05-27,Training,70.99007551629703,8.12344955259276,0.802853079608788,5.191887578621204,149.60180073589902,168.98490735472475,7.03803058873436,60.06062089108095,0,0,80.98577969964467,77.81156215392903
ATH024,19,Goalkeeper,2026-05-28,Training,75.16593303685106,9.192226840826285,0.8181632008513516,6.502192572226977,152.15328161643671,176.37179678481195,6.155310820931147,54.149815779433226,0,0,81.34745377301333,87.91833285881665
ATH024,19,Goalkeeper,2026-06-01,Match,82.16577455899586,14.254223861853967,1.2251663408350244,7.210714072962093,155.27458294771247,177.83457797412882,7.818581537675332,72.75891194202292,0,1,83.25427814764163,100.0
ATH024,19,Goalkeeper,2026-06-02,Training,71.1856951347698,8.715257398571202,0.7502542635325434,5.575237413030545,160.39985428257515,181.01725408019882,7.1263490652084664,65.58569111816944,0,0,83.99092292928339,76.224078049046
ATH024,19,Goalkeeper,2026-06-03,Training,71.08701514524374,8.948627329235554,0.993938978259678,5.716083597536956,151.7841828108336,181.02871981094728,7.641335221383377,67.2414769577871,0,0,73.38358221537815,76.42514275950421
ATH024,19,Goalkeeper,2026-06-05,Training,62.886233821356186,8.659032003032289,0.8055064309327531,6.272113278486257,155.01092796546155,178.0949411644265,6.576967962280603,72.07559096879271,0,0,84.35545406133036,76.19646528268228
ATH024,19,Goalkeeper,2026-06-07,Training,61.67085140422098,8.803006723945515,1.1103118718074667,6.4209724012568,161.2544271972907,188.54906161712907,7.650955714640515,66.88965064051499,0,0,75.28247405387472,79.99368331566166
ATH024,19,Goalkeeper,2026-06-09,Match,100.96737767820295,11.366205040607326,1.6087555399757127,7.922156212088863,167.0565628187369,199.53912578877126,7.1441064160269345,69.99408672347647,1,0,87.27216203734108,93.05992123675257
ATH024,19,Goalkeeper,2026-06-10,Training,71.14165873277061,7.356623103501077,1.142771381115284,6.297078797315228,161.63253783828182,183.50708989668644,7.459546679510907,63.74580027579653,0,0,81.80992283822725,85.04468659293714
ATH024,19,Goalkeeper,2026-06-11,Training,67.99801005564386,8.123055902680578,1.3785388269888332,5.526808493035087,148.16467461711883,173.28042752253268,7.778596205050266,72.57336022253847,0,0,78.10705026996803,85.29486981164239
ATH024,19,Goalkeeper,2026-06-12,Training,66.00866355095431,8.332738170915071,1.1633564272909291,6.964750456643692,163.27404809740435,187.11885104513257,8.719200385542813,77.35491716969067,1,0,71.85049537757507,91.99037054363664
ATH024,19,Goalkeeper,2026-06-13,Training,71.97147250480019,7.65882441512944,0.8311931703209758,6.802463700261092,162.2268802149831,198.9764529286743,7.416381512845189,78.61595967634251,0,0,75.63508513278468,86.87983577587013
ATH024,19,Goalkeeper,2026-06-14,Training,88.31528468261737,7.551393402643684,0.8670612408072631,7.355350024607581,160.53818943672727,181.23884476789345,5.707485818390215,39.532720482801786,0,1,85.21060377120934,86.39573596263372
ATH024,19,Goalkeeper,2026-06-15,Match,94.33992001811349,10.189470846981676,1.2906847080561143,7.565035301344863,160.20688943180022,171.35667740764885,7.707850606698855,57.890050047210494,0,0,82.42805586407361,72.67416295336724
ATH024,19,Goalkeeper,2026-06-16,Match,96.65868460287008,12.428881957751399,1.0149341504271423,8.13206575031043,165.97068555434024,190.70630390052446,7.527005554355772,62.48772669202248,0,0,86.64110687601557,87.06648109721613
ATH024,19,Goalkeeper,2026-06-17,Match,91.23721358511617,11.074640212871694,1.6235028418927133,8.696389090716895,172.07869055242506,187.01914924228916,7.750654352060758,74.32786314949249,0,1,74.30220463328115,90.09202436375577
ATH024,19,Goalkeeper,2026-06-18,Training,57.72366244617399,7.74523541009715,0.8195624744977918,7.59430405270605,165.09743708306624,182.21825241706077,7.068223704332073,64.8096022846976,0,0,78.13012009872791,82.5225788831073
ATH024,19,Goalkeeper,2026-06-19,Training,69.01209278382979,6.4837079438664125,1.0783810618943817,5.907516051436112,142.5684840754092,164.54692853526305,8.280416530024803,78.03492489941982,0,0,79.24025415440065,86.26385791687957
ATH024,19,Goalkeeper,2026-06-21,Training,84.10666275665125,7.948968916499847,1.0110316263378702,7.072055266225452,157.40613886539404,183.66904544163557,6.0509866982480744,52.91169444366305,0,0,92.17626409682872,82.38658682301323
ATH024,19,Goalkeeper,2026-06-23,Training,74.41095126316186,7.158217045456838,0.9005756391803599,5.772962760818541,151.5369678013962,177.22048714175622,6.315421582017673,57.73229155991648,0,0,82.22185400149368,71.49029723867444
ATH024,19,Goalkeeper,2026-06-24,Training,75.9500697966037,7.144843708511406,1.093107716831084,6.941339085144167,151.90337959535944,178.9230775518356,7.753990263988142,79.18982332120957,1,1,79.66079033286042,89.03707897800415
ATH024,19,Goalkeeper,2026-06-25,Training,64.13213714734896,7.012581962769021,0.6405943345172814,3.278743921247577,143.1687964467764,168.34315886056407,6.475134112813037,53.85437071770417,0,0,79.63239953759056,78.3427649479441
ATH024,19,Goalkeeper,2026-06-26,Training,53.511804890143424,7.796363997718609,0.8626804483848419,7.331995006898726,159.53190359458702,182.08810309386638,6.617793292654314,55.57075122965032,0,0,67.58824186185498,73.79544403058284
ATH024,19,Goalkeeper,2026-06-27,Training,95.19420575469097,8.25988281248874,1.0389848928018126,6.434971706767048,159.25238269507747,181.2127479513235,7.695805488716804,76.19359095031953,0,0,73.61133808336207,88.50904916962725
ATH024,19,Goalkeeper,2026-06-30,Match,75.81503153451565,8.965700735444424,1.4592189673039104,8.248532271525871,160.3526962426729,182.95025373711033,8.563506444161153,79.98660736067777,0,0,87.76906854697192,90.45349137088445
ATH025,28,Defender,2026-01-01,Training,80.19437098586873,8.059445650672867,0.6458553032515755,5.774509884538447,148.50143532570814,168.83678788402295,7.823503101023386,69.11214363247261,0,0,82.02259115752656,85.12457413237802
ATH025,28,Defender,2026-01-02,Training,75.80294240197755,7.580131618366967,1.2599177661113303,6.967646303811111,166.27039011262357,201.7531595056909,7.96609061792427,68.15258155808071,0,0,86.54433806361561,91.63372816943038
ATH025,28,Defender,2026-01-03,Training,79.65100084202689,6.687750900903475,0.8778714174794535,7.048223237485323,158.97521927099896,194.40735846023932,7.212232607258371,66.16183334987267,0,0,72.91354462899449,76.3088016280546
ATH025,28,Defender,2026-01-04,Training,83.33642820066166,7.969543057208092,1.0126637008464818,5.434715205492071,154.25921835948105,182.4295192937193,6.861569976565035,61.85975747468121,0,0,91.81001040348787,82.33645054465926
ATH025,28,Defender,2026-01-05,Training,65.02104709929121,7.660285718243588,1.1436519934014624,5.642637888465849,149.3188804474432,172.38758085388926,5.936337367424615,51.17022874151743,0,0,71.22064946008982,70.37735947428214
ATH025,28,Defender,2026-01-06,Training,77.80541129792826,8.116786571950083,0.6713618101495855,7.750122435907325,156.59428851761905,187.27363501406677,7.316526735643831,62.01554530074728,0,0,81.14854089437854,72.09342704970507
ATH025,28,Defender,2026-01-07,Match,90.87352505405805,9.678749773465233,0.9241631764921739,7.884791678817785,148.54477945686088,172.15922755233024,8.688302182827995,77.11037578592577,1,0,84.98215497461122,84.23812246775339
ATH025,28,Defender,2026-01-08,Training,94.22628453354878,6.280774346989297,0.95895767732476,6.861720777300083,147.71779166349222,168.33471661907024,5.80822830993688,49.5876941369034,1,0,80.27491738574244,86.09981079676994
ATH025,28,Defender,2026-01-09,Recovery,54.72579135426613,3.5030898608052903,0.5387268762328494,3.257364304842574,139.73120322861107,161.40335474837414,6.802829438247235,80.1512107401235,0,0,84.08835733195872,78.67540242480155
ATH025,28,Defender,2026-01-11,Recovery,46.91905794243028,3.678221793897061,0.34523014300827815,3.7354565591180546,141.5442187858764,164.33085189628449,7.0546279627235915,50.40923565631646,0,0,86.0263923981241,80.59837035398246
ATH025,28,Defender,2026-01-12,Training,86.10559698533007,8.778041781994636,1.240271568933959,7.020767261379334,153.57530305289305,171.92693809419208,7.248888996081392,54.76526729264155,0,0,95.04551367412974,81.151294986216
ATH025,28,Defender,2026-01-16,Training,81.40508815182721,5.549622169626967,0.6124669758105574,3.6437213557238723,134.63624912809863,149.88681610905488,7.61121121406487,72.67903113910808,1,0,86.95814701812685,93.8216652395518
ATH025,28,Defender,2026-01-17,Match,92.17377164490789,9.834412630532414,1.0323067751115826,8.87072590626717,159.31140586756916,182.95272773266854,6.751638253997746,44.98984061859329,0,0,77.54032997137092,86.65740232941809
ATH025,28,Defender,2026-01-21,Training,85.06860466372625,8.822757268859121,0.8151736706446459,8.58029564315216,175.94156504765965,194.96766272254288,8.354451909544464,55.495693871188635,0,1,83.6517841035608,91.95311442890747
ATH025,28,Defender,2026-01-22,Training,77.48481731023506,7.34149168986816,0.867151702355878,5.7474957625878105,147.16932525528432,172.04886806433387,6.280586332293444,56.12483532151864,1,0,79.2644367287488,91.36167079173713
ATH025,28,Defender,2026-01-23,Training,65.90299598240846,7.770955975020134,1.3084102512384939,6.677032822760353,152.26324771574733,161.7422167499171,6.655088855227726,60.51229642102071,0,0,80.72889275138796,86.2051538101107
ATH025,28,Defender,2026-01-24,Training,81.45106829394038,6.279650069952678,0.8777540277079593,7.01946705847542,158.11772934701753,180.2014468615923,6.872048303525987,60.28588122586487,0,0,87.35193843835947,82.17472491592255
ATH025,28,Defender,2026-01-25,Training,86.94684991334346,6.641008454801488,1.0461959810256605,8.126035144018655,152.27245980440742,185.84989997265944,6.696109249978123,53.62287868612741,0,1,75.20041582578588,80.57263522772142
ATH025,28,Defender,2026-01-27,Recovery,43.777734367974396,2.003551859551629,0.21970266596160137,4.53241317384213,138.11961278184788,166.21343592201782,5.667440838051853,63.59912719276465,0,0,80.26362216688196,86.40538563721397
ATH025,28,Defender,2026-01-28,Training,41.80574234663642,8.878498480564188,0.8556492538953645,6.422940432446623,151.23597902533064,176.76336919547586,5.9187644475804095,38.503517593276726,0,0,84.50589288539909,75.54663048386962
ATH025,28,Defender,2026-01-30,Match,97.71615448348153,11.783619907030733,1.3330600245508704,8.164154838408024,160.66683763329826,193.29076065255555,6.198492840039198,48.6946558166367,0,1,76.88175788469597,84.47602283824736
ATH025,28,Defender,2026-01-31,Training,77.0606255536628,7.341659077699328,0.6497953765026419,6.375735391110947,149.61092003023222,181.08106318193154,6.9008537241662475,58.14742872848681,0,0,80.32231129955325,88.73162113415789
ATH025,28,Defender,2026-02-01,Training,68.40817233442914,7.7794045907895,1.3162738994199594,7.049526488680531,149.04596283804057,177.11974812739325,5.805817353656443,41.390225632107615,0,0,97.85275591127444,83.96181823199372
ATH025,28,Defender,2026-02-02,Training,75.96824563596982,6.882790303433966,1.1488809596787823,6.668154521531482,163.45438108124424,192.21307010785952,7.818189531290326,74.34035072071424,0,0,72.70399365820396,72.86468121013122
ATH025,28,Defender,2026-02-03,Training,81.13160131944096,5.989317421674729,0.8144242962161894,7.512932794138331,159.01292018971338,185.97742865123976,6.687545921519483,69.72419332923525,0,0,81.04197785224345,82.21240105682699
ATH025,28,Defender,2026-02-04,Recovery,44.42544110538658,3.12637002205223,0.31616715710334176,4.131546930830686,136.83042940812464,163.39369080687194,5.964354434831275,65.66496159023366,0,0,77.03890161495927,83.50144334965148
ATH025,28,Defender,2026-02-06,Training,77.11427182370646,8.221987342336792,1.0981893642494645,5.26499897532719,134.51082232349418,158.7283588290622,6.456966645551576,54.29560139097834,1,0,86.08150087080493,84.46299877708547
ATH025,28,Defender,2026-02-08,Training,74.35029399447465,9.59166390796901,1.100915745181104,7.023902006545402,156.9096933684531,191.42080502987204,6.455403995772356,44.35058345125936,0,1,79.1951912883282,88.35041797480866
ATH025,28,Defender,2026-02-09,Training,60.66641700787302,7.39706478457748,1.0050083802519916,5.8158455637026405,141.6567667659753,155.52522238238979,6.408636396342339,51.74822395251212,0,0,81.57790248165784,70.93368785409159
ATH025,28,Defender,2026-02-10,Training,65.97024745951498,8.875007583982987,0.8552753252067353,6.383565428020562,156.54992680152745,177.95875855226586,5.39565071450092,49.39092871426366,0,0,94.4462980805182,87.97649962059532
ATH025,28,Defender,2026-02-11,Training,73.77617009518794,7.026918713638435,0.647525765418601,7.990359981528984,165.29805763038726,190.786922907161,6.680460088100119,54.96800728712838,0,0,83.57633725613152,81.0783692993177
ATH025,28,Defender,2026-02-12,Training,78.5761389820581,6.764703656555949,0.9860565087377636,7.216491602203207,157.84981777171998,173.9873255578174,6.260767480772597,48.6784641342316,0,0,84.63648110271568,73.15652948889738
ATH025,28,Defender,2026-02-13,Training,91.85314606939062,7.236671910950903,0.999719955471232,5.969439962364329,152.10445152361905,171.93861152096196,6.19158946920766,53.394825318524596,0,0,79.67396595002859,85.59967145191077
ATH025,28,Defender,2026-02-17,Match,90.99111463761382,9.230793748326182,1.2080627666047,7.918714361214257,172.68077563092186,205.0,5.588247262736318,44.59361242813788,0,0,78.29078535348648,77.64309007619785
ATH025,28,Defender,2026-02-19,Training,81.37971631743176,4.994984233032323,0.5580588887761291,6.04397070976524,151.93586584750747,170.93163899242927,7.031963591884157,71.0302360602666,0,0,87.53914412117443,85.06276697340816
ATH025,28,Defender,2026-02-20,Training,59.878506814257555,8.00014257688724,0.8846867990877142,6.74334496045203,151.87513696454062,188.61709255896398,7.9166686867533524,80.64369959516989,1,0,65.57597766272151,84.0441506588039
ATH025,28,Defender,2026-02-21,Training,79.7256353203501,8.203857548278346,1.3077015787894049,4.533525744490135,142.9923501013361,156.53220273057326,7.937719469711275,57.42510775113205,0,0,86.32434927070977,71.54054849204917
ATH025,28,Defender,2026-02-22,Training,75.94050940324378,8.263458982399007,1.258334621609479,7.376550824511151,153.96553389854964,182.27863687054827,8.390794503316098,84.85365036364956,0,0,82.64883875356017,82.33097610734524
ATH025,28,Defender,2026-02-23,Recovery,48.82395695236846,2.7715773595415776,0.3108598142536808,2.784531658345596,127.22230201240399,159.61039568996247,7.658221195454557,83.43900104783191,0,1,76.56134409119001,87.5312166342522
ATH025,28,Defender,2026-02-25,Training,69.1786192381963,6.869602697488567,0.9353856970122254,7.04412335039959,167.9128233367346,191.1816968565192,6.980245212267401,61.285998081419926,0,0,84.68751485131114,76.40378617221687
ATH025,28,Defender,2026-02-26,Training,95.3799068568274,8.495539590705201,1.0339890622562018,6.896072256414451,162.8019253578092,194.0626972674778,6.448215148311094,62.916440311452895,0,0,81.3753959071168,76.94148059488116
ATH025,28,Defender,2026-02-27,Training,86.47864955822092,6.542550428543238,1.0412486598221087,6.429074179112504,156.16131672109393,172.46563268225225,7.102394858188746,53.53352990907692,0,0,82.73294954989909,78.49845476425159
ATH025,28,Defender,2026-02-28,Training,100.36456373551391,10.281246307733849,0.8438781980201446,6.49475995725312,159.30577766707754,187.57391306082584,7.774131318089543,73.96901313242665,0,0,77.97454475007396,69.29037004540697
ATH025,28,Defender,2026-03-01,Training,71.02146301713599,7.758082929486572,1.2142783313431673,5.963635475247756,156.78395253738978,177.10320756053292,8.237038175464573,77.38461360580165,1,0,74.20935476752886,90.30610660011936
ATH025,28,Defender,2026-03-02,Training,93.98287411986799,8.424295773354412,1.2665171208881634,4.735031196535525,139.08437125835442,162.37983061272107,7.729308030645782,79.80300782642637,0,1,85.62664802734825,89.0967334431685
ATH025,28,Defender,2026-03-03,Match,87.75090811599216,11.117306247458176,1.6888454086264122,8.512760820808742,167.87771010576813,189.10879436536467,7.535035677386207,64.78521211893639,0,1,73.88410378347304,82.26075201125447
ATH025,28,Defender,2026-03-04,Training,67.81342485077712,7.908890681971372,1.238892440495795,5.2530903483970635,151.6455672640732,178.27219922837583,8.813443799422977,72.53501336669555,0,1,92.00269584919921,95.67203389995655
ATH025,28,Defender,2026-03-05,Match,93.46397008715896,10.736857375074672,0.9939154846729572,9.548533134262822,168.18230598776557,198.91729589918396,7.385805150071006,56.770012354337204,1,0,77.23482529473459,87.46142494981886
ATH025,28,Defender,2026-03-07,Training,57.88349890598182,7.325562901541063,0.6046647739110784,8.834924578412812,159.2306005504468,178.1870530482153,7.04591749010628,56.41328683488425,1,0,78.25575692612591,87.93407057723101
ATH025,28,Defender,2026-03-08,Training,85.73979747227658,6.887596380713454,0.9986578016334093,5.031118292520618,145.04647175150492,170.017875519347,6.658008633190759,53.64425533724802,0,0,86.52831543571276,82.00759681829895
ATH025,28,Defender,2026-03-09,Match,89.36380584958096,8.663266152131275,0.7731037484741587,7.833306387092379,150.0048489565525,174.57941873656202,7.087576627794602,58.85084586711101,0,0,93.79242538090604,84.60251256320878
ATH025,28,Defender,2026-03-11,Training,74.68088971992867,6.810492985940391,0.7056567128589826,5.9437176433354795,150.2683401228553,170.3908068118595,6.180866194536822,64.62099368141946,0,0,87.93863546510374,86.14537718821104
ATH025,28,Defender,2026-03-12,Training,44.19255247597592,7.719298834283002,0.7168158017996444,6.248690924218734,160.86380962387472,183.5217109260472,7.558180955864664,63.338045422117645,0,0,94.58367940376365,89.97813413066251
ATH025,28,Defender,2026-03-13,Match,92.41927056975177,10.152996037414225,0.9687401029224328,8.009993609652057,163.79856554792147,186.6322027659057,7.620614156891141,64.57795358721577,0,0,78.58629327272885,94.65297690355325
ATH025,28,Defender,2026-03-15,Match,88.28337160016922,9.109062076866177,1.21474465743948,7.171824706672883,161.12558965496623,196.7629015601238,6.4141746288854815,45.15634455552581,0,0,82.18874624154863,84.31126362488646
ATH025,28,Defender,2026-03-16,Training,84.24794205126886,6.896100103597861,0.792700399759871,6.602440596314684,148.83102226765936,182.33287875782094,5.621004220096479,59.32265578658075,0,0,76.07941747099973,76.5822965086804
ATH025,28,Defender,2026-03-19,Training,76.16754646087291,8.549681213553377,1.223078128867401,5.741606826210665,150.3068967207588,180.03954212703795,6.761841352347364,64.58569443765248,1,0,82.88272504507346,93.47314604950327
ATH025,28,Defender,2026-03-22,Training,70.209510491391,8.205428846162453,1.3268414901807273,6.675736626587503,149.27338376025622,170.05379588670098,8.126396394918043,65.70532695525651,0,0,78.68511285711908,81.79823850472603
ATH025,28,Defender,2026-03-23,Training,67.0371739179284,8.127449541708783,0.659894416875195,6.460729335654518,157.61110406547766,182.29029945104492,6.95515892360412,59.98671699961815,0,0,79.3183835748018,87.96094296608572
ATH025,28,Defender,2026-03-25,Training,56.12670504371292,8.118661514098909,1.217523783381772,5.426055708479838,153.44219116136418,187.22896623479076,6.22117538139401,63.05521856599102,0,0,77.54351699169878,79.59900427923324
ATH025,28,Defender,2026-03-26,Recovery,52.69931243336154,3.120151228919057,0.36581994672168466,4.548392428069881,141.81234842152466,170.69716429342424,4.63181760646154,43.14155232333461,2,0,79.98256536453269,89.43989839468313
ATH025,28,Defender,2026-03-27,Training,77.20351945294642,8.25554427188155,1.253467944136736,6.143321053246862,152.18120690925565,179.99637608207394,7.292936282884917,62.90866598165625,1,1,75.58302157168077,81.40983644263235
ATH025,28,Defender,2026-03-28,Training,66.27859624670968,7.303541072379099,0.933878587938618,7.658861261760819,151.3900896186864,173.29211527176182,7.207466879022213,72.70937557169677,0,1,86.78105292848008,87.74316622337265
ATH025,28,Defender,2026-03-29,Training,63.054437021690596,8.312973161664097,1.1630269778677094,6.178322700103112,152.558809915601,167.87716342082018,7.877947772868598,77.82898163367865,0,0,83.517919850056,73.05509432850275
ATH025,28,Defender,2026-03-30,Training,70.70774682293684,7.031603613818428,0.8158692313470098,7.5014873092820284,153.35191707399386,174.04262208668416,6.072413815235651,58.2205160905814,1,0,85.07531792018965,82.95537467430601
ATH025,28,Defender,2026-04-01,Training,77.39026784174008,7.636718830152407,0.9695564894338314,5.3780895864814635,145.55179501339288,171.01963165550572,6.930633516588345,77.06848492680642,0,0,88.80131638240793,88.7096950634283
ATH025,28,Defender,2026-04-03,Recovery,45.38673460120949,3.2482496479487897,0.5504278272546582,3.3822404032374567,137.37546854203504,162.8220043834446,8.349745677601868,85.76178238988103,0,1,90.52748515454891,84.00602955316698
ATH025,28,Defender,2026-04-04,Training,62.10192891256188,7.823116210008699,1.2906194084934557,5.326766692048545,146.72714243750133,168.95364963867254,7.217540599713728,64.54359181965073,1,0,74.04189112111426,86.2855884093496
ATH025,28,Defender,2026-04-05,Training,58.35061315193822,8.214879161564028,0.8832376695969014,7.1374292216692865,163.44611749154015,185.5411275633818,7.115937815752913,57.928009125024026,1,0,83.54231659538341,92.09168388269332
ATH025,28,Defender,2026-04-06,Training,83.26086617098656,6.1494955768797075,0.8994025274769812,7.077546626413355,151.63504604205355,177.47611279900553,8.881487364168777,92.40912738703625,0,0,76.4553574917825,80.30866874494902
ATH025,28,Defender,2026-04-07,Match,93.75508460528567,10.46561353144495,0.9699022456174938,8.527119868571994,161.80192429286754,181.71560812021252,7.202289982477765,70.49425633226684,0,0,83.92643285322711,89.40058379219954
ATH025,28,Defender,2026-04-08,Recovery,42.55584820231561,1.0121142060392083,0.1578754217300671,3.732275964656781,146.73992494328112,170.7809049533764,6.053001581613588,61.63255019663084,1,0,82.93760530810188,87.62546210594725
ATH025,28,Defender,2026-04-12,Training,82.7267843380938,6.581399385008071,0.7082736715606489,8.171968650884223,159.35395425458307,174.42936405104504,7.028615022420605,62.96512923818073,0,0,82.23190770921657,86.87770492195351
ATH025,28,Defender,2026-04-13,Match,91.22973596116142,11.057312821820169,1.607895390052376,7.873409397012069,163.61702804709773,192.7690320477679,6.872229667269264,64.88189694587638,0,0,84.9509632609919,84.85528239707311
ATH025,28,Defender,2026-04-14,Training,69.85924089305364,7.419025224147237,0.6752035912445105,5.8268538358530435,151.22027420435003,173.0357374075178,6.804501292458176,57.67367258702387,0,0,81.70862944740765,84.2928550392029
ATH025,28,Defender,2026-04-16,Training,54.31985036033292,6.549286097986981,0.79340707549563,7.408470282365733,172.3019266587764,195.24079603814604,7.4523213063624905,46.00802171830607,0,0,81.93033872895272,69.93992643952076
ATH025,28,Defender,2026-04-18,Training,106.38319988750536,7.6452313170342565,0.9725593780704368,8.003911220865788,156.59022035608504,172.62140459672455,6.993764114275161,58.70089903433235,0,0,86.68000499238414,76.74244002249105
ATH025,28,Defender,2026-04-19,Training,84.33210565748757,8.99535799878117,1.0156929501102652,7.106706100055349,160.43080430092732,186.44378551124572,6.479674598330208,61.364629085254265,0,0,77.64207452514763,87.87628609074737
ATH025,28,Defender,2026-04-21,Training,77.61638295820003,8.703233646049489,1.0995512290600271,6.241348158813735,153.54065873908704,170.66075319017148,7.773249161865191,66.50605133845652,0,0,83.10427061502143,78.1764647550421
ATH025,28,Defender,2026-04-23,Training,93.51352003141463,6.958501295434392,0.6529567778120269,6.018453868949363,157.29468226421432,178.75149848094063,7.973297838828129,80.65362668638441,1,0,74.08457044926202,87.35904212296266
ATH025,28,Defender,2026-04-24,Training,71.43739697116884,6.630285547968154,0.8371215768886491,6.33088085441365,158.00893206556458,187.27436089917313,7.076316298102581,56.95649565169914,0,0,89.61962061543522,86.40171061152364
ATH025,28,Defender,2026-04-25,Training,80.95471278789766,7.218751974283109,0.7638959862766677,7.292180978037476,160.81004674795832,192.16597415966032,4.692830708457419,32.66358509055189,0,0,73.62819718547252,71.38731056595881
ATH025,28,Defender,2026-04-27,Training,108.17883771785357,8.995973269925315,1.3158178211236278,6.08176997198855,150.10766616356713,177.8869286201419,6.477153493385536,48.6178225321907,0,0,84.81589206852836,77.29541455679951
ATH025,28,Defender,2026-04-28,Training,90.2804896833483,9.44208392553211,1.0285303399101193,5.840055209849019,154.3846969699429,175.3365480182779,6.384143637924351,56.74806289298344,0,0,76.9088489065608,80.8856356637769
ATH025,28,Defender,2026-04-29,Recovery,51.7286110840265,3.3398430002943815,0.31917432260767464,4.32565084992914,139.0641359234298,160.55205878879786,6.602112345468475,65.72793437545145,0,0,76.4341307771355,73.10272512944745
ATH025,28,Defender,2026-04-30,Training,87.43627056888263,7.8300131140158955,0.9869379779183552,6.771707052723074,152.28033262233828,173.09348278744147,6.835690320604592,51.50061553672562,0,0,88.59689863052984,80.35974253644933
ATH025,28,Defender,2026-05-01,Recovery,48.36578366058357,2.380903593914046,0.19286459600004438,3.5470220600672353,133.53283696850613,163.5669324342523,8.214331484625687,72.3103011284628,0,0,83.93898381255778,81.09234245936588
ATH025,28,Defender,2026-05-03,Recovery,47.97084185750881,5.301488238228534,0.4283134435348942,3.926728039992237,154.35153537853074,188.66349657157724,7.393153863138027,70.61198236902423,0,0,85.78448011993312,82.21687426935624
ATH025,28,Defender,2026-05-04,Training,65.29479237209047,7.153730545155715,0.7243792050143554,5.561792589595813,147.19322356690788,184.07732250297408,5.335067127200179,50.39266236973034,2,0,85.19915847969375,89.17568416711292
ATH025,28,Defender,2026-05-05,Training,81.95060346170476,7.435419470580023,0.9715497899288207,6.067733767123547,149.96180296464127,176.36584536315124,8.080148054943832,76.93072292253183,0,0,79.78737700669225,93.00543638336963
ATH025,28,Defender,2026-05-06,Match,95.30934509451296,10.231043084509936,1.5086390548357707,7.964152681235535,169.66098711729728,197.94405598091453,7.684492314565839,67.4130260090001,0,0,78.12130204560043,79.75840011503034
ATH025,28,Defender,2026-05-07,Training,51.192429814399325,8.230973687757418,1.3710800363054363,5.705584170798102,149.48496120146095,181.73187371276637,6.062460779700523,60.46706312350154,0,0,89.7534050473136,78.31497560635883
ATH025,28,Defender,2026-05-08,Training,82.55109767155602,6.865887030854127,0.7741826332113259,7.012893981889295,156.72363215802383,193.63968196533395,8.029968909630451,70.74233280107761,0,0,84.83763809995047,81.02988610827397
ATH025,28,Defender,2026-05-09,Training,77.80896785366332,7.594482785820096,1.068605798678463,6.660104330079035,160.93638853112589,173.4844879152873,5.851855915401387,54.10600768532699,0,0,71.33663665217497,83.96923472362388
ATH025,28,Defender,2026-05-12,Training,77.01015439853316,6.169325300680127,0.8888581226195238,7.8635975518342995,163.37680895413175,183.1201637926368,9.287691689713872,87.95135398240508,0,0,73.24848580294949,87.28522152978151
ATH025,28,Defender,2026-05-13,Training,69.42617214485861,8.439126227707447,1.3380805406595557,8.887345780313574,155.67916720490905,181.14962409022976,6.412899563984866,53.68495649230151,0,2,91.95194963464715,99.79572803695356
ATH025,28,Defender,2026-05-14,Training,79.39042692124097,5.9421949409911194,0.6959093773522665,7.559242691261615,165.9593116812531,188.80253691906765,8.068033038917553,60.98470243563605,1,0,82.20392822684329,89.27389069277058
ATH025,28,Defender,2026-05-17,Training,83.6507989225372,6.307233136402712,0.6272148829728929,5.465511996482115,139.39288512873557,176.41463811187063,6.916753785249196,70.80972731381367,0,0,75.65715457140821,84.8813982585466
ATH025,28,Defender,2026-05-18,Training,69.98991306486492,6.899320088463581,0.8670801388193128,8.134132154464785,166.9420139895767,191.26748580827547,7.616454147221355,52.79061012087355,0,0,82.08641226225109,91.40445073504542
ATH025,28,Defender,2026-05-19,Training,83.3433427970226,8.81434129485868,1.2742275022791694,6.842812777293393,152.89501544393005,175.61893097307524,8.173043411393452,69.22661156600303,0,0,88.69894721767518,83.30837809115911
ATH025,28,Defender,2026-05-20,Training,72.04065529722061,7.593881291408913,0.9023011646824592,5.957991934288897,150.1417964750974,177.50194431569662,6.723592038706567,54.87419852157023,0,0,89.65789016905644,78.48151309487224
ATH025,28,Defender,2026-05-21,Training,72.81671267078501,7.047177951455728,0.8050970805526962,5.048444500718871,150.67752907395933,169.33004155773108,6.044523411050319,61.377239151559316,0,0,80.7515051951899,78.47508222406078
ATH025,28,Defender,2026-05-22,Training,86.30332238550689,7.155716684411889,0.7138940101764993,5.621798221554361,156.1209213770707,182.1394955517527,7.913776232668623,68.53563442183334,0,0,86.02219964819719,82.91222512382107
ATH025,28,Defender,2026-05-23,Training,52.41638008088961,7.168578977289219,0.8940729646820302,4.346320767631429,134.08962523315748,155.40215335033227,7.476036312049918,84.10818972089854,0,0,86.93527535763644,82.91764346202305
ATH025,28,Defender,2026-05-24,Match,101.09805900961831,11.3111121080543,1.3608748900158392,8.268583288116165,160.43402996347274,177.38713519937806,7.072211423616307,67.47472191185427,0,1,74.421465934701,96.9684907299195
ATH025,28,Defender,2026-05-25,Training,66.47670804484859,8.51950085986207,1.2904433013849732,5.981991226958407,156.15673506193968,176.78344518891637,7.452057135115501,76.85939353596362,0,0,76.23576430052904,81.00884585395673
ATH025,28,Defender,2026-05-26,Match,96.00948154875759,9.438319103540085,0.9149333278850538,8.415361064481615,170.48510373743926,205.0,8.87743500563773,82.47399461248467,1,0,74.44833080141656,87.81304965135426
ATH025,28,Defender,2026-05-27,Training,84.73594023032653,8.733811540680094,1.3707185568252442,5.534452313520133,144.1048124606376,163.20087684408696,6.512958052809452,48.65139599444604,0,0,87.04131037610017,78.09820010567829
ATH025,28,Defender,2026-05-28,Training,87.59738768882434,6.419434474321934,1.0883706120557193,4.920283032094911,151.2352614094957,173.98670831586048,7.5141646830306,71.74719440846349,0,0,86.23447228101855,90.8659261842353
ATH025,28,Defender,2026-05-29,Training,83.42702303076845,7.948741863911685,0.8919394761926054,6.631531943937809,141.66234897525501,166.42653238059293,6.52482735753412,53.49268244798944,0,0,85.1148838043428,85.05354757903133
ATH025,28,Defender,2026-05-31,Training,70.72067023057915,7.707926607401447,0.6451879904709996,5.711394995601544,146.63766226847642,179.82134446467782,6.900580315121301,59.79729912610058,1,0,79.92638086051382,84.60951946962086
ATH025,28,Defender,2026-06-01,Training,68.03426546187836,7.290925162040553,1.2274196501494767,7.289123430654066,153.38610105789056,178.4007633140754,6.831025154868293,66.04035154952206,0,0,85.45908217501372,79.97324609920393
ATH025,28,Defender,2026-06-02,Training,74.1150681744635,7.322668842333963,1.2045414204343556,6.396529706138589,158.52625328519994,176.67725053114054,7.7466652307989055,73.97005477472642,1,1,85.62109666078422,95.84466779618425
ATH025,28,Defender,2026-06-05,Training,72.42424295462843,8.29475542795997,1.2327011170150035,7.343143352312498,164.08876750024083,188.72410425156323,6.730046943727798,57.38525541848715,0,0,88.95529400420172,82.64774387668372
ATH025,28,Defender,2026-06-06,Recovery,45.34856485828151,3.1438355568705116,0.3390547443320004,4.086307951610597,132.57360979251146,162.91232474116046,6.69191267876762,60.447680529203886,1,1,81.32615212032488,84.8143425418598
ATH025,28,Defender,2026-06-07,Training,80.87809371905423,6.8781699619964645,1.12698785022002,5.677050915646257,150.37702367167066,178.36670966215152,6.815991274275993,61.67153898854431,0,0,86.9023547489688,78.8393185826491
ATH025,28,Defender,2026-06-08,Training,81.5354318318477,6.4466220029796855,1.0279321438724005,4.635718201043899,139.6512129635005,160.20629292509045,6.242889337304818,61.42399091698774,1,1,80.127411629316,95.58574706323054
ATH025,28,Defender,2026-06-09,Training,79.31555538520072,6.1530930613592325,0.8418481467257318,6.4091758824246385,145.15566869201302,168.51840474568903,7.5867725996485476,67.62720774651535,0,0,82.74489697919451,71.90364778055225
ATH025,28,Defender,2026-06-10,Training,63.087778547166955,6.713924115257612,0.8292336102126727,5.627960046429834,149.26608543032611,172.32217317152868,7.603545136568707,75.33939609694097,0,0,70.82343904360782,83.93170680175616
ATH025,28,Defender,2026-06-11,Training,59.70325416842344,9.499634204237774,1.0144557344419243,6.84436628701029,151.68315397161192,166.56377990899384,7.157445024121455,61.652134686652055,0,0,77.94748685814531,85.02019498471718
ATH025,28,Defender,2026-06-12,Recovery,54.33859513174894,3.73832262581825,0.4867303114329493,3.6142826426857173,138.6735568959213,162.41198211438808,7.356433113464627,74.5981037568182,0,0,77.49064130258266,76.77359860741831
ATH025,28,Defender,2026-06-13,Recovery,53.56252341589254,5.291741702988972,0.5615363075695093,4.325325988652993,143.0801847899137,170.66486498651443,6.622139962822364,50.855745416115624,0,0,80.79386439958792,69.6104407806834
ATH025,28,Defender,2026-06-14,Training,74.39915398747475,7.191088320687653,1.0021764777865194,8.069811978812925,159.95416056043754,183.9820708251996,6.668623764317335,54.01879448067864,0,0,90.211718275151,70.33129942594931
ATH025,28,Defender,2026-06-15,Recovery,58.231351525524786,2.773281954098542,0.2513345849046901,3.3345298913371377,130.9648739126895,159.47137643960684,7.347399215421022,69.52256920248,0,0,86.38554642348458,77.91983160097377
ATH025,28,Defender,2026-06-16,Training,72.23487125754957,9.264912635853578,1.5295259185719012,7.403658222970826,153.4083407589382,165.6730361258528,6.149457378924389,57.03362259134936,0,0,87.02763977768066,88.13237006326007
ATH025,28,Defender,2026-06-17,Training,78.5238069727626,6.893482092826579,0.8029337840932047,8.499263817785064,162.73588577688648,195.4085388960198,6.824401170419087,45.81073533444943,0,0,78.1314001160693,83.6349928366064
ATH025,28,Defender,2026-06-18,Training,82.56926768099137,6.501221332925625,0.9485392408584296,5.596595174986718,143.2284971111349,182.60690424947992,6.471730025769287,61.17468419845231,0,0,79.83926535801609,84.55102455451672
ATH025,28,Defender,2026-06-20,Match,98.17664805351853,11.266196039561937,1.139345971045971,8.041025791336267,162.12519917190787,181.31239675638122,8.936251228623638,80.51258437604679,0,0,84.03767238174022,93.52802293411219
ATH025,28,Defender,2026-06-21,Training,56.80433978932952,7.002257928320928,0.6415666169574669,4.619402191275325,152.33976597535388,159.36594015727923,6.800347310237787,61.32234946742209,0,0,76.17957558367742,76.10311809371576
ATH025,28,Defender,2026-06-23,Training,59.80641906852058,6.849076215918877,0.8364208674276761,6.105463032191315,152.06217088193915,176.40268274012425,6.786859423018897,68.33502321893549,0,1,79.21454685465034,83.8728490042179
ATH025,28,Defender,2026-06-25,Training,75.33163353249286,6.50009691617474,0.9681251371289286,5.309369100661695,147.63929628650314,166.348476350434,7.6980946579472915,77.07014039496096,1,0,79.95390822107127,89.29957089789359
ATH025,28,Defender,2026-06-27,Training,85.60765286872575,6.639741043917337,1.100449637129721,6.287665199414388,146.64538339885257,174.79921364255569,7.356684448610161,65.72787179305348,0,0,81.3439615413941,77.02325155785766
ATH025,28,Defender,2026-06-28,Training,75.17204335910498,5.9779452422917085,0.9037653079153677,7.249084706822284,156.7670399742419,164.21526015705481,6.3326310755076145,56.23592733118941,0,0,73.91617126503384,80.61432832022417
ATH025,28,Defender,2026-06-29,Training,65.78670860446819,7.966544897938072,0.9397915918621073,7.570431936666122,159.70642820051276,188.13309970312426,8.18514873887146,66.41245894473144,0,0,79.78102654482481,80.71841072826001
ATH025,28,Defender,2026-06-30,Recovery,39.504154221890126,3.6592921785034895,0.5942263629639253,3.829832470468794,133.83189760268206,158.85504818287245,6.608012677375903,72.1028292637027,1,0,72.9066027705671,82.30745195317944
ATH026,21,Goalkeeper,2026-01-01,Training,67.92220162105399,9.219185706677795,0.8005015379710914,6.725007286684945,158.9711977919032,190.49503669368795,7.612279798997364,74.450775379985,0,0,85.86204794315223,80.66978440262368
ATH026,21,Goalkeeper,2026-01-02,Training,61.74224654436969,6.433722224415913,0.6526526370231899,5.05272059027959,151.54170163720704,176.18632298805773,7.770580028102496,64.18451727286397,0,0,82.95887139677225,83.15069295408999
ATH026,21,Goalkeeper,2026-01-03,Training,83.8821397497934,7.758957727284824,1.257801386137552,5.890749951934054,143.47433824849068,165.59708780758717,6.889674699778202,53.26539367043229,0,0,83.21751075284648,85.90703364927927
ATH026,21,Goalkeeper,2026-01-04,Recovery,37.181437239066085,2.4926785775241607,0.25741079290445845,4.352597355790518,138.3898309331958,161.74692894867783,5.160029181310555,36.55291355973397,0,1,80.45492559621036,84.75553118997064
ATH026,21,Goalkeeper,2026-01-05,Training,57.71581062020672,6.963042125028317,0.7547701066895078,7.655279103322787,159.23984127489308,172.96020511866263,6.820423026538462,57.211816599692625,0,0,84.14921671874781,90.92411140635274
ATH026,21,Goalkeeper,2026-01-07,Training,76.9205317831931,6.294898779001036,0.8251367360867597,7.6638604444144445,153.78583907112252,178.39338564286282,7.372981322597894,66.23876504752901,0,0,69.26421409346537,91.09006563719076
ATH026,21,Goalkeeper,2026-01-08,Training,74.4824878207982,7.070183739206683,0.8614300853936064,5.827991730517975,148.92985481491002,170.72291268857728,6.446149234788492,61.05561103180221,0,0,82.04121714466487,73.77649256269997
ATH026,21,Goalkeeper,2026-01-09,Training,54.445095907218956,6.173549766988049,0.8684749036419098,6.5727870221585345,156.074014987533,181.4470912469294,5.752854293776196,48.14194350650963,1,0,77.82402103061213,80.79001387203282
ATH026,21,Goalkeeper,2026-01-11,Recovery,35.89387749526828,2.7448073927184438,0.2780835195698863,2.9963083583090864,126.73796395851495,145.4878753622874,7.8095000173797535,79.41469135076909,0,0,83.99020007978343,82.62549343563741
ATH026,21,Goalkeeper,2026-01-12,Training,87.84263742321133,8.514936828587302,0.9375082546749464,5.80930743078261,148.17918296913675,166.41825076547795,6.869279337741659,57.928151007422734,0,0,82.30897257310619,75.2814346348922
ATH026,21,Goalkeeper,2026-01-14,Training,83.56191362480709,6.270162803535542,0.9018371925861164,6.076183704975076,151.86874732047727,172.62025000914292,6.630909264538008,56.621958153998804,0,0,96.7809751777267,87.06984198592438
ATH026,21,Goalkeeper,2026-01-15,Training,44.61859213747328,7.536997172242333,0.8892376891168716,6.662646616223,152.15010397450413,176.58075465574854,7.130035852027697,42.21337498082202,0,0,84.20458362059672,79.76235301187256
ATH026,21,Goalkeeper,2026-01-16,Match,91.52684339898879,7.5684175733283885,0.8387932308221706,7.757710063938337,163.41095112376547,182.12335829446266,6.975987008971716,61.38192735798733,0,0,74.44049962702756,86.10967284596185
ATH026,21,Goalkeeper,2026-01-17,Training,68.9351811859132,6.866684532175176,1.165278183459577,6.16696182113482,142.23351790684558,161.72302725014634,5.788568756502219,51.775915234394894,0,0,81.46626337632138,76.58654667399264
ATH026,21,Goalkeeper,2026-01-20,Training,75.36473682943273,6.244209341807771,0.9469449530387872,8.070100642751962,161.1171219458787,189.4066571113071,7.10045298886816,57.404904829562035,0,0,89.95721381377459,84.32167415558999
ATH026,21,Goalkeeper,2026-01-23,Training,65.01838069897005,8.33866911162517,1.1324763573141101,7.454608358115318,153.65240504341133,192.1479810413628,8.05432324915952,69.51185733089146,0,0,84.84895316573228,87.77756648838518
ATH026,21,Goalkeeper,2026-01-24,Training,85.34581965825583,8.434835980135789,0.8643378224972122,6.0403253564878705,149.03244291893898,173.97281027194398,7.498065412734118,67.11807092745039,0,0,86.11808758595579,81.21149944507971
ATH026,21,Goalkeeper,2026-01-25,Training,84.17427653034702,7.2552331559084475,0.9579268674998949,5.481009419652212,144.70575200516978,168.86174473470334,6.770847253060577,68.94098241846147,0,0,79.82332837157384,81.28751836610424
ATH026,21,Goalkeeper,2026-01-27,Match,92.20274229300179,9.717546997566677,0.9499223929119883,7.755685638201636,165.5509425458571,189.80623988074848,5.618094034849953,40.686904097676276,0,0,81.59039967713773,79.5509788862267
ATH026,21,Goalkeeper,2026-01-29,Training,95.28753562807526,7.149338583725878,0.657797265527822,5.44530408956079,148.98006228985247,184.91325671758347,8.461728833993714,83.33156575414455,0,0,77.06651630649533,84.70253931716807
ATH026,21,Goalkeeper,2026-01-31,Training,74.89559430939514,6.745697425937198,0.5763109658251996,6.675003149359694,151.73936708792502,172.1392357685413,7.9921588044001215,75.36985855411572,0,0,77.01396663786022,74.55429400083219
ATH026,21,Goalkeeper,2026-02-01,Training,64.37795805841054,7.02323312495598,0.6711115528387963,6.4192119489355255,149.64424346119225,182.36885692153442,6.397403883970216,46.864744931957745,0,0,88.46336648226281,80.77457069071993
ATH026,21,Goalkeeper,2026-02-02,Training,69.65676021318284,6.254131161867883,0.7439720290980553,4.657412098945887,144.56551041494203,172.1640257559346,9.5,100.0,0,0,87.07836260519892,93.58479897078054
ATH026,21,Goalkeeper,2026-02-04,Training,83.99407523089243,8.351237294988994,1.3876120794816262,5.2490643998541096,138.99069699053078,165.35287530923173,7.620355906381908,66.98033670522524,0,0,89.67412435642933,81.18716581203961
ATH026,21,Goalkeeper,2026-02-05,Match,93.29687335446482,11.942925261462388,1.2368967082517073,8.342357069658213,168.75912758509645,194.21750859050945,6.260366419061766,50.78437463022479,0,0,80.35227629030436,82.94467758666238
ATH026,21,Goalkeeper,2026-02-06,Training,85.80712304074419,6.656376259655707,0.7927229453990412,4.819310753733255,137.59892682902478,164.70618031702762,7.065905274679689,53.97386243219736,0,0,78.89033319787518,82.43879111147835
ATH026,21,Goalkeeper,2026-02-07,Recovery,41.04329609973793,2.6852883761458726,0.37863662462743825,3.898734550048171,137.25056860165913,164.58462617494305,5.3482249226176135,54.93766721575565,0,0,84.90882613070953,75.86413296730707
ATH026,21,Goalkeeper,2026-02-09,Recovery,53.37759840145527,2.941084212578823,0.37691798105146507,2.5997108622664538,129.14208435899164,159.98416803169494,7.36753200626592,64.72557677460817,0,0,92.50740214127322,76.407943022929
ATH026,21,Goalkeeper,2026-02-10,Training,87.48247298815478,8.647492755799803,1.0638188514056621,5.601483762677557,149.74987945304,177.5634773131081,6.097492116489442,61.916137263955356,0,0,86.85652765443791,92.01508395334749
ATH026,21,Goalkeeper,2026-02-11,Training,69.2035335868623,8.355082696972737,0.8184998029856367,5.929691144755537,147.7057362286193,163.67906820777384,7.551779526375581,67.64701644118463,0,0,81.11428486556643,75.62949891234965
ATH026,21,Goalkeeper,2026-02-13,Training,42.85910267755813,7.757127209368857,1.040632627892408,7.506123664051851,159.15461041657116,179.67468257706733,6.405098299478094,68.90222968814045,0,0,81.85541828614794,88.92718035495216
ATH026,21,Goalkeeper,2026-02-15,Training,59.81245424825524,7.59453820907862,0.7000686451684314,8.704998844121754,159.2392688278782,199.43690708121122,8.12575795740744,58.29823946809577,0,1,74.68982946475515,86.59974369189604
ATH026,21,Goalkeeper,2026-02-16,Training,71.70415872353956,8.558611759054727,1.2993969042722238,6.207493860088283,162.06457690255382,176.2510849699068,4.803407873695876,44.10721847924534,0,0,77.83073019800898,79.70504027285955
ATH026,21,Goalkeeper,2026-02-17,Training,67.08271335988515,6.4824950918543776,0.9216839648096891,6.93196842192928,157.886595628133,179.35149020611615,6.480047873491124,50.03799198568725,0,0,86.06823621030273,81.68129124715222
ATH026,21,Goalkeeper,2026-02-19,Training,69.44229444714915,4.665989386017569,0.6203759022721136,6.520582051698872,161.1363821796066,184.9038346925436,7.4447886619940205,59.597732998598545,0,0,93.56951612074856,80.49910731271757
ATH026,21,Goalkeeper,2026-02-20,Match,102.73406446892136,8.299631423705883,1.0411542285101407,8.458861476465517,160.28752510000334,188.42137643215312,7.955225228687119,77.88752596116572,0,0,85.93638724641782,89.37438776863664
ATH026,21,Goalkeeper,2026-02-21,Training,81.90655334853479,7.20713102310497,1.0405043030479608,7.850535835727877,156.91029626666344,180.41093905672452,7.853411898094432,74.44395568357446,0,0,80.29333740874063,85.44905726176113
ATH026,21,Goalkeeper,2026-02-22,Training,85.82947702774206,7.845630230298701,0.988974939609052,7.98351224740275,167.0931049968744,197.24592805513467,6.374906710722098,70.12157575182353,1,0,98.0,96.66161945147398
ATH026,21,Goalkeeper,2026-02-23,Match,81.75050859383285,9.431446699337434,0.9338208544340272,7.757927032648505,154.049305275177,185.0739606946792,6.89922472074884,58.88857199379954,0,0,84.18602794582203,74.65462123902324
ATH026,21,Goalkeeper,2026-02-24,Training,90.67744208190832,7.316883146005526,0.7496662057439543,5.005720936903867,146.62613907598063,174.1799113581999,6.962515038181647,61.96935637351808,0,0,76.14348553201876,86.36562352886693
ATH026,21,Goalkeeper,2026-02-25,Training,85.41841744779107,8.203297272597409,0.8476718568063184,6.10136268618585,160.19414533026472,189.19456826622755,7.346514301996907,65.57563744281445,0,0,77.54505921926753,85.55982529358128
ATH026,21,Goalkeeper,2026-02-26,Recovery,47.21870049920191,2.748079103124506,0.25847035261802154,3.382269626441635,134.04036722301655,157.41607287891648,8.446080684570564,81.96793853684287,1,0,81.93051332125212,84.68754117305429
ATH026,21,Goalkeeper,2026-02-27,Training,68.12704258191434,8.835078585786599,1.1825420512981606,6.604931737224682,143.66726184123786,168.74220632254224,7.684965466737652,61.32495796965831,0,0,88.65651291956343,79.31365792206167
ATH026,21,Goalkeeper,2026-02-28,Training,55.153456799615334,5.945120756478271,0.6793247099469802,7.211113825774959,161.453956189358,182.03995916554013,7.622274877963807,69.15013843593992,0,0,79.49714714046017,86.8356515715204
ATH026,21,Goalkeeper,2026-03-01,Training,87.6166987166804,5.504750768334467,0.9325739374458791,6.898446063691955,168.68419509270794,195.04038168969296,7.696978542875955,83.11090743198562,0,0,85.91464402256186,82.57761248329382
ATH026,21,Goalkeeper,2026-03-02,Training,60.129142229869856,7.573638905025687,0.7313436057132396,5.095562386133434,143.66144614691092,155.717944454264,7.901343232575114,60.937973377086756,0,0,80.11352642009335,81.23009183798786
ATH026,21,Goalkeeper,2026-03-05,Training,79.17579673910248,6.836770289790599,0.5487800871053634,6.775455523298837,157.1689070120199,179.0676129018111,6.639838300925904,58.13760040363846,0,0,73.92084970226311,78.5375290953127
ATH026,21,Goalkeeper,2026-03-06,Training,100.02632366847084,8.690727618032087,1.203933162524518,7.313293799780993,154.03051124482667,177.05996534283207,7.02216323237065,72.03546222945808,0,0,91.31850896704749,84.46789105770473
ATH026,21,Goalkeeper,2026-03-07,Training,56.14288936646364,6.522093445385388,0.8670244078581846,7.772145395643876,162.1195431259152,181.78484196329592,6.682999259807793,55.69814381711237,0,1,81.85950626720306,98.96171290580978
ATH026,21,Goalkeeper,2026-03-08,Training,65.33620027183021,8.039113644786116,1.102827087959745,6.240754975478179,154.43722346685442,174.32655783151773,6.262324848327555,49.78732706372553,0,0,81.51540658672569,80.94393734828301
ATH026,21,Goalkeeper,2026-03-09,Recovery,47.90383367212278,3.427598147577065,0.5237952755508873,3.2966624712437342,143.21368179421245,166.3118783648668,6.630177353379768,66.91230333335646,0,1,77.44602572316717,86.42994721359261
ATH026,21,Goalkeeper,2026-03-11,Training,69.64179553498731,6.462684120574741,0.9664602279869445,7.315706703999201,157.0234961034483,191.16216133190233,7.355838282608113,55.893842440353666,0,1,79.0517990951549,83.12875759021048
ATH026,21,Goalkeeper,2026-03-13,Training,63.322215164550514,7.7247349505977265,0.9500034799589907,4.229658241801276,145.3227198992784,168.085882419817,7.260222112128881,66.39443810589967,0,0,74.28891207553231,71.15518227240356
ATH026,21,Goalkeeper,2026-03-14,Recovery,39.30928201861453,2.6779705664224354,0.3589754286806881,3.2113113220528384,143.05677569757393,165.81123947241318,7.4401692642372135,60.45766163913998,0,0,87.10310876661534,81.66118009858225
ATH026,21,Goalkeeper,2026-03-15,Training,81.0824324792559,6.582300626782287,1.0834238136887004,5.94010253223249,147.95447687278386,184.12937555105762,6.194532234052986,59.1874658820898,0,0,87.86963450161778,83.29175885695942
ATH026,21,Goalkeeper,2026-03-16,Training,82.69365464742258,6.219877538894127,0.936330144532931,6.3170921495108985,156.72400127293764,189.45852481492557,5.969761568924563,49.20447311469098,0,0,69.88844504833833,73.84924534680835
ATH026,21,Goalkeeper,2026-03-17,Training,75.61014358337765,7.063146504278684,1.0797489753948424,6.9837816083099975,161.41861071755162,187.5736365642825,7.699099831671877,69.54468573992129,1,1,67.94691125755539,97.73833712989311
ATH026,21,Goalkeeper,2026-03-18,Training,66.66248505062944,8.138626889019042,0.7920860644495662,6.571327910441606,163.60241193469744,172.22615443421714,4.679258179891198,44.0213014474742,1,0,71.40106542664395,81.56206643541663
ATH026,21,Goalkeeper,2026-03-20,Training,69.58092919766611,4.587598298731364,0.5395060442580044,6.057071330220402,142.32002805809557,159.19734967574726,6.238788415623883,53.293977482464165,0,0,91.12943299060818,80.63023787048043
ATH026,21,Goalkeeper,2026-03-21,Training,82.94264638381027,5.365821988619039,0.7691071282008519,7.061477776223424,158.16128042791658,182.76200801570758,7.699053199845966,71.590340479557,0,0,68.35549249567602,90.42259548423779
ATH026,21,Goalkeeper,2026-03-22,Recovery,41.43752049158353,3.127765075303281,0.25375740841789096,3.9144416767178307,143.04944375194842,167.44434279722935,7.070556490636634,51.28161423764623,0,0,80.13059865413544,72.14938175342972
ATH026,21,Goalkeeper,2026-03-23,Training,54.97981272337186,6.929844593504093,1.112515245699961,6.379186214641684,145.76306809078798,158.47304382393267,7.246086028527948,60.043991132497105,1,0,76.97803479382901,87.96638346736161
ATH026,21,Goalkeeper,2026-03-25,Training,61.317676976798964,8.901608099551897,0.9889407590025102,5.010944031984446,139.82587898935145,157.73364600810095,6.0467216506386325,50.46264856041066,0,0,88.19279767012752,81.10302550811039
ATH026,21,Goalkeeper,2026-03-26,Training,71.93062393300124,8.816880175127157,1.0721372876914663,7.200614533106771,163.18210985104812,186.67142870545854,5.034362803867946,37.73059836365086,0,0,76.20800906936219,75.27241811224536
ATH026,21,Goalkeeper,2026-03-27,Training,59.66752427695136,6.921624866758348,0.6741767125515813,6.321068732716091,143.43871642723855,164.06596352494407,7.6467266461819605,60.045620102472476,1,1,80.80759335700223,89.9367866545798
ATH026,21,Goalkeeper,2026-03-29,Training,79.726589817362,8.655038537588478,1.2632306391768218,6.155866598871199,158.69737933703442,189.12899894568366,7.551183263273276,66.95031745568119,0,0,82.61129824952795,81.37289439277384
ATH026,21,Goalkeeper,2026-03-31,Training,79.22014214521764,6.937612966533467,0.947554516665111,5.026914563894243,139.096079070745,159.06839174155874,5.797749053015021,48.681361200510096,0,0,69.15202674751905,75.51874455007882
ATH026,21,Goalkeeper,2026-04-03,Recovery,52.19313218590368,2.458816940593287,0.21299925780419307,2.555801328852063,139.74360858916313,161.8612670932473,7.117317250485268,74.07550893474031,0,1,83.66148685151303,82.28932791585079
ATH026,21,Goalkeeper,2026-04-04,Match,89.53047970077243,9.32329350507736,0.984760791601113,8.306988036080714,160.74014889138658,187.7087469163821,8.119566787255662,68.1786543426662,0,0,77.5582627788445,83.5511999981576
ATH026,21,Goalkeeper,2026-04-05,Recovery,41.52842943335538,3.6141070047262294,0.4424914208487022,3.500620820357617,129.413781181499,159.0073791790868,6.019411725463228,62.30453046423847,0,0,78.97750292732637,78.32518862850996
ATH026,21,Goalkeeper,2026-04-06,Training,77.57373100986524,7.492951665534404,0.7071346262649723,6.454308849135488,152.4492250680342,172.44196354741672,6.750525852251281,52.73377820682296,1,1,92.05313512336258,87.34117219502832
ATH026,21,Goalkeeper,2026-04-08,Recovery,33.67948101386145,1.1598691668733703,0.19690608200957913,4.478147890970748,144.54445077378705,170.14624796265076,7.949626284261542,79.42644257504008,0,0,90.1616236685213,88.43606149454503
ATH026,21,Goalkeeper,2026-04-09,Training,85.01740981879728,8.504589517744494,1.1956607157289576,5.119283220394761,145.99792222450247,161.08056395600735,7.8689307768860735,75.42344147757517,0,1,86.41851245355059,84.97782783645569
ATH026,21,Goalkeeper,2026-04-11,Recovery,37.56417714268175,2.820339748379749,0.36847166403363163,3.1526136703649774,142.91825258865785,167.08579518545926,5.064358249958047,55.864436871804095,0,0,80.85763416006513,75.20373594900657
ATH026,21,Goalkeeper,2026-04-12,Match,93.3018892951991,12.021597775481073,1.615191341578789,8.04235658597755,167.46879233041108,194.50238706508355,7.9225340959458235,66.80825702854558,2,1,83.15204970737769,100.0
ATH026,21,Goalkeeper,2026-04-13,Training,79.43298979499849,8.772156779082547,0.9551406972607075,7.770169727560179,166.46100944042115,193.38053699440337,7.39012658641224,67.36883280874572,0,0,68.98320964376028,74.28339620699549
ATH026,21,Goalkeeper,2026-04-14,Match,100.5204976197785,8.853662539520654,1.3868851226326182,8.26267927541688,164.90222393250409,187.57278583596414,7.65430490138575,65.42463691944343,0,0,90.94380164748347,83.85080777510125
ATH026,21,Goalkeeper,2026-04-15,Training,69.92096850985085,9.009203934544265,0.8256061168179636,7.621717275894228,156.355388479392,189.16084277647036,6.1520311752262415,50.441036215939256,0,0,75.66219902516913,88.95521650294604
ATH026,21,Goalkeeper,2026-04-16,Training,49.96449967549284,8.023580042151542,0.8406125898406118,8.165990549947967,157.90089365837787,179.01952857453554,7.007026652248227,57.53244065485718,1,2,82.69772163009577,93.95575784063504
ATH026,21,Goalkeeper,2026-04-17,Training,73.62750835687568,5.762231994059583,0.7018384800992528,7.033173182066495,165.49329845219202,205.0,6.791394221951485,53.00129333696001,0,0,83.18036346737334,70.15743768389603
ATH026,21,Goalkeeper,2026-04-19,Training,69.41106012269006,6.761153204975775,0.8434465709136989,5.865288632927623,138.95435231518167,160.33451878941133,6.716579036111647,62.607991607124866,0,0,85.2857269055778,83.50563914159358
ATH026,21,Goalkeeper,2026-04-20,Training,85.76698599552114,6.508487538262509,1.0484689211651017,6.544194512973344,154.8065640677173,177.17525788854667,7.251436980963553,60.05872070807418,0,1,74.24704761626423,82.26145851896497
ATH026,21,Goalkeeper,2026-04-22,Training,84.77310109515786,5.017350911561284,0.6868401045124253,7.079979363177766,154.00809924140063,186.9052796766927,8.215683135502813,74.24716501069804,0,0,81.45543956284372,86.33121163021805
ATH026,21,Goalkeeper,2026-04-25,Training,72.95931949524625,8.777965727670077,0.9838647199057816,9.01790179385582,177.2868136059015,203.73041706440966,8.887862316046734,81.93809792110068,0,0,83.92371432019799,85.60208728004152
ATH026,21,Goalkeeper,2026-04-26,Training,78.41631984881168,7.591743044593965,1.262282991907388,5.240266578840018,135.56470014482898,165.0061697040519,7.681391037559704,68.7747601336851,0,1,77.29097694824092,84.40236590805695
ATH026,21,Goalkeeper,2026-04-27,Training,70.33185502814774,6.34385869160383,0.916857105498847,5.31365519536675,137.64201881519116,161.28966053284807,6.434051089858844,59.564184636395225,0,0,76.16271606152398,73.60325475522582
ATH026,21,Goalkeeper,2026-04-28,Recovery,35.50346153964042,2.7271041451906144,0.26284838798570076,2.833729033519714,126.28756523627929,151.823128533822,6.929533874939508,73.20612347494723,0,0,87.72562111600065,75.06658460425649
ATH026,21,Goalkeeper,2026-04-30,Recovery,41.1383477611705,1.592297006559714,0.1546297277003506,4.031924887708595,134.84539694531858,169.2621423125845,8.73328980206928,95.06629027527958,0,0,67.04977428946862,87.61256188322739
ATH026,21,Goalkeeper,2026-05-01,Training,82.21434659685505,7.083776418718562,0.9485570991111792,6.153900147978702,154.5579926017009,179.82439064034716,8.085843237679823,83.71383947305027,0,0,74.47619662751471,80.89086361737694
ATH026,21,Goalkeeper,2026-05-02,Training,85.8932399864193,7.791015372835959,1.1871962570021244,6.924768073861723,147.12731553911934,177.50863027921795,6.658594458544626,57.93041123661369,0,0,78.19188518918023,79.12133201858276
ATH026,21,Goalkeeper,2026-05-03,Training,72.60490225893068,5.862501736735906,0.5109647668837606,6.103042353767658,150.98232732475023,166.33011374676127,5.192916395256198,33.84498462738938,0,0,87.94698552315427,67.09416606327629
ATH026,21,Goalkeeper,2026-05-04,Match,86.93587981639445,9.637408867766554,1.1363428688258497,8.048522257028223,168.14431070301433,189.86748879084743,7.612562533056762,74.7879180805346,0,0,82.58775251315164,81.57236826493475
ATH026,21,Goalkeeper,2026-05-05,Recovery,40.10610344241037,3.2534272142512064,0.3382346122328726,4.83243014993476,138.52648022638925,162.73155350390286,7.797936289866859,64.39350619675034,0,0,90.53247558162812,79.25471156171395
ATH026,21,Goalkeeper,2026-05-06,Training,70.23205231750757,7.1827348322117235,0.7156860479862474,5.062105036552856,146.86765203432742,178.93546800006195,6.115525256832109,50.23063184725701,0,0,76.51172616658515,80.70554062895144
ATH026,21,Goalkeeper,2026-05-07,Match,87.86796788305381,11.101582209738162,1.6276840337364058,8.601988906793864,165.08605406441868,187.84961351636778,6.107152942311695,49.04086181048953,0,0,84.77049592410864,83.88952671360178
ATH026,21,Goalkeeper,2026-05-08,Training,88.7455673068376,9.315515238668567,1.1242101247696872,6.432680329464054,150.8701276323155,175.61145782074223,6.27267096379525,52.57918499425667,0,1,88.03346186724839,84.62943699990504
ATH026,21,Goalkeeper,2026-05-09,Training,68.65154133769651,4.96517053752682,0.4143087900014575,5.684703813856052,149.62520578576618,181.99444027829767,6.752110089043245,63.642170703979694,0,0,77.64428505571617,81.48699933546646
ATH026,21,Goalkeeper,2026-05-10,Training,85.28601968334323,7.304597263317587,1.1836309436793249,7.017694399179698,162.97692688343295,199.1779555608161,6.528327086008392,65.89249497463673,0,0,85.84163755127648,80.6127953215948
ATH026,21,Goalkeeper,2026-05-11,Training,62.74552189660965,8.468917665496534,0.8662259532019186,6.701054246381513,145.79340878942182,188.4209138286344,7.28566796522412,66.85280926283278,0,0,81.74110855710744,84.38360174656106
ATH026,21,Goalkeeper,2026-05-12,Recovery,42.604176773565705,2.3514971202098804,0.3352650135769864,3.8635319728778854,135.49234842423996,162.26220018033513,6.2312891838801665,50.76628699398666,0,0,74.23627768539461,75.16272458362441
ATH026,21,Goalkeeper,2026-05-13,Training,102.66785408874392,8.009510695946105,0.85410973458361,5.505533648992086,148.4666646837657,178.22011067716358,7.937678935677127,72.23370456780162,0,0,86.03699640657658,90.42467645248759
ATH026,21,Goalkeeper,2026-05-14,Training,74.71444023791027,6.506539160705727,1.0207091016593048,6.401742056141129,157.29499720253756,198.2938034657185,6.580642129896669,56.763554139027,0,0,81.30923933826305,83.94299541154011
ATH026,21,Goalkeeper,2026-05-15,Recovery,41.636627248888395,5.123463067291868,0.6628966856955216,3.0735493046655717,125.73605470315881,144.51622316873414,7.885983589362953,82.40300733864343,0,0,79.82470522051287,79.42468787775607
ATH026,21,Goalkeeper,2026-05-16,Training,68.72868754537436,6.7143928967015425,0.7574768027890106,7.185342879474854,157.9258191774041,174.7188618141171,7.529479012668003,60.31471636353032,0,0,74.26192867405459,78.28966429416008
ATH026,21,Goalkeeper,2026-05-17,Training,69.32170574059025,7.167359192410377,0.7504178248251934,5.6424302568439915,152.04878184622297,179.7114594386079,6.999898413637618,58.73085432302697,0,0,85.78900947770038,80.17006827023533
ATH026,21,Goalkeeper,2026-05-18,Recovery,37.80181658189166,2.492273075507197,0.3097898977903691,3.3421925454495742,129.24448679368604,140.56964349272363,7.364678588938442,71.38982353738243,0,0,87.76883161290634,79.71716114857406
ATH026,21,Goalkeeper,2026-05-19,Training,76.02495336694065,6.596950510622343,0.7693862199204233,7.078942021378831,152.78358989470678,178.4259264046973,7.11552818927028,63.31189017890612,1,0,80.20052052058281,87.41300741560136
ATH026,21,Goalkeeper,2026-05-21,Training,77.60006742916558,7.973448721227401,1.3319276662763757,7.067922571894322,158.34949859204085,187.30620020230307,7.651936906861101,78.12366877019349,0,1,71.1377672434601,91.39479967109315
ATH026,21,Goalkeeper,2026-05-22,Training,84.40704315689624,9.441068855664998,1.2122446565488953,7.609258625358951,163.70228114621924,193.40840643945901,6.375137753922831,56.946965060893156,1,0,84.34040853701005,88.62653894320349
ATH026,21,Goalkeeper,2026-05-23,Recovery,42.05906252534274,2.8829817830783044,0.47703165479949866,3.247026087035618,132.3444050604398,157.94575793540034,6.847965102364711,68.86626676891258,0,0,85.29483875294893,76.21894831582877
ATH026,21,Goalkeeper,2026-05-24,Training,70.34889146008771,10.638308008561939,1.1243571200665559,7.097495820343273,159.59290217951823,184.889030843625,4.696251058081029,31.776426966736654,0,0,77.26286570009931,84.26604114706349
ATH026,21,Goalkeeper,2026-05-25,Match,94.31786194123971,9.73739982366372,1.654287931720547,8.505807077713545,177.36091838516847,197.88683011734625,9.319425806222657,81.27704668049505,0,0,79.57932780860348,94.38719489050274
ATH026,21,Goalkeeper,2026-05-26,Training,59.40704510194382,5.770103419111772,0.8869876175023215,6.689302690805989,160.19130881068745,181.50492283049664,6.2877043971931785,65.8970472536121,0,0,79.57002962134938,74.18241110707373
ATH026,21,Goalkeeper,2026-05-27,Training,75.77076780253451,5.921578409193756,0.5210711641674792,6.076603678543997,154.00761636284466,192.00631113274284,7.032977613805375,69.05299398458145,0,0,77.15177144713019,80.87191977568166
ATH026,21,Goalkeeper,2026-05-28,Match,97.40454199573965,10.948868967055438,1.678237375438878,7.8029155916454,167.15600341838515,196.2377769296813,8.284726843966766,72.28099102232386,0,1,80.92785132014048,95.36190077048198
ATH026,21,Goalkeeper,2026-05-29,Training,102.95130342711639,5.9744764812428475,0.9440375448026163,7.662549436570577,157.97681422451393,188.41615519303502,6.997340178053414,55.923486386988856,0,0,79.21036240651276,81.5143996656994
ATH026,21,Goalkeeper,2026-05-30,Training,97.3674287472146,7.0451721166818055,0.7588263170527828,5.73059365038369,147.63605742727339,171.22017403475886,6.779281328706365,60.02449139774549,0,0,77.27828929485837,79.37194662994438
ATH026,21,Goalkeeper,2026-05-31,Training,74.27623839666182,5.391144250781328,0.48041332737223963,6.412571423934782,160.07351947758875,189.95813101559202,6.184431983244296,62.524204330096225,1,0,87.3559679040236,84.48235421538318
ATH026,21,Goalkeeper,2026-06-01,Training,68.57527676224322,10.329664370435257,0.8296153697971065,6.473929230422411,152.63739231767863,176.56743912272006,9.165468037823858,85.97093849894891,0,0,75.34819297689953,92.2050061982522
ATH026,21,Goalkeeper,2026-06-02,Training,69.28051850968998,7.603289377885858,1.0335660987253092,8.059308929997975,155.5741686680901,176.2505875274521,6.745666724736461,51.22167835788701,0,0,87.11016905797271,89.77580181677264
ATH026,21,Goalkeeper,2026-06-03,Recovery,55.42123269696741,4.263834684967705,0.34879022192114867,4.1956605880842845,150.33060175189445,176.60003414247856,7.2255891441705185,70.6226040015908,0,0,80.0746060131671,83.04970582701486
ATH026,21,Goalkeeper,2026-06-04,Training,70.96310135885308,7.953369923218821,0.7902926417846783,5.874540400420738,140.980819993595,168.14642418525844,7.3636033344118355,59.57449108972063,0,0,73.0977254851869,76.97517190674189
ATH026,21,Goalkeeper,2026-06-05,Match,92.08820841256826,9.924994260422123,1.4340955718226696,8.296274082618346,168.22116474236208,197.78060208801156,7.3802720831605635,59.31915087202698,1,0,72.05434353782205,85.2015701234441
ATH026,21,Goalkeeper,2026-06-07,Match,88.47885953074714,9.199226202902823,1.175210896943779,7.88274046809784,161.41870716240527,172.85711775156645,6.159076842827212,50.202752631823415,0,0,82.54166120930695,79.12444647065075
ATH026,21,Goalkeeper,2026-06-09,Recovery,42.37020841005448,2.4066818641116794,0.37612944014434946,2.9945828844231595,125.32245199407885,161.9569679107198,7.721629895575118,84.31183263028888,0,0,72.24623487518443,83.4839358136097
ATH026,21,Goalkeeper,2026-06-10,Training,70.63558439204344,7.632236070431026,0.6298135693281933,4.779419600766224,140.56001628154917,152.14009497537822,5.3981836904728775,47.98027318001571,1,0,78.37681017013496,84.07077771518209
ATH026,21,Goalkeeper,2026-06-11,Match,89.7843548838856,9.1968785482599,1.3647135881693493,9.479493097070012,164.8288040461277,182.80165941044658,8.13905343421282,69.68177131117,1,0,83.80962980578704,98.11196454951171
ATH026,21,Goalkeeper,2026-06-12,Training,76.72283997820823,5.893132098736812,0.8326676849154867,6.478689500843128,151.45503438280812,177.75530878075068,7.757829258598668,77.96775253974505,0,0,77.39619456510992,88.16481296998329
ATH026,21,Goalkeeper,2026-06-14,Recovery,51.56038469337285,3.703035550092865,0.5911234417441282,4.3613366775238305,136.88704520789997,163.5370953059617,6.947342886306132,76.87552199690083,1,0,88.71199905362307,94.54628730187818
ATH026,21,Goalkeeper,2026-06-15,Training,99.83056954703257,5.448974723045453,0.8958283494707912,6.02250241442842,156.5995075767205,177.59293925237424,6.326477747383624,54.85269813195745,0,0,82.63666073309736,76.44970209744207
ATH026,21,Goalkeeper,2026-06-16,Training,79.42019932162971,8.069884287023614,0.8686768776468197,5.253876877025165,142.49452590447592,172.94329759938182,7.344368230787492,58.19592225035111,1,0,81.68077418638684,80.42675879120713
ATH026,21,Goalkeeper,2026-06-17,Training,62.47549112924038,8.544498790392431,0.6983843457797193,6.198825275776807,157.22269095145953,178.10176691267702,7.286843752340926,73.16419660264617,0,0,79.03287566959749,87.39916680491534
ATH026,21,Goalkeeper,2026-06-18,Training,77.40885348732188,8.057580887932582,1.0045612682256606,7.446004560682016,162.94390234781918,183.11295555897377,7.435496709363148,72.76701496465478,0,0,84.76885591094057,83.88201112793936
ATH026,21,Goalkeeper,2026-06-19,Training,68.91315304593886,8.26453879892557,1.268585896852945,7.548768216932314,161.57999973820208,192.48783169248404,6.431712768346212,50.956704329573284,0,0,81.28034747861993,84.78820751446749
ATH026,21,Goalkeeper,2026-06-21,Match,87.46966797983355,9.158552025881987,1.237372601708292,8.647826327648323,158.56598780885457,172.53142217319896,7.673221720188986,58.49676541164188,0,0,73.70961231172012,89.51394756335144
ATH026,21,Goalkeeper,2026-06-22,Training,76.87763536771314,5.724951140050008,0.6992567447404197,6.71518837383109,145.83210513369,167.7266791774773,6.970671767682362,73.65574541494247,0,0,80.18890774078042,84.13199502649354
ATH026,21,Goalkeeper,2026-06-23,Training,65.21988929155106,6.4474612452674505,1.0287968606327302,5.713793527584226,144.80157522325737,163.1227359591726,5.897359589734565,68.65324410667067,0,0,86.43247732826177,77.11175064941706
ATH026,21,Goalkeeper,2026-06-25,Training,73.35467407860048,6.4286092334884435,0.6764678871300678,6.3863921440611735,159.9945067126155,191.14662162031226,6.473587316039295,46.28153769256936,0,0,83.6703371960898,80.58241149046322
ATH026,21,Goalkeeper,2026-06-26,Recovery,58.524822428477904,3.145900369175271,0.34512248595359435,3.607025971314623,129.65525786931906,154.5091645372454,7.503191903300024,76.86409595458052,0,0,90.58640410805621,91.74000721406013
ATH026,21,Goalkeeper,2026-06-27,Match,93.6632793119565,10.090730603521992,1.4491825052909009,7.946649317700853,164.0634774508046,192.75278677929234,8.28917472372089,59.75426041530069,0,0,79.21840420381693,82.33536852733444
ATH026,21,Goalkeeper,2026-06-28,Training,58.19140246519118,8.027930276377134,1.1769774809250686,5.906720039260791,154.76758352915982,184.00541640292633,6.400712052606984,63.247456171691084,0,0,95.8320499666735,83.19897234445324
ATH026,21,Goalkeeper,2026-06-29,Recovery,42.57496575367466,2.3682147438453347,0.3177144735094562,3.459271772979486,138.47492409005798,169.03538919107325,7.191064596398602,79.6928989252485,0,0,82.69687642734647,86.20746547864681
ATH026,21,Goalkeeper,2026-06-30,Training,95.47842844949058,7.9475345626432645,0.7771061665354905,7.783886862343373,169.40061935139312,184.27083532520663,7.715865525873971,67.86160166274071,1,0,78.41140672584748,88.90401430541358
ATH027,19,Goalkeeper,2026-01-02,Recovery,46.7507481916952,3.2090941426903252,0.4814134662186451,3.584112172854496,139.64825544625108,151.48472648912016,7.213379466281999,77.57341394973456,0,0,83.82046943093015,83.64938744262324
ATH027,19,Goalkeeper,2026-01-04,Training,81.68064763532172,7.0097851787808905,1.172879588359009,7.1092097048423195,152.0683192751249,183.07577050710273,7.605086249168136,68.81062500421284,0,0,79.01363921161379,91.10747066342526
ATH027,19,Goalkeeper,2026-01-05,Recovery,47.663707784857536,2.76145576921003,0.45317322078174976,3.014387388007299,135.3568849146282,156.6947485963092,7.054397098055745,54.893237489729074,0,0,74.8500217143016,74.46417312121149
ATH027,19,Goalkeeper,2026-01-09,Training,74.92908497433719,7.2844311898518725,0.9758066385322416,5.948474318162059,153.42070509545627,178.38786870670418,7.478644100172501,58.13437986900254,0,0,85.09892741974936,72.48813198740153
ATH027,19,Goalkeeper,2026-01-10,Training,90.52644916438261,5.864609149547346,0.6396610885430898,6.596824497598521,160.53216772644427,174.1048407028159,8.682141566280954,89.95053331101607,0,0,81.20242092947414,93.72698232204678
ATH027,19,Goalkeeper,2026-01-11,Recovery,49.589296496533095,3.3103445986885247,0.3852013989163898,2.934334053514535,132.0879210911001,151.20338459380991,6.50489674727519,66.89821842425128,0,0,85.97190719066495,74.44861668247982
ATH027,19,Goalkeeper,2026-01-13,Recovery,63.90703694257623,3.0927228346050484,0.4795996178856425,3.212918279231103,134.5288358954268,154.91521802547837,7.793111587181003,75.40964292157604,0,0,85.02373383936889,93.67720883891378
ATH027,19,Goalkeeper,2026-01-14,Training,70.81263626050892,4.504815697551445,0.6500147756246057,7.398328600261522,153.3818804252977,177.2399871081982,7.004547371342077,70.28057202671637,1,0,77.4022485670737,89.44518273550443
ATH027,19,Goalkeeper,2026-01-15,Recovery,41.026588382736605,3.400302258812478,0.3875361631419757,2.867174262417107,128.62794785964573,155.08996760809345,7.204841162830549,70.48048516044773,0,0,80.97673116138373,78.16433995109303
ATH027,19,Goalkeeper,2026-01-18,Training,49.074744135019245,7.123746612925039,1.094978018918083,7.7406808322122655,165.48552301755012,198.97572063499985,7.196890095223008,56.06651885695214,0,0,83.74372583023296,79.63058696935288
ATH027,19,Goalkeeper,2026-01-20,Recovery,44.145985395282445,2.8596460260590715,0.3882672169566228,5.517118465914097,151.4647848674188,182.9617490890157,7.726609070864862,72.59754196936453,0,0,82.22632437790638,84.2970755611393
ATH027,19,Goalkeeper,2026-01-21,Match,90.50616960328273,8.989463999553294,1.3547744218763058,8.393874118761588,162.7153242659764,191.10666629339278,6.690647903169042,36.21044795244737,1,0,71.22679840545209,78.90467008148852
ATH027,19,Goalkeeper,2026-01-23,Training,60.23114294189773,7.247664847820439,1.0374871678612092,5.656065402409489,145.63713165136332,166.13985221190183,7.763003927328373,74.80085549454841,0,0,85.19728625065642,90.58699258248163
ATH027,19,Goalkeeper,2026-01-24,Match,90.0884065048827,9.108603345999752,1.4362062610548836,8.514878453121788,167.3410903490351,194.68828456251052,6.843260127006212,60.62213510155631,0,0,86.79423020963539,85.95454353011246
ATH027,19,Goalkeeper,2026-01-25,Match,93.42081285348684,8.91123286751755,0.8843666027591498,7.977702151237817,159.7309216384398,191.62487831309002,5.605908591811704,35.61541415883391,0,1,79.32030860790712,80.1462032457964
ATH027,19,Goalkeeper,2026-01-26,Training,76.51876058181843,6.956612079912996,0.9537992567386461,6.6269684128158834,158.83700056563765,191.22584750023918,7.599797836100173,67.15471461926325,1,0,84.5847946196116,85.53502287294151
ATH027,19,Goalkeeper,2026-01-27,Match,86.62893603676923,7.496635249188583,0.7885209798370298,7.768267771082246,160.6978356818861,176.6857448265801,7.091548956169064,68.33342778431451,0,0,83.14974975905037,84.20582029798072
ATH027,19,Goalkeeper,2026-01-28,Training,68.21687960282844,7.1629887814602355,0.8577130175113522,4.994358706326232,144.44676560130378,170.73032140342377,7.1843618356581365,48.66343274808359,1,1,81.07021830972404,82.64930317721965
ATH027,19,Goalkeeper,2026-01-31,Training,84.95586872879677,5.263388771651327,0.5500056828745088,7.027939479705428,150.2196576422775,182.9338838475036,7.014798767592893,66.91939674946707,0,0,81.92895818470055,79.23121408333316
ATH027,19,Goalkeeper,2026-02-01,Recovery,51.19462624880292,2.0800569312735484,0.28097768851254934,3.108881926480477,132.03445988141027,162.66165311547007,7.640932594942052,81.46151405998116,0,1,80.90730261493373,81.70582276961939
ATH027,19,Goalkeeper,2026-02-02,Training,76.03982889934164,7.298984605405742,0.8754116678512579,7.445704083562555,153.6571395548908,181.832127678721,8.131839794755315,78.9292045896114,0,0,83.37703800031029,89.91983481695887
ATH027,19,Goalkeeper,2026-02-03,Training,62.06448921766075,5.012728019750039,0.5696016937119829,6.801782819989096,161.11491847842527,189.90454419010442,7.560291108491129,75.3901285779586,0,0,85.99130456572269,90.51286393815302
ATH027,19,Goalkeeper,2026-02-05,Training,61.19299731434433,6.010014000556372,0.48167837691476456,8.792211640366713,166.30415854158198,188.9853241197811,7.767077269785751,65.92921856204792,0,0,91.21721276012099,79.92895531603293
ATH027,19,Goalkeeper,2026-02-06,Training,88.61470204727158,7.133037669576862,1.0353956345701965,8.482269266618255,177.30051164050283,198.56292323853563,7.932116896971203,61.384413174558524,0,1,84.34238802606737,87.58844236263374
ATH027,19,Goalkeeper,2026-02-07,Training,73.27482204212167,5.8548190894526,0.9363868545263883,8.168138722700315,165.33732402168792,188.0219383084777,6.873155881564184,51.59266354081622,1,0,84.22705013126546,88.28135308504791
ATH027,19,Goalkeeper,2026-02-08,Training,58.249535402337145,8.171555261279114,1.1732935062266883,7.040857492897395,166.42394805202127,191.42127551274643,6.1045791193874255,42.41944231434962,0,0,84.97480156214331,79.80433037748821
ATH027,19,Goalkeeper,2026-02-10,Training,77.2769611297893,5.726922072290788,0.726597781562878,7.478116170635349,163.75385019068588,181.35331222505246,6.870329664279545,63.850039887058,0,0,80.73570244206292,87.01204265154783
ATH027,19,Goalkeeper,2026-02-11,Recovery,45.498773462033135,3.2495322051392392,0.479428913222281,3.5522376942963607,129.29107829066282,165.53819729528868,8.359529481335933,87.0209153320839,0,0,86.55994601814446,80.40894769546962
ATH027,19,Goalkeeper,2026-02-15,Training,85.09893980528003,5.516975231871852,0.5930921588730591,6.628530579022553,150.49452528776231,171.12266687476267,8.599526260775802,92.7967278118441,0,0,81.25663023549791,91.45090186140962
ATH027,19,Goalkeeper,2026-02-16,Training,69.35700519342338,6.649688055869586,0.6947999102667956,5.694731519507032,149.5732341997471,165.93658366644996,6.530675180419367,65.64642148335663,0,0,81.87012095805277,84.14766011406675
ATH027,19,Goalkeeper,2026-02-17,Training,92.18215797811149,7.310009444112857,0.8191355555443094,8.02594786514769,154.29781987154053,180.113444532272,6.6821356541148615,50.858158952792486,1,0,89.84906312548429,79.65846411387558
ATH027,19,Goalkeeper,2026-02-19,Training,82.91374342332779,6.185941220596852,0.8280137581432258,7.47280499139387,161.70268660963538,174.6104195338098,8.22909528856026,65.414819591238,0,0,94.73595731181746,87.84052024233836
ATH027,19,Goalkeeper,2026-02-20,Training,49.41651777464915,6.006250516338877,0.6197713891240177,9.364391265719847,176.45581831795784,197.74462693809295,6.753809648311464,59.49790097772189,0,0,81.37749758214295,91.78777818395378
ATH027,19,Goalkeeper,2026-02-21,Training,54.40365264884272,5.472393604855778,0.7561140969953621,6.222749323133443,154.67518967868963,178.2393130463675,7.466132523115152,75.17928842336724,0,0,78.48287703035963,80.44063082203456
ATH027,19,Goalkeeper,2026-02-22,Match,91.71629256161567,8.324170294414754,0.8796093972618272,8.051346754903655,165.55877191967758,186.284623750073,6.579871233200167,54.976457882138284,0,0,85.20039956440986,83.33133477830638
ATH027,19,Goalkeeper,2026-02-23,Match,97.40955162884347,7.856086152048775,1.3059884504165122,7.603245992473353,155.82910156827234,177.98829916927383,6.5017656898002345,57.02306574374906,0,0,82.31623680390709,79.6789889992558
ATH027,19,Goalkeeper,2026-02-25,Training,93.6652799557473,7.139404640844082,1.0413866519905999,8.519205482241269,165.06607513547826,178.67171284030357,6.177494681325877,44.999359527442024,1,1,89.24642271713351,94.35286274401221
ATH027,19,Goalkeeper,2026-02-26,Training,102.81776314163918,7.225145454467959,1.1554539429367914,7.033313555962975,154.52157846915946,186.50642512761328,6.211498189319983,30.590358213662824,0,0,93.99897002370601,77.80077217137418
ATH027,19,Goalkeeper,2026-02-27,Training,78.8479950730676,5.7326134811393334,0.7702919159772978,6.380578584299129,147.6329331586323,169.9362141355022,6.517172638149483,60.38209340831904,0,1,84.78388512038985,83.65771990141708
ATH027,19,Goalkeeper,2026-02-28,Recovery,40.78383479199997,1.8813524587579245,0.21607471570650086,4.672747221563305,145.03549783084435,179.67461422153576,8.60735929448382,92.42778063876383,0,0,85.28438297938479,88.05223793169719
ATH027,19,Goalkeeper,2026-03-01,Training,69.50350245585963,5.177414632902562,0.6013394033596855,7.269433236637286,157.45498805823578,174.14007268380772,8.034713635980703,75.52150744793562,0,0,79.57987129459723,95.10660041775745
ATH027,19,Goalkeeper,2026-03-02,Match,95.71725159363167,10.350516496397068,1.516693729944001,8.706228208616846,167.5652039793498,189.39235280703667,7.741607995269807,73.4285972589268,0,0,78.91690175981465,87.89902543990928
ATH027,19,Goalkeeper,2026-03-03,Match,91.56074039284945,7.705983507013415,1.0610346174154524,7.182324609390678,153.19608631570955,178.557819621719,6.543048953433483,63.63579753906279,1,0,75.6727134015972,84.15185450692347
ATH027,19,Goalkeeper,2026-03-04,Training,67.56150010260305,6.308075227866396,0.963523332210223,6.346558392316563,145.32409454521022,170.49072805121486,7.800100436383057,74.00120898503432,1,0,81.32688450124104,92.86288024656237
ATH027,19,Goalkeeper,2026-03-05,Training,80.21342539488508,6.002440541324883,0.6021353380439785,7.769211659243638,170.3316656115013,184.13592090147526,6.725557630155688,64.3768048172235,0,0,84.73338767017293,86.83271641331044
ATH027,19,Goalkeeper,2026-03-07,Training,79.78633932775375,7.357988020686663,0.6317937990914418,5.664088683769922,145.37628521964209,163.99078712355197,7.133749962488311,79.64529316357444,0,0,88.76610220160954,85.80842139454809
ATH027,19,Goalkeeper,2026-03-09,Match,91.0502094879674,9.27273854084391,1.3243253131519672,8.146664780758499,167.59649591289613,191.50561497602365,8.511535394085062,76.56060367254044,0,0,76.77882140212674,89.77691040754917
ATH027,19,Goalkeeper,2026-03-10,Match,87.89611742661862,7.520793504025392,0.6717553198498003,7.080258751298365,158.24633129783396,182.63508745918062,7.362294437683836,62.614042376750064,0,0,74.5243467838241,85.69953173766807
ATH027,19,Goalkeeper,2026-03-11,Match,98.8677844937607,9.59223607388108,0.8688780969967956,8.363150144391717,173.83859191870397,191.58791797468763,6.932849755165313,49.38366719207984,0,0,91.69880202219998,77.35293133193997
ATH027,19,Goalkeeper,2026-03-13,Training,78.1498710029564,6.8013704038662395,0.6469248751493081,4.411003445123512,139.3550330341436,168.0827845183339,5.586620667414405,54.15734069262723,1,0,76.52360525188652,73.39458299780608
ATH027,19,Goalkeeper,2026-03-14,Training,64.00176099592325,8.088176810494527,0.7203908435204461,3.7649719920952323,143.5445079112685,174.04118507842867,7.653500826350478,68.96909487604273,1,0,81.78421115476472,91.99435274643481
ATH027,19,Goalkeeper,2026-03-16,Training,76.67285656630418,6.209693732159701,0.6314510597260179,6.37190724684314,152.87598910897012,171.9963113281924,7.112318859314493,66.5746904404943,0,1,77.94729689643401,76.48342880097782
ATH027,19,Goalkeeper,2026-03-17,Training,72.06177554744507,6.512011378130256,0.7869716151868844,7.010187475302686,155.616868313608,162.15969156693302,5.889773619165854,34.771375823260584,0,1,76.48159640871903,76.24929016490843
ATH027,19,Goalkeeper,2026-03-18,Training,75.72721468254085,6.1014739752356,0.57044933465016,7.3199985281147075,162.66480534575567,186.87680331192135,5.857291445546397,53.62906334783259,1,0,87.79282497342237,82.40143759497383
ATH027,19,Goalkeeper,2026-03-19,Training,76.4678088707917,7.51488042240836,0.6635672309312213,5.7997145101661385,156.47978589135684,184.19349399610667,7.621028067795626,80.02740743296567,0,0,87.72622928107522,91.1304225910241
ATH027,19,Goalkeeper,2026-03-20,Recovery,43.989313561342826,2.6118692443378273,0.2845012107063883,1.9222808312685211,123.21139388704029,159.02092115403963,8.492054103416773,91.93927124432426,0,0,85.44903850718748,93.11457619844956
ATH027,19,Goalkeeper,2026-03-22,Recovery,40.546462884721784,2.5423644227707594,0.29718909426565315,3.576671393163801,128.85894655465952,148.8212187084297,8.68231745658346,83.94643159625915,0,0,77.4372289892005,81.12648826701238
ATH027,19,Goalkeeper,2026-03-25,Training,64.31252419233024,7.743840785532313,0.721956523139732,5.012353655321041,144.48435481393776,167.05026954876965,6.680013658620514,62.85248885448453,0,0,79.12454303905955,76.81880930971133
ATH027,19,Goalkeeper,2026-03-27,Training,97.60895181643653,5.045503560553917,0.7714593451894707,4.878934970428198,144.15651666694515,167.74631707500416,7.786127357791013,76.38351065410986,1,0,66.7748838437893,89.88723489912081
ATH027,19,Goalkeeper,2026-03-28,Training,88.15376314294583,5.6696002428452,0.960836428659713,7.435248488383126,165.02507931657098,191.27297899641292,6.558773588991929,59.6635404276047,0,0,72.12203828953793,77.8189328131915
ATH027,19,Goalkeeper,2026-03-30,Training,82.67971312735793,5.341697835387927,0.597520189846472,5.114688875402361,151.77843862622055,176.7615240349966,6.824377260097999,73.98791706611553,0,0,81.19368621480793,87.54350403791142
ATH027,19,Goalkeeper,2026-03-31,Training,69.67968933165189,7.391968582450664,1.157944378374122,5.628510479000548,152.44409118754695,177.38023486104103,6.760173002207812,67.83602905987472,0,0,75.1621106922312,85.17725374808627
ATH027,19,Goalkeeper,2026-04-01,Training,84.08566839697698,5.107724329284563,0.42721224240164507,6.97784662632561,156.51220493346128,167.08702052374264,7.1232790275360784,61.31377712448214,0,0,85.07201645870542,82.79361082582935
ATH027,19,Goalkeeper,2026-04-02,Training,60.18336530002549,6.512427614648871,0.6354545966743397,4.6250132111056494,141.02472994528603,151.00907843348972,6.0202261276922675,40.14177434608156,0,0,78.53087931068833,76.89194909241307
ATH027,19,Goalkeeper,2026-04-03,Training,80.19955790679757,6.583752321325762,0.837933069259081,6.233853378908552,153.7656691053702,176.5079397458012,8.33883897411425,76.55956488661646,0,0,79.1057478868653,83.59770548513073
ATH027,19,Goalkeeper,2026-04-04,Training,88.50166283977875,5.859566425439955,0.9317936071719891,8.003790113942273,167.5666146418852,195.04610923384112,7.885007356960873,84.05321242013089,0,1,78.75337621678938,96.38885431401575
ATH027,19,Goalkeeper,2026-04-05,Training,66.65290798901718,5.707991410649415,0.8029188567166305,6.907032875460356,163.71429722778902,191.53783919765527,7.435642634792271,61.564192663889564,0,0,82.95494703640834,87.26028694578314
ATH027,19,Goalkeeper,2026-04-06,Match,97.62210562248227,8.713055336902933,0.8255194133135699,8.30045807570611,163.30669790458936,184.55969907028947,6.618220536593069,60.137483573580255,0,0,76.62644139227743,79.87239417737793
ATH027,19,Goalkeeper,2026-04-07,Training,71.63999362776133,6.157192249789446,0.9650386263085825,6.720678353709582,153.75687180878825,175.60989283760512,7.647911902751169,70.75720177645272,0,1,81.00362912977324,87.64940593110425
ATH027,19,Goalkeeper,2026-04-09,Training,68.28949040981345,6.377227525482266,1.060303561689545,5.513328725692479,144.743435363318,178.25318939785768,8.99925873725437,88.3415202620272,0,0,83.88347296517436,78.92392473509841
ATH027,19,Goalkeeper,2026-04-10,Match,86.2301730097872,5.945276136389757,0.6234689961263202,9.116269902988368,170.21550559427672,197.8020075871632,9.113100306287368,88.79381343292633,1,1,82.21305541119672,100.0
ATH027,19,Goalkeeper,2026-04-11,Training,91.34373643070971,6.484594713406629,0.7483187794896121,7.067779666721561,142.89966700514037,167.7501297340111,7.550076335511372,68.22171191436848,0,0,91.09486633164781,85.83568197766442
ATH027,19,Goalkeeper,2026-04-12,Training,74.23070125348076,7.3214913520390805,1.077236017181543,7.186846944134617,158.88554591061268,179.5285248082477,7.463662039679436,76.17074615275652,0,0,88.51928503201185,92.9527501484938
ATH027,19,Goalkeeper,2026-04-13,Training,52.874819524759864,5.922407184759224,0.6204314043858792,4.534629341334174,144.58064523821187,168.533363650978,6.43827835809966,54.26005256055488,0,0,76.66017924599743,78.62086517920417
ATH027,19,Goalkeeper,2026-04-14,Training,51.48020972871434,6.145644071736877,0.5473517753650193,7.648624620178139,160.1745328766754,187.172568628123,7.202039974204818,56.57807307683147,0,0,80.60399932619255,90.23228438658919
ATH027,19,Goalkeeper,2026-04-15,Training,66.97491838109336,5.646840107840824,0.611765690932902,6.074784377740655,150.26102715556442,185.60968956234743,9.13563107362097,72.75781294132413,0,0,73.14070712040018,77.59314303214155
ATH027,19,Goalkeeper,2026-04-16,Training,72.66918984547783,7.821572424646166,0.7315974081077108,5.473191759136019,146.6098571168282,170.42241866076927,6.859772144823359,54.45484140214323,0,1,87.7654145774055,86.98963869922
ATH027,19,Goalkeeper,2026-04-17,Training,60.364587799153824,7.148247750467928,0.7411872316602646,7.633435722174053,159.5083005239661,177.52067007413234,8.358063664762227,83.42808050611498,1,0,78.20578501922108,100.0
ATH027,19,Goalkeeper,2026-04-18,Match,90.70434503205806,9.945940828778669,0.8320283617207783,7.8995723753268,162.09822434007384,178.69102692127106,7.206739602479374,66.52092693468954,0,0,81.19117113353869,83.35814597822076
ATH027,19,Goalkeeper,2026-04-19,Recovery,47.948071552694124,3.1850609463741,0.34182032865561324,4.038417907660491,128.61137455609682,148.65991609037542,8.695245456411193,81.96408220625067,0,0,79.8159539603064,84.97324364431736
ATH027,19,Goalkeeper,2026-04-20,Training,84.6697434660694,6.713104541983362,0.6473139084408247,6.3009457858249815,145.99302480289774,179.32692079399243,7.038520009637559,67.99242387552151,0,1,67.67025377315589,85.63435162210875
ATH027,19,Goalkeeper,2026-04-22,Training,84.6122104734554,5.496546680024676,0.8048537741716079,6.494880264621679,149.40888327218673,172.3469241155929,8.422411445736808,73.70657207511594,0,0,84.2034983848916,79.17484608430772
ATH027,19,Goalkeeper,2026-04-23,Training,66.72129532778786,7.450517300120585,0.8979335890562115,7.539911164047583,156.7986510768542,170.70447600307816,7.236800191868561,66.7728942845591,0,0,92.82869366745092,84.80293500207753
ATH027,19,Goalkeeper,2026-04-24,Match,94.05395079086833,9.043864437258476,1.140054722752648,8.745082365596076,162.7348362544556,179.97508966696785,6.449034150899631,40.893664877983994,0,0,80.69188124939758,71.10671122421414
ATH027,19,Goalkeeper,2026-04-25,Match,97.92750818084288,6.946077557637706,1.034599059991931,7.591766927061778,163.47547501149853,181.87555468293812,7.106191647086912,40.93215645237004,0,1,79.2287904687887,79.29633019797362
ATH027,19,Goalkeeper,2026-04-26,Training,86.21242743280033,7.042852052527018,0.8580267168930596,6.521792213068304,150.028766820566,167.02973851102504,6.407771903935651,60.762981479902976,0,0,74.58706290193489,88.6254096511416
ATH027,19,Goalkeeper,2026-04-28,Training,82.08331003140782,6.52708498631129,0.8173584687016416,6.1785582696492,159.66084910066076,185.5411105763885,6.960242805052283,62.625301465737,0,0,78.1862646677139,83.14479682536256
ATH027,19,Goalkeeper,2026-04-29,Training,72.35633763773107,5.967129999094673,0.7322353170071958,9.407010285017446,175.61886992458676,205.0,7.19630273902896,68.22506130290567,0,0,68.60882629544703,89.95097927094186
ATH027,19,Goalkeeper,2026-04-30,Recovery,46.7189477904772,2.8207065318816,0.2612758279113734,3.817279586343786,132.05452397616685,155.6856948327811,6.400460801687016,57.27373011319479,0,0,68.60725646121624,75.97985859146283
ATH027,19,Goalkeeper,2026-05-02,Training,39.93364069150984,7.091108645576309,0.8039276294290797,6.391904908512789,158.58605576312485,193.7985269983961,4.611519292275526,31.838802567141812,1,0,80.8999903607811,75.16252630122244
ATH027,19,Goalkeeper,2026-05-03,Match,93.71167951662635,11.329143495783782,1.3777905046889034,7.24483888498528,162.3854377799511,192.23878275424806,6.353671806603193,59.76583379895649,0,0,90.76252368131986,85.41953203242288
ATH027,19,Goalkeeper,2026-05-05,Training,56.129791364046106,6.169061233691185,0.6677416980450853,7.257464597927701,151.83788952983585,173.26437560803583,7.9478857161578125,77.87128874586871,0,0,76.88061443126834,90.25508409402917
ATH027,19,Goalkeeper,2026-05-06,Training,66.94317390620415,5.935703016377456,0.7762458642702252,6.942685412234241,152.51016104508682,181.65361297078556,8.237675197131605,70.42805699660924,1,0,80.93429358334747,85.92178758008203
ATH027,19,Goalkeeper,2026-05-09,Training,74.22234370758514,6.139425594584101,0.5005535111822291,5.312275626775052,143.27483143892482,170.96133055765355,6.857776394387002,57.53863534731461,0,1,81.42269991231001,86.67221800139929
ATH027,19,Goalkeeper,2026-05-10,Training,77.49291911273875,6.312369089383523,0.7912058600277806,7.027073904605674,157.25751160631341,188.36933927492677,6.143439950586699,63.3831843905405,1,0,84.05669175642188,86.86210491994312
ATH027,19,Goalkeeper,2026-05-11,Training,68.54190035936351,8.15594673153668,0.7667882424777388,5.809515194264952,146.2280850662313,165.8487430797658,6.49774649137023,60.97184653505406,0,1,87.48904909740652,86.4290841781577
ATH027,19,Goalkeeper,2026-05-12,Training,83.13657194671512,5.327416436181584,0.6705385410036246,5.92158487076791,155.42509511183863,177.2929046487521,6.555676399700532,65.40491905136446,1,0,87.88181073782222,93.54008549547754
ATH027,19,Goalkeeper,2026-05-13,Match,79.18710933163739,6.741172727090898,0.9617359455961829,7.294476376585052,160.27740276651852,188.33546382752507,5.500091527417354,48.23463007149836,0,0,76.98257475640709,75.12405901482508
ATH027,19,Goalkeeper,2026-05-14,Training,66.511097976227,8.115536644423916,1.0529989338156374,6.823131871411126,154.5981127470086,177.1265899515312,6.924853867365473,71.10159917813981,0,0,90.02154138276482,83.96700771300908
ATH027,19,Goalkeeper,2026-05-15,Training,75.97878398983563,7.265687514769498,0.8925126399156819,7.868075422284948,163.86869827459702,192.87249751367838,8.301541336824357,82.0360952365655,0,0,79.88052074243527,78.68360284313482
ATH027,19,Goalkeeper,2026-05-16,Recovery,51.694377744757126,1.3706979019357501,0.17556226244606946,4.169925104768613,140.91713761484675,163.21020961235786,4.957812598619077,48.050972385486745,0,0,78.05724293017545,72.09644770520912
ATH027,19,Goalkeeper,2026-05-18,Match,77.42305097759042,7.989983701539662,0.6551706867803009,7.149084055383238,162.7945172788303,195.13338343260912,6.2428840743111955,55.159208177192504,0,0,79.70195546994373,83.00796785050927
ATH027,19,Goalkeeper,2026-05-19,Match,81.22123455807485,7.698846227658926,0.996229105654626,8.460489426617237,161.59738525065927,194.08729591079378,6.670870381929213,54.585085866560114,0,0,76.81458590353161,81.23698515290259
ATH027,19,Goalkeeper,2026-05-22,Training,64.94604825418253,5.945500978129832,0.5042284195769356,7.207460887688495,166.42943463052464,188.14488422882624,5.606146641809783,42.30509007558889,0,0,84.39594500446424,76.38788111074446
ATH027,19,Goalkeeper,2026-05-24,Match,103.70866043053448,7.7490258838382635,0.9777919150417367,7.892510409066281,169.8367822713152,194.17808272515336,7.5824182736620624,60.59633722484813,0,1,85.55776313227682,95.3714155088974
ATH027,19,Goalkeeper,2026-05-25,Training,47.24763045776046,5.481541909173329,0.7158431202686864,5.556927124957265,150.8699212219148,169.2622849879463,8.053263770036049,71.96106592883771,0,0,90.6547408809252,80.38543284998481
ATH027,19,Goalkeeper,2026-05-26,Recovery,41.061602175379164,2.9609547393262945,0.4672985844976452,3.2850088139007156,134.4838605661274,160.08257841465857,6.679956954456695,74.08839368201332,0,0,79.9176759334578,84.34696173466318
ATH027,19,Goalkeeper,2026-05-30,Recovery,47.10227242618633,2.6847644175635277,0.40834958688800815,2.247854970613152,133.69950779792944,154.30318798199312,6.7806700002765865,74.52774306768288,0,0,74.56131675224188,81.47963802605533
ATH027,19,Goalkeeper,2026-05-31,Training,70.61077898200321,6.569410826936285,0.6687618585834834,5.2102806943572215,147.89731130494576,165.30279909093062,7.632939865721117,74.42351235525337,0,0,83.43151149056601,89.34079090336303
ATH027,19,Goalkeeper,2026-06-01,Training,61.63125689250584,6.345140756790427,0.8719287702208691,6.226577302851918,149.19287570523775,175.86045792803762,6.486954904730084,54.98967440711671,0,0,74.71368309148625,83.74354933505622
ATH027,19,Goalkeeper,2026-06-02,Training,70.56477561527068,6.5385587584192795,0.5501119517162443,6.326636789422152,153.96175446086284,186.61655955553306,6.659622039843273,62.85433840884256,0,0,93.91200501897256,90.11479523663941
ATH027,19,Goalkeeper,2026-06-03,Training,99.40608703927177,7.870280222549381,0.7061551889196612,5.9243848881282775,148.38793101697092,163.70881512527822,5.45690035995957,40.183060685555816,1,0,88.07684805802292,82.39433160751925
ATH027,19,Goalkeeper,2026-06-04,Training,92.84852377487022,6.786268754898899,1.0610734694571602,7.202636049640386,159.8181197676853,185.5107439543226,6.74887667435493,54.7521873187919,0,0,72.46995972229243,76.60338389362619
ATH027,19,Goalkeeper,2026-06-05,Training,78.5613002270147,7.334369691285384,0.8310654065697828,5.1517505417755185,150.34527229242573,173.96557555186897,7.609864270367872,74.07346365394233,0,0,82.24248650562569,83.0884825460486
ATH027,19,Goalkeeper,2026-06-06,Recovery,37.785174044626444,2.792731640330404,0.426917797802617,3.7453227030508374,132.534723664135,153.273939373791,6.318270250612944,63.0019215823634,0,0,89.8936763975773,86.5854406710857
ATH027,19,Goalkeeper,2026-06-08,Training,63.930668191902896,7.048409059322466,1.025829749441549,5.244887870858301,143.91172455924965,173.69887174698164,7.317522320535851,71.3490691590989,0,1,72.46519919486278,81.33065562136206
ATH027,19,Goalkeeper,2026-06-10,Recovery,39.61020996332314,2.1386050688582174,0.2349627271215177,2.5474515686759025,136.15973602994893,147.82301854530107,5.928201671469327,74.34907952819708,0,0,78.10709931877676,67.07794571061149
ATH027,19,Goalkeeper,2026-06-11,Training,84.05774511659266,6.026182865185053,0.9956676773798313,7.603446056478009,151.3727799290337,190.66438831562166,7.311549589017777,59.713322518087814,0,1,93.49163846370203,79.87225285978202
ATH027,19,Goalkeeper,2026-06-12,Match,102.28107475399483,7.9911267612575205,0.8788723642383897,8.276666707697308,161.71468546708934,188.23463617270508,8.120462658821673,70.90768643502864,0,0,82.6415914173295,83.60107778003416
ATH027,19,Goalkeeper,2026-06-13,Training,58.38026235893456,6.288818365516205,0.6620374646275865,6.144517689665223,144.65119803767757,170.11816126089641,5.735828548720323,46.8980173642343,0,0,80.64590903863869,79.84940275256885
ATH027,19,Goalkeeper,2026-06-16,Training,58.474376898507025,6.338204739581769,0.7439031440222432,6.047515584421482,150.93351652796474,181.2391143772593,6.018129396309125,54.328584119378164,0,1,85.23363924919978,75.82810992396499
ATH027,19,Goalkeeper,2026-06-17,Training,50.26617578282369,5.212596845742734,0.6563214319575515,6.797093823229506,155.43306903913762,183.7801315004939,7.245173523996745,55.344898666233526,0,0,84.28955905872684,85.4849188942971
ATH027,19,Goalkeeper,2026-06-18,Match,81.48506780381055,9.107885026258137,1.3789321986830176,8.038591106072987,162.17356399127945,185.12829496263663,5.0604043384205575,34.20192307316945,0,0,87.70296663641884,80.96984855650607
ATH027,19,Goalkeeper,2026-06-19,Training,76.18475241674304,4.742207336757088,0.656828374554141,8.841147877464994,161.79201471845374,180.4923194124885,7.419369999735485,64.89235704517877,0,0,88.7337081049472,81.70108620900724
ATH027,19,Goalkeeper,2026-06-21,Match,87.51941747758919,6.519014972796556,0.6569605452818424,8.543534214065215,162.5057454710101,190.63840023340205,6.869353161336878,62.18917876539079,0,0,86.8484893731263,84.55031639023866
ATH027,19,Goalkeeper,2026-06-23,Training,50.52068272242217,7.178233320294602,0.7563353630210462,6.349920234350758,152.5568993469166,178.30448936468662,8.355191409998032,84.83075146516795,0,0,83.54041332474831,74.33323228011704
ATH027,19,Goalkeeper,2026-06-24,Training,83.05613919826847,6.989104470169772,0.9429280619252827,6.812650326948134,148.47653856681836,174.19123316688865,8.416203303864378,80.85957424555438,0,0,84.56525125874666,91.63574003863009
ATH027,19,Goalkeeper,2026-06-25,Training,89.80324973566745,5.235351844775802,0.4552383613468285,7.069439702100379,155.53245813488132,192.5264736591272,7.155733521044406,60.49485989779902,0,0,74.91923535018329,84.0698874534783
ATH027,19,Goalkeeper,2026-06-26,Training,57.15174018642277,7.921180926160807,1.2295650084528527,7.130590207874102,160.1627687757889,188.31167282781058,7.129928947971789,62.07365676963134,0,0,84.84948739495412,85.18917172458606
ATH027,19,Goalkeeper,2026-06-29,Recovery,35.234239223373905,2.0158468538774397,0.20126453359413632,3.6440932177655454,142.05783997758076,166.57089142914,8.532374333199057,82.70367458597015,1,0,84.24252792352874,88.29117033171612
ATH028,27,Midfielder,2026-01-01,Match,88.183888484716,9.698492016150572,1.4778507235395624,7.952592637167383,166.97093781852445,188.54825420347822,7.245996341395597,61.75120357334637,1,0,77.28232871387574,90.89843022277968
ATH028,27,Midfielder,2026-01-02,Training,87.63476469119354,7.554580466367087,0.8650415965210074,4.2520684693629605,132.77760850789792,155.74648512635594,7.708882703604897,71.5674703596093,0,0,87.8285936249523,84.06628836345519
ATH028,27,Midfielder,2026-01-04,Training,79.49991268688147,7.323646198495874,1.0132607397048181,6.8937024742979744,156.03094006042232,181.9593517637399,7.530205849871652,71.81397776335136,0,0,93.81574374255388,85.36204184259249
ATH028,27,Midfielder,2026-01-06,Recovery,54.608803931704045,3.4307290895109275,0.4433237785104608,3.4850496872113705,130.5688980888626,149.42142883934804,6.199411084889217,60.48992088846453,0,0,77.29429403252924,87.55511900643073
ATH028,27,Midfielder,2026-01-07,Training,104.84194137851145,7.297991982231157,1.1377334517283277,5.718428668565121,150.895629265939,170.83954709287104,6.5440569706958,59.119266700745264,0,0,88.74385477513354,80.6544893142398
ATH028,27,Midfielder,2026-01-08,Training,61.66214900909901,7.962433685004058,1.3219132277156673,6.662562309946807,156.54529223043815,195.8777222155404,8.925950959751809,80.39463039086776,0,1,85.41715153178941,86.36904220797442
ATH028,27,Midfielder,2026-01-09,Training,83.25529987560428,7.4969598180425,1.1563983273680751,5.877039513614157,152.13743558933194,181.6283144464091,7.297781809944656,79.16799710785254,0,0,79.0821068537698,85.87494340107335
ATH028,27,Midfielder,2026-01-11,Training,69.9169454637512,5.281716345137523,0.7112083780729677,6.857098604073806,164.7902904961836,180.51633548433867,6.676797654971972,62.20187895876574,0,0,79.59986746415998,78.50749298566325
ATH028,27,Midfielder,2026-01-12,Training,65.13195852847254,7.554205190392935,1.0327871073877812,8.267707885882652,154.8827144817225,191.01504088329818,7.795285828462255,68.22036721358562,0,0,87.38471808947652,99.09183456202591
ATH028,27,Midfielder,2026-01-13,Training,72.5061478657241,8.618978831841291,1.1012464795487769,6.577524278105976,154.04586998850058,182.35495909087336,5.14111735729536,54.48075407624153,0,0,86.07103852019628,82.0429623672061
ATH028,27,Midfielder,2026-01-14,Training,77.45107915802441,8.49484829000184,1.2464079455104002,4.888081081788036,138.69157707608412,158.43020479951724,7.37574770497359,75.79038408755841,0,0,77.15244548132227,85.30986614329682
ATH028,27,Midfielder,2026-01-16,Recovery,51.52955208436022,3.045497509732301,0.3555679399984638,2.420161342834562,129.56491056648517,156.9798376028247,6.751349468753942,68.90246088134555,0,0,76.30219851555438,78.4659269654982
ATH028,27,Midfielder,2026-01-17,Training,88.42810210186089,6.329611414851897,0.7137514481627346,6.798228125537194,157.44261785110558,181.6514380982477,7.652027137408778,65.3332839981934,1,0,80.07301697406785,91.30464390895177
ATH028,27,Midfielder,2026-01-18,Recovery,58.72127199592558,2.2074432897961054,0.29532562508385773,2.763185092399422,124.32442072296816,149.01712284349824,7.194985600715074,66.87310258362515,0,0,77.10970152136912,77.27266483832076
ATH028,27,Midfielder,2026-01-19,Recovery,36.35850272166873,2.6941587261271622,0.4182786205829722,3.091362312794516,139.60456965896935,162.38051077389056,7.10035912436148,55.95610434025406,0,0,81.5027874691838,63.458405436638294
ATH028,27,Midfielder,2026-01-20,Training,88.73651748778353,6.996603020617827,0.5621148335913876,7.485011797559315,168.16471371592186,195.15792222053034,7.285279445734575,65.29151738316769,0,0,94.83662532240773,96.3476314634842
ATH028,27,Midfielder,2026-01-21,Match,86.52183940011672,12.084470883812193,1.5933017471989268,7.952922065313875,166.22792929657223,193.9854503012568,6.752877592155523,52.09125519109386,0,0,73.5457117632033,76.85597128780361
ATH028,27,Midfielder,2026-01-22,Match,83.09049059414728,8.387634116928275,0.9709714162462701,7.692470925041022,161.58505680270105,191.58183251332204,7.899252785711181,67.31506558393725,0,1,91.2449418212635,92.79329487228273
ATH028,27,Midfielder,2026-01-23,Training,78.96992019898279,7.270258285635834,1.1513847459410602,4.996757472202914,140.99575204723965,159.42633833274277,6.926087940551077,66.05212678264127,1,1,81.11790143849682,83.25227394552674
ATH028,27,Midfielder,2026-01-24,Training,90.12257461115215,7.61523088219686,1.1279188979736299,5.544648861773597,150.30142494388292,175.29067164817113,7.089131155194075,70.61347087065528,0,1,86.00363810310881,86.95848560570342
ATH028,27,Midfielder,2026-01-26,Training,76.35984488978153,7.450540150160033,0.6465359505361868,5.513620335506017,150.98267148485056,172.30299940454353,6.908269672444656,66.88317758250338,1,0,83.72680255593825,88.9955454131933
ATH028,27,Midfielder,2026-01-28,Training,77.4145390921406,6.6915279691078995,0.9338908418859855,7.80656723407415,157.1317611515955,184.95393439027688,6.361122888743907,45.87976479925025,0,1,87.58710713105998,85.47997313556755
ATH028,27,Midfielder,2026-01-29,Training,92.78200294186877,6.133932292490263,0.7320704244251331,6.432800224837705,158.57567119299105,180.23268063788367,8.109205226595618,87.54916920172232,0,0,80.5723131140575,83.2544590646844
ATH028,27,Midfielder,2026-01-30,Training,67.76783903282936,6.029477597597017,0.6692014105115557,6.097763463414474,149.42375822932613,184.1960077667435,6.764496135997733,59.45956580647914,0,1,72.7247281204513,92.56722910715497
ATH028,27,Midfielder,2026-01-31,Training,62.881795452064566,7.164917140813902,0.9861690079618686,6.894209415168112,157.0828856893826,181.6657995504762,5.737762781913186,37.84556095138117,0,0,80.27567953983629,67.74992011118525
ATH028,27,Midfielder,2026-02-01,Match,93.73772116833081,9.030841788147095,0.9933913401757669,7.88544329365826,157.9970582970441,183.11275596920865,7.194753328934476,63.243096334731405,1,0,90.87745922194284,94.90051197561439
ATH028,27,Midfielder,2026-02-03,Match,98.04652351969943,8.733346825103474,1.0477061870509043,7.868654508296458,161.03616499835113,192.7913176120898,5.899269674206646,59.6802755308669,0,0,91.10933566735922,93.73900308996292
ATH028,27,Midfielder,2026-02-04,Training,88.72633500054829,6.208279025384223,0.7142876614032069,5.906507550581475,147.50564737364692,176.38455671934946,7.9501404689561115,77.17141292955662,0,0,81.13148248580384,80.23833560455519
ATH028,27,Midfielder,2026-02-05,Match,90.70869296189369,6.6153963316040265,0.6801266204082717,6.936025956452217,154.211938975864,175.7446815611887,8.857540955696566,89.82815194439132,0,0,91.12572034109161,91.5193489220855
ATH028,27,Midfielder,2026-02-06,Training,76.2620993031321,6.811858053177994,1.0175884537680544,8.25492713855557,166.79904082225084,193.55354045036563,6.050772595581456,45.166445226741594,0,0,80.21873135012521,92.78224659432581
ATH028,27,Midfielder,2026-02-07,Training,70.3451396845669,6.476089695172841,0.856030481429408,6.899277126081706,150.9759973180335,175.7397233477692,6.23240112173319,46.21600728565235,0,2,96.91658038715101,88.80544815245618
ATH028,27,Midfielder,2026-02-08,Training,74.15837769354918,7.372851497712792,0.8887112834124935,6.494863441455375,155.22808270668497,192.0491182967936,6.901791850015664,55.89174259609365,0,0,81.74140303533346,85.9998737721002
ATH028,27,Midfielder,2026-02-09,Training,74.47593380898714,8.00437151208797,1.3076966359961713,5.333310194443692,152.67792341299221,189.04377744799154,5.579658612829267,46.2385104138787,0,0,89.48177399088802,79.10146914181081
ATH028,27,Midfielder,2026-02-10,Training,76.46535366109727,7.398579954145425,1.0022591730185646,5.923550889209474,150.16678981555398,180.06249552108363,7.208773582520079,67.55828912138078,0,0,73.17746595169889,81.18393580439009
ATH028,27,Midfielder,2026-02-13,Match,94.0035373321648,9.668163974120889,0.9885709513777402,8.417735841321676,164.6196327500709,183.34121653145743,7.072736763333558,52.429350784802544,0,0,82.21721784099486,77.61954585921792
ATH028,27,Midfielder,2026-02-14,Training,83.94539528224935,5.177458523417751,0.866611321959935,6.121756835146593,149.69806660788464,172.21828468017617,7.459956854922331,67.06048849587366,0,1,76.00401008266843,89.71562313677212
ATH028,27,Midfielder,2026-02-15,Match,83.61963815751642,9.344002205435615,1.5395236499492557,8.710087227801546,170.32326837536226,197.33714817847797,8.758078630687475,69.14078349092347,0,0,78.36022019697276,97.96261332855379
ATH028,27,Midfielder,2026-02-16,Training,81.52296917147054,6.538980561675775,1.0975726556374392,6.902419894586281,161.30323066321597,178.27261235329243,8.121773287889187,62.69828573436328,0,0,85.02613025898604,82.77581403515123
ATH028,27,Midfielder,2026-02-17,Match,95.19643644452876,9.084086275939367,1.3549449113132215,7.452187197215349,158.7596253865475,190.38688444134323,6.545300551362563,47.946942890114315,0,0,87.28329137461067,86.56901506531878
ATH028,27,Midfielder,2026-02-18,Training,74.51280121764033,8.43436144693117,1.0837682837702842,5.909332925329617,147.1361459162682,164.94459070753464,5.5481028371335235,50.226632348852775,0,0,75.95768072821592,76.96211996580995
ATH028,27,Midfielder,2026-02-19,Training,66.2482289620478,7.984613312396155,1.1699687634041538,7.420936523787846,153.4898718858053,173.93943767153175,5.893614495886036,52.055828018372374,0,0,78.08772851960086,81.47544432871476
ATH028,27,Midfielder,2026-02-21,Recovery,44.855342605353506,2.969944865797083,0.26818609934282955,4.655442909191455,137.27248788802692,161.18616462390708,7.344582116206137,66.2708709584382,0,0,86.57396666160847,82.28162396456811
ATH028,27,Midfielder,2026-02-22,Training,97.24643813359606,5.991480633424403,0.9386025106756332,4.978678617950828,138.39688188904262,165.18893616288258,7.833047189353954,76.6651107071336,0,1,81.79289953774602,77.91753006286037
ATH028,27,Midfielder,2026-02-23,Training,90.65870253656377,6.689964586115009,0.5581180766615506,5.171048727676391,147.31232634449154,173.24231686928835,8.47493891297838,82.08386438396218,0,0,82.16530281581514,88.95151436017866
ATH028,27,Midfielder,2026-02-24,Training,81.72453696057356,7.606565959426299,0.631991632798205,3.940628038485047,138.24026083156335,155.43219690439432,8.095374127742378,75.73625632373557,0,0,83.5486951860131,78.59386277783335
ATH028,27,Midfielder,2026-02-25,Training,75.70021152541675,7.98578380640833,0.9541566416398284,5.2758058833225885,152.06971377925606,183.02107389981379,7.16003355654197,55.34715346371641,0,0,79.8619090926498,85.11939846895355
ATH028,27,Midfielder,2026-02-26,Training,81.87769543905617,6.145761500877838,0.7604033064431951,6.0416810672319,156.8530787196895,182.90838426548532,6.369703557907157,44.599548812913916,0,0,83.36356382485158,79.02885013626098
ATH028,27,Midfielder,2026-02-28,Training,80.51335858791293,8.98427541814177,1.2984418458820386,5.806232929557289,154.44335457117003,180.8640321515281,7.748664958981726,67.99994748088393,0,0,80.67400434402418,78.54867548005727
ATH028,27,Midfielder,2026-03-02,Training,70.65512771582499,7.043919384668016,1.083103678898814,6.660003543526091,159.5154838894125,197.64394718287406,6.7684937082202286,58.90599544819516,0,0,81.12273293891145,83.31566149727308
ATH028,27,Midfielder,2026-03-04,Training,76.29012892742196,7.06096154274385,1.0092159705964596,6.879847958785653,156.409399829893,179.94902137583162,6.378086483826009,59.60538323938673,0,1,87.6029433735138,90.19599812611592
ATH028,27,Midfielder,2026-03-05,Training,85.26380148525068,6.5069616619339214,1.0701033130954336,7.445298541071609,155.43156777287416,181.33855029310115,7.18839069442189,61.99618520570714,2,0,84.38998593011779,94.63955574969366
ATH028,27,Midfielder,2026-03-08,Training,76.07415309318014,5.988099756914063,0.7704238261542729,8.033351885247992,158.94436547318654,192.77934663756406,4.717063423202891,40.160537480259876,0,1,72.81419599142721,77.8930301121118
ATH028,27,Midfielder,2026-03-09,Training,81.21223215005216,8.441318750787461,1.0212169901917445,6.690588387626221,152.72319797112738,179.74865897484352,6.359048400522422,47.69844742472239,1,0,75.45231403505197,92.96390398627457
ATH028,27,Midfielder,2026-03-12,Training,66.45110639905215,6.598072129278065,1.0953853113674048,8.66287000275638,161.7281702282636,187.88683074763122,6.278880424910759,42.05575859347461,1,0,81.70029201064386,83.20475078769734
ATH028,27,Midfielder,2026-03-13,Training,54.027846383653134,8.034501983137917,1.249652701928187,7.6056586981252625,173.496162225096,192.17606296517098,7.382238220217625,68.04163424384102,0,1,84.44618908992732,91.08162975430847
ATH028,27,Midfielder,2026-03-15,Recovery,54.95466049582316,1.603171126259254,0.170983576150326,3.8313223506255905,141.9338938068281,167.3846738083303,6.4160104787924155,62.97356873451548,0,0,75.32107088453311,76.10985165490068
ATH028,27,Midfielder,2026-03-17,Training,60.945100032094146,8.791683629600328,0.7750351328384205,7.880484410044064,162.11303551582532,177.5129980893399,5.8058089973468725,39.82389861051921,0,0,89.16698021469348,76.92554088482349
ATH028,27,Midfielder,2026-03-18,Match,91.08308946577553,10.94786306413461,1.4266364009659238,7.2005562775806204,158.78547446960619,185.6617321030636,5.636038817813315,60.46002725078046,0,0,87.03403384591363,94.5953244886001
ATH028,27,Midfielder,2026-03-20,Training,82.04108360656993,8.040644846855855,0.9996899469400868,6.21356300757467,148.35597526617448,185.2395991926007,6.352555347358925,54.01992512871648,0,0,80.46398195520959,77.89625890208744
ATH028,27,Midfielder,2026-03-21,Training,92.66221715814726,6.879654954949882,1.0197760769315671,4.807526632054678,143.03420697866093,172.463056377283,5.423783961537421,52.72619720645625,0,1,85.31657401654496,94.59242239249961
ATH028,27,Midfielder,2026-03-22,Training,75.00620986480084,7.423173497551856,0.8301316258139011,7.5188646907573045,159.37715465385972,174.68140300066003,7.64454975179563,79.22676486101382,0,0,82.40421310970719,85.73487540649826
ATH028,27,Midfielder,2026-03-24,Training,53.630795403581565,9.165119419329205,1.1322158469226167,8.420729104962245,165.64528175099383,191.1255668134644,7.839664514209596,69.2989022418867,0,0,79.08002764453663,81.24630951098598
ATH028,27,Midfielder,2026-03-25,Training,75.2583005314743,7.27791377354621,0.9793832005017687,6.770266256648486,157.04794337569135,183.31603453259171,6.765585577628899,75.8872457923471,1,0,78.13396922027862,90.98330188681572
ATH028,27,Midfielder,2026-03-26,Training,64.15889012400913,6.589841055818766,0.7293475045150076,4.737180662258946,144.34422405139415,162.9992731217979,7.790756850448556,76.54691636711961,0,1,79.01226744851246,83.4242982857913
ATH028,27,Midfielder,2026-03-28,Training,62.532738816438254,9.405507860878966,0.8940622499812266,5.991628778432288,153.23058098292134,173.1294264353166,6.784366476275913,65.57812204810021,0,1,72.42372402952884,77.37086050182381
ATH028,27,Midfielder,2026-03-29,Training,70.46888091801841,8.23249981319279,1.3172019306884128,6.203821879583122,156.09292723098145,179.2657367382758,6.725626204740221,57.523243734612116,0,0,76.86279843870358,75.41639041962587
ATH028,27,Midfielder,2026-03-30,Training,80.96718633049338,6.6475335149473835,1.1291802155189852,4.788385140856602,142.96145082068608,172.7032177116399,8.069941608645037,93.24814733578759,0,0,81.18002670838325,82.06207537528137
ATH028,27,Midfielder,2026-03-31,Training,71.62754405687932,5.341956603349656,0.6617948211561148,5.7775375579015495,155.93771037779763,188.123209760026,6.2155620928312905,48.61871617965633,0,1,70.39342339401057,78.29500526232407
ATH028,27,Midfielder,2026-04-01,Match,88.79390356767496,8.837593940294804,1.3747277546580152,9.389542329363515,172.55737742423892,195.37739207892696,7.762379046560886,67.80197232999302,1,0,76.84456238834152,86.2997172181754
ATH028,27,Midfielder,2026-04-02,Match,98.87013826146759,9.378456749428977,1.1333067279819091,8.543694643893852,166.68111617044863,197.86725500432337,7.597132356656242,72.25019170215046,0,0,75.51094652082945,85.85178451771964
ATH028,27,Midfielder,2026-04-04,Training,82.49864123449706,6.895225533339734,0.5613030211776212,7.393463419784768,156.03243795895818,176.29197485268236,6.689667457182433,55.22542270615915,1,1,70.37082935170848,78.85712177090747
ATH028,27,Midfielder,2026-04-05,Match,98.19511775218774,9.603117726668856,1.2211543544675754,8.582036188551807,165.20007407085575,192.21102433761018,5.705199115539442,30.700013857742633,0,0,67.67822492561865,72.54611904176556
ATH028,27,Midfielder,2026-04-06,Recovery,56.49892364626486,2.4119055806712075,0.2414487976960666,3.636923741186814,145.18571815885085,164.83881093305266,7.277065894862725,89.45598612108316,0,0,77.40355451388578,90.49808345233578
ATH028,27,Midfielder,2026-04-07,Training,92.75254091931475,7.196272985270138,0.8345518817913302,5.863061634484248,158.30929675180911,181.2750214577497,6.5380265889632,47.11986226059677,0,0,82.36459007194205,81.9754236203215
ATH028,27,Midfielder,2026-04-08,Recovery,51.118882699990834,3.3926570029791123,0.39135213609171465,2.1958615142164186,128.0805692004272,146.66381666201272,6.622759371642639,77.21451228365022,1,1,78.69977881480392,95.58244936768865
ATH028,27,Midfielder,2026-04-09,Match,93.55149964800933,9.261876048604185,1.3585159556514887,7.770854507347702,161.34876987632776,197.19470534012373,6.267887374246685,48.945045125821125,0,1,81.8170301391402,88.94840512399685
ATH028,27,Midfielder,2026-04-10,Training,44.54476346314785,8.25584501858291,1.3457476947303488,7.481825687181202,151.69666075088935,186.12401711939214,6.39082739318369,48.34543534696751,0,0,74.17980033381029,83.32263716105352
ATH028,27,Midfielder,2026-04-12,Training,78.55826697859081,6.504165232569079,0.6657943972316496,6.279017595648795,155.75038303559197,186.19114501845092,7.400478407273717,68.37010509170683,1,1,70.14983024949227,87.77475392824061
ATH028,27,Midfielder,2026-04-13,Training,79.1125046289663,7.658898478646352,1.0714969321971057,5.7278523084435955,153.12923444234966,180.76496820432882,7.315696901416024,80.42781200595238,0,0,89.03207520917239,90.3971877601463
ATH028,27,Midfielder,2026-04-14,Recovery,39.581209490278745,2.4728452064375843,0.2733418158576063,3.3357815340042687,133.52818850163914,157.5055433831495,6.155933707364146,55.91035359066395,1,0,82.47163887208666,86.12658149136337
ATH028,27,Midfielder,2026-04-15,Training,92.01951640926158,8.810501440815218,1.43453871882008,6.087099216724307,158.7438037500318,198.07037471411695,7.458540738046797,72.78597227692569,0,0,84.72925038359593,83.26135517331227
ATH028,27,Midfielder,2026-04-16,Training,61.38903715824658,6.950944580503703,0.8436463458382774,6.2228274072374425,152.44462815112186,171.8157207814584,6.518247557139684,65.70366286102386,0,0,80.93393311311317,85.62818340126441
ATH028,27,Midfielder,2026-04-17,Training,74.97598242669022,8.313474449747503,1.3129490923261067,5.599155711362705,144.77338109945828,175.48497983528625,7.220041170414449,66.5779074686244,0,1,81.16928225646356,89.95002510731602
ATH028,27,Midfielder,2026-04-19,Training,57.12588112053291,6.0288855322134784,0.5091958936502683,7.6724731582219095,170.7527960701316,200.90475366875057,6.309003882875571,53.63300096861221,0,0,73.68088306062019,69.87190213712451
ATH028,27,Midfielder,2026-04-20,Training,66.27136646180756,6.4298507618170015,0.607651337668026,7.088064600980115,165.5234560326713,188.98741925041867,6.55285423398761,68.73132685397394,0,0,87.06751056383344,83.43262649411737
ATH028,27,Midfielder,2026-04-21,Training,83.72052017575822,7.8822990560314,0.6389831248849008,6.885412760846714,146.9557334171752,163.14110944206894,6.08991018191731,51.488224844146366,0,0,77.80734219585617,74.73389877432037
ATH028,27,Midfielder,2026-04-22,Training,75.33681931726012,6.882010327800727,1.0664534800029382,7.492494655545443,166.29876986090449,187.63391343157141,7.000024517593964,71.55011416713356,0,0,76.51350455334695,77.33311582083095
ATH028,27,Midfielder,2026-04-24,Training,74.90863176071633,8.275054552948609,1.2558083787164727,5.577572666187772,151.1198494794519,174.88363865564367,8.252553534765019,75.21889091411694,0,0,88.51547721228728,78.98574978927397
ATH028,27,Midfielder,2026-04-25,Training,55.57848939208479,6.072771687584661,0.8112126276019849,5.785682279090986,150.95801295365737,172.66765493589452,7.39751941703489,65.2851172542405,0,0,85.75472584800886,91.86931147879415
ATH028,27,Midfielder,2026-04-26,Match,86.10176242486148,9.164229124638082,1.5315577268457896,8.10492892025291,165.15846888258514,200.2473471417278,6.714143417523662,46.561633094276544,0,0,80.76530308102606,74.54481010558689
ATH028,27,Midfielder,2026-04-27,Training,85.18867257459624,8.453131528100217,0.7254494160075632,6.926342761967238,159.26839705522173,193.80348540827265,5.752707404051366,57.51757801944391,0,0,88.97969159203242,88.68641346299705
ATH028,27,Midfielder,2026-04-28,Training,83.96495373185984,6.2088677747839105,1.0031282185603732,5.432493904694569,145.31363708193402,171.8395760295441,6.754331048175509,63.80363465669891,0,0,78.07273133676593,81.37769837493164
ATH028,27,Midfielder,2026-04-29,Training,71.96981616269612,9.394451512128454,1.4784662435367204,5.610536293190415,138.86578381468843,155.02015192870383,8.111369762389794,73.88912818202141,0,0,83.53102736254336,83.85942347078075
ATH028,27,Midfielder,2026-05-02,Training,79.99532146957179,7.694668497519234,0.6591623499361954,6.154914240608239,157.0756773167168,188.92423909842168,6.301899071094639,60.42078549347234,0,0,73.8150697551756,78.9101068247355
ATH028,27,Midfielder,2026-05-04,Training,76.3839398122389,7.75360711803345,1.2001630722730952,6.957811640591724,163.66376445772136,194.08241305876965,7.261571010169366,71.08963851404899,0,0,89.88790812483136,84.40865811740288
ATH028,27,Midfielder,2026-05-07,Training,76.86083476322993,7.070164447818342,0.8732962105634072,8.30057290659111,173.66943494734372,205.0,5.4494039014630555,39.08253975849487,1,0,74.70517391943449,87.18979526256106
ATH028,27,Midfielder,2026-05-08,Training,55.971870337204265,7.490780232876051,0.7333069267941924,7.084253108977127,161.86120957917166,197.3260399391549,8.057008686770935,60.59559567709717,0,1,71.02667573757249,87.2095872264855
ATH028,27,Midfielder,2026-05-10,Match,90.88260838599147,10.011719669537833,0.8984086300969838,8.543064545880089,169.26047585628805,191.25109098782974,4.5,30.948581575277764,1,0,76.83655586362399,85.05728742120631
ATH028,27,Midfielder,2026-05-11,Training,65.15843450918535,8.31354458449954,1.1294475324038389,5.776133041426808,146.20313582515928,169.82536461761507,5.367246583768275,48.84840344710539,0,0,77.06693777714894,78.34016887978702
ATH028,27,Midfielder,2026-05-12,Recovery,42.8745530482637,2.208615057013106,0.32951096593489526,2.9110754334854594,132.22444164479367,158.6431435257795,7.248935565672525,69.9050910833184,0,0,82.6975741945802,81.75357453124523
ATH028,27,Midfielder,2026-05-13,Training,92.97578611043961,5.335607681725558,0.8979172251203422,4.595016752923057,148.6371163970072,167.4062727101812,8.051244479362222,86.6464701048268,0,0,90.4221111573226,92.73296693046886
ATH028,27,Midfielder,2026-05-14,Training,75.80082793799839,8.857345862374737,0.7949772305433701,6.455142642076805,141.93298101969583,168.04879576653227,7.051980506102434,77.64801006700145,2,0,92.14631879942823,100.0
ATH028,27,Midfielder,2026-05-15,Training,85.01150378632425,6.775731372411362,1.1025666928757984,5.4625055930185304,151.75397442131072,170.86246444839674,8.211743819426275,74.33020232785911,0,0,72.09314696149403,79.10790666917883
ATH028,27,Midfielder,2026-05-16,Training,59.72853174918863,6.946602709988003,1.0017832080122744,5.307381668794284,145.22708590187142,160.613844472854,8.197481277963714,75.95188952579451,0,1,89.5440672566397,90.70489131542413
ATH028,27,Midfielder,2026-05-17,Match,96.36933248960935,8.599203166435169,0.7686103351773469,7.885222536838571,165.15324960923533,186.34662180031745,7.232851628473271,64.2187887896222,1,1,82.78417566347422,95.72708928434893
ATH028,27,Midfielder,2026-05-20,Training,77.3382769830133,6.860447887644027,0.5667102546954143,7.524420807164978,165.25006958461032,191.13582887898266,6.75121287074717,59.71675343366332,0,0,78.96620262113909,78.59748278645279
ATH028,27,Midfielder,2026-05-21,Match,95.86495799315705,10.129656765203078,1.3780898130059782,8.061804381707997,164.07842265059367,191.65233727354828,6.288226503142558,52.57433506923347,0,0,78.81636889465533,79.62181430165043
ATH028,27,Midfielder,2026-05-22,Training,89.86481852700676,6.3069157358376895,0.903245509025572,6.178228644958988,156.13382351700025,182.77077384421395,8.545781253182588,74.37960059137934,0,0,97.03769510294478,88.15875125855241
ATH028,27,Midfielder,2026-05-24,Match,84.84439660296923,9.429629838614751,1.0893952364627546,8.08101975915427,169.56482349618568,196.41739585443804,6.972801230826502,74.55734850500608,0,0,79.61277000365575,86.92595596851233
ATH028,27,Midfielder,2026-05-25,Training,58.29527602387957,6.733684078233943,1.0813676941424404,7.084052633123363,157.54423150446473,192.7178988042562,7.329713016263108,55.17626746186798,0,0,80.1371722779799,85.38704297041421
ATH028,27,Midfielder,2026-05-26,Training,58.645408520698545,7.621175731027216,1.0438033435415153,8.293689186926937,175.01845726243073,202.53676498821747,5.499570562021675,34.00145519173573,0,1,92.03353693008685,78.64604719619697
ATH028,27,Midfielder,2026-05-27,Match,86.01534348409831,8.489457170563586,1.2708843088247008,9.007257913119808,173.89746690106185,198.1475142478199,6.440670916218145,56.78279117192384,0,1,78.52242098754516,85.42674519491776
ATH028,27,Midfielder,2026-05-28,Training,91.70864973278331,7.976126241348404,1.2598186208631406,6.856617122801953,152.36690763665482,183.1072641469336,7.865876110091757,65.43038938863734,0,0,71.97021165190894,80.18606870098142
ATH028,27,Midfielder,2026-05-29,Training,75.13170585218407,6.421205884217211,1.069573542470148,8.2815584653703,167.64794257886996,193.87124277735654,7.361572057064038,60.50297700917516,0,0,78.1700644360848,86.36060303516433
ATH028,27,Midfielder,2026-05-30,Training,70.69994793258645,7.442358880578678,0.9978601269698715,6.025651241518045,157.51553608637423,176.35868793894923,5.5180932951378665,44.021685478484784,0,0,85.49127758050915,81.78225113092947
ATH028,27,Midfielder,2026-05-31,Training,77.72591295607387,8.128874594969677,1.1148895644623622,7.201499727267264,155.12369401843307,179.2665146495838,7.365598160168077,62.52913622590715,0,0,82.52108850864855,84.56381967630296
ATH028,27,Midfielder,2026-06-02,Training,68.95377512439492,5.749406696332472,0.81743063699238,5.611960020456034,152.01868416903213,185.04608221846235,6.784284357784099,71.38335748452609,0,0,71.6378026750832,71.0022858273243
ATH028,27,Midfielder,2026-06-03,Training,65.69293186275576,7.6312745327173594,1.0380910834273895,5.7269490493580415,145.64392358787643,176.46417318520557,9.330463381790219,95.83760156900011,1,0,78.20283478695447,96.06866603987302
ATH028,27,Midfielder,2026-06-04,Recovery,37.45041864550338,3.321852409644994,0.43404871419992364,2.3463555130323046,127.27344203680985,147.14479326978338,7.79968185320467,75.2338233465482,0,1,83.2297490930036,85.57986399582116
ATH028,27,Midfielder,2026-06-05,Training,74.54118424898743,6.033780977156593,0.7570885378858847,7.998387532351159,155.97137426909273,188.8250098099918,7.289735370127145,67.01759536019843,0,0,86.46230157484497,89.33962284895493
ATH028,27,Midfielder,2026-06-06,Training,79.68557654735196,7.743683375949653,1.1609767964065734,5.646008430428484,148.05191545469003,175.1690330921674,6.749689453214699,61.85222863037741,0,0,76.81724500450039,81.60992010565487
ATH028,27,Midfielder,2026-06-08,Training,95.76106661554317,7.070320741829314,0.8257957442899357,7.5478055602582295,167.4936563707164,195.91435490564962,6.911183731186303,64.69638425078745,1,0,88.25244451631198,82.09507213887346
ATH028,27,Midfielder,2026-06-09,Training,58.277180012352346,7.249147774067761,0.6275135961538999,5.207062167899084,151.59234508074422,172.7226117972451,7.008718144942141,72.17594067337396,0,0,84.02830128867004,80.44475382829789
ATH028,27,Midfielder,2026-06-10,Training,47.46224560415696,6.822553220720091,1.0616960737293626,7.342996542031462,155.01982587834914,182.4744558165483,6.582424542237599,64.52891617413773,0,0,73.77240871752454,84.13183000770556
ATH028,27,Midfielder,2026-06-12,Match,94.14046212920077,8.946897624120764,1.0887164905692641,8.07440679979322,164.09830075376124,184.86336343874223,7.265069968654571,61.656789014038075,0,0,78.22947643162452,88.19144048360918
ATH028,27,Midfielder,2026-06-13,Training,78.80229562521679,6.582407595220839,0.9988593258830228,4.50093450257768,143.4813796567025,166.73620424238996,7.578401478800864,67.14532989798639,0,1,85.29920877693169,85.07893902414389
ATH028,27,Midfielder,2026-06-15,Training,69.62642328022089,8.054110209213526,0.9084306091419632,5.8906659418360805,155.21639310009112,193.03901244436912,6.730806232930231,47.91376079398851,0,0,84.33088109136364,81.17074762144937
ATH028,27,Midfielder,2026-06-16,Training,88.55395750704616,7.692691100647913,0.6915823863326505,6.273254871317162,151.02089023470222,175.22669172587925,5.988357218348639,46.17757511878058,0,1,79.39226635209374,88.34605743817963
ATH028,27,Midfielder,2026-06-17,Training,63.885609687323935,6.696975665837691,0.9815158337527329,4.31565005421939,141.336203300451,160.16083921150894,6.779612381747696,67.12544749590845,0,0,77.50865466967909,83.81442733861473
ATH028,27,Midfielder,2026-06-18,Match,96.78427601024299,9.257476535585731,1.3143853027113508,7.4586445078991535,154.02982693760902,176.76816550805103,7.071706729301166,49.56277906093984,0,0,77.73987750343649,80.30087148227022
ATH028,27,Midfielder,2026-06-19,Training,63.330815872811705,6.680080533065387,0.5726205947316793,8.637430934912867,163.17795944340082,186.73714788435635,6.693903261715809,39.22149770221001,0,0,71.39030155661982,81.96396158576904
ATH028,27,Midfielder,2026-06-20,Training,91.04850656696934,8.482938744359341,1.3533665335627243,5.861980741318123,145.59552941696165,169.86702923714623,7.988820544892873,77.6047606013283,0,1,73.24051752258706,84.64533870206367
ATH028,27,Midfielder,2026-06-21,Training,91.56404466706556,9.283291466506402,1.1681299998398313,6.361641520851219,155.35570377608818,183.6979686627873,5.175980982211926,47.6712060644434,0,0,84.45363962151742,74.172246930375
ATH028,27,Midfielder,2026-06-22,Recovery,45.612796046859,3.2394857433779394,0.5491873547872602,3.4952239152959104,130.62903375520722,151.37561123136805,8.979676926497067,96.29790595002589,1,0,82.32130335510026,91.1437567966793
ATH028,27,Midfielder,2026-06-23,Recovery,47.46615859814558,1.8539266220627804,0.2579420761128444,4.373118590585075,143.09873220999077,165.58109873310445,7.108835428136811,48.834947260944546,0,0,85.10361760773912,67.29195924239545
ATH028,27,Midfielder,2026-06-24,Training,65.63449580137939,8.891484651123733,0.864331768421176,6.334836478111298,156.9345691624758,175.3283471111818,5.9713888975156655,47.888946623268644,0,0,94.50591212067641,82.67269158376371
ATH028,27,Midfielder,2026-06-25,Training,77.79345329524944,6.177766348090181,0.6606586253734944,6.282340494758159,152.2820289514494,172.60922236952604,7.872074846174409,84.23579668924232,0,0,79.85695907135143,80.70650209324106
ATH028,27,Midfielder,2026-06-26,Training,67.30051301231374,5.992241247303637,0.892784445155429,6.053943013055017,154.49330362534238,188.60176025315036,7.559499838916104,65.57162194551412,1,0,86.9616272752645,85.6703003121893
ATH028,27,Midfielder,2026-06-27,Training,95.42017817344481,5.9587156483688,0.8261756068336096,5.324544683206302,153.1603185657258,175.53949373798832,7.648577007624686,72.68688710941348,1,0,74.14902467778214,85.7047403762659
ATH028,27,Midfielder,2026-06-29,Training,67.83067554325314,6.639341818487495,0.6711937326694818,6.305237911747789,160.6331902969509,182.09450016684377,7.120504666280582,58.45855540777595,1,0,78.7093454409863,97.69498092683135
ATH028,27,Midfielder,2026-06-30,Training,75.47432472339105,7.090768230122161,0.8442281920456979,4.907556157951468,144.85857082393912,168.0286394406119,6.483361721570294,52.59763235675631,0,0,88.10021770759951,78.23012737911607
ATH029,19,Goalkeeper,2026-01-01,Training,93.21135922620665,10.115456193322983,1.690546864414074,8.736321394046596,167.52515886510665,193.39166025593326,7.215420701601642,73.35595175774074,0,0,81.01014866804078,90.88207115343329
ATH029,19,Goalkeeper,2026-01-02,Training,80.8578455094259,9.809796703781037,0.820070416028336,6.119495100860551,145.93282708071922,160.92737235262854,6.710062843529743,53.14195956342854,1,0,77.32470879453847,87.78555912213022
ATH029,19,Goalkeeper,2026-01-03,Training,85.38587570604167,9.096130924505594,1.1961038871109735,7.837495686131051,159.56999543331935,183.6452980604294,7.197089074899531,50.74415496089435,1,0,87.01292169300278,86.31363705767758
ATH029,19,Goalkeeper,2026-01-05,Training,78.58304696755057,7.210945791189415,0.766726172717406,7.349019950873983,166.2534294074637,202.72758725896264,7.941313901319555,53.519523504684926,0,1,82.30839504940437,90.19945710802465
ATH029,19,Goalkeeper,2026-01-06,Training,74.38435831521079,7.695161174674071,0.9204936028164935,4.967740780997482,136.78699583433954,156.1983245154754,6.1779269616791295,57.345848380954756,0,0,84.32702573961146,79.31727651182032
ATH029,19,Goalkeeper,2026-01-08,Training,73.66004203514963,8.430503046231951,0.9887104836665987,5.550002121899454,147.6035805131221,168.23376821409258,6.209865324064224,64.29845955661678,0,0,62.2250812342353,76.20535991575368
ATH029,19,Goalkeeper,2026-01-09,Training,77.90998569968401,7.3883002616488085,1.041707897758194,6.487316761248676,158.78092008528492,177.5622927648217,6.585662385532452,53.04004581024887,1,0,85.90926797067732,91.59745261244396
ATH029,19,Goalkeeper,2026-01-10,Training,59.80354357626035,8.708970807502558,1.3869182111372986,6.8379958569066925,153.52854960826764,183.8783620817361,4.903171748067093,34.872932837790515,0,0,71.79245534011292,71.0037332138567
ATH029,19,Goalkeeper,2026-01-11,Training,88.9326303495193,9.160719901586774,1.3547906033366188,7.585100782913657,165.66480669375647,183.79057328373045,5.05172457206766,38.676423150292756,0,0,90.25945535648336,87.93603055316495
ATH029,19,Goalkeeper,2026-01-12,Training,86.77066644606897,8.116325610993758,1.0476216784463486,7.992265211300615,168.16652660997866,177.9387273777523,7.770009593191631,66.60261288935615,0,0,88.32828572433903,93.80374486765413
ATH029,19,Goalkeeper,2026-01-14,Training,73.21126996446742,8.83993921210201,1.3706098776754365,5.3246749058287275,148.6467443659614,186.33536702583814,7.773523615301766,86.58022824005351,1,0,92.46158755595934,100.0
ATH029,19,Goalkeeper,2026-01-15,Training,81.8451286130505,8.231601152345927,0.9233941492559108,6.635456159218128,162.17755891192533,191.6116437576578,5.968007152081819,61.95013844889357,0,0,78.07314006786655,76.42629960270017
ATH029,19,Goalkeeper,2026-01-16,Training,88.18644284995142,8.692265018064237,1.029729407128562,6.048670294010139,134.18512365797724,165.86981747614783,6.254599369260666,60.62314043039757,0,0,75.6700424341212,76.48907860529192
ATH029,19,Goalkeeper,2026-01-18,Training,91.4369783993908,9.62982019978184,1.3171175784462381,8.1191921645547,155.07243950802507,183.4693773460494,8.189881179698416,76.91297374400867,0,0,83.41648490340391,79.3932787367908
ATH029,19,Goalkeeper,2026-01-19,Training,83.31633097691852,9.067198629322625,1.0361046569409023,7.5923904615133,161.58349187005152,177.55911234543677,5.526393358517057,52.916320018149676,0,0,63.84119483935562,78.5654787878863
ATH029,19,Goalkeeper,2026-01-20,Training,40.96525138249177,7.580010079005651,0.7443023713904415,6.6208154707171385,161.1278360818521,184.41195893603117,7.805683345102878,68.59767847633978,1,0,77.77294720824447,82.78851711881283
ATH029,19,Goalkeeper,2026-01-21,Training,104.51096547704925,9.102377227814886,1.404182322215826,7.475538968093572,169.81071384224708,198.60066340252942,7.289595574316889,59.00259021479207,0,0,92.62679079697,87.81394902394035
ATH029,19,Goalkeeper,2026-01-22,Training,65.11026516134288,7.546299913921387,1.0199714745789006,6.556271941822445,154.37743506402037,185.72777170150562,6.497799465866585,53.89283935202274,0,0,84.80028151534134,75.8600788087591
ATH029,19,Goalkeeper,2026-01-23,Recovery,48.25590907966,2.9732314107199653,0.32787632347697004,3.923117743923573,137.71106939655417,157.10377741992914,6.821709927877585,67.82019646094444,0,0,77.26235660953633,83.29891648282005
ATH029,19,Goalkeeper,2026-01-25,Training,76.32094064159698,8.811185985747837,1.213177910859784,7.403404875093937,157.3030621918232,178.5237827791474,7.740710181422318,69.26483813420862,1,0,63.578044439543675,92.31248025507922
ATH029,19,Goalkeeper,2026-01-26,Training,54.94787001081245,7.5881333762760175,1.00614745606528,7.827858493099867,168.69156339611288,188.17175824625576,6.867427882489276,61.19610504806982,0,0,76.11266743906353,75.98037405507795
ATH029,19,Goalkeeper,2026-01-27,Training,59.95961188507242,7.293959811993813,0.8094782044691824,6.919209535252409,162.02829430544278,188.48144026780398,7.490623182280272,62.28449506989195,0,1,88.6726438318212,80.29326372038817
ATH029,19,Goalkeeper,2026-01-28,Training,91.03526178949917,10.466434167413654,1.3527906361088196,5.299500380790284,137.38943446362083,164.14710501265327,6.847560424478573,60.75726054325028,0,0,84.2510908760763,78.36274903795419
ATH029,19,Goalkeeper,2026-01-29,Match,92.2046395683816,12.686041960407357,1.3285565769860395,8.284496411058482,164.4351363336295,180.66053009115257,9.061750132143686,79.7723016549486,0,1,81.99169873463616,95.77504909620903
ATH029,19,Goalkeeper,2026-01-30,Training,83.62191215504541,7.151800370868274,1.1195754329974779,5.040700599716788,142.84079411405352,167.8322151844773,6.300983540762686,65.87836219003862,0,0,78.0795074525499,69.81132955892132
ATH029,19,Goalkeeper,2026-02-01,Recovery,49.40589269694376,3.1338685628320446,0.4043140693610485,4.122618781610982,136.96424834547437,166.94420336917844,6.83135019958421,61.87178356397067,0,1,85.10131069773355,77.58770216849543
ATH029,19,Goalkeeper,2026-02-02,Training,77.23850031804254,8.433439359255699,0.7518924549466846,7.87984771835503,156.61952732143263,184.4876157539366,6.34084015718708,46.780801695985815,0,0,91.57270104712067,77.92586304392843
ATH029,19,Goalkeeper,2026-02-03,Match,95.59497712812566,11.220480434455627,1.5494941570565055,8.418872720674047,169.7347790058583,192.07015463069988,7.659831259970657,64.54664293888489,0,0,76.5514538388664,87.83382840069802
ATH029,19,Goalkeeper,2026-02-04,Training,85.82706658639282,8.787766312414373,0.9823866703464444,7.010647191329042,156.59478317105993,189.58118109256822,6.9206201605501585,60.25535609779093,0,0,89.83474593919492,83.27906916534455
ATH029,19,Goalkeeper,2026-02-05,Training,85.04007255293739,6.115329983416343,0.9929038026449418,4.417608548141034,138.84620281608093,167.36108911221382,7.981284406401997,67.09191475854048,0,0,87.62885563445434,86.36527270911213
ATH029,19,Goalkeeper,2026-02-07,Training,70.61895174130612,8.873396398806351,1.0759676761379442,7.327627967569889,158.9662855267623,182.91763660750266,6.770756081299631,71.55328921489561,0,0,73.21349052216372,89.0184744109941
ATH029,19,Goalkeeper,2026-02-08,Training,74.26104282534355,6.718741573637338,1.0431317184168516,8.076278858599338,161.47982482087622,198.4059335308213,5.8286399798787265,54.80114312005159,0,0,70.20075271424632,70.57553384888584
ATH029,19,Goalkeeper,2026-02-09,Recovery,38.91591086268205,3.2216786262335457,0.4518116331144805,3.3570593244678033,132.79059213005257,159.93630695624648,6.005793951241333,60.679359282307765,0,0,83.75328475859276,79.17393679090237
ATH029,19,Goalkeeper,2026-02-10,Training,74.01985368695443,7.591971546072007,0.8284226330598145,5.409284842038252,148.62892401225415,172.47025014166934,7.4841392130544815,61.149671429820174,2,0,86.95459514011424,90.90589320788405
ATH029,19,Goalkeeper,2026-02-12,Match,90.1339453277306,8.78451249345364,1.216861466855756,7.781677613281158,164.56999965715852,181.15103098468106,6.727718358148548,53.68174534077167,0,0,82.16888327726424,76.94723468780957
ATH029,19,Goalkeeper,2026-02-13,Training,87.77425453213628,5.98157059763815,0.4898334276908167,5.5596964776753115,140.62277739093992,171.03884465383948,7.227480270956921,83.14522855025828,0,0,86.47591081187437,75.79914795722706
ATH029,19,Goalkeeper,2026-02-14,Training,54.02890499794235,6.395025210682591,0.7384087799756506,5.603743305903305,159.31601881487975,186.57008653938198,8.055265462516193,65.63535460880593,0,0,91.22983453919078,80.39931212210838
ATH029,19,Goalkeeper,2026-02-15,Training,73.59854350130884,7.687577849869481,0.8313554555758865,8.306321888062598,168.19598741095038,187.90150417350515,7.950908320734592,70.05816576826665,0,0,83.83229619095968,94.63328370206308
ATH029,19,Goalkeeper,2026-02-17,Recovery,42.604834487101606,3.7240917318107836,0.5204883438946593,2.9802357943782103,127.0414756445538,149.89147730751648,5.882356322978293,69.48150929023984,0,1,88.39985643423482,81.38969244593287
ATH029,19,Goalkeeper,2026-02-18,Training,52.43748771817093,8.792718322664513,1.1568669989243363,6.219908362556377,153.50743013906845,170.06700658084526,5.840266934846056,41.40340834747405,0,0,86.33614679329875,77.19828790038501
ATH029,19,Goalkeeper,2026-02-19,Training,83.33807540935517,8.77260845453532,1.1473283617496048,5.32131425388537,148.42281735255145,184.25558856366234,7.224285433699204,68.75045721143184,0,0,80.30300017734582,72.76712829239813
ATH029,19,Goalkeeper,2026-02-20,Training,84.58540044308202,8.429430735632284,0.7243748338919418,7.197462816442156,149.21029365487044,179.1691008353887,7.4082760498960045,65.58473485617108,0,1,90.45264613606166,91.76457509737038
ATH029,19,Goalkeeper,2026-02-23,Match,95.92928217265221,11.745726360784397,1.6721583454560929,7.960464692609075,154.89313530082205,188.39123403489765,6.765709498353189,57.40929075244913,0,0,79.8723157404474,84.85326810775582
ATH029,19,Goalkeeper,2026-02-24,Training,80.97506437367196,9.862716355122974,1.6492764008553598,5.124634651041661,151.72914310571207,167.56364036498803,6.947998215751839,62.42716721301493,0,0,85.71308758551606,81.39543116359978
ATH029,19,Goalkeeper,2026-02-25,Match,84.36844635836935,12.203128307522936,1.3590408259197904,7.519505121874706,161.38877455904102,195.22713453718285,8.350031539324952,78.36434779161515,1,0,82.53811835375555,95.64029211456122
ATH029,19,Goalkeeper,2026-02-26,Training,79.97110592745435,9.743815382659907,1.1348709210775332,6.060576348530703,152.01428755248193,170.3867030161997,7.906634641651143,59.92804586436857,0,0,77.20761188751109,76.99403756653099
ATH029,19,Goalkeeper,2026-02-27,Training,83.05955806015992,6.871616998064832,0.8136222401388102,6.596851250933382,154.30589267778845,188.784230319852,6.985240313733289,57.772783041840356,0,0,75.36855279969717,78.09567035941943
ATH029,19,Goalkeeper,2026-02-28,Match,100.25566331744287,9.136806846024315,1.5235875882268286,8.612492766406215,163.6509995299804,190.00970835705874,7.251998156638418,47.33105445291994,0,0,87.04638553070502,83.93376131728012
ATH029,19,Goalkeeper,2026-03-01,Training,61.904266562436234,7.195420705785001,0.7146811953038488,4.0113429483730485,140.95481449638314,168.03028177457077,8.313694464096347,72.05685203665924,0,0,84.86086340326477,87.95076844385518
ATH029,19,Goalkeeper,2026-03-02,Training,78.22917131501984,10.864318290515781,0.9404319710893158,7.9643513140083915,154.02704889249972,173.23736771854232,7.086228834149771,61.47187636408543,0,0,83.16137714394164,87.12473041016025
ATH029,19,Goalkeeper,2026-03-03,Recovery,43.918707550319006,3.6558721047861154,0.47049020118771334,3.6725539495733712,136.56807707357004,153.53075582172153,6.829844924915516,76.72295370494557,0,0,73.87138768634202,81.27999574155427
ATH029,19,Goalkeeper,2026-03-04,Training,71.19586084435274,7.176799257338271,0.8555161948977273,6.733750009098498,160.7640799483203,184.11606358620932,7.401275000607565,57.36806640107997,0,0,83.59796382042418,85.78512765270612
ATH029,19,Goalkeeper,2026-03-05,Training,67.08158014850967,7.319895155670518,1.1148984977593606,7.055903656682947,159.40721658230694,181.51100704022048,7.163809885004122,52.600038162862695,0,0,83.98667097615726,81.69891426485219
ATH029,19,Goalkeeper,2026-03-06,Recovery,55.001218086044915,4.499824237834375,0.7163000606338562,3.7773071867942707,139.40983842412203,164.85990192991548,7.2427243879224985,77.75703358675815,1,0,84.56714865572938,86.23320398616225
ATH029,19,Goalkeeper,2026-03-07,Recovery,52.638972708983545,3.010095138542303,0.4756695749305773,4.035865300275239,141.9020468466958,164.30863744340093,6.374039817063995,60.136306083579484,1,0,78.0810459875208,80.59026898743275
ATH029,19,Goalkeeper,2026-03-08,Training,78.43713010319718,11.807462530396002,1.7169417878150681,8.897650024679427,160.9314462356504,193.02305738072346,5.878417290255851,42.51379549836879,0,0,78.56637850221342,81.2997226375427
ATH029,19,Goalkeeper,2026-03-09,Training,85.53116390348713,10.042059985179957,1.650971609309621,7.727975635255818,164.12665813175477,187.68907122639936,6.769436896395434,61.37218466583692,0,1,69.35679862142003,85.39221236728814
ATH029,19,Goalkeeper,2026-03-10,Match,89.90542126070402,9.545408000512522,1.2672984183766711,7.040019040582362,150.28687750798747,171.96438822701822,8.358262036650089,80.03701938520103,1,0,84.09567855687669,95.03265909784064
ATH029,19,Goalkeeper,2026-03-11,Training,75.40793527172805,8.648448024500308,1.3233203207604178,6.2200207625063335,153.7640532724419,176.30256510329252,6.979415546235653,65.91381907894974,0,0,76.14433666889127,77.25260619259605
ATH029,19,Goalkeeper,2026-03-12,Recovery,42.90801501991206,3.442304068847192,0.5675498254752901,3.487856840680087,142.7732355779079,162.06476865045238,5.122817086326463,52.01576889224169,0,0,76.34554541774015,69.74308983962587
ATH029,19,Goalkeeper,2026-03-13,Training,62.82113061884551,8.16344367369151,1.0512307489508257,7.690419720359781,151.0057516082789,183.3062678017079,8.4900304918406,64.35497107359386,0,0,76.53172829223361,77.04954736929338
ATH029,19,Goalkeeper,2026-03-14,Training,72.64968112365541,9.678288461835946,1.3469123880081701,6.37484618033474,161.77717227093078,173.05514317477093,7.922651078151814,81.02602431363903,1,1,91.03864776815007,98.44723695516886
ATH029,19,Goalkeeper,2026-03-15,Match,92.1257391828833,10.8288333118002,1.5869733997603168,8.101470504233793,169.28210607102778,205.0,7.498773631932636,44.380447879167534,1,0,93.47302880461315,90.0934938290188
ATH029,19,Goalkeeper,2026-03-17,Training,63.20977125284792,9.798023136586455,1.2426669026197061,5.987130612610442,149.58713542184606,172.35716713521214,7.928831061194246,75.97147135963122,0,0,89.38333818920707,87.35116706718465
ATH029,19,Goalkeeper,2026-03-19,Training,73.16378569337314,11.251063723065254,1.3449163658918164,5.135318430375034,145.77164493304448,169.12434559197607,7.005189011839863,49.53283605072083,0,0,73.91659490959965,70.30778739029155
ATH029,19,Goalkeeper,2026-03-22,Training,90.56858340885843,7.346326441972239,0.8974170947374447,6.540459915043359,153.155033996943,175.53340668355287,8.215984386299958,71.89519061361281,0,1,79.78656934583906,77.63513172286034
ATH029,19,Goalkeeper,2026-03-23,Training,85.75708273372972,8.528397633315414,1.2993987802385902,6.400814049762196,152.87324870477514,185.8537084527232,7.259817385979786,54.67878051480972,0,0,91.43597360588758,85.05511390887595
ATH029,19,Goalkeeper,2026-03-24,Recovery,49.05883964813249,3.412732707571739,0.3711500051279023,3.599794937966001,131.30989290100877,147.8375782639185,7.578518613110116,73.09932720870552,0,0,84.34706209668997,78.6773327728421
ATH029,19,Goalkeeper,2026-03-25,Training,65.37527809144454,9.794455195321541,0.9047404555927511,6.292986521415507,150.3930993285654,181.1592536497535,6.436447867738103,54.64382923579718,0,0,68.73064453604185,78.94106746986462
ATH029,19,Goalkeeper,2026-03-26,Training,71.21860353901408,8.866011588787135,0.782545706307004,7.128620893198301,153.2092212515832,182.84801701096626,7.367536330863585,67.84440965038493,0,0,75.79471111783714,65.24079627884724
ATH029,19,Goalkeeper,2026-03-27,Training,84.86895202638938,9.519670983189185,0.9497292087348695,6.8184607739216485,154.61061228067646,177.63665879840144,6.669812334752676,68.81598357734198,0,0,74.7611486963192,80.2503861377481
ATH029,19,Goalkeeper,2026-03-28,Recovery,33.23092318585604,3.3885716241004356,0.4469666205250492,3.8146613486285665,136.21430437485492,155.04786259433834,6.769689527813004,74.6490789984977,0,0,84.2477174164673,73.75328025952516
ATH029,19,Goalkeeper,2026-03-30,Match,93.80393731455516,11.582805591461176,1.2140446532522038,9.50779939995314,170.77008698823582,190.67537953021719,6.320088070718589,49.16380236741943,0,0,76.46948347119422,87.41471555974557
ATH029,19,Goalkeeper,2026-03-31,Match,78.07400609021745,11.351760113728588,1.8294761438411256,7.3302773895549205,160.55741350186966,182.39386647385655,6.638950932198326,58.22706560194158,1,0,83.22909486704383,80.19734795601796
ATH029,19,Goalkeeper,2026-04-02,Training,98.55016523670383,9.394932729531337,1.4850707921184336,6.035986768955783,150.64271595483368,177.98883126705374,6.66379161298859,58.45174097396902,0,0,84.3076923770751,73.04898395682125
ATH029,19,Goalkeeper,2026-04-03,Training,57.0331720053116,8.430079606090368,1.0922987342901174,8.293958944591129,164.25599790368557,193.6665803738001,5.9517801180217065,43.51541263891304,0,0,77.74095206115692,84.91853112102879
ATH029,19,Goalkeeper,2026-04-04,Training,68.23539041304524,10.105464212535438,0.8388087848289716,8.243829456827683,164.06809011555316,193.71334512973263,5.808262582076226,33.40866931111634,0,0,81.33392635539273,74.0591070229007
ATH029,19,Goalkeeper,2026-04-05,Training,81.9545423056527,9.11766898790075,0.9510463808209179,5.782473998797044,143.94575297599164,166.8494890598527,4.977474583938429,35.57878563749887,1,0,88.23303539663968,83.15161015382976
ATH029,19,Goalkeeper,2026-04-09,Training,93.1635710556885,8.216215537769717,1.3694532591974269,7.369195166354224,158.63896534262705,186.28839384518864,6.843588450404365,68.31179892995202,0,0,80.20275651998541,87.7978461384846
ATH029,19,Goalkeeper,2026-04-10,Training,72.36246835874955,8.731461558234589,0.9395314930698645,8.668729979139652,162.29155139087794,189.54294857054524,7.539939202279232,69.09048816637736,0,0,77.035497897732,87.54372683840845
ATH029,19,Goalkeeper,2026-04-12,Recovery,46.07305345559867,3.006894860677403,0.29516765034538667,4.219112149226169,137.6648084801186,161.89692175050257,5.7357251065559005,57.6326425846635,1,0,73.40064884389386,76.00944911938856
ATH029,19,Goalkeeper,2026-04-13,Training,64.30968694762014,9.477907939230137,0.9166347459451494,6.592953341659703,156.82258943660665,173.4559609399134,7.154707023459693,69.21129963138895,1,0,83.84278346453429,91.72167245811828
ATH029,19,Goalkeeper,2026-04-14,Training,56.75330572551293,7.2168576364009995,0.8748877917033606,6.150885292732235,136.67595874735954,170.82100925656653,8.016950944566487,61.366171037306536,0,0,75.70539541229644,74.64299448937614
ATH029,19,Goalkeeper,2026-04-15,Training,67.6499294144246,9.27599905888719,1.5309515917336245,7.061910337699873,156.4285154833742,191.2474567429956,5.650422153309555,53.26462344618541,0,0,91.20214703504203,79.23666135821763
ATH029,19,Goalkeeper,2026-04-18,Recovery,31.24569363994228,3.3648749479208884,0.4462952668468401,4.353290690900014,138.51481826334373,156.5242663232287,7.457430311432108,70.81856260012697,0,0,92.83503598573378,82.81310322136541
ATH029,19,Goalkeeper,2026-04-20,Training,61.361112229439186,8.805076979192313,0.9903339047756899,7.192579392107705,151.44958086199344,169.73841623610195,7.936180467735367,60.10277791191706,1,0,83.55819404765111,85.75196000797706
ATH029,19,Goalkeeper,2026-04-22,Training,72.34840148685747,7.156795635327483,0.8154622874884291,7.566536862260504,168.27796793443048,193.21825420627735,7.110822213069722,61.85436621813833,0,0,77.99165987296823,76.32761363423887
ATH029,19,Goalkeeper,2026-04-23,Training,73.77684872981473,9.182643792623807,1.0649560504396804,6.549284389408652,163.10280319568972,181.91092276412164,8.205989745005503,70.38253996870478,0,0,81.52691919383507,83.95642257649763
ATH029,19,Goalkeeper,2026-04-24,Training,67.70649105851811,8.627163178974504,1.1953063297443183,6.4615089607851415,168.74809493206246,198.66425994078222,7.687533807532609,68.40877176581866,1,0,87.95252465201051,85.47578662326426
ATH029,19,Goalkeeper,2026-04-25,Recovery,48.310876298752376,2.775835989047623,0.34947379445905213,3.031399021286371,121.87061851499746,141.05828945909607,7.152838531533637,70.9079137601826,1,0,80.56532743653852,87.25219407251151
ATH029,19,Goalkeeper,2026-04-26,Training,77.70891704020518,9.320644326049937,1.3852863139434812,7.072282037270906,162.2331148059626,193.0199421694836,6.42445254437733,61.06255374226792,0,0,81.0529556264693,84.05683931722803
ATH029,19,Goalkeeper,2026-04-28,Training,95.59510262846547,8.568785838735852,1.255367069187938,5.81392690821174,145.04219580126258,168.30486523198118,6.3630533604449715,55.39121744726572,1,0,87.1078874363124,82.77932862546655
ATH029,19,Goalkeeper,2026-04-30,Training,72.0786146540877,8.022962870690757,0.9855100553779423,7.100902610478159,156.53949085367225,182.2670460951686,8.500757499944761,75.70986959412224,0,0,79.55199651837748,87.22660009491045
ATH029,19,Goalkeeper,2026-05-01,Training,75.32169022738289,8.599807115996475,1.1760604665142762,4.5442531320268955,148.41131101121022,167.7417505635356,6.511731245295245,51.93063871976326,0,0,89.38396941926968,83.89546394838611
ATH029,19,Goalkeeper,2026-05-02,Match,93.03024244837454,9.98830863946897,1.231159660853443,7.890194479933463,159.1387567993518,192.99557980036363,8.426311204947948,74.82982036964162,1,0,82.13483674537768,89.1781133534024
ATH029,19,Goalkeeper,2026-05-03,Match,92.59426438563894,13.02522241612922,1.436215924114476,9.554067115592513,173.2142402990196,200.36813133882478,8.736624171688677,81.00796021602083,0,0,70.50201925512079,89.01864242333572
ATH029,19,Goalkeeper,2026-05-04,Training,70.15715177891536,9.898485485436572,0.9467256655662017,7.750858228007067,166.33490271715658,191.6272433893281,7.150861266643288,55.542451068213595,0,0,86.31817329907746,77.01696157350344
ATH029,19,Goalkeeper,2026-05-05,Training,84.49610038675203,8.288363964458057,0.9045489665844321,6.138634696214941,146.78646390304212,176.2531233508708,8.006348199026343,72.5114439580793,0,0,86.74466746828108,73.06141945596751
ATH029,19,Goalkeeper,2026-05-06,Training,64.92069174035964,9.345970759844487,1.098247731734537,7.149242989920527,148.3689018845155,170.84360694154537,5.478217026885522,38.33552947526507,0,0,75.53142217378593,80.96718088352267
ATH029,19,Goalkeeper,2026-05-08,Training,80.81168496978007,8.629788079016341,1.38620364841648,7.541395915638569,162.88902763256647,196.53621236633967,6.523313947661371,49.11122828168117,0,0,66.22073569480973,83.73958337061791
ATH029,19,Goalkeeper,2026-05-10,Match,96.77933758423336,11.473763215214914,1.7526006322264853,7.37351958685414,149.1706321590773,177.33729423496644,6.176389085502853,52.33569366714622,0,0,87.83372185055192,72.96610799937035
ATH029,19,Goalkeeper,2026-05-11,Training,71.05618094256232,8.730515222363856,0.8459151511878659,4.57882017335237,140.78272558720607,160.76802453554677,7.135049524909828,73.8247323435978,0,0,94.41858649975012,85.36861713234728
ATH029,19,Goalkeeper,2026-05-12,Recovery,53.72305731072098,4.24781717282847,0.7021840603136749,3.169203256906787,129.99695607423078,154.50328207360442,7.028975495436612,69.75390199213709,0,0,81.08788116002144,81.67549722875665
ATH029,19,Goalkeeper,2026-05-14,Training,80.0801068209174,9.327759519108081,1.1556063528359926,6.426470300988528,143.30468155094866,172.79234107041606,7.431919338103403,65.43034763812629,0,0,67.82943933388927,83.11619376352022
ATH029,19,Goalkeeper,2026-05-15,Match,97.87862935373562,11.251228702298505,1.6572774866669566,7.14347198891471,153.7107021685205,184.60819620607643,7.299258099844962,63.20867986146842,0,0,70.95261724706926,87.11836219784793
ATH029,19,Goalkeeper,2026-05-16,Recovery,24.79691001566158,4.418798290069171,0.5801721954187408,3.144787048006888,136.02497578419178,161.69165056818227,6.4869377216960755,72.09254293901867,1,0,75.64332234175066,89.9653164402534
ATH029,19,Goalkeeper,2026-05-18,Training,77.15979823787421,8.229873510325396,1.0456053041945652,6.346348432167888,150.5936584358463,177.30301837120635,6.487469924540458,61.07503293416321,0,1,71.3245070256957,86.07270807961947
ATH029,19,Goalkeeper,2026-05-20,Training,81.084454675626,9.552577505470456,1.4089739567251414,6.363581886247758,158.4278974463681,183.36704859720913,6.8212127233105875,61.79088759841245,0,0,76.87646629945641,83.13807890009802
ATH029,19,Goalkeeper,2026-05-21,Training,87.94330639578267,7.647294225183553,1.2938266938898968,6.925730431295053,157.48291571220634,174.8808917513996,5.727033796555052,54.33719916003945,0,0,78.12038400471577,72.4437200347978
ATH029,19,Goalkeeper,2026-05-22,Training,56.29213860862963,9.330709594847248,1.4088185879245005,8.214352695000029,165.59352680436115,187.89209851339166,6.268135308837824,52.01085076747913,0,0,71.35412458915772,81.06515945735221
ATH029,19,Goalkeeper,2026-05-23,Training,71.68156019250316,7.802854500591074,1.2277413735036267,3.617730468667498,132.3679279409752,157.81922873360747,7.889631029508511,95.35578113659648,0,1,80.10281976402125,84.45505552138516
ATH029,19,Goalkeeper,2026-05-24,Training,64.05345991977255,7.584581273351609,0.7889741930835874,7.704414975765456,163.01204924625725,189.023269576517,6.216462120744425,44.33682112898676,0,1,75.53010072816427,93.38354602330837
ATH029,19,Goalkeeper,2026-05-25,Recovery,38.24936379491365,3.801461811859404,0.3561811965670944,4.1669402132181546,135.97479331959553,164.06299574841287,7.311496494614536,80.81516079829228,0,0,83.29778061833886,88.02270335489105
ATH029,19,Goalkeeper,2026-05-26,Training,97.97850659072357,10.019318688891065,0.8679427789395899,7.5750852054331705,166.180644284446,198.8579040661793,7.9205175112944195,72.17126465563473,0,2,76.26378243274354,89.88435784017992
ATH029,19,Goalkeeper,2026-05-28,Training,76.38529133559292,8.721180044605822,0.9563054996393583,7.307959041140803,168.02690456310822,200.04598006330679,7.905355595569784,63.16769110396577,0,0,85.741620946023,85.37998145708212
ATH029,19,Goalkeeper,2026-05-29,Training,87.31342984980242,9.418231523014104,0.9422406723819273,7.364258504445146,161.0208874532429,190.94873269946763,7.163907893630078,79.47269230249644,1,0,78.41995210235426,91.81483493575578
ATH029,19,Goalkeeper,2026-05-30,Training,75.88564805119891,8.73765175007389,0.7545133884137863,5.856923791428217,159.2797715427689,178.8988118391077,6.882096989005552,69.42079944278072,0,0,84.8820779879254,74.6674850425962
ATH029,19,Goalkeeper,2026-05-31,Training,65.55752003741205,9.625540766143946,1.4634933076381738,6.796856620898694,160.49020127898035,177.3402236786146,6.835453153660245,62.695088701472294,0,0,91.91625633177554,80.31493753142915
ATH029,19,Goalkeeper,2026-06-01,Training,66.91500310178401,9.006896320358495,0.7254039368892262,8.20581260149378,162.806470732066,178.01970947736132,6.3999449631066785,52.72661751565018,0,0,74.20226278467722,84.23482927232187
ATH029,19,Goalkeeper,2026-06-02,Training,63.659001856354735,7.72588594452502,0.6752625412189505,7.223951494567604,161.05860490031301,187.01695875104934,8.228330277338506,59.6422329114661,0,1,95.39844173525272,86.17514951025368
ATH029,19,Goalkeeper,2026-06-03,Training,55.32648015771185,9.314940591666055,0.9490841366939465,8.432911845814418,166.38172217579339,197.15393974586055,8.384154780952692,64.77208753166148,0,0,78.75402594620503,78.44214928696762
ATH029,19,Goalkeeper,2026-06-04,Training,80.25335166721017,9.02205380811731,1.1932022253551071,6.559570679487526,152.11237566617336,185.9229671751731,8.325966583357207,62.95964105889419,0,0,79.60398911252882,75.25814986540345
ATH029,19,Goalkeeper,2026-06-05,Training,78.52641979421136,7.888201610217734,0.9514848388759296,4.397003844935848,151.4318003463832,180.18636800439808,7.761299921706431,72.45946998108944,0,0,79.09666210113896,84.55702361664527
ATH029,19,Goalkeeper,2026-06-06,Training,88.25847774840528,7.911623938152327,0.7749842941020753,7.399243901473884,145.30729909596147,175.67413928005934,8.030168844861963,67.26496035041966,0,0,82.3499570691131,78.50219389172698
ATH029,19,Goalkeeper,2026-06-10,Match,101.41487390440575,11.736302555569873,0.9598111704607203,9.437609150618767,173.71703046663652,203.08327426821444,7.511360508175022,71.9380691673094,0,0,83.25061392242709,89.82021147219348
ATH029,19,Goalkeeper,2026-06-13,Training,70.10432926889041,8.87645111839429,1.3103184203403473,7.334241375137133,167.64490976609028,190.60757143812555,7.290026535119503,59.34105630463029,0,0,81.1550884117451,89.99759510506793
ATH029,19,Goalkeeper,2026-06-14,Training,72.80725415755788,7.803495293066255,0.7616562904839289,5.981077161875705,148.19202656159362,168.1904190159246,6.854636527051018,44.402720551417794,1,0,86.39697446042983,76.15525382531149
ATH029,19,Goalkeeper,2026-06-15,Training,71.8020308260905,9.00969510733549,1.2832922869801295,8.771471027788007,179.1445289394518,201.89417353352528,6.718155392855943,53.060232165271884,0,0,82.15436332905198,79.54842268201212
ATH029,19,Goalkeeper,2026-06-16,Training,75.77529031900164,7.787884097007128,0.7519286784053644,5.999198365091983,146.62140983013563,185.18013670007542,7.878498951413476,75.9910401616407,0,0,89.7854783500965,78.77185651183329
ATH029,19,Goalkeeper,2026-06-17,Training,42.48149661805293,7.952178347529161,0.9755640667360264,5.9295785520990965,151.50089061502487,184.68678753313486,7.200280360044168,54.11885322809903,0,0,81.88800809929477,80.78987586447298
ATH029,19,Goalkeeper,2026-06-18,Training,57.60741773139551,7.196928503981932,1.0457105773457231,3.956763400639169,128.99801854710972,159.5695279677165,7.643704993801359,73.01538162009317,0,0,83.89958765690143,83.43097273007773
ATH029,19,Goalkeeper,2026-06-19,Training,67.60683379527374,9.54458867054193,0.7928073116451136,6.820980525632996,156.71540111788948,180.9802151554421,7.18763080427369,63.06695592657965,0,0,76.75217884894761,82.18161815506632
ATH029,19,Goalkeeper,2026-06-21,Recovery,42.83077155334434,5.322901715939816,0.8650238898149977,3.5800352908331607,126.8830146029389,163.66454803899074,5.823749831508518,52.017372722581555,0,0,77.72044074160026,65.8889025365842
ATH029,19,Goalkeeper,2026-06-22,Training,53.479736002163236,8.090855376922518,0.6498642027211744,6.5053331096619,151.96690626489453,177.46067528821493,7.067976795045867,67.64079949963524,0,0,83.42017417690133,75.20107313428129
ATH029,19,Goalkeeper,2026-06-24,Training,58.71556484455151,7.74122842502072,0.9086999084400903,4.9645274984631875,145.41248865425064,179.00279196196075,7.372615525861176,74.33582250541792,0,0,82.3341241284517,84.00922408204715
ATH029,19,Goalkeeper,2026-06-26,Training,90.08487861098205,10.191701563034618,1.118184559306726,6.32545173384275,161.67069291587026,182.09113829278374,7.362078562260791,63.82009312711639,0,0,83.52688008550332,92.26962038065717
ATH029,19,Goalkeeper,2026-06-27,Match,91.52925837275039,9.478554448191614,1.4157954832741708,8.399059548330511,160.10610152980323,186.58330769589278,6.476261343478849,49.72622847817961,0,1,80.47059882010856,88.16215915060894
ATH029,19,Goalkeeper,2026-06-28,Training,78.56776824337469,7.784074668694399,0.9505274366860239,7.046831240846136,156.65141497620638,194.05859244753793,6.813282527680439,59.728032929159234,0,0,89.20978861701494,79.99256072245475
ATH029,19,Goalkeeper,2026-06-30,Match,92.48548110147642,13.28093384661743,2.1597711749212594,8.576254421876742,165.80187230831626,187.2644103012957,5.892352675855157,54.723771361151265,0,0,80.37451307740473,86.38067785666331
ATH030,26,Defender,2026-01-01,Training,71.22366086208491,5.5743916257884765,0.8546079299787963,7.366060638780208,161.11500874951184,185.90403890764333,7.134593545298053,57.72281273779036,0,0,78.84413451036572,90.10876422297716
ATH030,26,Defender,2026-01-04,Match,98.19111686500418,8.186893908108908,1.1870855607062456,8.258269758884543,162.9466348679812,190.60939820429434,5.575109568834078,50.66029306824345,0,0,91.41922715561262,79.51483228878573
ATH030,26,Defender,2026-01-07,Match,90.87512516823793,7.610344661110583,0.8919428794595059,7.93762189771381,159.51439205345196,186.15986926461338,7.215999957155669,66.86311634344152,0,1,91.14066357929916,77.0035969499624
ATH030,26,Defender,2026-01-08,Recovery,46.48754111036155,2.19887973062785,0.24751178413839137,4.1583527641161755,134.19566172043804,165.19334143228426,6.331313526622855,56.55119972354121,1,0,87.50699092700869,90.90057387943229
ATH030,26,Defender,2026-01-09,Training,84.02625746693708,6.572728291248224,0.9180035078859685,6.408056237107391,154.59908944001035,177.87283960000005,6.283952604120383,63.4460430404729,0,0,86.24506596734005,80.62843690083069
ATH030,26,Defender,2026-01-10,Training,84.27733854621478,5.9412738946052555,0.5434169419934279,5.5954321461030325,143.45867064110408,166.7161244605773,7.321711408419157,73.73450361572564,0,0,88.19169607142592,96.99782418906959
ATH030,26,Defender,2026-01-12,Match,91.57408665217369,9.57459967368612,1.2387613747554103,8.97844048013298,158.82467897868605,184.0185575666031,6.090590481795777,54.87114737894727,0,0,82.36533954988187,78.81665834971103
ATH030,26,Defender,2026-01-13,Training,72.43551499823319,3.3278069099947927,0.42080153734103015,6.543030401709954,145.63139186850358,166.8225285233041,6.538134750743114,52.30357838366182,0,0,83.54643862450465,79.63691293058278
ATH030,26,Defender,2026-01-14,Training,63.543167307302205,4.676254685783113,0.5118184459428177,7.077821374264538,156.13475939401357,178.8045302607887,7.264129296445258,52.44090784230169,0,0,92.65809689307714,82.43855143247457
ATH030,26,Defender,2026-01-16,Training,84.62988509979877,5.758429882469005,0.91333290672567,6.223384190037883,161.78648145290086,192.57399789001767,7.566127040214351,77.55226064236747,0,0,79.79645145498162,73.902622951449
ATH030,26,Defender,2026-01-18,Recovery,34.08142056155745,2.6509053040319595,0.3087603100073694,5.092624763716299,152.28231770301858,182.89334920309483,8.238644717463352,66.3321457062869,0,0,87.80438154807067,86.17290804355301
ATH030,26,Defender,2026-01-21,Match,93.83443504339874,8.390902222347943,0.9153836365107756,7.86820197521937,148.8475405257752,171.52292709477254,6.672773026328278,54.16300303761409,0,0,75.81104298321524,82.50902408099248
ATH030,26,Defender,2026-01-22,Match,96.71016882622884,7.413081004606754,0.7985656567189757,7.863445225191833,162.7393898715312,190.7907179908061,8.552031674797053,73.6531705282222,0,0,83.05334916128577,86.26649068415979
ATH030,26,Defender,2026-01-23,Training,79.61610863269178,6.7389455731517485,0.7609361170479878,7.293874854863633,164.13711918339823,185.56801906568822,6.560863210686839,49.87493615452594,0,0,83.85185866560258,87.80543587142111
ATH030,26,Defender,2026-01-24,Training,79.65415698649385,5.784229787042162,0.85997366993078,7.6542961465624035,162.20532423214763,192.56213965688818,7.178792559186524,66.17490692766042,0,0,86.25011834362961,89.81223988386914
ATH030,26,Defender,2026-01-25,Training,62.241786779408926,6.707206784417635,0.8965656504662461,6.11216368988274,156.8504199177913,180.5440712182627,7.917600298382907,71.60981131526741,0,0,77.66840924561866,84.40575255284753
ATH030,26,Defender,2026-01-26,Training,68.60243351496669,6.647653002809017,0.5364098638537984,7.9315228646824005,161.49117956254585,175.89668731389222,7.455450232384641,66.88203601710337,0,0,77.08631245964557,75.19552363585217
ATH030,26,Defender,2026-01-27,Training,73.77494037585997,6.614100743360544,0.7306748410742894,6.0798715507481695,145.72698490404971,178.09597570152175,5.854416265398944,53.82060667377352,0,0,81.60586760697566,74.33839376259198
ATH030,26,Defender,2026-01-28,Training,91.72489486216969,5.729336274927286,0.5878173663435501,7.624157870301989,158.47104228219317,185.79936225500427,7.730970804024887,61.58153469892141,0,0,77.78795993958424,86.12836118822631
ATH030,26,Defender,2026-01-29,Training,82.58513079555975,5.373388542108674,0.46636862916738564,6.960009666461048,154.8397076647921,182.97125087501743,8.261893799074816,56.92276478697805,0,0,91.60192181099272,75.64937279465178
ATH030,26,Defender,2026-01-31,Training,69.94465464354477,7.726248100652721,1.0483861149426645,7.508989491861001,164.16016410409716,191.29176091306925,8.332721990239552,63.1818903131554,0,0,83.64882237405784,86.9545082582555
ATH030,26,Defender,2026-02-01,Match,107.676536496056,6.743419552189707,0.9779885952673547,7.54939025724717,164.37841951061603,185.01399081345312,8.238476682664114,68.43890536164393,0,0,73.95181407131676,74.23347270109647
ATH030,26,Defender,2026-02-03,Training,72.40024960182865,5.324056122282231,0.5820713821551218,5.115561701713222,146.38565446457625,171.70449103291853,7.621698296424613,62.756274601018035,0,0,68.82892386760153,86.59581999225281
ATH030,26,Defender,2026-02-04,Match,81.88707310980335,9.007148793475297,1.2005070259100525,7.925161875987465,160.24985257133804,179.74361045794473,8.119385654537556,75.71720568379605,1,0,80.80808005887941,96.59557079218486
ATH030,26,Defender,2026-02-05,Recovery,58.48277812974776,3.302818397091026,0.3204271024121104,4.035124795174992,139.30193072033867,166.87423106661743,7.196412082445116,70.45189639638156,0,0,83.82250709886304,85.60895645397889
ATH030,26,Defender,2026-02-06,Training,78.2835058497935,5.819515603470212,0.4940706617069688,6.9363696224900275,154.9062287900679,181.18916453349865,7.7394745866354615,71.89800297016943,1,0,76.58705000793076,92.95301620373317
ATH030,26,Defender,2026-02-07,Recovery,51.03359510069021,3.13062267226668,0.3936239219670353,3.6562855580236793,139.92016506135081,162.0068002715162,8.808251532880865,74.35874486512267,0,0,81.97431340859816,82.38514121803645
ATH030,26,Defender,2026-02-12,Recovery,55.316685689374616,1.0370683527413145,0.1509625398240566,2.371640413382269,132.93355504914734,169.76685391306236,6.644658396790795,69.83373305204562,0,0,84.39291329200317,72.83779349406004
ATH030,26,Defender,2026-02-14,Training,71.06536793801112,7.287133016024652,0.7003852046912636,4.54771761757296,136.9317826428423,160.2357096311763,6.372585429072094,63.404932844286684,0,0,89.82080888160313,94.52444035272514
ATH030,26,Defender,2026-02-15,Training,65.03885070811663,5.697669165863473,0.7937775277753765,7.782906479813768,152.6164771230253,173.98784419232533,7.741703609521117,55.74457316559757,1,0,81.75696722590716,79.88015368904797
ATH030,26,Defender,2026-02-16,Training,78.07749269533356,8.786597874293117,1.2103431259246853,7.5328851851695235,152.28684516305046,180.95467723358516,6.106977593033339,57.50792105396618,0,0,74.67532041984377,75.60448297406288
ATH030,26,Defender,2026-02-17,Training,68.34687112361757,6.100148205686317,0.8011209403836659,4.97017337540926,149.24027602574643,166.56872163542755,8.008967559551891,70.99561586993875,0,0,82.64957823656917,75.4522276557795
ATH030,26,Defender,2026-02-21,Training,66.85019192113212,5.776269147137387,0.6337439405100389,6.789466242300397,151.67506615244167,168.20796886313067,6.006957696918847,52.866760548994954,1,0,80.3918349419914,86.22332792410904
ATH030,26,Defender,2026-02-22,Training,86.80114872241464,6.50918899847963,1.0836625216956248,7.480011614752089,157.16321649662092,184.6094478311743,7.202273071142232,56.817694096259295,0,1,68.64966084447613,83.22277934544161
ATH030,26,Defender,2026-02-23,Training,79.1240245202736,8.237423789815718,1.2060671676706032,6.670839734242745,154.40236190015762,178.49065011580785,6.136475437063159,53.99958061354744,0,0,86.46244337319736,83.53082583294076
ATH030,26,Defender,2026-02-25,Recovery,49.367327904980186,2.9995861258082295,0.35482437189097266,3.3382284033453495,130.83986411569722,152.3332428696146,6.958485158416385,61.84752560280704,0,0,85.29501568261563,71.52247852231726
ATH030,26,Defender,2026-02-26,Recovery,49.29623824216672,2.9793462939664432,0.3144829995964187,3.129208667272695,136.6442380284612,158.87292773785595,7.4822245312792885,81.5467921430507,0,0,75.38832679411226,86.39821740414112
ATH030,26,Defender,2026-02-27,Match,98.5931881324049,6.8451927156338055,0.6922907680755481,8.399979092675608,162.244865903858,182.55786310707654,5.782176560887295,56.227962332184255,0,0,85.09094626044943,87.32730330367067
ATH030,26,Defender,2026-02-28,Recovery,40.93838565896741,3.2056562830944473,0.3780509164687927,3.1768426219182895,132.0555947290031,146.326535696455,7.0398195169395725,61.08759303519007,0,0,83.64230904818639,70.07709169298253
ATH030,26,Defender,2026-03-01,Training,50.17838418422552,7.305976150083289,1.1986130469526017,6.847651761697507,153.97167331525173,185.08920215064975,6.186873436689947,55.130551388734666,1,0,84.79484892511277,98.40893412460964
ATH030,26,Defender,2026-03-02,Recovery,42.923109399962115,2.342285602972873,0.39758661505689497,1.7082549049414661,134.22578760194472,154.9352237867553,7.815499086308299,69.27298685883352,0,0,84.27199360765023,77.77690385826119
ATH030,26,Defender,2026-03-03,Training,88.00273211647665,6.781621963866386,0.5954815790883027,6.414784745652657,167.72505606723905,192.10427956929942,7.3813799335017185,62.22921254664672,0,0,72.94872203081206,83.61362068044708
ATH030,26,Defender,2026-03-04,Training,79.77188821690766,6.383374981993279,0.9797462486151838,6.337932572771175,150.55767042399938,169.26133674583707,6.702982621983446,60.457409003113646,1,0,91.64666329543152,78.07833551121993
ATH030,26,Defender,2026-03-05,Match,91.16488912544482,9.168034745503975,1.54940853879486,8.118871346250748,153.90536110297813,168.9624670950069,5.461834276192217,47.379398159326705,1,0,77.54458334777178,81.769901104295
ATH030,26,Defender,2026-03-06,Match,103.11066233821528,8.121205463290213,0.92306734389972,9.579762638119984,175.29170626226343,196.9955909840242,7.885058169947548,62.06667557311943,1,0,82.38151600629871,98.21599941363526
ATH030,26,Defender,2026-03-07,Training,66.73584084067926,6.903903581982245,0.6722416485267657,6.079296133349662,155.1190585505519,180.0296736300557,6.6720508328884565,55.315124330132896,0,0,79.24001328232063,82.8395867128008
ATH030,26,Defender,2026-03-08,Training,70.54286700324155,6.615568239979715,0.9866332683416369,4.72593343459046,141.35679457052234,158.1198269304242,6.224308651165765,66.62678133522499,1,0,70.20043632041326,76.41520424697958
ATH030,26,Defender,2026-03-09,Training,88.02318520859261,6.742635137523273,0.7611162191126289,7.835044313944146,161.3567430666206,183.23558807641007,8.015243062881359,60.191731625208355,0,0,74.59629885883767,80.17425918233137
ATH030,26,Defender,2026-03-11,Training,63.61931587077681,5.310942719559538,0.5563151953336494,8.021940593865224,160.78765310588355,168.1794536525508,7.420418236613443,65.82675644387754,0,0,87.59755882825745,87.37735292068774
ATH030,26,Defender,2026-03-12,Training,69.19218108470811,6.262775764833554,1.043579868067631,7.175851650001226,150.86871246215907,171.76208544329373,8.673421770618939,77.69334688818047,0,0,79.74960692783394,74.38461455102893
ATH030,26,Defender,2026-03-13,Match,92.01000467268388,10.018900355428029,1.5596808794090582,8.639971093468112,163.5724809115401,183.12917578633508,6.469362051813659,51.95260428750685,1,0,69.84270709321825,85.45034323250195
ATH030,26,Defender,2026-03-14,Training,42.412545331640075,7.7897649519604695,0.6633307138630895,5.76276579845138,150.81758447634724,172.37512129082484,7.692556614946691,74.52774999692942,1,0,73.18189820199468,91.71844470436832
ATH030,26,Defender,2026-03-15,Training,95.92398348257014,7.411141341133274,1.1864649445608353,7.587341758867041,176.59058754136998,196.18062498677233,8.299614088712747,66.85524599924167,0,0,78.92587834782711,85.62137073666509
ATH030,26,Defender,2026-03-16,Training,70.05733381430635,7.377543302762337,0.8990233104779245,7.976717715605647,167.66261560953825,193.69455302859862,7.114738148322693,50.61466400445268,1,0,84.77858110149914,84.99477891507462
ATH030,26,Defender,2026-03-17,Match,92.62433698974779,9.241151895092889,1.4733619210482605,6.877615791917189,155.221738474337,183.73407121058497,7.435543422192562,65.5945325224345,0,0,76.59322181612983,80.88263720473901
ATH030,26,Defender,2026-03-18,Training,83.77605711584481,5.766461403485182,0.8580954284428425,5.434107811609772,146.33337069901341,178.8577870477663,7.3342180539709485,69.90018878607631,0,0,81.60991196523656,80.25456470623733
ATH030,26,Defender,2026-03-19,Training,79.85018156121608,5.462444284436304,0.5669882133471643,8.368281803982073,153.66400557946926,181.6903724947932,6.111408901453921,62.642939059465036,2,0,69.85988522228843,85.02285102395138
ATH030,26,Defender,2026-03-21,Training,64.30510374360954,4.92672234092732,0.48575274730937473,6.750705734749204,157.31051860645502,179.869366195358,6.871800537567554,61.61119513557969,1,0,78.4979551105448,90.65000206776662
ATH030,26,Defender,2026-03-23,Training,50.82610800067848,6.408405519497115,0.8219020972910088,7.269356697608065,158.20902076157392,183.54189805009975,8.0179131177284,59.550755668719475,0,1,84.01920607208888,77.3806415072863
ATH030,26,Defender,2026-03-24,Match,86.53249646995712,7.688402253535567,1.149949996118188,8.552349927088763,164.18037210225307,185.70221099830624,7.733371258037884,76.91711782044479,0,0,81.47406418409413,87.89886083115088
ATH030,26,Defender,2026-03-28,Recovery,51.651273460713426,3.1112999647547994,0.49991553348530043,3.2049466436135607,138.33120780261214,168.9122925122963,6.117990513026957,66.49249643645751,0,0,81.35230825241902,84.6209352996995
ATH030,26,Defender,2026-03-29,Match,93.34794762127929,11.314515275766215,1.6795112867462267,8.137421013810576,160.4005920111603,187.4110655557518,6.603603743093698,48.80959547203086,0,0,72.7748258785288,75.3612284354595
ATH030,26,Defender,2026-03-31,Training,71.94825293099008,5.773794072865459,0.8327493470596161,5.536815140471573,141.84867102111332,170.21238904554494,7.60273346052458,64.40687664120298,0,0,62.73758664127639,79.80342049522139
ATH030,26,Defender,2026-04-01,Training,96.50874408831284,7.047298467570004,1.0427948647615821,6.107029967684935,150.36000922354137,167.68288430326976,6.830651974261861,56.73827402005103,0,0,77.04607354801567,81.42186789558573
ATH030,26,Defender,2026-04-03,Match,90.31068009434503,8.10430004505306,0.8632540140020093,7.861544256472739,156.8679414465019,182.38377594816683,6.432207049750141,63.24600129401476,0,0,83.46106781142002,83.86814711198664
ATH030,26,Defender,2026-04-04,Training,72.54498837135552,6.717540112931754,0.7884072674686281,6.301104358308341,146.90864226931083,166.17576380645858,6.836518385468866,50.3598370527567,0,0,73.3096093756235,69.26214326631096
ATH030,26,Defender,2026-04-05,Training,68.11422823747841,6.006346089938307,0.8399710972371204,5.630490611785628,152.68877766649524,168.79432542635521,6.426653068861443,72.30122177177095,0,0,89.24471580327338,92.13348937753517
ATH030,26,Defender,2026-04-06,Match,82.35032432274656,8.968942226443646,0.8084988846198546,8.250824170136436,165.6970228424885,185.65863815307708,8.490014695505035,61.426822648091694,0,0,81.03933154730744,81.41026502199689
ATH030,26,Defender,2026-04-07,Training,69.73456810358125,6.601592910264068,0.9994457325707653,8.13068675494641,161.0355118878236,183.0713458520355,6.211014076707538,48.173412317162494,0,0,90.6919928789071,73.78462533024236
ATH030,26,Defender,2026-04-08,Training,99.65884924258509,7.361735199293516,1.1634104439373052,5.635985157091634,143.06530523345614,168.22791314669763,6.302587077869014,59.08630444389885,0,0,76.15948335450483,75.54405817200167
ATH030,26,Defender,2026-04-09,Training,65.98742388861275,6.981303525912331,0.935738331234071,6.486980874446944,153.4197580231884,186.44172552507453,7.302396234581039,64.35893797680883,1,0,89.97240763564902,97.1836165236337
ATH030,26,Defender,2026-04-11,Training,69.30642104417521,7.5141188920170245,1.1897015696824373,7.19823456163462,163.41094084181088,203.3679610506373,6.752691150006824,67.06003138022402,0,0,87.70233734985833,82.59308548097037
ATH030,26,Defender,2026-04-12,Match,91.44104187664294,9.391927024235738,1.3987360468702097,8.220436372557364,159.51652234338934,189.0353052850528,7.458575029883857,50.87235397762312,0,0,87.91153546465584,84.67393145494118
ATH030,26,Defender,2026-04-13,Recovery,42.3051191389849,2.503787817297599,0.3372742455348765,3.796973083523871,139.23581185882733,166.0012888455734,7.393512146150181,67.09982489904844,0,0,72.7887193987858,76.47452445653495
ATH030,26,Defender,2026-04-14,Training,78.40854524838421,5.224352955262045,0.7163517550886705,6.842558875478119,153.13632958926823,176.01893596271833,8.188336659329712,74.4297122692992,0,0,85.46147257055063,84.44637865547351
ATH030,26,Defender,2026-04-15,Training,78.58618839333518,6.211823100266195,0.6164802279906477,6.102488356692322,152.13431673654011,178.16501197731506,7.648169977709485,84.08700702946344,0,1,79.35996514874715,76.50959898746027
ATH030,26,Defender,2026-04-17,Training,54.756723399557146,6.494985904413404,1.065558736878176,8.533699368268067,168.714221129105,202.81129316265876,6.892839700841641,57.63222612348043,0,0,81.95550624069764,83.6725867146681
ATH030,26,Defender,2026-04-18,Match,93.2717730023238,8.226817155658585,0.7797718959712115,9.210924196444452,169.31736094182136,202.04250608167627,9.1310660049351,86.0570066452533,0,0,83.55857259349511,79.79428412583339
ATH030,26,Defender,2026-04-19,Recovery,35.76951846009197,2.7964471626173455,0.28725574549966887,3.23749673799935,125.69198263269372,160.55631456822366,7.6782517397602135,70.88808289675748,0,0,86.18305320807428,79.49659750383331
ATH030,26,Defender,2026-04-21,Training,83.003433180086,8.108410395513491,0.8500293255428016,6.324842859878947,153.4546968606186,173.52106576913502,8.364085096760183,70.98860132591678,2,1,72.98222863000078,98.52938715309584
ATH030,26,Defender,2026-04-23,Training,77.82329507906142,4.5400226188150965,0.6627770752920642,5.194090705458121,152.18686154128451,179.60553920507388,8.422382931264568,74.47841209975205,0,0,87.2268436873864,82.17059739272919
ATH030,26,Defender,2026-04-24,Training,66.04714649149935,5.359323246132505,0.4991902946756102,5.709096869886694,147.0172635387874,169.18069872108282,7.684399073666086,60.84545419460789,0,0,83.68235926181663,69.47847229674315
ATH030,26,Defender,2026-04-25,Training,64.32170946326843,7.333308762474389,0.9037397828832983,5.0814639456392285,146.32556967438938,161.7990838216505,4.866799415236483,46.58396675024182,0,1,70.02068626010762,83.48229867323931
ATH030,26,Defender,2026-04-26,Training,87.31229149762358,6.822985443117458,1.023130878261531,7.179243508915029,169.2567761463861,196.99778842031,7.115134161073616,47.96891667630525,0,0,83.73377866597573,76.06017303872972
ATH030,26,Defender,2026-04-27,Match,89.52848887504175,7.1905604584383305,1.0656056203173698,7.7515079903753765,163.47363160869693,198.9090052447421,7.775002542102895,61.860754655423634,1,0,80.20287347685367,90.21958864752447
ATH030,26,Defender,2026-04-28,Training,61.10102911971185,5.77624753446556,0.6375791111012394,4.900498533456955,153.2086483108222,177.45778981460995,6.178660821791324,53.674858116408814,0,0,74.32792860397248,78.20427535197311
ATH030,26,Defender,2026-04-29,Training,85.8290419964837,7.257583992942775,1.1914966015979882,7.438863800780608,163.4787642956418,184.3431639362978,6.1841783314837,37.93104979321849,0,0,87.34952480799939,80.10262775453565
ATH030,26,Defender,2026-04-30,Training,65.14245094063227,5.78835265631415,0.7670628836427573,8.105363992356587,171.17422597914694,196.24289869647484,6.521238206909644,50.27395429658074,0,0,76.89706160385632,79.46836222338248
ATH030,26,Defender,2026-05-01,Training,53.14148030611737,7.050559450586929,0.9507227756982478,6.094358257849447,144.804344934487,171.68701768428355,4.70927716980639,39.401836552942264,0,0,79.03582481422288,83.19312765971537
ATH030,26,Defender,2026-05-02,Match,88.4676794802668,9.440701501616427,1.147709708890614,8.24527782772266,167.950364002468,183.4002886611318,6.748097204112265,61.886635673221235,0,0,83.90734657445411,81.693746046688
ATH030,26,Defender,2026-05-03,Training,81.9775760267503,6.485286259753466,0.8622619055039029,5.8884907959079955,156.93384730765916,182.09602815295435,6.307760672070597,52.963389913951474,0,0,85.8515208159439,80.33429804024091
ATH030,26,Defender,2026-05-06,Training,80.45422290822003,5.009398799098795,0.7854732130253703,7.508188976757684,151.47426535416793,183.75551531487758,7.599372630038113,74.42083789306304,0,0,71.24495248071878,96.40288339635983
ATH030,26,Defender,2026-05-07,Match,90.0511303611294,9.247463524809016,1.4720484955242485,7.955689780028107,162.15777624629268,197.24697883169932,6.103550271343322,38.39841058196225,0,0,73.91718409816987,75.20027534462447
ATH030,26,Defender,2026-05-08,Training,75.50166162837087,6.729484410559742,0.657136573826478,5.48647893764331,142.57646693791526,182.0600285212899,6.768171194279726,48.10756633423721,0,0,79.2826261091042,81.25400394607539
ATH030,26,Defender,2026-05-09,Training,67.87446563255969,5.178405123748005,0.46130995835511623,7.1140513150672575,158.27162907128732,183.40351064633114,7.480955915812855,67.48257936029138,0,0,81.3330292850983,83.03926821897613
ATH030,26,Defender,2026-05-10,Training,94.63485717769488,5.857724332358602,0.6963657374511589,4.545036163493026,140.99822056945237,168.08262588557585,7.130964400052457,76.46328222858526,0,0,75.19298694706355,79.76048812425702
ATH030,26,Defender,2026-05-12,Training,81.56103693888278,7.254543864516967,0.6567866802056377,5.81868435011346,156.02852873458633,181.95980122280073,6.916648063166008,65.21438178374628,0,0,81.5287858180967,80.85663984042863
ATH030,26,Defender,2026-05-13,Training,73.63238505318924,4.338913104629284,0.42940858701991175,7.96027775231479,166.25653080119764,193.44110997130926,6.805363106375,52.84669792625111,0,0,74.8266923287905,74.79046397641606
ATH030,26,Defender,2026-05-14,Match,94.87314173673663,8.464211934611022,1.1174067386431938,8.402910376357529,163.11150411108454,199.9361079415586,6.962065146554648,65.72840679207746,1,1,86.43262628169602,94.1453537825125
ATH030,26,Defender,2026-05-15,Training,60.797456983307455,6.780031767714991,0.6591807462148602,6.208581980969635,147.14020072577617,174.66884757500057,7.086234076831368,69.16767227903422,0,0,79.80933121294512,78.08647846696728
ATH030,26,Defender,2026-05-16,Training,70.60973051208721,7.24539661003973,1.005746884867505,4.963243083231149,147.06630183347139,166.02973489871243,6.9388026280303,59.1956449528641,0,0,82.70446142170923,86.14122232828255
ATH030,26,Defender,2026-05-18,Training,82.57699716845785,6.966758668601833,0.7031740827562708,6.868628143695086,156.89626530368062,190.51679941691194,7.215384072164348,58.95454489237797,1,0,87.19940756795098,91.2470328794579
ATH030,26,Defender,2026-05-19,Match,93.89905738809578,8.88629105853306,1.4465656179149193,8.252550344745845,165.83826294545375,195.05173335179362,5.795425346920245,55.75691589514403,0,0,83.1106838694987,89.26953082261046
ATH030,26,Defender,2026-05-20,Training,78.48332161919997,5.211947280522997,0.6718552895045264,5.7679435279398925,161.932127179376,192.03992471768711,6.536687595507659,66.90690152189912,0,0,73.77521762617819,83.40983646179383
ATH030,26,Defender,2026-05-21,Training,70.55447546671417,7.045904208348284,0.8010246341009701,5.835402124982635,144.16124969449004,175.05447460191678,6.359644484810727,62.557376896410716,0,0,81.58547269331802,77.06277385380915
ATH030,26,Defender,2026-05-22,Training,73.93785231194074,5.625193719002786,0.8985267307656112,6.945165616446617,157.73600130915392,183.34897872647696,8.355093737093231,72.56930266502852,0,1,74.3354375812517,80.66862964991522
ATH030,26,Defender,2026-05-23,Training,71.58995730220158,6.90804979653865,0.7373046636296401,4.346363293814802,140.34155578846418,169.66653723595107,6.753669042527056,67.92601732706812,0,0,81.91653427745781,88.02538622040822
ATH030,26,Defender,2026-05-24,Match,87.2483775841832,7.6392017735725855,0.8996335316180397,6.799649190482217,166.72975309526473,197.71332205655597,6.668848145985286,74.41256487967945,0,0,86.36267950630474,83.08329079857585
ATH030,26,Defender,2026-05-25,Match,81.67759769225809,9.258192799325109,1.004002450550987,8.366646568942134,172.44797885471186,193.1862187978705,7.800509710124273,55.58143380674525,1,0,80.74973049055721,92.10728977717304
ATH030,26,Defender,2026-05-26,Match,95.61958821839629,9.327571637106086,0.9782748920411909,8.991695626684601,163.17810132429926,198.68667537533446,6.64913267803741,46.93207983800029,0,0,91.97746189378597,78.9750254570202
ATH030,26,Defender,2026-05-27,Training,64.62324173034642,6.363057819939431,1.0247929443506911,4.158281463518357,139.7068294472832,175.97677412712477,8.23277525947471,76.83654638554991,0,0,82.14855022855627,85.60802483396881
ATH030,26,Defender,2026-05-28,Match,97.00878303846679,8.250972638019563,0.7798912840230824,8.289064378229835,174.2807896874043,205.0,6.650611985456694,60.34235848596881,0,0,76.18524841614307,81.79262626196777
ATH030,26,Defender,2026-05-29,Training,64.834646253021,5.2410333490447565,0.5491863344230725,4.767560685345986,147.24902800714736,176.38111401419908,4.963428187736486,42.69751972978294,0,0,74.56697715516756,79.51466483712832
ATH030,26,Defender,2026-05-31,Training,60.01098001531257,6.839395943265702,0.819333801571941,7.180775830143574,162.0050706063076,188.66825480831366,6.672073021646359,61.125556795151184,1,0,85.73698204585921,87.56277382629249
ATH030,26,Defender,2026-06-01,Training,58.74986385316153,5.779989865355517,0.49929104720145684,6.159792655237368,142.4846447556145,167.02791128177955,6.108841033929897,69.75341442340114,0,0,86.17028097436733,90.18895865250245
ATH030,26,Defender,2026-06-02,Recovery,35.57906046063543,3.142171582672839,0.25962336835788463,3.901132567804917,139.33009837108256,156.11695096012528,8.238315917700282,87.90204688795697,0,0,76.98245973053119,84.16600844208205
ATH030,26,Defender,2026-06-03,Training,91.37906881723393,6.084196158853879,0.821274222289313,6.86124430616371,147.86058559034583,173.20602131560037,8.892571897188667,72.51036373033484,0,0,86.21994975986564,78.72716870624424
ATH030,26,Defender,2026-06-04,Training,77.86389952887839,6.345797339295052,0.8586345786161016,5.313805190533236,140.4736670781496,163.47328825114073,7.546680608626724,66.67605928590858,0,0,79.39378235395162,75.17694833439198
ATH030,26,Defender,2026-06-05,Training,82.7254205729085,6.09648756634779,0.533743403455521,6.790980278310885,158.19211046165935,190.27926881505303,6.293482694804619,42.5596806309421,0,0,81.73894514384405,82.97081665782709
ATH030,26,Defender,2026-06-06,Training,55.97209514047742,7.6824160048712935,1.199637837262208,4.009617940828379,135.07877356688022,155.75483689817275,7.664983671232708,79.94051851146149,0,0,78.383763881439,75.68838599292235
ATH030,26,Defender,2026-06-07,Training,65.27901162334864,6.658998576399493,0.785073425958038,7.107589187009811,160.79885352590935,187.20918016542151,5.39877014253677,47.64917372422978,0,0,87.7518940329683,84.85449773644845
ATH030,26,Defender,2026-06-08,Recovery,49.47876391817476,3.695338043519336,0.6174715963833549,3.7910823522971726,142.5802702249385,169.58455558975842,7.501385193825562,65.01950293569541,0,0,90.3306166962389,75.926166894988
ATH030,26,Defender,2026-06-09,Match,90.98624354979712,7.841625035286621,1.232141092072989,7.878052178255004,170.7567292525235,205.0,5.797936648124245,49.48336252508448,0,1,81.29134456456104,83.73563122102567
ATH030,26,Defender,2026-06-10,Training,65.6996696081988,6.815208843923186,1.1008361099336974,5.853563061890305,144.1479550643642,163.9210233623527,6.8123365390582045,44.82853768010771,1,0,94.11828789899097,86.57697999265788
ATH030,26,Defender,2026-06-11,Training,84.48803084366726,7.861364223117981,1.2525633762898247,6.495972308503391,163.18616052026542,181.82829290916618,7.56591203230945,60.464638593124604,0,0,71.46053280407538,71.74862167332094
ATH030,26,Defender,2026-06-12,Training,83.89669369049213,6.3490002112904325,1.0478519321360151,6.946885183622236,151.0497325541301,173.51634405013434,7.821467298813346,65.73880797219857,0,0,78.59667889021381,82.23181357130035
ATH030,26,Defender,2026-06-13,Match,96.54170425635841,8.332862810312513,0.8089384074316901,7.891952535454465,167.95958312694592,196.56570431273457,7.537023057725765,53.72091602170719,0,0,95.74495250360691,82.95555144722913
ATH030,26,Defender,2026-06-14,Training,84.52456325078458,5.431272498275856,0.5537483738133723,7.332969970107949,155.85858081438167,168.88024527173192,8.09632291138027,80.92223311151066,0,1,81.88259269626175,90.34850284895013
ATH030,26,Defender,2026-06-16,Match,84.68372841468668,9.026552206211061,1.4323921837766278,7.620405487291819,159.86113108621856,180.26657833210052,7.212879408632513,62.363581527993624,0,0,82.29245363840023,82.34960177069108
ATH030,26,Defender,2026-06-17,Training,102.28756577627581,6.048563667813903,0.836477741404598,5.747003068862359,144.69485761344674,175.8038729060085,7.474413781357501,74.9679306583466,0,0,81.0756716411973,84.05930148647303
ATH030,26,Defender,2026-06-18,Match,87.10976927554884,10.382333359447241,1.3845321761872953,8.346897862186259,161.772971230482,194.05103714510523,7.033123833616713,62.05887292349552,1,0,88.30750249692852,93.12394990138567
ATH030,26,Defender,2026-06-19,Training,69.35415386866146,6.937296453744471,0.8425462224217768,7.157909322411264,157.76585622434382,169.8129816188698,7.03969617932836,60.417417548376044,0,0,76.51199949391841,90.0460707115318
ATH030,26,Defender,2026-06-20,Match,91.85900955065313,9.243790920925964,0.9108344009921187,7.9772857751980215,161.8454954300114,182.15417373120007,7.095240258712763,54.68893819779419,1,0,76.48217133280049,84.85920345879113
ATH030,26,Defender,2026-06-21,Training,71.71923957531018,6.104692916902508,0.8976561383673239,7.087548517417784,145.2801553399645,166.23783001528062,6.2181489252202695,49.189287794953,0,0,70.82092891337837,74.2757945431848
ATH030,26,Defender,2026-06-22,Match,95.0889550851519,9.752099137099048,1.0686774333476472,8.220497976574004,160.72991564461137,192.2879468631241,7.311676201309844,59.94466447574713,0,0,93.5637544144977,94.9435343920511
ATH030,26,Defender,2026-06-24,Training,59.74477791647807,4.016855246404128,0.39270987264468593,6.573698280481978,148.5998876993972,172.08917358254868,8.194235019038565,68.52749374578272,0,2,79.63110196256717,97.35682850903888
ATH030,26,Defender,2026-06-26,Training,72.79557910625387,7.582688385725745,0.915536515341013,7.744503763056249,146.29473716222276,167.25782326983733,6.034906771634601,50.35718839016034,0,0,79.53769669710414,75.65845078294679
ATH030,26,Defender,2026-06-27,Training,100.52758400544266,6.342687154565622,0.9505151822839617,5.912303026332468,151.15477758829752,186.8966719741082,6.295833581648594,50.05953143475114,0,0,88.171169712911,77.29573445175804
ATH030,26,Defender,2026-06-29,Recovery,42.00962904387136,3.306404735793732,0.5134090315805813,2.562475833726194,125.4786380861105,144.3333471987727,6.302587911170963,55.5934480596886,0,0,85.54461332339541,70.17703065023288
ATH030,26,Defender,2026-06-30,Recovery,59.33002882503043,2.039869174689382,0.3371016888081662,3.7817646091789228,134.9823384591529,154.5472269959959,4.6318222149722,45.08648073833528,0,0,76.74891188733729,73.47925921155714
